id	sections	english
194:$5037	ending_and_credits_text	None
194:$503A	ending_and_credits_text	Shiren
194:$5043	ending_and_credits_text	Magic Castle in the Desert
194:$504D	ending_and_credits_text	Full Moon
194:$5052	ending_and_credits_text	Princess Ateka
194:$5058	ending_and_credits_text	Preservation Pot
194:$505F	ending_and_credits_text	Pit Mamel
194:$5067	ending_and_credits_text	Wave
194:$506A	ending_and_credits_text	Throw
194:$506F	ending_and_credits_text	"Pekeji: But Bro's<br>always so mean to me.<page><box>Pekeji: He always<br>leaves me behind and<br>goes off somewhere.<box>Koppa: Tch. That's<br>because you can't keep up.<page><box>Koppa: You're always<br>saying, ""Bro, I'm hungry!""<page><box>Koppa: So why are<br>you here, Pekeji?"
194:$50FA	ending_and_credits_text	Sachi: Hmm. You're cute.<page><box>Sachi: I'm Sachi.<page><box>Sachi: I always help my<br>father at this restaurant.<page><box>Sachi: Nice to meet you.
194:$5137	ending_and_credits_text	Koppa: Huh?<page><box>Koppa: Back in there?<page><box>Koppa: No way!<page><box>Koppa: We only made it out<br>because someone rescued us...
194:$5170	ending_and_credits_text	Hanyanya!
194:$5176	ending_and_credits_text	Hurry! Run!
194:$5184	ending_and_credits_text	Obaba: So, who is the patient?
194:$51A0	ending_and_credits_text	Obaba: Then let us begin.<page><box>Obaba: O light of heaven<br>and earth, drive away<br>this evil darkness...
194:$51D4	ending_and_credits_text	Pekeji: No choice.<br>You two go on ahead.<page><box>Pekeji: I'll follow soon.
194:$520A	ending_and_credits_text	It was rough this time,<br>thanks to someone.
195:$5593	story_and_event_dialogue	Koppa: Ugh... Maybe we<br>should've taken the long<br>way around after all...<delay:60><box>Koppa: We need to get<br>through here, fast...
195:$55CF	story_and_event_dialogue	Koppa: Whoa!
195:$55D8	story_and_event_dialogue	Koppa: Cough! Ptooey!<br>What a nasty sandstorm...
195:$55F2	story_and_event_dialogue	<box>
195:$55F4	story_and_event_dialogue	Koppa: Hey!<delay:1E><br><name>!<delay:1E> Stay with me!<delay:3C>
195:$560F	story_and_event_dialogue	Koppa: Hey... Hang...<delay:1E> in there...
195:$562F	story_and_event_dialogue	Dragon Guard: I heard<br>you captured someone who<br>collapsed in the desert.<page><box>Dragon Guard: How<br>are they doing?<page><box><delay:1E>Rookie Guard: No change.<page><box><delay:1E>Dragon Guard: I doubt<br>they're much of a threat,<br>but let's be safe.<page><box>Dragon Guard: Keep<br>a close eye on them.<page><box><delay:1E>Rookie Guard: Sir!<page><box>
195:$56DA	story_and_event_dialogue	Koppa: They put<br>these things on us...<page><box>Who the heck are<br>those guys? Damn it!<page><box>
195:$5705	story_and_event_dialogue	Koppa: No good. They<br>won't come off.<page><box>
195:$5718	story_and_event_dialogue	???: Hurry... Run...<page><box>
195:$5728	story_and_event_dialogue	Koppa: Who was that girl...?<page><box>
195:$573F	story_and_event_dialogue	Koppa: ...Anyway, we'd better<br>get out of here. <name>!<page><box>
195:$576D	story_and_event_dialogue	Rookie Guard: Don't ever<br>try to escape again!<page><box>
195:$5794	story_and_event_dialogue	???: So, they escaped...<page><box>???: I had hoped to make<br>use of that skilled man...<page><box><delay:1E>???: No matter.<page><br>There is another.<page><box>???: I'll try my<br>luck with that man...<page>
195:$57F2	story_and_event_dialogue	<box>
195:$57F4	story_and_event_dialogue	Koppa: Huh?<page><br>Is that a town up ahead?<page><box>
195:$5814	story_and_event_dialogue	Koppa: If we reach it, we<br>might be able to get away.<page><br>Let's go, <name>.<page><box>
195:$5848	story_and_event_dialogue	Rai: The Lord seems like<br>a different man lately...<page><box>
195:$5877	story_and_event_dialogue	Mekerere: He used<br>to be a good man...<page><box>
195:$5893	story_and_event_dialogue	Wanda: It was after<br>the Lord changed.<page><box>Wanda: That's when monsters<br>began moving into the castle...<page><box><delay:3C>Rai: You don't think the Lord<br>is behind the monsters...?<page><box>
195:$58E9	story_and_event_dialogue	Mekerere: There's even a<br>rumor that the Princess<br>is summoning the monsters.<page><box>Mekerere: But can<br>that really be true?<page>
195:$595C	story_and_event_dialogue	Pekeji: Bro?<page><box>
195:$5968	story_and_event_dialogue	Pekeji: Bro! It really is you!<br>What are you doing here?!<page><box>
195:$5988	story_and_event_dialogue	Pekeji: Let's not stand<br>around talking. Come<br>grab a bite with me.<page><box>
195:$59B2	story_and_event_dialogue	???: Here you go.<br>Five more servings.<page><box>???: You sure can<br>eat, same as ever.<page><box>Pekeji: Heh heh... I need to<br>build up my strength, or I'll<br>never get any work done.<page><box>???: Work...?<page><br>All you ever do is hang<br>around this restaurant.<page><box>Pekeji: I'm about to start!<page><box>
195:$5A52	story_and_event_dialogue	Pekeji: Oh, Bro. Let<br>me introduce you.<page><br>This is Sachi.<page><box>
195:$5A7A	story_and_event_dialogue	Pekeji: She's the<hspace:04>restaurant's<br>star waitress. Heh<br>heh... Cute, huh?<page><box>
195:$5A9F	story_and_event_dialogue	Pekeji: This is my bro.<page><box>
195:$5AB1	story_and_event_dialogue	Pekeji: And this<br>skunk is Koppa.<page><box>
195:$5ACA	story_and_event_dialogue	Koppa: I'm not a<br>skunk! I'm a weasel!<page><box>
195:$5AE7	story_and_event_dialogue	Sachi: Aww, you're cute.<page><box>
195:$5AF9	story_and_event_dialogue	Sachi: I'm Sachi.<page><br>I help my mom here.<page><br>Nice to meet you.<page><box>
195:$5B2F	story_and_event_dialogue	Sachi: Well, I should<br>get back to work.<page><box>
195:$5B4A	story_and_event_dialogue	Sachi: You two take your time.<page><box>
195:$5B63	story_and_event_dialogue	Pekeji: Still, I never<br>expected to find you<br>in this town, Bro...<page><box>
195:$5B85	story_and_event_dialogue	Pekeji: But man, Bro... You<br>always treat me like dirt!<page><box>
195:$5BA8	story_and_event_dialogue	Pekeji: You always leave me<br>behind and run off somewhere!<page><box><delay:1E>Koppa: Tch. You're the<br>one who can't keep up!<page><box>Koppa: 'Bro! I'm hungry!'<br>That's all you ever say.<page><box>Koppa: So what brought<br>you here, Pekeji?<page><box>
195:$5C2B	story_and_event_dialogue	Pekeji: Heh heh...<br>The truth is...<page><box>Pekeji: There's a rumor about<br>some treasure in this town.<page><box><delay:1E>Koppa: Treasure?<page><box><delay:1E>Pekeji: Yeah.<page><br>You saw the Magic Castle on<br>your way here, right, Bro?<page><box>
195:$5CA0	story_and_event_dialogue	Pekeji: There are some ruins<br>beneath that Magic Castle.<page><box>
195:$5CC0	story_and_event_dialogue	Pekeji: They say an<br>incredible treasure lies<br>buried deep underground.<page><box>
195:$5CF0	story_and_event_dialogue	Pekeji: Everyone's too scared<br>to go near the place now.<page><box>Pekeji: But you and me,<br>Bro? We could waltz in<br>and swipe that treasure!<page><box>
195:$5D43	story_and_event_dialogue	Pekeji: Well?<page> Tempting, right?<page><box>
195:$5D58	story_and_event_dialogue	Pekeji: Don't look at me like<br>that... Come on, Bro. Please?<page><box>
195:$5D7B	story_and_event_dialogue	Koppa: Sounds fishy.<page><br>How do we even get in?<page><box><delay:1E>Pekeji: Through<br>the Magic Castle.<page><box><delay:1E>Koppa: Huh?<page> Back in there?!<page><br>You've gotta be kidding!<page><box><delay:1E>Koppa: We were lucky<br>someone helped us escape...<page><box>
195:$5DFE	story_and_event_dialogue	???: Hurry... Run...<page><box>
195:$5E0E	story_and_event_dialogue	Koppa: We just escaped<br>from that place!<page><box>
195:$5E2D	story_and_event_dialogue	Koppa: Who'd go back there on<br>purpose? Right, <name>...?
195:$5E49	story_and_event_dialogue	Koppa: Huh?<page><box><delay:1E>Pekeji: Bro?!<page><br>You're not actually...?<page><box><delay:1E>Koppa: You're serious?!<page><box>
195:$5E7C	story_and_event_dialogue	Pekeji: You're up for it, Bro!<page><br>I knew it! That's my bro!<page><box>
195:$5EA4	story_and_event_dialogue	Koppa: Tch...<page><br>Pekeji, you did some<br>scouting, right?<page><box>
195:$5ECC	story_and_event_dialogue	Pekeji: There's a passage<br>behind the Magic Castle.<page><br>It leads to the treasure.<page><box>Koppa: What's the holdup?<page><box>Pekeji: The padlock<br>on the gate.<page><box>Pekeji: I haven't been<br>able to get it off.<page><box>Koppa: When do we go?<page><box>Pekeji: Tonight, at<br>the Hour of Bufu.<page><box><delay:3C>Koppa: Fine. Let's do this!<page><box>
195:$5F91	story_and_event_dialogue	Pekeji: Huh?<page><box>
195:$5F9C	story_and_event_dialogue	Koppa: What's wrong?<page><box>
195:$5FA9	story_and_event_dialogue	Pekeji: The padlock's broken!<page><br>But it was so sturdy...<page><br>Who could have done this?<page><box>Koppa: Maybe it was old<br>and broke on its own.<page><box>Koppa: Either way, we got<br>lucky. Let's get inside.<page><box>
195:$6028	story_and_event_dialogue	???: <name>?!...<page><box>
195:$6035	story_and_event_dialogue	Pekeji: ...Just as I thought.<page><box>
195:$6044	story_and_event_dialogue	Koppa: What's wrong, Pekeji?<page><box>
195:$6059	story_and_event_dialogue	Pekeji: Just as I thought.<br>This is a Mystery Dungeon.<page><box>Pekeji: This place is<br>crawling with monsters.<page><box>Pekeji: If you collapse,<br>they'll take everything you've<br>got and throw you out...<page><box>Pekeji: Let's be careful, Bro!<page><box>
195:$60C4	story_and_event_dialogue	Pekeji: Waaah!<page><box>
195:$60D5	story_and_event_dialogue	Pekeji: Ow, ow, ow...<page><box>Koppa: Hey! Are you okay?<page><box>Pekeji: Y-Yeah. I'm fine.<page><br>My leg's just a little numb...<br>Ow... What lousy timing.<page><box>Koppa: What do we do now?<page><box>Pekeji: No choice, Bro.<br>You two will have<br>to go on without me.<page><box>Pekeji: I'll catch up once<br>I've rested a little...<page><box>Koppa: We'll meet at the<br>treasure, then. Got it.<page><box>
195:$61B1	story_and_event_dialogue	Sachi: Are you okay...?<page>
195:$61C1	story_and_event_dialogue	Koppa: Oh! You're awake!<page><box>
195:$61D1	story_and_event_dialogue	Sachi: You really scared me.<page><box>Sachi: You were both<br>lying unconscious at<br>the town entrance.<page><box>Koppa: Looks like some<br>townspeople carried us here.<page><box>Koppa: Actually, I just<br>woke up myself, so I only<br>found out a minute ago...<page><box>Sachi: Well, you both<br>seem okay, at least...<page><box>
195:$6274	story_and_event_dialogue	Sachi: What exactly<br>were you two doing?<page><box>
195:$6290	story_and_event_dialogue	Koppa: Huh?<page><br>Uh, well...<page><box>Koppa: Um... What was it?<page><br>M-Maybe five-in-a-row?<page><box>Sachi: You passed out playing<br>five-in-a-row in the desert?<page><br>That's weird.<page><box>Sachi: And where's Pekeji?<page><br>Wasn't he with you?<page><box>Koppa: Huh? Pekeji?<page><box>
195:$631B	story_and_event_dialogue	Koppa: ...O-Oh, you're right.<br>W-Where could he have gone?<page><box>Koppa: Thanks! Bye!<br><name>! Come with me!
195:$635F	story_and_event_dialogue	Sachi: Something's fishy...<page>
195:$6370	story_and_event_dialogue	Koppa: Pant, pant...<br>Man, that scared me!<page><box>Koppa: She caught me off<br>guard, so I blurted out a lie.<page><box>Koppa: But it looks<br>like Pekeji is still<br>under the Magic Castle.<page><box>Koppa: Let's wait for the<br>right time, then head back<br>under the Magic Castle.<page><box>
195:$640C	story_and_event_dialogue	Koppa: <name>, wait a sec.<page><box>Koppa: If we leave now,<br>we'll draw attention.<page><box>Koppa: Let's wait<br>until night, then go.<page><box>
195:$645A	story_and_event_dialogue	Koppa: No one's around now.<br>Let's go.<page><box>
195:$64A3	story_and_event_dialogue	Pekeji: Brooo!<page><box>
195:$64B3	story_and_event_dialogue	Pekeji: Huff, huff...<page><br>You just got here too, Bro?<br>Perfect timing.<page><box>
195:$64DD	story_and_event_dialogue	Pekeji: This is it.<br>No doubt about it.<page><box>Pekeji: This is where the<br>treasure is, Bro.<page><box>
195:$6509	story_and_event_dialogue	Pekeji: Is that<br>the treasure...?<page> Maybe?<page><box>Koppa: It's just a<br>creepy statue sitting<br>there all alone...<page><box><delay:1E>Pekeji: But look around.<br>That statue's the<br>only thing here...<page><box>Pekeji: It has to<br>be the treasure.<page><box>
195:$658A	story_and_event_dialogue	???: Don't take it...<page><box>
195:$6598	story_and_event_dialogue	Koppa: <name>! That girl!<page><box>
195:$65A8	story_and_event_dialogue	Pekeji: ...<page><br>Forget it. Just take it!<page><box>
195:$65BE	story_and_event_dialogue	Pekeji: W-Whoa! I-It's shaking!<page><box>
195:$65D2	story_and_event_dialogue	Koppa: Hurry! Get outside!<page><box>
195:$65E2	story_and_event_dialogue	Pekeji: Yes! There's the exit!
195:$65F5	story_and_event_dialogue	<box>
195:$65F7	story_and_event_dialogue	Pekeji: Aagh!
195:$6601	story_and_event_dialogue	Hooded Man: Heh heh...<delay:1E><br>So this is the<br>Evil God Statue.<page><box>Hooded Man: 'When the<br>99th visitor arrives, the<br>seal shall be broken...'<page><box>Hooded Man: So the<br>legend was true.<page><box>
195:$6674	story_and_event_dialogue	Pekeji: Y-You?!<page><box>
195:$6684	story_and_event_dialogue	Hooded Man: Well done.<page><br>I have no more use for you.<page><box>
195:$66A9	story_and_event_dialogue	Pekeji: Y-You tricked me!
195:$66BA	story_and_event_dialogue	Pekeji: Ugh...<page><box><delay:1E>Hooded Man: Heh heh.<br>The Lord will be most pleased.<page><br>Ha ha ha ha ha!<page><box>
195:$6705	story_and_event_dialogue	Koppa: <name:00>-<name>!<page> Pekeji!<page><box>
195:$671A	story_and_event_dialogue	Pekeji: Ugh...<page><box>
195:$6728	story_and_event_dialogue	Koppa: Pekeji!<page> Hang in there!<page>
195:$673C	story_and_event_dialogue	<box>
195:$676A	story_and_event_dialogue	Pekeji: Ugh...<page><box>
195:$6777	story_and_event_dialogue	Pekeji: Wh-What...?<page><box><delay:1E>Sachi: You were unconscious.<page><box>
195:$679D	story_and_event_dialogue	Sachi: And you two...<page><br>Just what did you do?<page><box><delay:1E>Koppa: That's what<br>we'd like to know.<page><box>
195:$67DF	story_and_event_dialogue	Koppa: Hey, Pekeji!<page><box><delay:1E>Pekeji: ...<page> This is all his fault.<page><box>Pekeji: He lured me in with<br>talk of treasure, then<br>betrayed me in the end.<page><box>Pekeji: That hooded guy...<page><box>
195:$6854	story_and_event_dialogue	Oro: A hooded man?<page><br>Could that have been Zagan...?<page><box><delay:1E>Koppa: Zagan?<page><box>
195:$688C	story_and_event_dialogue	Sachi: He's the Lord's<br>chief retainer.<page> But why would<br>someone like him...?<page><box>
195:$68BA	story_and_event_dialogue	Nuwanko: Hey! Big trouble!!<page><box>Nuwanko: The desert...<page><br>It suddenly spread all<br>the way around town!<page><box>
195:$6904	story_and_event_dialogue	Oro: Suddenly...?<page><br>Why?!<page><box><delay:1E>Wanda: No idea...<page><box>Wanda: But at this rate,<br>before long even Ilpa will<br>be swallowed by the desert...<page><box>
195:$694F	story_and_event_dialogue	Oro: All right! Let's<br>go take a look!<page><box>
195:$6961	story_and_event_dialogue	Sachi: What's going on...?<page><br>The desert has never<br>suddenly spread before...<page><box>
195:$6996	story_and_event_dialogue	Pekeji: C-Could taking that<br>statue be what caused this...?<page><box><delay:1E>Koppa: No way...<page><br>It must be a coincidence.<page><box><delay:1E>Pekeji: But that hooded guy...<page><br>Didn't he say something about<br>'the seal being broken'?<page><box>Pekeji: And I saw that...<br>before I took the statue...<page>
195:$6A3C	story_and_event_dialogue	???: Don't take it...<page>
195:$6A49	story_and_event_dialogue	Pekeji: ...But I took it anyway.<page><br>And then this happened...<page><box><delay:1E>Pekeji: We never should've<br>taken that thing!!<page><box>Pekeji: We have to get it back<br>fast, or this town will be<br>swallowed by the desert too!!<page><box>
195:$6AC0	story_and_event_dialogue	Koppa: <name>!<page><box>
195:$6ACC	story_and_event_dialogue	Sachi: Zagan is inside<br>the Magic Castle...<page><br>In the eastern keep.<page><box>
195:$6AF4	story_and_event_dialogue	Pekeji: B-Bro! I'm coming too!
195:$6B07	story_and_event_dialogue	Pekeji: Ugh... It hurts...<page><box>
195:$6B19	story_and_event_dialogue	Sachi: No, you can't.<page><br>You haven't fully<br>recovered yet...<page><box>Sachi: Besides, if you come,<br>things will probably just<br>get complicated again.<page><box>
195:$6B6D	story_and_event_dialogue	Pekeji: Ugh...<br>Sorry, Bro.<page><box>
195:$6B86	story_and_event_dialogue	Sachi: <name>.
195:$6B90	story_and_event_dialogue	Sachi: Catch!<page><box>
195:$6B9B	story_and_event_dialogue	Sachi: I think it'll<br>come in handy...<page> Good luck!<page><box>
195:$6BD2	story_and_event_dialogue	???: Big trouble!!<page><box>
195:$6BE0	story_and_event_dialogue	Nuwanko: Big trouble!!<page><box>
195:$6BF1	story_and_event_dialogue	Mekerere: What happened?<page><br>Weren't you checking<br>the desert with Oro?<page><box>Shizu: Did something else<br>happen to the desert?<page><box>Nuwanko: It's not the desert!<page><br>Something's wrong<br>with the Magic Castle!<page><box>Nuwanko: Everyone,<br>come to the dunes!<page><box>
195:$6C73	story_and_event_dialogue	Mekerere: All right!<page><box>
195:$6C7F	story_and_event_dialogue	Koppa: <name>!<br>Let's go see for ourselves!<page><box>
195:$6C9B	story_and_event_dialogue	Wanda: Hey!<br>Look at the Magic Castle!!<page><box>
195:$6CB4	story_and_event_dialogue	Nuwanko: What in the<br>world is happening?!<page><box>
195:$6CD1	story_and_event_dialogue	Wanda: Is this connected<br>to the spreading desert?!<page><box>
195:$6CF2	story_and_event_dialogue	Koppa: <name>...<page><box>Koppa: It really was the Evil<br>God Statue that caused this...<page><box>
195:$6D1E	story_and_event_dialogue	Koppa: Let's go to<br>the Magic Castle!<page><box>Koppa: We have to get the<br>Evil God Statue back!<page><box>
195:$6D57	story_and_event_dialogue	Lord: At last, I have it!<br>The Evil God Statue!<page><br>Fine work, Zagan!<page><box>Zagan: Yes, my Lord!<page><box>Lord: How is the Princess?<page><box>Zagan: No change<br>in her condition.<page><box>
195:$6DB3	story_and_event_dialogue	Lord: Intruders must never<br>be allowed to escape.<page><box>Zagan: Understood.<br>If you'll excuse me.<page><box>
195:$6DEC	story_and_event_dialogue	Attendant: My Lord...<br>Just what is this statue...?<page><box>Lord: It will make<br>my dream come true...<page><box>Attendant: Your dream...?<page><box>Lord: Heh heh... All that<br>remains is to await the<br>night of the full moon.<page><box>Lord: The day of<br>resurrection draws near...<page><box>
195:$6E7D	story_and_event_dialogue	???: ...That is...<page><br>Yes... I understand...<page><box>Princess: Then...<page><box>???: Shh... Someone is coming.<page><br>We will continue later...<page><box>
195:$6EC1	story_and_event_dialogue	Princess: Who is it?<page><box>
195:$6ECB	story_and_event_dialogue	Zagan: It is Zagan, Princess.<page><box>Princess: Enter...<page><box>
195:$6EF3	story_and_event_dialogue	Princess: What is it?<page><box>Zagan: The Lord summons you.<page><box>Princess: Mother...?<page><box>Zagan: Yes.<page> She asks that you<br>come shortly...<page><box>Princess: Understood.<br>You may go.<page><box>Zagan: ...Princess Ateka.<page><box>Ateka: What is it?<page><box>Zagan: I hear it was<br>you who allowed those<br>people to escape...<page><box>
195:$6FA8	story_and_event_dialogue	Ateka: That is none<br>of your concern.<page><box>Zagan: Oh...?<page><box>Zagan: By the way, how has<br>the Lord been feeling lately?<page><box>
195:$6FF2	story_and_event_dialogue	Ateka: Y-You...<page><box>Ateka: You and the<br>others should know<br>that better than I do!<page><box>Zagan: Heh heh... The Lord's<br>health is most precious...<page><box>Zagan: Be especially<br>careful in your actions.<page><br>Farewell.<page><box>
195:$705F	story_and_event_dialogue	Ateka: Mother...<delay:78><box>
195:$7075	story_and_event_dialogue	Sachi: Are you okay?<page><box>
195:$7083	story_and_event_dialogue	Sachi: <name>!<br>Here, take this!<page><box>
195:$7096	story_and_event_dialogue	Sachi: I know this is<br>hard, but keep going!<page><box>
195:$70C7	story_and_event_dialogue	Koppa: Wait a second...<page><box>Koppa: It's getting<br>hard to breathe...<page><br>I can't go any farther...<page><box>
195:$7106	story_and_event_dialogue	Koppa: Pant, pant... Why now?<page><br>Why would I suddenly<br>feel sick here...?<page><box>
195:$7136	story_and_event_dialogue	Ateka: Ah...!<page><box>
195:$7144	story_and_event_dialogue	Koppa: She may have<br>gone to call someone...<page><box>Koppa: We can't stay<br>here, <name>.<page><box>
195:$7174	story_and_event_dialogue	Ateka: I knew it.<page><box>Ateka: The evil<br>aura got to you.<page><box>Ateka: It's especially strong<br>inside the Magic Castle...<page><box>
195:$71AA	story_and_event_dialogue	Ateka: I'm almost<br>finished, so hold still.<page><box><delay:3C>Koppa: ...That's better.<page><br>I knew you didn't seem<br>like a bad person.<page><box><delay:1E>Ateka: What?<page><box><delay:1E>
195:$7202	story_and_event_dialogue	Koppa: All kinds of rumors<br>are going around Ilpa,<br>but they can't be true.<page><box>Koppa: You helped us<br>escape before too...<page><box>
195:$724F	story_and_event_dialogue	Ateka: Drink this Herb<br>and you'll be all right.<page><box>Ateka: You should be<br>able to move again soon.<page><br>And one more thing...<page><box>
195:$7297	story_and_event_dialogue	Ateka: As soon as you can<br>move, get out of here.<page><box>Ateka: This place is<br>extremely dangerous...<page> Please.<page><box>
195:$72DC	story_and_event_dialogue	Koppa: Ah, wait...
195:$72EA	story_and_event_dialogue	<box>
195:$72EC	story_and_event_dialogue	Koppa: Right... We<br>can't turn back now.<page><box>Koppa: We have to get<br>that statue back somehow.<page><box>
195:$731F	story_and_event_dialogue	Koppa: ...Yeah. I'm okay.<page><br>I can walk again. Let's go.<page><box>
195:$7351	story_and_event_dialogue	Koppa: <name>!<br>Isn't that it over there?<page><box>
195:$7373	story_and_event_dialogue	Koppa: There's no mistake.<page><box>Koppa: That's the statue<br>the hooded man called<br>the Evil God Statue!<page><box>
195:$73A6	story_and_event_dialogue	Koppa: Whoa!
195:$73B0	story_and_event_dialogue	Zagan: I assume you mean<br>me by 'hooded man.' Heh heh.<page><box>
195:$73CF	story_and_event_dialogue	Zagan: You are the<br>ones from before...<page><box><delay:1E>Zagan: I see. You came to<br>reclaim the Evil God Statue.<page><box>
195:$740E	story_and_event_dialogue	Zagan: Oh? You look ready<br>to defeat me if that's what<br>it takes to get it back.<page><box><delay:3C>Zagan: Very well. I'll<br>face you. But heh heh...<page><br>'Hooded man,' you say.<page><box>Zagan: Do you truly believe<br>this pathetic form is<br>my real appearance?!<page><box>Zagan: Behold!<br>My true form!!<br>Wah ha ha ha!!<page><box>
195:$74CA	story_and_event_dialogue	Zagan: Back again? You<br>never learn. Heh heh.<page><box>Zagan: No matter how<br>many times you try, the<br>result will be the same.<page><box>
195:$74FB	story_and_event_dialogue	Zagan: I'll crush you so badly<br>you'll never come back again!!<page><box>
195:$7558	story_and_event_dialogue	Zagan: Grrr...<page><box>
195:$7567	story_and_event_dialogue	Koppa: Hey! Don't<br>you die on us yet!<page><box><delay:1E>Koppa: We have a lot<br>of questions for you!<page><box>
195:$75A5	story_and_event_dialogue	Koppa: What exactly is<br>the Evil God Statue?!<page><box><delay:1E>Koppa: What are you<br>planning to do with it...?<page><box>
195:$75E4	story_and_event_dialogue	Koppa: Whoa!<page><box>
195:$75F0	story_and_event_dialogue	Zagan: Guh...<page><br>M-My Lord... Why?<page><box>
195:$760F	story_and_event_dialogue	Zagan: ...My... Lord...<br>Damn you... Curas...<page><box>
195:$7632	story_and_event_dialogue	Zagan: Graaagh!!<page><box>
195:$7641	story_and_event_dialogue	???: He was not very<br>useful after all.<page><box>
195:$765D	story_and_event_dialogue	Lord: Take my advice.<br>Return the Evil God Statue,<br>and I will let you go.<page><box><delay:1E>
195:$768E	story_and_event_dialogue	Koppa: Like heck<br>we'll return it!<page><box><delay:1E>Lord: Then I have no choice...<page><box><delay:1E>
195:$76BB	story_and_event_dialogue	Koppa: <name:00>-<name>!!<page><box>
195:$76CA	story_and_event_dialogue	Lord: Do you think I am<br>no stronger than Zagan?!<page><box>Koppa: <name>!!<br>A-Are you okay?<page><box>
195:$76FD	story_and_event_dialogue	Koppa: ...!<page><box>Koppa: Come on, move! Please!!<page><box>
195:$771E	story_and_event_dialogue	Koppa: D-Damn it!<page><box>
195:$772D	story_and_event_dialogue	Koppa: Aaaagh!!<page><box><delay:1E>Lord: Ha ha... You fool!<page><box>Lord: You would not have<br>been hurt if you had<br>simply handed it over...<page><box><delay:1E>
195:$776D	story_and_event_dialogue	Koppa: Ugh...<page><box>
195:$777B	story_and_event_dialogue	Ateka: Ah...<page><box><delay:1E>
195:$778A	story_and_event_dialogue	Koppa: You...!<page><box><delay:1E>Koppa: P-Please... Give<br>that statue to me...<page><box><delay:1E>
195:$77BA	story_and_event_dialogue	Koppa: Wh-Why?!<page><box>Koppa: Please...<page><box>Koppa: If we don't take<br>it back, the town will be<br>buried by the desert...<page><box>
195:$77FE	story_and_event_dialogue	Koppa: No...<page><box>
195:$780C	story_and_event_dialogue	Lord: Ha ha ha ha ha!!<br>Well done, Princess.<page><br>That is my daughter.<page><box>
195:$7838	story_and_event_dialogue	Koppa: <name:00>-<name>!<page><box><delay:1E>
195:$7848	story_and_event_dialogue	Lord: Heh heh... You<br>came all this way to<br>receive the final blow.<page><box>Lord: So be it...<page><box>Lord: This young man's<br>soul shall also become<br>blood for my Evil God!!<page><box>
195:$78A1	story_and_event_dialogue	BOOOOM!!
195:$78B1	story_and_event_dialogue	Lord: Gah!<br>My...<page><box>Lord: My eyes! I cannot see!!<page><box>Lord: What did you do?!<page><box>
195:$78D9	story_and_event_dialogue	Koppa: Oryu?!<br>Why are you here?!
195:$78FA	story_and_event_dialogue	Oryu: We can talk later!!
196:$4026	story_and_event_dialogue	Sachi: Oh...<page> You're awake.<page><br>Are you okay?<page><box>
196:$4042	story_and_event_dialogue	Sachi: Thank goodness...<br>I was afraid of<br>what might happen.<page><box>Sachi: You were<br>asleep for three days.<page><box>
196:$4074	story_and_event_dialogue	Pekeji: Sachi, I<br>bought the Herb.<br>Is this the right one...?<page><box>
196:$409A	story_and_event_dialogue	Pekeji: Ah! B-Bro!!<page><br>You're awake!<br>Waaaaah!<page><box>
196:$40CB	story_and_event_dialogue	Pekeji: I'm so glad!!<br>I was sure you<br>were going to die...<page><box>
196:$40FC	story_and_event_dialogue	Sachi: Idiot!! Don't hug<br>him all of a sudden!!<page><box>Sachi: He only just woke up!<page><box>
196:$412F	story_and_event_dialogue	Pekeji: Huh?<page><box>Pekeji: Whoa!! S-Sorry!!<br>Are you okay?<page><box>
196:$415B	story_and_event_dialogue	Pekeji: Aah!! Bro!!<br>Say something!!<page><box>
196:$4182	story_and_event_dialogue	Pekeji: Bro! Bro!!<page><box>
196:$4197	story_and_event_dialogue	Pekeji: Waaaah!!<page><box>
196:$41A8	story_and_event_dialogue	Pekeji: Waaaah!!<page><box>
196:$41B9	story_and_event_dialogue	Pekeji: Y-You're awake?<br>Thank goodness...<page> Sorry, Bro.<br>Are you okay?<page><box>Pekeji: I was really<br>shocked when Oryu carried<br>all of you in here.<page><box>Pekeji: Huh? Oryu?<page><box>Pekeji: She said, 'I'll<br>leave the rest to you,'<br>then took off somewhere...<page><box>Pekeji: Anyway, I'm just glad<br>you're feeling better, Bro.<page><box>
196:$4282	story_and_event_dialogue	Sachi: Now there's this girl...<page><box><delay:1E>Sachi: She still hasn't<br>regained consciousness.<page><box>Sachi: How did she end up in<br>such terrible condition...?<page><box>
196:$42C2	story_and_event_dialogue	Sachi: Where's the Herb?<page><box>
196:$42D1	story_and_event_dialogue	Pekeji: Oh! That's right!<page><box>
196:$42E3	story_and_event_dialogue	Pekeji: Here it is!<page><box><delay:1E>Sachi: ...<page><box>Sachi: What am I supposed<br>to do with Poison Grass?!<page><box>Sachi: Go get the right one!<page><box>
196:$431C	story_and_event_dialogue	<delay:1E>Pekeji: Yikes!!
196:$432D	story_and_event_dialogue	Koppa: Ugh...<page><box>
196:$433B	story_and_event_dialogue	Sachi: Are you okay?<page><box>Sachi: Are you in pain?<page><box><delay:3C>Koppa: ...Hurry... We have<br>to get the Evil God<br>Statue back at once...<page><box>Koppa: We have to...<br>defeat the Lord...<page><box><delay:1E>Sachi: Don't move now.<br>You have to lie still.<page><box><delay:3C>Koppa: Ugh...<page><box><delay:5A>Sachi: Poor thing...<page><box>
196:$43CB	story_and_event_dialogue	Goto: How does<br>the desert look?<page><box>
196:$43E0	story_and_event_dialogue	Wanda: Bad.<br>It's definitely spreading.<page><box><delay:1E>Goto: Hmm...<br>This could be serious.<page><box>
196:$4424	story_and_event_dialogue	Amokachi: Is this town<br>eventually going to be<br>swallowed by the desert too...?<page><box>
196:$444D	story_and_event_dialogue	Mekerere: What do we do?<br>Should we move away?<page><box><delay:1E>Shizu: There's nowhere to run.<page><box>
196:$4482	story_and_event_dialogue	Nuwanko: How did things<br>ever get this bad?!<page><box><delay:1E>Rai: It must be the Lord...<page><box>
196:$44B8	story_and_event_dialogue	Shizu: No, it's that Princess.<page><br>Princess Ateka<br>must be behind this.<page><box>Shizu: I heard something once.<page><box>Shizu: The Lord's sacred<br>blood has been passed<br>down for generations.<page><box>Shizu: Sometimes someone<br>with a mysterious power<br>was born into the bloodline.<page><box>Shizu: Long ago, one of<br>them apparently used<br>that power for evil.<page><box>Shizu: They used their strange<br>power to summon darkness.<page><box>Shizu: They turned the castle<br>into a den of monsters.<page><box>Shizu: So I'm sure that's<br>what's happening now.<page><box><delay:1E>Nuwanko: What are you saying?<page><box>Nuwanko: If we do something<br>about Princess Ateka, Ilpa<br>will return to normal?<page><box>
196:$45F2	story_and_event_dialogue	Amokachi: You say 'do<br>something,' but what exactly?<page><box>Amokachi: Are we going<br>to the Magic Castle?<page><box>Amokachi: Count me out.<br>That place is dangerous.<page><box>
196:$463E	story_and_event_dialogue	Mekerere: Me too...<page> No thanks.<page><box><delay:1E>Nuwanko: What do we do...?<page><box><delay:1E>Rai: ...<page><box>
196:$468A	story_and_event_dialogue	Oryu: Everything is...
196:$4697	story_and_event_dialogue	Oryu: Everything<br>is about to begin...<page><box>
196:$46AB	story_and_event_dialogue	Oryu: If this continues,<br>something even<br>worse will happen...<page><box>
196:$46D2	story_and_event_dialogue	Oryu: You heard the<br>townspeople, didn't you?<page><box>Oryu: They think Princess<br>Ateka is the cause...<page><box>Oryu: They said the town<br>will return to normal if<br>someone deals with her...<page><box>Oryu: I don't think<br>they're wrong.<page><box>
196:$4742	story_and_event_dialogue	Oryu: Princess Ateka is<br>the key to everything...<page><box>
196:$4761	story_and_event_dialogue	Oryu: Time is running out.<page><br>I can't explain<br>everything right now...<page><box>Oryu: <name>...<page><box>Oryu: Please.<page><br>Will you help me?<page><box>Oryu: I want to<br>rescue the Princess...<page><box>Oryu: To save that girl<br>from the Magic Castle.<page><box>
196:$47D6	story_and_event_dialogue	Oryu: It's true the Lord<br>and Princess Ateka<br>caused all of this.<page><box>Oryu: Even the Evil God<br>Statue is there because<br>she gave it to the Lord...<page><box>
196:$482E	story_and_event_dialogue	Oryu: But please.<page><br>Believe in her...<page><box>
196:$4851	story_and_event_dialogue	Oryu: Well...<page><br>I have to go...<page><box>
196:$486B	story_and_event_dialogue	Lord: On the night of the<br>next full moon, we will<br>finally perform the ritual.<page><box>Lord: It will take place<br>in the Castle Keep!<page><box>Lord: Make certain no one<br>interferes during the ritual!<page><box>
196:$48E4	story_and_event_dialogue	Lord: Heh heh... The<br>time has finally come.<page><box>Lord: The time of<br>resurrection is upon us...<page><box>Lord: Princess.<page><br>You understand your role<br>in the ritual, do you not?<page><box><delay:1E>Ateka: ...<page><box>Lord: Heh heh... I know you are<br>waiting for that moment too...<page><box>Lord: But will<br>your plan succeed?<page><box><delay:1E>Ateka: ...<page><box>Lord: Heh heh... My life is<br>also at stake in this ritual.<br>Do your part well.<page><box>
196:$49D7	story_and_event_dialogue	Lord: Ha ha ha ha ha ha!!<page>
196:$4A00	story_and_event_dialogue	Pekeji: Brooo!!
196:$4A10	story_and_event_dialogue	Pekeji: Pant, pant, pant...<page><br>Going alone without telling<br>me? That's cold, Bro...<page><box>
196:$4A40	story_and_event_dialogue	Pekeji: I'm coming too, Bro.<page><br>My injuries are<br>all better now.<page><box>Pekeji: Besides, I<br>can't forgive them!<page><box>Pekeji: Not after what<br>they did to Koppa!<page><box>Pekeji: That's why I'm coming!<page><box>
196:$4AA0	story_and_event_dialogue	Pekeji: Come on! Let's quit<br>wasting time and go, Bro!<page><box>
196:$4AC7	story_and_event_dialogue	Pekeji: Listen, Bro.<page><box>Pekeji: I don't think we<br>should stay together here.<page><box>
196:$4AF9	story_and_event_dialogue	Pekeji: I'll act as the decoy.<page><br>When you see an<br>opening, go on ahead.<page><box>
196:$4B29	story_and_event_dialogue	Pekeji: Don't worry.<br>I'll be fine!<page><box>Pekeji: I may not look it, but<br>I'm built tough! See you later!<page><box>Pekeji: The monsters in this<br>castle will be a piece of cake.<page><box>
196:$4B91	story_and_event_dialogue	Pekeji: Gwah!<page><box><delay:1E>Pekeji: That was nothing!<page><box>
196:$4BB1	story_and_event_dialogue	Pekeji: Eek!<page><box>
196:$4BBD	story_and_event_dialogue	Pekeji: Aaaah!<delay:05><page><box>
196:$4BCB	story_and_event_dialogue	Pekeji: Stop!!<page><box>
196:$4BD8	story_and_event_dialogue	Pekeji: H-Help...<page><box>
196:$4BFF	story_and_event_dialogue	Rookie Guard: Good.<br>Nothing has changed.<page><box>
196:$4C14	story_and_event_dialogue	Rookie Guard: Still,<br>doesn't this castle have<br>too many secret passages?<page><box>Rookie Guard: It's enough<br>to get anyone lost.<page><box>
196:$4C58	story_and_event_dialogue	Rookie Guard:<br>Quit complaining.<br>Let's keep moving.<page><box>
196:$4C76	story_and_event_dialogue	Ateka: Once the ritual begins,<br>I think I will lose my memory.<page><box>Ateka: So...<page><box>Oryu: It will be all right.<page><box>Oryu: I promise to save<br>both you and your mother...<page><box>Oryu: Besides...<page><box>Oryu: <name> will<br>surely come too...<page><box>Ateka: <name>...?<page><br>He will come...?<page><box>Oryu: Yes. He may not look<br>it, but you can rely on him.<page><box>Oryu: When it matters most, he<br>has incredible determination.<page><box>Ateka: Oryu...<page><box>Oryu: Yes?<page><box>Ateka: If <name><br>is ever in danger...<page><br>Please give him this...<page><box>
196:$4D99	story_and_event_dialogue	Oryu: This is...<page><br>A Jewel?<page><box>Ateka: It is a talisman passed<br>down through our family.<page><box>Oryu: You want me to give this<br>to <name>. Understood.<page><box>
196:$4DF6	story_and_event_dialogue	Ateka: Ah... Someone is coming!<page><box>
196:$4E0B	story_and_event_dialogue	Ateka: Oryu, hurry!<page><box>Oryu: It's all right.<br>There's no need to panic.<page><box>
196:$4E35	story_and_event_dialogue	Oryu: Remember.<page><box>Oryu: You are never alone.<page><box>Oryu: Don't give up.<br>We'll get through this.<page><box>Oryu: See you soon.<page><box>
196:$4E6D	story_and_event_dialogue	Rookie Guard:<br>Forgive us, Princess.<page><box>Rookie Guard: The Lord<br>ordered us to inspect<br>this room as well...<page><box>
196:$4EA6	story_and_event_dialogue	Rookie Guard: ...<br>Nothing seems out of place.<page><box>
196:$4EC2	story_and_event_dialogue	Rookie Guard: Let's go...<page><box>
196:$4EF1	story_and_event_dialogue	Lord: Heh heh...<br>The time has finally come.<br>The night of the full moon.<page><box>Lord: How long I have<br>waited for this ritual...<page><box>Ateka: ...<page><box>
196:$4F45	story_and_event_dialogue	Lord: With this, your role<br>and your mother's will end.<page><box>Lord: Princess...<page><br>You understand, do you not?<page><box>
196:$4F7D	story_and_event_dialogue	Lord: Heh heh...<page><br>What this full-moon<br>ritual will summon...<page><box>Lord: Will it be your<br>light, or my darkness...?<page><box>Lord: Once the ritual<br>ends, everything will<br>finally be decided...<page><box>Lord: But before that...<page><box>Lord: I must dispose<br>of one little rat!<page><box>
196:$500B	story_and_event_dialogue	Lord: You mean to interfere<br>again? Heh heh heh.<page><box>
196:$502B	story_and_event_dialogue	Lord: What's wrong?<page><box>Lord: Did you not<br>come to defeat me?<page><box>
196:$5050	story_and_event_dialogue	Lord: Will you not use your<br>favorite blinding trick?<page><box>Lord: I cannot promise<br>it will work again.<page><box>
196:$5085	story_and_event_dialogue	Oryu: Ah...<page><box>
196:$5092	story_and_event_dialogue	Lord: I commend you for<br>making it all the way<br>to the Castle Keep...<page><box>Lord: Heh heh... You planned<br>to wait for an opening and<br>sever the flow of darkness...<page><box>Lord: How unfortunate...<page><br>This is the end!!<page><box>
196:$5113	story_and_event_dialogue	Lord: Well, well...<page><br>Welcome to the Castle Keep.<page><box>Lord: You truly are a<br>glutton for punishment.<page><box>Lord: Coming back<br>after what happened<br>before... Heh heh heh...<page><box>
196:$5175	story_and_event_dialogue	Lord: I will burn you<br>away so thoroughly<br>that you never return.<page><box>Lord: Just like your partner!!
196:$51AC	story_and_event_dialogue	Oryu: <name>! Catch!!<page><box>
196:$51BD	story_and_event_dialogue	Lord: What...?<page><box>
196:$51CC	story_and_event_dialogue	Lord: That Jewel you possess...<page><box>
196:$51F3	story_and_event_dialogue	Lord: So that is your plan...<br>What an insolent trick.<page><box>
196:$5213	story_and_event_dialogue	Lord: Do not think that was<br>the full extent of my power.<page><br>Here I come!!<page><box>
196:$5241	story_and_event_dialogue	Lord: I will permit<br>no interference.<page><br>No matter who it is.<page><box>
196:$5265	story_and_event_dialogue	Lord: This time I will end<br>your life! Prepare yourself!!<page><box>
196:$529C	story_and_event_dialogue	Lord: What? This is...<page><box>
196:$52AE	story_and_event_dialogue	Lord: The ritual...<page><br>The ritual is complete!!<page><box>Lord: And this<br>flow of darkness...<page><box>Lord: Ha!<page><box>Lord: Ha ha ha ha ha!!<page><box>Lord: Princess! What a pity!<br>I have won!!<page><box>
196:$531D	story_and_event_dialogue	Lord: The time for battle<br>has already passed.<page><br>Your life has been spared!!<page><box>
196:$5348	story_and_event_dialogue	Oryu: Aaaaaah!!
196:$5358	story_and_event_dialogue	???: Hyah ha ha ha ha!!
196:$536A	story_and_event_dialogue	Oryu: The Magic<br>Castle is collapsing!!<page><box>
196:$5380	story_and_event_dialogue	Oryu: <name>,<br>can you stand?<page><br>We have to escape quickly...<page><box>
196:$539F	story_and_event_dialogue	Oryu: Ah! Look out!!<page><box>
196:$53B3	story_and_event_dialogue	Pekeji: Thank goodness!<br>I made it in time, Bro.<page><box>Pekeji: Come on! Let's go!<page><box>
196:$53D6	story_and_event_dialogue	Nuwanko: Th-The<br>Magic Castle...<page><box>Mekerere: It's collapsing...<page><box>
196:$5422	story_and_event_dialogue	Curas: Heh heh...<br>At last, I have found it.<br>Jahannam's Gate.<page><box>Curas: The time of<br>resurrection draws near.<br>Heh heh heh...<page><box>
196:$546E	story_and_event_dialogue	Lord: Ugh...<page><box>Oryu: Such terrible heat...<page><box>
196:$548D	story_and_event_dialogue	Oryu: Is this also an<br>effect of separating her<br>from that monster Curas?<page><box>
196:$54B7	story_and_event_dialogue	Ateka: Probably...<page><br>Unless we defeat<br>Curas, Mother will...<page><box>
196:$54E1	story_and_event_dialogue	Sachi: She won't recover?<page><box>
196:$54F2	story_and_event_dialogue	Sachi: She looks like<br>she's in terrible pain.<page><box>Ateka: Mother...<page><box>
196:$5513	story_and_event_dialogue	Pekeji: Pant, pant...<br>I brought Obaba!<page><box>
196:$5534	story_and_event_dialogue	Obaba: Ow, ow...<br>Don't you know how to<br>handle someone gently?!<page><box>
196:$5566	story_and_event_dialogue	Pekeji: Ow!<page><box>
196:$5572	story_and_event_dialogue	Obaba: So...<br>Who is suffering<br>from this illness?<page><box>
196:$558F	story_and_event_dialogue	Obaba: Hmm... She is<br>certainly cursed.<page><box>Obaba: A monster possessed<br>her for far too long.<page><box>Obaba: I do not know<br>how long my purification<br>can hold it back...<page><box>
196:$5605	story_and_event_dialogue	Obaba: Then let us begin.<page><box>Obaba: Light of<br>Heaven and Earth.<page><box>Obaba: Drive away<br>this evil darkness...<page><box>
196:$564E	story_and_event_dialogue	Oro: Princess.<page><box>Oro: I hate to ask at a<br>time like this, with the<br>Lord in this condition...<page><box>
196:$5677	story_and_event_dialogue	Oro: Everyone in town wants<br>to ask you about the Magic<br>Castle and the desert...<page><box>Ateka: I understand...<page><br>I will tell them everything...<page><box>
196:$56CB	story_and_event_dialogue	Oryu: Ateka...<page><box>
196:$56D9	story_and_event_dialogue	Ateka: It will be<br>all right, Oryu.<page><box>
196:$56EF	story_and_event_dialogue	Ateka: I will<br>explain everything...<page><br>Please bring everyone here...<page><box>Oro: All right.<br>I'll gather them.<page><box>
196:$5726	story_and_event_dialogue	Ateka: Oryu...<page><box>
196:$5736	story_and_event_dialogue	Oryu: Yes.<page><box>Oryu: This is no time<br>to hang your head.<page><box>Oryu: It'll be all right.<page><box>Oryu: If you tell them<br>the truth, I'm sure<br>everyone will understand.<page><box>
196:$5789	story_and_event_dialogue	Oryu: <name>...<page><br>I'll be waiting on the hill<br>overlooking the Magic Castle...<page><box>
196:$5820	story_and_event_dialogue	Oryu: Has she already<br>started speaking in<br>front of everyone...?<page><box>Oryu: I'm sure she<br>would rather run away...<page><box>
196:$5869	story_and_event_dialogue	Oryu: Tell me, <name>.<page><box>Oryu: What do you think<br>was happening inside<br>that Magic Castle?<page><box>
196:$5894	story_and_event_dialogue	Oryu: Why were the monsters<br>after the Evil God Statue...?<page><box>Oryu: Why was Princess Ateka<br>obeying the monsters...?<page><box>Oryu: And why did I<br>come to this town...?<page><box>Oryu: I'll explain why.<page><br>First...<page><box>
196:$5920	story_and_event_dialogue	Ateka: The monster<br>Curas had one goal.<page><box>Ateka: To resurrect<br>the Evil God sleeping<br>beneath this region.<page><box>Ateka: The Evil God<br>was sealed away by<br>a certain object.<page><box>Ateka: The Evil God Statue.<page><box>
196:$5988	story_and_event_dialogue	Ateka: But recently, the<br>seal had begun to weaken...<page><box>Ateka: That was turning the<br>surrounding land into desert.<page><box>
196:$59D2	story_and_event_dialogue	Oryu: That also drew the<br>monsters to the castle...<page><box>Oryu: Then Pekeji took the<br>Evil God Statue, making the<br>desert spread even faster...<page><box>
196:$5A35	story_and_event_dialogue	Ateka: But that alone was<br>not enough for Curas to<br>resurrect the Evil God.<page><box>
196:$5A68	story_and_event_dialogue	Ateka: Curas did not know<br>where the Evil God slept...<page><box>
196:$5A8F	story_and_event_dialogue	Oryu: The Evil God's<br>resting place...<page><box>Oryu: To discover it...<page><box>Oryu: Curas needed Princess<br>Ateka's power as a priestess.<page><box>Oryu: The full-moon<br>ritual was his way of<br>finding the Evil God.<page><box>Oryu: But the ritual<br>was also a tremendous<br>gamble for Curas...<page><box>
196:$5B2A	story_and_event_dialogue	Ateka: Curas first<br>approached me.<page><box>Ateka: And then...<page><box>Ateka: When Mother discovered<br>this, she tried to save me...<page><box>Ateka: But she was<br>defeated in the battle...<page><box>Ateka: And Curas<br>possessed her instead...<page><box>
196:$5BC3	story_and_event_dialogue	Oryu: My mission...<page><br>Was to stop the Evil<br>God's resurrection.<page><box>Oryu: I came to this<br>town under those orders...<page><box>
196:$5C17	story_and_event_dialogue	Oryu: I disguised myself<br>as an attendant and<br>infiltrated the Magic Castle.<page><box>Oryu: There, I<br>gathered information.<page><box>Oryu: The more I learned,<br>the more I wanted to<br>save them both too.<page><box>
196:$5C81	story_and_event_dialogue	Oryu: The full-moon ritual<br>held both darkness and light.<page><box>Oryu: If we kept it from<br>falling into darkness, we<br>could destroy Curas instead.<page><box>
196:$5CD7	story_and_event_dialogue	Oryu: Once we learned that...<page><box>Oryu: We placed our<br>final hope on it...<page><box>Oryu: So we performed<br>the ritual...<page><box>
196:$5D09	story_and_event_dialogue	Ateka: But Curas was far<br>stronger than we expected...<page><box>Ateka: And my own<br>power was not enough...<page><box>Ateka: The ritual...<page><box>Ateka: It flowed...<page><box>Ateka: Into darkness...<page><box>Ateka: The place where<br>the lightning struck...<page><box>Ateka: That is where<br>the Evil God sleeps.<page><box>Ateka: Curas is already<br>on his way there.<page><br>If we do not hurry...<page><box>
196:$5DD9	story_and_event_dialogue	Oryu: The Evil God<br>will be resurrected.<page><box>
196:$5DEF	story_and_event_dialogue	Oro: Wait a moment.<page><box>Oro: If this Evil<br>God is resurrected...<page><box>Oro: What will<br>happen to the town?<page><box>
196:$5E26	story_and_event_dialogue	Wanda: A-An earthquake!!<page><box>
196:$5E37	story_and_event_dialogue	Rai: Is something<br>else happening at<br>the Magic Castle?!<page><box>
196:$5E58	story_and_event_dialogue	Wanda: L-Let's go see!!<page><box>
196:$5E6A	story_and_event_dialogue	Oryu: I-It has begun...<page><br>The first sign of<br>its resurrection!<page><box>
196:$5E8B	story_and_event_dialogue	Nuwanko: L-Look!<br>The desert!!<page><box>
196:$5EA6	story_and_event_dialogue	Mekerere: What is that?!<page><box>Wanda: The desert<br>is rising up?!<page><box>Nuwanko: What's going<br>to happen now?!<page><box>
196:$5EEC	story_and_event_dialogue	Oro: Princess.
196:$5EF6	story_and_event_dialogue	Oro: Tell us.<page><box>Oro: If the Evil<br>God is resurrected...<page><box>Oro: This town...<page><box>Oro: What will happen to it?<page><box>
196:$5F2D	story_and_event_dialogue	Ateka: If the Evil<br>God is resurrected...<page><box>Ateka: It will begin<br>growing rapidly, seeking<br>its complete form.<page><box>Ateka: And once it reaches<br>that complete form...<page><box>
196:$5F97	story_and_event_dialogue	Ateka: Ilpa will...<page><box>Ateka: The town will...<page><box>Ateka: Be destroyed...<delay:14><br>Completely...<page><box>
196:$5FC6	story_and_event_dialogue	Mekerere: Wh-What?!<page><box><delay:1E>Rai: The town...<page> Destroyed?!<page><box><delay:1E>Nuwanko: N-No...<page><box>
196:$5FFD	story_and_event_dialogue	Mekerere: Should we run?!<page><box><delay:1E>Shizu: Run...?<br>Where would we go?!<page><box><delay:1E>Wanda: What are we<br>supposed to do?!<page><box>
196:$603B	story_and_event_dialogue	Sachi: What are<br>you all saying?!
196:$6052	story_and_event_dialogue	Sachi: The town<br>isn't doomed yet!<page><box>
196:$6078	story_and_event_dialogue	Sachi: What good is giving<br>up before we even try?!<page><box>
196:$6096	story_and_event_dialogue	Nuwanko: Even if<br>you say that...<page><box>Nuwanko: What can we do...?<page><box>
196:$60B7	story_and_event_dialogue	<delay:1E>Sachi: Isn't it obvious?<page><br>We fight.<page><box>Sachi: As long as there's hope,<br>we fight to the very end!<page><box>
196:$60EF	story_and_event_dialogue	Rai: Can we win?<page><br>Against an Evil God?<page><box><delay:1E>Sachi: We won't<br>know unless we try.<page><box>Sachi: Giving up is easy.<page><br>But once you give<br>up, it's over.<page><box>Sachi: I want to<br>protect this town.<page><box>Sachi: So I...<page><box>Sachi: Even if I have<br>to fight alone, I will!!<page><box>
196:$618F	story_and_event_dialogue	Ateka: I will fight too...<page><box>
196:$61A4	story_and_event_dialogue	<delay:1E>Sachi: Princess...<page><box>
196:$61B4	story_and_event_dialogue	Ateka: This happened<br>because of me.<page><box>Ateka: I will do anything<br>to atone for it afterward.<page><box>Ateka: But for now,<br>please allow me to help.<page><br>I beg you.<page><box>
196:$621D	story_and_event_dialogue	Wanda: Me too!<page><box>Wanda: I'll fight!<page><box>
196:$6234	story_and_event_dialogue	Mekerere: She's right...<page><br>It's too soon to give up.<page><box>
196:$6259	story_and_event_dialogue	Nuwanko: There must still<br>be something we can do.<page><box>
196:$6278	story_and_event_dialogue	Rai: I-I'll do my best too!!<page><box>
196:$628E	story_and_event_dialogue	Oro: All right!<page><br>We'll protect the<br>town together!!<page><box>
196:$62AB	story_and_event_dialogue	Ateka: <name>.<page><br>Curas possesses<br>tremendous magical power.<page><box>Ateka: I wish I could<br>defeat him, but I do<br>not have the strength.<page><box>Ateka: Only <name><br>can defeat Curas.<page><box>Ateka: Please.<br>You must defeat Curas...<page><box>
196:$6333	story_and_event_dialogue	Oro: I ask this of you as well.<page><br>We will protect the<br>castle town together.<page><box>Oro: While we hold it back...<page><box>Oro: You must find<br>a way to defeat him!<page><box>Oro: Defeat Curas!!<page><box>
196:$638D	story_and_event_dialogue	Oryu: <name>!<page><br>I'm coming too!!<page><box>
196:$63A5	story_and_event_dialogue	Pekeji: Bro! I'm coming too!!<page><br>Take me with you!!<page><box><delay:3C>Koppa: I'm going too.<page><box>
196:$63D8	story_and_event_dialogue	Sachi: Koppa...<page><box>
196:$63E5	story_and_event_dialogue	Koppa: Princess, I'm sorry.<page><br>I'm ashamed of myself.<page><box>Koppa: I doubted you<br>for a moment because of<br>the Evil God Statue...<page><box>Koppa: It was pathetic of me.<page><box><delay:1E>Ateka: No. I am the one<br>who should apologize...<page><box>Ateka: More importantly,<br>your injuries?<page><box>Ateka: Are you all right?<page><box><delay:1E>Koppa: I can't stay<br>in bed while everyone<br>else is ready to fight.<page><box>Koppa: Besides...<page><box>Koppa: Curas is the one<br>monster I will never forgive!<page><box>
196:$64C3	story_and_event_dialogue	Koppa: <name>! Let's go!!<page><br>We're going to defeat Curas!!<page><box>
196:$64E4	story_and_event_dialogue	Oro: All right!<page><box>Oro: Everyone, go home<br>and prepare for battle!!<page><box>
196:$6507	story_and_event_dialogue	Everyone: Yeah!!<page><box>
196:$6516	story_and_event_dialogue	Sachi: Curas won't stand a<br>chance against <name>!<page><br>Good luck, <name>!!<page><box>
196:$6545	story_and_event_dialogue	Pekeji: Let's give it<br>everything we've got!<br>Bro!!<page><box>
196:$655F	story_and_event_dialogue	Ateka: <name>.<page><br>If the Evil God<br>is resurrected...<page><box>Ateka: You must defeat<br>it before it reaches<br>its complete form.<page><box>Ateka: Once it reaches<br>its complete form,<br>it will be too late.<page><box>Ateka: I pray<br>fortune is with you...<page><box>Ateka: I know you can<br>succeed, <name>...<page><box>Ateka: Please be careful.<page><box>Ateka: I believe you<br>will return safely...<page><box>Ateka: I will be waiting.<page><box>
196:$6648	story_and_event_dialogue	Koppa: All right!<br>Let's go, <name>!<page><box>
196:$666A	story_and_event_dialogue	Oryu: I'm coming too!<br>Do you want to<br>travel together?<page><box>
196:$6689	story_and_event_dialogue	Pekeji: I'll split off after<br>we enter Jahannam's Gate.<page><box>Pekeji: Let's both<br>give it our best, Bro!!<page><box>
196:$66D5	story_and_event_dialogue	Pekeji: I'm coming too!<br>Take me with you, Bro!<page><box>
196:$66F4	story_and_event_dialogue	Oryu: I'll split off after<br>we enter Jahannam's Gate.<page><box>Oryu: Be careful, <name>!<page>
196:$6739	story_and_event_dialogue	Oryu: We'll split up once<br>we reach Jahannam's Gate.<page><box>
196:$676B	story_and_event_dialogue	Pekeji: Let's give<br>it our best, Bro!!<page><box>
196:$6787	story_and_event_dialogue	Sachi: Thanks for<br>standing guard.<page><br>How does everything look?<page><box>
196:$67A7	story_and_event_dialogue	Nuwanko: Nothing<br>seems unusual so far...<page><box>Wanda: What is that?!<page><box>
196:$67DA	story_and_event_dialogue	Oro: What happened?!<page><box>
196:$67E7	story_and_event_dialogue	Oro: I-It's coming!<page><box>
196:$693A	story_and_event_dialogue	Tanaka: Is the scenario<br>counter bugged?<page>
196:$6953	story_and_event_dialogue	Tanaka: Town 7-11!<page>
196:$6965	story_and_event_dialogue	Tanaka: Town 7-10!<page>
196:$6977	story_and_event_dialogue	Tanaka: Town 7-9-5!<page>
196:$698A	story_and_event_dialogue	Tanaka: Town 7-9!<page>
196:$699B	story_and_event_dialogue	Tanaka: Town 7-8!<page>
196:$69AC	story_and_event_dialogue	Tanaka: Town 7-7!<page>
196:$69BD	story_and_event_dialogue	Tanaka: Town 7-6!<page>
196:$69CE	story_and_event_dialogue	Tanaka: Town 7-5!<page>
196:$69DF	story_and_event_dialogue	Tanaka: Town 7-4!<page>
196:$69F0	story_and_event_dialogue	Tanaka: Town 7-3!<page>
196:$6A01	story_and_event_dialogue	Tanaka: Town 7-2!<page>
196:$6A12	story_and_event_dialogue	Tanaka: Town 7-1!<page>
196:$6A23	story_and_event_dialogue	Tanaka: Town 6-1!<page>
196:$6A34	story_and_event_dialogue	Tanaka: Town 5-6!<page>
196:$6A45	story_and_event_dialogue	Tanaka: Town 5-5!<page>
196:$6A56	story_and_event_dialogue	Tanaka: Town 5-4!<page>
196:$6A67	story_and_event_dialogue	Tanaka: Town 5-3!<page>
196:$6A78	story_and_event_dialogue	Tanaka: Town 5-2!<page>
196:$6A89	story_and_event_dialogue	Tanaka: Town 5-1!<page>
196:$6A9A	story_and_event_dialogue	Tanaka: Town 4-6!<page>
196:$6AAB	story_and_event_dialogue	Tanaka: Town 4-5!<page>
196:$6ABC	story_and_event_dialogue	Tanaka: Town 4-4!<page>
196:$6ACD	story_and_event_dialogue	Tanaka: Town 4-3-2!<page>
196:$6AE0	story_and_event_dialogue	Tanaka: Town 4-3!<page>
196:$6AF1	story_and_event_dialogue	Tanaka: Town 4-2!<page>
196:$6B02	story_and_event_dialogue	Tanaka: Town 4-1!<page>
196:$6B13	story_and_event_dialogue	Tanaka: Town 3-5!<page>
196:$6B24	story_and_event_dialogue	Tanaka: Town 3-4!<page>
196:$6B35	story_and_event_dialogue	Tanaka: Town 3-3!<page>
196:$6B46	story_and_event_dialogue	Tanaka: Town 3-2!<page>
196:$6B57	story_and_event_dialogue	Tanaka: Town 3-1!<page>
196:$6B68	story_and_event_dialogue	Tanaka: Town 2-4!<page>
196:$6B79	story_and_event_dialogue	Tanaka: Town 2-3!<page>
196:$6B8A	story_and_event_dialogue	Tanaka: Town 2-2!<page>
196:$6B9B	story_and_event_dialogue	Tanaka: Town 2-1-5!<page>
196:$6BAE	story_and_event_dialogue	Tanaka: Town 2-1!<page>
196:$6BBF	story_and_event_dialogue	Tanaka: Town 1-1!<page>
196:$6BD0	story_and_event_dialogue	Tanaka: Town 0-1!<page>
196:$6BE1	story_and_event_dialogue	<cF8>h<cF8>i Unit: Bwo-ho!<page>
196:$6BF1	story_and_event_dialogue	<cF8>h<cF8>i Unit: Bwo-ho!<br>I am strong! I am number one!<br>Comrade! Comraaaade!!<page><box>
196:$6C25	story_and_event_dialogue	<cF8>h<cF8>i Unit: Bwo-ho!<br>Marching out!! Bwo-ho!!<page><box>
196:$6C49	story_and_event_dialogue	<cF8>h<cF8>i Unit joined you!<delay:96><page>
196:$6C5C	story_and_event_dialogue	<cF8>h<cF8>i Unit: Bwo-ho!<br>Bwo-ho! Bwo-hoooo!<page>
196:$6C8E	story_and_event_dialogue	<cF8>h<cF8>i Unit: Bwo-ho!<br>Comrade! Comraaaade!!<page><box>
196:$6CB0	story_and_event_dialogue	<cF8>h<cF8>i Unit: Bwo-ho!<br>Marching out!! Bwo-ho!!<page><box><delay:1E>
196:$6CD6	story_and_event_dialogue	<cF8>h<cF8>i Unit joined you!<delay:96><page>
196:$6CE9	story_and_event_dialogue	<cF8>h<cF8>i Unit: Bwo-ho!<br>Bwo! Bwo! Bwo-hoooo!<page>
196:$6D0D	story_and_event_dialogue	Gaibara: ...<page>
196:$6D18	story_and_event_dialogue	Gaibara: Until I am satisfied!!<page><box>Gaibara: And of course,<br>I am not satisfiiiiied!!<page>
196:$6D54	story_and_event_dialogue	Gaibara: Saruyama!<page><box>Gaibara: I have decided we<br>will make jars in this house!!<page>
196:$6D7E	story_and_event_dialogue	Gaibara: Saruyama!<page><box>Gaibara: I have decided we<br>will make jars in this house!!<page>
196:$6DA8	story_and_event_dialogue	Gaibara: Saruyama!<page><box>Gaibara: Is dinner<br>not ready yet?!!<page>
196:$6DC7	story_and_event_dialogue	Gaibara: No one will<br>ever break my record!<page>
196:$6DE4	story_and_event_dialogue	Gaibara: Saruyama.<br>The Ultimate Soil is...<page><box>
196:$6E03	story_and_event_dialogue	Gaibara: No good! No good!<br>No goooooood!!<page>
196:$6E24	story_and_event_dialogue	Koppa: Let's do our best!<page>
196:$6E32	story_and_event_dialogue	Koppa: Ugh...<page>
196:$6E3F	story_and_event_dialogue	Koppa: What was that black<br>object we saw earlier...?<page>
196:$6E61	story_and_event_dialogue	Koppa: Hmm. I still<br>can't remember.<br>I wonder why...<page>
196:$6E8C	story_and_event_dialogue	Koppa: It'd be nice if that<br>jerk Mamo would fight too...<page><box>Koppa: Huh? You<br>want me to fight?<page><box>Koppa: C-Cough! I suddenly<br>don't feel so good...<page>
196:$6EE7	story_and_event_dialogue	Koppa: Those two were<br>awfully noisy, huh?<page><box>Koppa: What?<page> They were quiet<br>compared to me?<page><box>Koppa: No way.<page>
196:$6F2E	story_and_event_dialogue	Koppa: A robot??<page><box>Koppa: That's one<br>strange doll...<page>
196:$6F4F	story_and_event_dialogue	Koppa: Wow! A new doll!!<page><box>Koppa: And this<br>time it's Unit 2!<page>
196:$6F80	story_and_event_dialogue	Koppa: Wow!<br>Another new doll!!<page>
196:$6F9D	story_and_event_dialogue	Koppa: Amazing! The<br>doll has been tuned up!<page><box>Koppa: It even has a new<br>name and more power!!<page>
196:$6FDB	story_and_event_dialogue	Koppa: They say something<br>good happens if you chant<br>a spell before Big Moai.<page>
196:$7006	story_and_event_dialogue	Koppa: Where did<br>Big Moai go...?<page>
196:$702A	story_and_event_dialogue	Koppa: Let's prepare properly<br>before we enter the furnace.<page>
196:$7055	story_and_event_dialogue	Koppa: It was fun reaching<br>deep inside the blacksmith's<br>furnace yesterday!!<page>
196:$7080	story_and_event_dialogue	Koppa: Let's do our<br>best, <name>!<page>
196:$7096	story_and_event_dialogue	"Koppa: The ""Wanderer's<br>Secrets"" are really useful!<page>"
196:$70B5	story_and_event_dialogue	Koppa: Let's do our best<br>today too, <name>!<page>
196:$70D2	story_and_event_dialogue	"Koppa: The ""Wanderer's<br>Secrets"" are really useful!<page>"
196:$70F1	story_and_event_dialogue	Koppa: I'm getting hungry...<page>
196:$7103	story_and_event_dialogue	Koppa: Where<br>should we go next?<page>
196:$7116	story_and_event_dialogue	Koppa: Keep your<br>spirits up, <name>!<page>
196:$712F	story_and_event_dialogue	Koppa: It's such<br>a nice, warm day...<page><box>Koppa: I could fall asleep.<page>
196:$715D	story_and_event_dialogue	Koppa: Hmm?<br>What's wrong, <name>?<page>
196:$7171	story_and_event_dialogue	Koppa: Yahoo!<page>
196:$717D	story_and_event_dialogue	Koppa: Hey.<page>
196:$7188	story_and_event_dialogue	Koppa: Yo! What is it?<page>
196:$7198	story_and_event_dialogue	Koppa: Don't worry.<br>I'm right here with you.<page>
196:$71BA	story_and_event_dialogue	Koppa: Hurry!<br>Let's get out of<br>here, <name>!<page>
196:$71D0	story_and_event_dialogue	Koppa: Even if they<br>tell us not to escape,<page><box>Koppa: staying here looks<br>even more dangerous.<page><box>Koppa: Let's get<br>out of here, fast.<page>
196:$721C	story_and_event_dialogue	Koppa: This town<br>is pretty lively.<page>
196:$7234	story_and_event_dialogue	Koppa: You saw the Magic<br>Castle too, right, <name>?<page><box>Koppa: Ugh... I've got a<br>bad feeling about this...<page><box>Koppa: <name>! Let's<br>hurry and take back<br>the Evil God Statue!!<page>
196:$7292	story_and_event_dialogue	Koppa: Once we defeat<br>Zagan, we can take back<br>the Evil God Statue!<page><box>Koppa: Let's do<br>this, <name>!<page>
196:$72C2	story_and_event_dialogue	Koppa: <name>! Let's go!!<page><box>Koppa: We have<br>to defeat Curas!!<page>
196:$72E2	story_and_event_dialogue	Koppa: I wonder if<br>Oryu and Pekeji are<br>already on their way...<page><box>Koppa: We should hurry<br>to Jahannam's Gate too!<page>
196:$7325	story_and_event_dialogue	Koppa: Everyone<br>is fighting hard!<page><box>Koppa: We have to hurry<br>to Jahannam's Gate too!<page>
196:$7355	story_and_event_dialogue	Koppa: This time, let's<br>finish Curas for good!<page>
196:$7371	story_and_event_dialogue	Koppa: This is<br>the final battle!<page><box>Koppa: Let's do<br>this, <name>!!<page>
196:$7392	story_and_event_dialogue	Koppa: Nfuu looks happy.<page>
196:$73AB	story_and_event_dialogue	Koppa: Okay, today's pun.<page><box>Koppa: Tonfan put up flowers.<page><box>Koppa: Now the place<br>is really blooming...<page><box>Koppa: Funny?<br>Hey, was it funny?<page>
196:$73F9	story_and_event_dialogue	Koppa: Yesterday<br>was a real thrill!<page><box>Koppa: What a comeback we<br>made right at the very end!!<page>
196:$7439	story_and_event_dialogue	Koppa: Let's go, <name>!<br>To the Abyssal Depths!!<page>
196:$7455	story_and_event_dialogue	Koppa: Let's go, <name>!<br>To the Abyssal Depths!<page><box>Koppa: We have to save<br>the Princess from Zagan!<page>
196:$748A	story_and_event_dialogue	Mamo: Let's go!<br>Mamo-ry, let's go!<page>
196:$74AA	story_and_event_dialogue	<box>
196:$74AC	story_and_event_dialogue	Mamo: Mamo-ry, roger!<page>
196:$74C3	story_and_event_dialogue	Mamo: Mamo-ry, which one?<page>
196:$74D7	story_and_event_dialogue	Mamo: Mamo-ry, STORE!<page><box>Mamo: Storage complete.<page>
196:$74FA	story_and_event_dialogue	Mamo: Mamo-ry, store it?<page><box>Mamo: Take it off! Take it off!<page>
196:$751A	story_and_event_dialogue	Mamo: Mamo-ry, FULL!<br>I can't hold any more.<page>
196:$753A	story_and_event_dialogue	Cursed items<br>cannot be removed!<page>
196:$754D	story_and_event_dialogue	Mamo: Mamo-ry, ZERO!<br>Then I can't store anything.<page>
196:$756E	story_and_event_dialogue	Mamo: Mamo-ry, which one?<page>
196:$757E	story_and_event_dialogue	Mamo: Mamo-ry, OUT!<page><box>Mamo: Out it comes!<page>
196:$759A	story_and_event_dialogue	Mamo: Mamo-ry, EMPTY!<br>I'm not carrying anything.<page>
196:$75BF	story_and_event_dialogue	Mamo: Mamo-ry, IMPOSSIBLE!<br>I can't carry any<br>more. Don't overdo it!<page>
196:$75E4	story_and_event_dialogue	Mamo: Hey, <name>!<br>Mamo-ry reunion?<page><box>
196:$7600	story_and_event_dialogue	Mamo: That's what<br>I wanted to hear!<page><box>Mamo: I can store<br>lots of items.<page><box>Mamo: You can put them<br>in and take them out<br>freely. Handy, right?<page><box>Mamo: But I'll be empty<br>when you return from a<br>dungeon, so remember that.<page><box>Mamo: Let's go!<br>Mamo-ry, roll out!<page><box>
196:$76A6	story_and_event_dialogue	Mamo joined you!<delay:96><page>
196:$76B7	story_and_event_dialogue	Mamo: You could store<br>items if I came along...<page><box>Mamo: Mamo-ry disappointed!<page>
196:$76E3	story_and_event_dialogue	Oryu: Oh, <name>.<br>Are you going somewhere?<page><box>Oryu: Can I come with you?<page><box>
196:$7713	story_and_event_dialogue	Oryu: I'm so glad!<br>Come on, let's hurry!<page><box>
196:$772B	story_and_event_dialogue	Oryu joined you!<delay:96><page>
196:$773C	story_and_event_dialogue	Oryu: That's too bad.<br>But I'll go with you anytime.<page>
196:$775C	story_and_event_dialogue	Oryu: Take care of Ateka.<page><box>Oryu: But if you're going<br>to another dungeon,<br>I'll come with you...<page><box>
196:$7791	story_and_event_dialogue	Oryu: Okay. Let's go.<page><box>
196:$77A3	story_and_event_dialogue	Oryu joined you!<delay:96><page>
196:$77B4	story_and_event_dialogue	Oryu: You're going to<br>save Ateka, <name>!<br>Do your best!!<page>
196:$77D5	story_and_event_dialogue	Oryu: With me beside you,<br>there's nothing to fear!<page>
196:$77F2	story_and_event_dialogue	Oryu: Oh, <name>.<br>You're safe. What a relief.<page><box>Oryu: What will you do now?<br>Shall we fight together?<page>
196:$7829	story_and_event_dialogue	Oryu: Okay.<br>Then let's go together.<page><box>
196:$7842	story_and_event_dialogue	Oryu joined you!<delay:96><page>
196:$7853	story_and_event_dialogue	Oryu: We'll go our<br>separate ways, then.<br>Take care.<page>
196:$7873	story_and_event_dialogue	Pekeji: Yikes...<page>
196:$7881	story_and_event_dialogue	Pekeji: Hey, Bro!<page><box>Pekeji: Are you taking<br>me on your adventure?<page><box>
196:$78AA	story_and_event_dialogue	Pekeji: Yes! I knew<br>you'd come through, Bro!<page><box>Pekeji: All right! Let's go!!<page><box>
196:$78CB	story_and_event_dialogue	Pekeji joined you!<delay:96><page>
196:$78DC	story_and_event_dialogue	Pekeji: Aw, man.<page>
196:$78E7	story_and_event_dialogue	Pekeji: It kills me that<br>I can't go into the<br>Abyssal Depths with you...<page><box>Pekeji: But if you're<br>going to another dungeon,<br>will you take me?<page><box>
196:$793C	story_and_event_dialogue	Pekeji: I see. You're going to<br>save the Princess after all...<page><box>Pekeji: All I can do is cheer,<br>so give it your all, Bro!!<page>
196:$7988	story_and_event_dialogue	Pekeji: All right!<br>Let's go, Bro!!<page><box>
196:$79A4	story_and_event_dialogue	Pekeji joined you!<delay:96><page>
196:$79B5	story_and_event_dialogue	Pekeji: Ugh...<br>Bro, I'm sorry.<page>
196:$79CD	story_and_event_dialogue	Pekeji: Bro...<br>What's going to happen now?<page>
196:$79EC	story_and_event_dialogue	Pekeji: Everything's more<br>fun when I'm with you, Bro!!<page>
196:$7A07	story_and_event_dialogue	Pekeji: Hey, Bro!<br>Glad you're safe!<page><box>Pekeji: So, what now?<br>Should we travel together?<page><box>
196:$7A45	story_and_event_dialogue	Pekeji: Got it.<br>I'll do my best on my own.<page><box>Pekeji: You be<br>careful too, Bro!<page>
196:$7A73	story_and_event_dialogue	Pekeji: All right!<br>Let's go, Bro!<page><box>
196:$7A8D	story_and_event_dialogue	Pekeji joined you!<delay:96><page>
196:$7A9E	story_and_event_dialogue	Lord: ...<page>
196:$7AA9	story_and_event_dialogue	Lord: You have saved us<br>so often that words can<br>never express my gratitude.<page><box>Lord: <name>.<br>Thank you, truly.<page>
196:$7AF4	story_and_event_dialogue	Lord: <name>...<page><box>Lord: Forgive me for<br>always relying on you, but...<page><box>Lord: Please.<page><box>Lord: You must save Ateka...<page>
196:$7B38	story_and_event_dialogue	Lord: Ugh...<br>What happened to me...?<page>
196:$7B53	story_and_event_dialogue	Lord: I think it is nearly<br>time I visited the castle.<page><box>Lord: I wish to see<br>what became of it<br>after it collapsed.<page>
196:$7B95	story_and_event_dialogue	Lord: I owe my recovery<br>to Obaba's devoted care.<page><box>Lord: I must thank her.<page>
196:$7BC8	story_and_event_dialogue	Saruyama: ...<page>
196:$7BD3	story_and_event_dialogue	Saruyama: Master!!<page><box>Saruyama: How long do<br>you intend to keep making<br>jars in this house?!<page>
196:$7C00	story_and_event_dialogue	Saruyama: Yes, Master!!<page>
196:$7C12	story_and_event_dialogue	Saruyama: Yes, Master!!<page>
196:$7C24	story_and_event_dialogue	Saruyama: Cooking the<br>meals and everything<br>else is exhausting.<page>
196:$7C44	story_and_event_dialogue	Saruyama: I have tried<br>my best many times, but...<page><box>Saruyama: Your record is<br>simply incredible, Master.<page>
196:$7C80	story_and_event_dialogue	Saruyama: Master!<page><box>Saruyama: What is the<br>Ultimate Soil?! Ooooooh!!<page>
196:$7CB1	story_and_event_dialogue	Nfuu: Nfuu! I want to explore<br>other dungeons now, fu!<page><box>Nfuu: Will you take me on<br>your adventures, <name>?<page><box>
196:$7CFC	story_and_event_dialogue	Nfuu: Hooray! I'm so happy, fu!<br>Nfuu! Let's set out!!<page><box>
196:$7D20	story_and_event_dialogue	Nfuu joined you!<delay:96><page>
196:$7D31	story_and_event_dialogue	Nfuu: I'm disappointed, fu.<page>
196:$7D3F	story_and_event_dialogue	Nfuu: I'm so happy and<br>completely lovestruck, fu...<page>
197:$400E	story_and_event_dialogue	Koppa: Is this the bottom<br>of Jahannam's Gate?<page><br>I can't see anything.<page><box>Koppa: Ah!<page><br>There's a light over there!<page><br>Let's go see.<page><box>
197:$405E	story_and_event_dialogue	Koppa: H-Hey, <name>.<page><box>Koppa: Isn't that<br>Curas over there?<page><box>Koppa: Thank goodness.<br>The Evil God hasn't<br>been resurrected yet.<page><box>Koppa: We made it in time.<page><box>
197:$40B7	story_and_event_dialogue	Koppa: Hey, Curas!<br>It's over!<page><box>Curas: ...<page><box>Koppa: What's wrong...?<page><br>What a creep.<page><box>Curas: Heh heh... Just when<br>it was almost complete...<page><box>Curas: No matter.<page><br>This is our third<br>confrontation...<page><box>
197:$4152	story_and_event_dialogue	Curas: This time, we<br>will settle things<br>once and for all!!<page><box>Curas: With your death!!<page><box>
197:$4183	story_and_event_dialogue	Curas covered the<br>area in darkness!!
197:$41A5	story_and_event_dialogue	All magic effects<br>were nullified!!
197:$41C6	story_and_event_dialogue	Curas: Here I come!!<page><box>
197:$41DF	story_and_event_dialogue	Koppa: Hey, Curas!<br>We won't let you<br>resurrect the Evil God!<page><box>Koppa: This time,<br>prepare yourself!!<page><box>Curas: ...<page><br>I was almost finished.<br>You pests...<page><box>
197:$4245	story_and_event_dialogue	Curas: Do you truly<br>think you can win?<page><box>
197:$4262	story_and_event_dialogue	Curas covered the<br>area in darkness!!
197:$4284	story_and_event_dialogue	All magic effects<br>were nullified!!
197:$42A5	story_and_event_dialogue	Curas: Your efforts<br>are useless.<page><br>You are facing me!!<page><box>
197:$42E5	story_and_event_dialogue	Curas: Gyaaaaaah!!!<delay:78><box>
197:$42FA	story_and_event_dialogue	Koppa: We did it, <name>!<br>At last!!<page><box>
197:$4312	story_and_event_dialogue	Koppa: Curas...<page><box>Koppa: He was a<br>dangerous one...<page><box>Koppa: Because of him,<br>Ilpa nearly got wiped out...<page><box>Koppa: And the Evil God was<br>on the verge of resurrection...<page><box>Koppa: But it's finally over.<page><box>
197:$438E	story_and_event_dialogue	Koppa: Let's go home.<br>Back to Ilpa.<page><br>Everyone is waiting.<page><box>
197:$43B5	story_and_event_dialogue	Koppa: Hm...?<page><br>What's wrong, <name>?<page><box>
197:$43CF	story_and_event_dialogue	Koppa: Ah! The<br>Evil God Statue!<page><box>
197:$43E3	story_and_event_dialogue	Mekerere: I-It's...<page><box>Mekerere: It's coming!!<page><box>
197:$43F4	story_and_event_dialogue	Wanda: I-It broke<br>through the barrier!!<page><box>
197:$440D	story_and_event_dialogue	Oro: Everyone! Get<br>ready to fight!!<page><br>Understood?!<page><box>
197:$4429	story_and_event_dialogue	Nuwanko: Whoa!!<page><box>Tao: Th-The ground is shaking!!<page><box>
197:$444D	story_and_event_dialogue	Oro: Don't falter, everyone!!<page><box>
197:$4462	story_and_event_dialogue	Ateka: It cannot be...<page><box>
197:$4470	story_and_event_dialogue	Koppa: Why...?<page><box>Koppa: We defeated Curas.<page><box>Koppa: So why...?<page><br>No! This can't be happening!!<page><box>
197:$4518	story_and_event_dialogue	Koppa: It's collapsing! Run!<page><box>
197:$452C	story_and_event_dialogue	Nuwanko: I-It<br>stopped moving...<page><box>Wanda: It stopped...<page><box>
197:$454E	story_and_event_dialogue	Rai: Whoa! The ground again!<page><box>
197:$4562	story_and_event_dialogue	Wanda: Look! The<br>Magic Castle too!<page><box>
197:$4576	story_and_event_dialogue	Oro: Princess... What is this?<page><box>
197:$4589	story_and_event_dialogue	Ateka: I sense no evil<br>aura from Jahannam's<br>Gate or the Magic Castle.<page><box>Ateka: What can this mean...?<page><box><delay:3C>Lord: The Evil<br>God has vanished.<page><box>
197:$45E0	story_and_event_dialogue	Rai: My Lord!<page><box>
197:$45EE	story_and_event_dialogue	Lord: The force covering<br>the land and the curse<br>upon me have both vanished.<page><box>Lord: The Evil God<br>has been defeated.<page><box>Rai: Then that means...<page><box>Mekerere: <name>...<br><name> finally<br>defeated the Evil God.<page><box>Shizu: The town is saved!<page><box>
197:$467C	story_and_event_dialogue	Tao: We did it! Hooray!!
197:$468E	story_and_event_dialogue	Lord: Ateka...<br>I have caused you such worry.<page><box>Ateka: Mother!
197:$46B1	story_and_event_dialogue	<box>
197:$46B3	story_and_event_dialogue	Wanda: Hey! It's <name>!<page><box>
197:$46C3	story_and_event_dialogue	Wanda: Everyone!<br><name> is back!<page><box>
197:$46DD	story_and_event_dialogue	Nuwanko: All right!<br>Tonight we celebrate!<br>Let's make it a grand one!<page><box>Everyone: Yeah!
197:$470E	story_and_event_dialogue	Pekeji: Yes!<br>Free food and drinks!<page><box>
197:$472A	story_and_event_dialogue	Everyone: Ha ha ha ha!!<page><box>
197:$473D	story_and_event_dialogue	And so, the Evil God<br>was destroyed, and the<br>monsters' ambitions ended.<page>
197:$4764	story_and_event_dialogue	<box>
197:$4766	story_and_event_dialogue	Ilpa was saved, and the<br>people's joyful voices<br>echoed through the night.<page>
197:$479F	story_and_event_dialogue	<box>
197:$47A1	story_and_event_dialogue	And the next morning...<page>
197:$47B4	story_and_event_dialogue	Lord: In the end, Curas<br>escaped my control...<page><box>Lord: I lacked the<br>strength to stop him.<page><box>Lord: Because of that, I<br>made Ateka suffer too...<page><box>Lord: Ilpa itself was nearly<br>buried beneath the desert.<page><box>Lord: After all of that,<br>am I truly fit to...?<page><box>
197:$4854	story_and_event_dialogue	Oro: Don't say that, my Lord.<page><box>Oro: You're the only one<br>who can rebuild Ilpa.<page><box>
197:$4890	story_and_event_dialogue	Oro: Right, everyone?<page><box>
197:$489E	story_and_event_dialogue	Goto: That's right.<delay:0D><page><box>Rai: We still need you<br>to lead us, my Lord.<page><box>Wanda: No one else could do it.<page><box>Lord: Everyone...<page><box>
197:$48FD	story_and_event_dialogue	Lord: This is not something<br>I can accomplish alone...<page><box>Lord: Let us all join forces!<page><box>
197:$493B	story_and_event_dialogue	Mekerere: Yeah!<br>That's right!<page><box>Rai: We'll all work<br>together, my Lord!!<page><box>
197:$4972	story_and_event_dialogue	Everyone: Yeah!!
197:$497D	story_and_event_dialogue	Koppa: That's<br>great, <name>.<br>Everyone is ready to rebuild.<page><box>Koppa: We don't have<br>to worry anymore.<page><box>Koppa: Well... Shall we go?<page><box>
197:$49C1	story_and_event_dialogue	Sachi: We're having<br>a feast today!<br>So you can look forward to...<page><box>Sachi: Huh? Are you<br>going somewhere?<page><box>
197:$49F2	story_and_event_dialogue	Sachi: ...!<page> You cannot mean...<page><box>
197:$4A04	story_and_event_dialogue	Koppa: I stopped by Tonfan's<br>place a moment ago...<page><box>
197:$4A25	story_and_event_dialogue	Koppa: The Lord has<br>recovered, and everyone<br>in town is ready to work.<page><box>Koppa: It really is wonderful.<page><box>
197:$4A6C	story_and_event_dialogue	Ateka: Yes... But the<br>hardest work begins now.<page><br>I must do my best too!<page><box>
197:$4A9D	story_and_event_dialogue	Ateka: This is my Jewel...<page><box>
197:$4AB4	story_and_event_dialogue	Ateka: You came<br>to return it...?<page><box>
197:$4AC8	story_and_event_dialogue	Ateka: I see...<delay:78><br>You are already...<br>Leaving us...<delay:78><box>
197:$4AF0	story_and_event_dialogue	Koppa: Goodbye, Princess.<delay:78><br>Thank you.<delay:3C> And stay well.<delay:78><box>
197:$4B1B	story_and_event_dialogue	Ateka: Wait! Thank<br>you for everything!<delay:64><box>Ateka: For saving Mother...<delay:3C><br>And Ilpa...<delay:78> And...<delay:78><box>Ateka: And...<delay:78><box>
197:$4B6F	story_and_event_dialogue	Ateka: We will meet<br>again... Won't we?<delay:78><box>
197:$4B84	story_and_event_dialogue	Oryu: Don't worry.<br>I'm sure we'll meet again.<delay:78><box>Ateka: Oryu...<delay:78><box>Oryu: If you ever need<br>me, I'll come running.<delay:78><br>So don't worry.<delay:78><box>
197:$4BE3	story_and_event_dialogue	Oryu: Goodbye.<delay:78><box>Koppa: Farewell,<delay:3C> Princess.<delay:78><box>
197:$4C07	story_and_event_dialogue	Ateka: All of you!<br>Please take care<br>of yourselves!<delay:78>
197:$4C23	story_and_event_dialogue	Pekeji: Bro! Wait for me!<delay:78>
197:$4C38	story_and_event_dialogue	Pekeji: Pant, pant... Wheeze...<delay:78><box>
197:$4C4D	story_and_event_dialogue	Pekeji: Pant,<br>pant... That's cold.<page><box>Pekeji: You were going<br>to leave me behind.<delay:78><box>
197:$4C73	story_and_event_dialogue	Koppa: Oh, please.<delay:3C> We tried<br>to wake you over and over.<delay:78><br>You wouldn't budge.<delay:78><box>
197:$4CA6	story_and_event_dialogue	Oryu: After partying<br>that hard last night,<delay:78> I'm<br>amazed you woke up at all.<delay:78><box>Pekeji: Sachi told<br>me you were leaving.<delay:78><box>
197:$4CFC	story_and_event_dialogue	Pekeji: Look!<br>Everyone is up on the hill.<delay:78><box>
197:$4D19	story_and_event_dialogue	Oro: Sneaking away without<br>a word? That's cold.<delay:78><box>Nuwanko: Thank you!<delay:78><box>Tao: You guys were so cool!<delay:78><box>Rai: Take care!<delay:78><box>Sachi: Everyone! Stay safe!<delay:78><box>
197:$4D8D	story_and_event_dialogue	Pekeji: Heh heh. This<br>feels really great.<delay:78><box>
197:$4DAB	story_and_event_dialogue	Oryu: Even if this adventure<br>was difficult because<br>of a certain someone.<delay:78><box>
197:$4DD2	story_and_event_dialogue	Koppa: It's hard to<br>leave, but we should go.<delay:78><box>Oryu: Yes.<delay:78><box>Pekeji: All right.<delay:78><box>
197:$4E02	story_and_event_dialogue	Sachi: They're<br>already so far away...<delay:78><box>
197:$4E18	story_and_event_dialogue	Nuwanko: Soon we won't<br>be able to see them.<delay:78><box>
197:$4E35	story_and_event_dialogue	Oro: Hey! Take care out there!<delay:78><box>
197:$4E4A	story_and_event_dialogue	Ateka: May fair winds blow<br>upon your next adventure...<delay:78><box>
197:$4E70	story_and_event_dialogue	May Kron, god of travelers,<br>grant you fair winds!!
197:$4EEB	story_and_event_dialogue	Koppa: ...<page><box>Koppa: ......<page><box>
197:$4F02	story_and_event_dialogue	Koppa: The sandstorm's getting<br>worse. I can't see a thing...<page><box>Koppa: This wind is brutal.<page><box>Koppa: <name>! Keep going!!<page><box>Koppa: ...<page><box>Koppa: ......<page><box>Koppa: Huh?<page><box>Koppa: Where is everyone?<page><box>Koppa: Where did<br>Oryu and Pekeji go?<page><box>Koppa: Hey! Answer me!!<page><box>
197:$4FAD	story_and_event_dialogue	Koppa: Ow! This is awful!<page><box>Koppa: The sand stings!<page><box>
197:$4FD0	story_and_event_dialogue	Koppa: One stronger gust<br>and we'll be blown away.<page><box>
197:$4FF4	story_and_event_dialogue	Koppa: Whoaaaa!
197:$5002	story_and_event_dialogue	Koppa: Huh...?<page><box>Koppa: Where are we?!<page><box>Koppa: This is Ilpa, isn't it?!<page><box>
197:$5028	story_and_event_dialogue	Koppa: Looks like we...<page><box>Koppa: got sent back here...<page><box>
197:$5048	story_and_event_dialogue	Koppa: Oryu! Pekeji!<page><box>Koppa: Did the same<br>thing happen to you two?<page><box>
197:$506E	story_and_event_dialogue	Oryu: Yeah. Looks like<br>we got sent back...<page><box>
197:$5089	story_and_event_dialogue	Oro: Princess, what in<br>the world happened...?<page><box>
197:$50A3	story_and_event_dialogue	Ateka: I don't know.<page><box>Ateka: I can't explain why<br>this happened either...<page><box>Ateka: Could it be the<br>Evil God's influence...?<page><box>
197:$50F1	story_and_event_dialogue	Lord: That's the only<br>explanation I can think of.<page><box>
197:$510F	story_and_event_dialogue	Lord: Expanding the<br>desert must have had<br>some unforeseen effect...<page><box>Lord: I imagine it will<br>settle down after a while.<page><box>Koppa: What?! So<br>you're saying...<page><box>
197:$517F	story_and_event_dialogue	Koppa: we can't leave<br>town for the time being?<page><box>
197:$51A3	story_and_event_dialogue	Pekeji: What the heck?!<page><box>Pekeji: I finally made<br>a heroic exit, and now<br>it's completely ruined!<page><box>
197:$51DA	story_and_event_dialogue	Oryu: Don't worry. No one<br>thought you looked heroic.<page><box>
197:$5207	story_and_event_dialogue	Koppa: What will you do, Oryu?<page><box>
197:$5218	story_and_event_dialogue	Oryu: If we can't leave, we<br>don't have much choice...<page><box>Oryu: We'll have to stay<br>in Ilpa for a while.<page><box>Sachi: You're more<br>than welcome here!<page><box>Sachi: You saved the<br>whole town, after all!<page><box>
197:$5287	story_and_event_dialogue	Sachi: Besides, someone will<br>be happy if <name> stays.<page><box>
197:$52B0	story_and_event_dialogue	Sachi: Right, Ateka?<page><box>Ateka: I-I...<page><box>
197:$52CE	story_and_event_dialogue	Sachi: Ha! It's settled!<page><box>Sachi: Take it easy<br>and stay a while.<page><box>
197:$52EB	story_and_event_dialogue	Koppa: Sheesh. Well, I guess<br>we'll stay here for a while.<page><box>Koppa: Right, <name>?<page><box>
197:$5315	story_and_event_dialogue	Rai: I'm surprised there've<br>been so many Collapsed<br>Wanderers around here lately.<page><box>
197:$5347	story_and_event_dialogue	Koppa: Huh? You found<br>someone besides us?<page><box>
197:$536C	story_and_event_dialogue	Oro: Yeah. Yesterday we found<br>two men buried in the desert.<page><box>
197:$5391	story_and_event_dialogue	Oro: They were unconscious,<br>so we carried them upstairs...<page><box>
197:$53BA	story_and_event_dialogue	???: UN...<page><box>???: ACCEPTABLE!!!<page><box>
197:$53E8	story_and_event_dialogue	Rai: That came from upstairs!!<page><box>
197:$53F8	story_and_event_dialogue	???: Whoa!<page><box>???: Whoaaaa!!<page><box>
197:$5413	story_and_event_dialogue	???: Master!<page><box>???: Maaaster!!<page><box>Rai: What happened?!<page><box>Oro: Let's go see!<page><box>
197:$544B	story_and_event_dialogue	???: UNACCEPTABLE!!
197:$545C	story_and_event_dialogue	Rihipishi: What the hell<br>are you doing, you idiot?!
197:$5472	story_and_event_dialogue	Oro: What happened?<page><box>
197:$5480	story_and_event_dialogue	Rihipishi: What do you think?!<page><box>Rihipishi: That old man<br>saw my pot and smashed<br>it without permission!<page><box>Rihipishi: Who the<br>hell is that geezer?!<page><box>
197:$54D7	story_and_event_dialogue	Koppa: <name>! Hurry!<page><box>
197:$54E8	story_and_event_dialogue	???: Master Gaibara!<page><box>
197:$54F8	story_and_event_dialogue	Gaibara: Saruyama...<page><box>
197:$5509	story_and_event_dialogue	Gaibara: Not here...<page><box>Gaibara: The clay I<br>seek isn't here either...<page><box>Gaibara: This clay<br>is UNACCEPTABLE!!<page><box>
197:$5551	story_and_event_dialogue	Saruyama: M-Master...<page><box>Saruyama: You and I have<br>traveled far together.<page><box>Saruyama: We've been<br>searching for the clay you<br>need to make your pots.<page><box>Saruyama: Yet everywhere<br>you go, we somehow find<br>nothing but bad clay...<page><box>Saruyama: It's almost as if...<page><box>Saruyama: you're drawn<br>to bad clay, Master...<page><box>
197:$55F1	story_and_event_dialogue	Gaibara: Wh-What did you say?!<page><box>Gaibara: Say that<br>again, Saruyama!!<page><box>
197:$561C	story_and_event_dialogue	Koppa: Hold it right there!<page><box>
197:$562E	story_and_event_dialogue	Oryu: Long time<br>no see, Gaibara.<page><box>
197:$5643	story_and_event_dialogue	Gaibara: Hrm?! You lot?!<page><box>Pekeji: I think<br>Saruyama has a point.<page><box>
197:$5674	story_and_event_dialogue	Gaibara: Wh-What?!<page><box>Koppa: You say there's<br>no good clay, but...<page><box>Koppa: isn't that obvious?<page><box>
197:$56AE	story_and_event_dialogue	Koppa: Look around.<br>There's nothing but sand.<page><box>Gaibara: Hrrrm?!<page><box>Koppa: Searching for clay<br>here doesn't make much sense.<page><box>Gaibara: Why, you! Do<br>you know who I am?!<page><box>Gaibara: I am Gaibara!!<page><box>
197:$5734	story_and_event_dialogue	Gaibara: Saruyama!<br>We're leaving! Onward<br>to the next land!!<page><box>Saruyama: Y-Yes, Master!<page><box>
197:$576A	story_and_event_dialogue	Oryu: You can't leave<br>town right now.<page><box>Oryu: We tried, and even<br>we couldn't get out.<page><box>
197:$57A8	story_and_event_dialogue	Gaibara: I...<page><box>Gaibara: Do you<br>know who I am?!<page><box>Gaibara: I am GAIBARA!!<page><box>
197:$57DA	story_and_event_dialogue	Gaibara: Come,<br>Saruyama! We're leaving!!<page><box>Gaibara: Raaaaaaah!!!!<page><box>
197:$5802	story_and_event_dialogue	Gaibara and<br>Saruyama: Aaaaaaaah!!<page><box>Koppa: Looks like two<br>more troublemakers<br>joined us, but oh well.<page><box>
197:$58B8	story_and_event_dialogue	Koppa: Gngh...<page><box>Koppa: Gngh?<page><box>Koppa: Mumble, mumble...<page><box>
197:$58DA	story_and_event_dialogue	<empty>
197:$58DB	story_and_event_dialogue	Pekeji: Hey, Bro! Morning!<page><box>Koppa: You're never up this<br>early. Is it going to snow?<page><box>Pekeji: Oh, come on. What<br>are you talking about?<page><box>Pekeji: Rise early and<br>eat a good breakfast.<page><box>Pekeji: A healthy<br>life is the best life.<page><box>Koppa: Liar. You're here<br>to see Sachi, aren't you?<page><box>Koppa: I know<br>what you're up to.<page><box>
197:$598F	story_and_event_dialogue	Sachi: Good morning, you two!<page><box>Koppa: Morning!<page><box>
197:$59AD	story_and_event_dialogue	Koppa: Huh? Where's your dad?<page><box>Sachi: He was called away<br>to help with a town project.<page><box>Sachi: So it's just me today.<page><box>
197:$59F0	story_and_event_dialogue	Pekeji: Sachi! Is my<br>refill ready yet?<page><box>
197:$5A0B	story_and_event_dialogue	Sachi: You really<br>are unbelievable.<page><box>
197:$5A1F	story_and_event_dialogue	Sachi: Everyone else<br>is rebuilding the town,<br>while you sit here eating.<page><box>
197:$5A52	story_and_event_dialogue	Pekeji: I can't help it.<page><box>Pekeji: Your cooking<br>is just too delicious!<page><box>Pekeji: Besides, food before<br>flowers, right? Heh heh.<page><box>
197:$5AA5	story_and_event_dialogue	Sachi: Oh? I love flowers.<page><box>
197:$5AC0	story_and_event_dialogue	Sachi: Flowers are<br>precious in this town,<br>so they're hard to find...<page><box>Sachi: I wish I had even a few<br>to decorate the restaurant...<page><box>Pekeji: Leave that to me! I'll<br>bring you armfuls of flowers.<page><box>
197:$5B46	story_and_event_dialogue	Pekeji: But first, food!!<page><box>
197:$5B5B	story_and_event_dialogue	Pekeji: Munch!<br>Munch! Munch! Munch!<page><box>Pekeji: Munch!<br>Munch! Munch! Munch!<page><box>Pekeji: Munch!<br>Munch! Munch! Munch!<page><box>
197:$5B88	story_and_event_dialogue	Pekeji: Another helping!<page><box>
197:$5B98	story_and_event_dialogue	Sachi: Whatever you do, food<br>always comes first... Sigh.<page><box>
197:$5BBD	story_and_event_dialogue	Pekeji: It's your fault for<br>making such delicious food.<page><box>
197:$5BE3	story_and_event_dialogue	Pekeji: Heh heh. That<br>purple egg over there<br>looks delicious too...<page><box>
197:$5C10	story_and_event_dialogue	Sachi: Egg?<page><box>Sachi: I didn't serve any eggs.<page><box>
197:$5C32	story_and_event_dialogue	Pekeji: Huh?<page><box>Pekeji: Then what's this?<page><box>
197:$5C47	story_and_event_dialogue	Pekeji: Whoa! The egg is...?!<page><box>
197:$5C5A	story_and_event_dialogue	Sachi: That's no egg! Look!<page><box>
197:$5C6F	story_and_event_dialogue	Koppa: <name:00>-<name>!<page><box>Koppa: This...<page><box>Koppa: Doesn't it<br>look familiar?<page><box>
197:$5C92	story_and_event_dialogue	Pekeji: Huh? From where?<page><box>Pekeji: I've never seen<br>anything this weird!<page><box>
197:$5CB1	story_and_event_dialogue	Koppa: I remember now!<page><box>Koppa: Jahannam's Gate!!<page><box>Koppa: The Evil God...<page><box>Koppa: It looks just like the<br>thing at the Evil God's core!<page><box>
197:$5CFD	story_and_event_dialogue	Sachi: What? Really?!<page><box>
197:$5D0D	story_and_event_dialogue	Pekeji: Wh-Whaaat?!<page><box>
197:$5D1C	story_and_event_dialogue	Koppa: Hey, Pekeji!<page><box>Koppa: You didn't bring back<br>something you shouldn't<br>have again, did you?!<page><box>Pekeji: Of course not!<page><box>Pekeji: I've had more<br>than enough of that!<page><box>
197:$5D73	story_and_event_dialogue	Pekeji: Whoaaaa!<page><box>
197:$5D86	story_and_event_dialogue	???: Nfuuuu!!<page><box>Koppa: ......<page><box>Koppa: Wh-What is this thing?!<page><box>Pekeji: Is it a dog?<br>Or maybe a cat...?<page><box>Sachi: It's adorable!<page><box>
197:$5DE0	story_and_event_dialogue	Koppa: Don't get close!<br>It could be dangerous!<page><box>
197:$5DF5	story_and_event_dialogue	Sachi: I'm sure it's fine.<page><box>Sachi: Just look<br>how cute it is.<page><box>
197:$5E1D	story_and_event_dialogue	???: Nfuu!<page><box>Sachi: What's wrong?<br>Are you hungry?<page><box>Sachi: Here, have some food.<page><box>
197:$5E4E	story_and_event_dialogue	???: Nfuu...<page><box>
197:$5E5A	story_and_event_dialogue	Sachi: You aren't eating.<br>Aren't you hungry?<page><box>Koppa: Maybe a bowl<br>and chopsticks are<br>hard for it to use.<page><box>
197:$5E98	story_and_event_dialogue	Sachi: Oh, of course.<page><box>
197:$5EA5	story_and_event_dialogue	Sachi: Sorry. I'll<br>get you a plate.<page><box>
197:$5EC3	story_and_event_dialogue	???: Nfuu.<page><box>???: It's okay, fu.<page><box>
197:$5ED3	story_and_event_dialogue	Rustle, rustle, rustle, rustle.<br>Rustle, rustle, rustle, rustle.<br>Rustle, rustle, rustle, rustle.<page><box>Koppa: I-It's...<page><box>Koppa: It's eating.<page><box>Koppa: And it's using the<br>chopsticks properly...<page><box>Pekeji: Did it just speak<br>our language too...?<page><box>
197:$5F58	story_and_event_dialogue	???: Nfuu!! Ahh, I'm stuffed!<page><box>???: I'm satisfied!!<page><box>
197:$5F7E	story_and_event_dialogue	???: Nfuu! Thank you!!<page><box>
197:$5F90	story_and_event_dialogue	Koppa: Where did<br>you come from?<page><box>
197:$5FA5	story_and_event_dialogue	???: Nfuu. I don't<br>really know, fu.<page><box>
197:$5FBA	story_and_event_dialogue	Sachi: What's your name?<page><box>
197:$5FC7	story_and_event_dialogue	???: My name?<page><box>???: Nfuu...?<page><box>???: I was only just born,<br>so I don't really know.<page><box>
197:$5FF5	story_and_event_dialogue	???: I'm all alone. I<br>have nowhere to go...<page><box>
197:$6012	story_and_event_dialogue	Koppa: What should we do?<page><box>
197:$601F	story_and_event_dialogue	Pekeji: Throw it out?<br>It seems pretty cheeky.<page><box>
197:$6038	story_and_event_dialogue	Sachi: No!<page><box>Sachi: That would be cruel!<page><box>
197:$6058	story_and_event_dialogue	Sachi: If you have nowhere<br>to go, you can stay here.<page><box>
197:$6078	story_and_event_dialogue	???: Nfuu?! Really?!<page><box>Sachi: Yes, really.<page><box>Sachi: Welcome! Um...<page><box>
197:$60A7	story_and_event_dialogue	Koppa: Oh, right. We<br>can't call you anything<br>if you don't have a name.<page><box>
197:$60CA	story_and_event_dialogue	"Koppa: Then how about ""Nfuu""?<page><box>Koppa: That's the sound<br>you've been making.<page><box>Pekeji: Pfft! What<br>a weird name.<page><box>"
197:$6112	story_and_event_dialogue	Sachi: I don't<br>think so. It's cute.<page><box>
197:$612C	story_and_event_dialogue	Sachi: Welcome, Nfuu.<page><box>Nfuu: Oh, I'm so moved!!<page><box>Nfuu: I'm so moved that...<page><box>Nfuu: I'm hungry again, fu!!<page><box>
197:$6172	story_and_event_dialogue	Pekeji: Hey! That's my food!!<page><box>Koppa: You're tiny,<br>but you sure can eat...<page><box>
197:$61BA	story_and_event_dialogue	Nfuu: Nfuu! Wait a moment!<page><box>
197:$61CF	story_and_event_dialogue	Koppa: What's wrong?<page><box>Nfuu: I have a favor<br>to ask you two, fu.<page><box>Nfuu: What happened earlier<br>really moved me, fu!<page><box>Nfuu: I never knew<br>anyone could be so kind...<page><box>Nfuu: Sachi is such<br>a wonderful person.<page><box>Nfuu: To me, she's<br>already a goddess, fu.<page><box>Nfuu: So I want<br>to thank Sachi!<page><box>Nfuu: I want to give<br>her a present and<br>make her happy, fu!<page><box>Nfuu: I already know<br>what to give her.<page><box>Nfuu: But...<page><box>Nfuu: it's in a very<br>dangerous place, and I<br>can't go there alone, fu.<page><box>Nfuu: So please...<page><box>Nfuu: escort me<br>there safely, fu.<page><box>
197:$632E	story_and_event_dialogue	Nfuu: I see...<page><box>Nfuu: You won't help me...?<page><box>
197:$6348	story_and_event_dialogue	Nfuu: Never mind...<page><box>Nfuu: It's okay, fu...<page><box>Nfuu: .............<page><box>Nfuu: ..............<page><box>Nfuu: ..............<page><box>
197:$6399	story_and_event_dialogue	Koppa: Hey... He looks<br>completely crushed.<page><box>Koppa: Maybe we<br>should hear him out?<page><box>
197:$63D7	story_and_event_dialogue	Nfuu: What? You'll help me?!<page><box>Nfuu: Nfuu!! Thank you!!<page><box>Nfuu: I'll explain<br>the details later.<page><box>Nfuu: Come back tonight, fu.<page><box>
197:$6427	story_and_event_dialogue	Nfuu: I smell<br>Meat around here...<page><box>
197:$6440	story_and_event_dialogue	Koppa: Whoa! There's a<br>dungeon entrance here?!<page><box>
197:$6463	story_and_event_dialogue	Nfuu: I'm a big eater,<br>so I'm good at sniffing<br>these things out, fu.<page><box>Nfuu: <name>,<page><box>Nfuu: what I want<br>is near Floor 20.<page><box>Nfuu: Please take<br>me that far, fu.<page><box>Nfuu: But if I fall, we'll<br>be thrown out of the<br>dungeon, so be careful, fu.<page><box>Nfuu: Of course,<br>I'll fight with you.<page><box>Nfuu: I can eat Monster<br>Meat and copy that<br>monster's ability, fu.<page><box>Nfuu: Bow Boy Meat teaches<br>me to shoot arrows.<page><box>Nfuu: Impact Boar<br>Meat teaches me to<br>knock enemies back, fu.<page><box>Nfuu: If you want me to<br>learn an ability, throw<br>that Meat at me, fu.<page><box>Nfuu: I can only remember<br>ten abilities, though.<page><box>Nfuu: If I learn more, I'll<br>forget the oldest ones, fu.<page><box>Nfuu: I'll also forget<br>an ability if I eat the<br>same Meat again, fu.<page><box>
197:$6655	story_and_event_dialogue	Nfuu: Shall we go, fu?<page><box>Nfuu: Oh! First, I forgot<br>something important.<page><box>Nfuu: You can't bring any<br>items into this dungeon, fu.<page><box>
197:$66B1	story_and_event_dialogue	Nfuu: Please store or<br>discard your items first, fu.<page><box>Koppa: Got it. We'll go to the<br>warehouse now, so wait here.<page><box>Nfuu: No...<page><box>Nfuu: It's late, and<br>I'm getting sleepy, fu.<page><box>Nfuu: Store your items and<br>come back tomorrow, fu.<page><box>Koppa: ......<page>
197:$6770	story_and_event_dialogue	Nfuu: But <name><br>isn't carrying anything,<br>so we're all set, fu.<page><box>Nfuu: Shall we go?<br>Nfuu! Let's set out!!<page>
197:$67BF	story_and_event_dialogue	Nfuu: You can't bring any<br>items into this dungeon, fu.<page><box>Nfuu: Please store or<br>discard your items first, fu.<page>
197:$6813	story_and_event_dialogue	Nfuu: Will you<br>come with me, fu?<page>
197:$682C	story_and_event_dialogue	Nfuu: Hooray! I'm so happy,<br>fu! Nfuu! Let's set out!!<page>
197:$684F	story_and_event_dialogue	Nfuu: Never mind...<page><box>Nfuu: It's okay, fu...<page><box>
197:$687F	story_and_event_dialogue	Nfuu: Nfuu! We did it!<br>We finally made it, fu!!<page><box>
197:$689E	story_and_event_dialogue	Koppa: Is what you<br>want really down here?<page><box>
197:$68C3	story_and_event_dialogue	Nfuu: It's over there, fu.<page><box>
197:$68D1	story_and_event_dialogue	Koppa: A flower, this<br>deep underground...?<page><box>Nfuu: Before I was born,<page><box>Nfuu: I had a dream, fu...<page><box>
197:$690C	story_and_event_dialogue	Nfuu: It was an awful<br>dream where the<br>desert kept spreading...<page><box>Nfuu: It spread<br>underground and was about<br>to wither this flower...<page><box>Nfuu: Then I heard<br>the flower's voice, fu.<page><box>Flower: Pick me and take me<br>to someone who loves flowers.<page><box>Flower: Then I shall<br>bloom brightly once more...<page><box>
197:$69E0	story_and_event_dialogue	Koppa: I see...<page><box>Koppa: Come to think of<br>it, I've heard of this.<page><box>Koppa: There's a rare<br>flower that can bloom<br>underground in a dungeon...<page><box>Koppa: Picking it doesn't kill<br>it. It makes new flowers<br>bloom even farther below.<page><box>
197:$6A62	story_and_event_dialogue	Nfuu: I only made it here<br>thanks to you, <name>.<page><box>Nfuu: Thank you so<br>much, <name>!!<page><box>Koppa: All right, let's<br>head back to Tonfan!<page><box>
197:$6AB4	story_and_event_dialogue	Sachi: What a beautiful<br>flower! Is this for me?<page><box>Nfuu: Yes. It's a present, fu.<page><box>Sachi: But wasn't<br>it hard to get?<page><box>Nfuu: Oh, it was nothing, fu.<page><box>Sachi: I'm so happy!<page><box>Sachi: I'll display it in the<br>restaurant! Thank you, Nfuu!!<page><box>
197:$6B43	story_and_event_dialogue	Sachi: Mwah!<page><box>
197:$6B4E	story_and_event_dialogue	Nfuu: Wh-Whoa!<br>I'm so happy, fu!<page><box>
197:$6B6A	story_and_event_dialogue	Pekeji: H-Hey, Sachi.<br>Where's my kiss?<page><box>
197:$6B88	story_and_event_dialogue	Sachi: What are you<br>talking about?! Not you!<page><box>Sachi: You only ever bring<br>me things like Poison Grass!<page><box>
197:$6BC9	story_and_event_dialogue	Sachi: Time to display<br>my flower! La-la-la!<page><box>
197:$6BE4	story_and_event_dialogue	Nfuu: Hooray! I'm<br>head over heels, fu...
197:$6C08	story_and_event_dialogue	Sachi: Wait!<page><box>
197:$6C13	story_and_event_dialogue	Sachi: You two helped<br>Nfuu, didn't you?<page><box>Sachi: It would've been<br>hard for him alone.<page><box>
197:$6C54	story_and_event_dialogue	Sachi: This is just<br>a little thank-you...<page><box>
197:$6C69	story_and_event_dialogue	Sachi: Thank you both.<br>This means so much to me.<page><box>Sachi: See you!<page><box>
197:$6C8F	story_and_event_dialogue	Koppa: <name:00>-<name>!<page><box>Koppa: I'm so happy!<page><box>Koppa: What a time to be alive!<page><box>
197:$6CC3	story_and_event_dialogue	Nfuu: Nfuu! This is<br>the deepest part<br>of the dungeon, fu!!<page><box>Koppa: We did it! Hard<br>work really does pay off!<page><box>
197:$6D0B	story_and_event_dialogue	Nfuu: Ah! There it is, fu!<page><box>
197:$6D1C	story_and_event_dialogue	Koppa: It really was<br>blooming in the depths!<page><box>Nfuu: It's blooming<br>beautifully. What a relief, fu.<page><box>Koppa: Let's leave the<br>flower here this time.<page><box>Koppa: All right,<br>let's head back.<page><box>
197:$6D86	story_and_event_dialogue	Koppa: It really was<br>blooming in the depths!<page><box>Koppa: It's beautiful<br>every time I see it...<page><box>Koppa: Let's leave the<br>flower here this time.<page><box>Koppa: All right,<br>let's head back.<page><box>
197:$6DEC	story_and_event_dialogue	Nfuu: I-I can't go on, fu...<page>
197:$6DFE	story_and_event_dialogue	<box>
197:$6E00	story_and_event_dialogue	Koppa: We'll go with you again.<page><box>Koppa: Don't let<br>it get you down.<page><box><delay:1E>Nfuu: I'm okay, fu. I'll try<br>even harder next time.<page><box>
197:$6E50	story_and_event_dialogue	Nfuu: Please help me<br>again, <name>.<page><box>
197:$6EAD	story_and_event_dialogue	Wanda: Hey! It looks<br>like the town event<br>has finally started!<page><box>
197:$6ED1	story_and_event_dialogue	<box>
197:$6ED3	story_and_event_dialogue	Songa: Really?!<page><box>
197:$6EE0	story_and_event_dialogue	Koppa: What town event?<page><box>
197:$6EFA	story_and_event_dialogue	Wanda: Ilpa was<br>saved, remember?<page><box>Wanda: They're holding<br>it to celebrate.<page><box>Songa: It's<br>basically a festival.<page><box>
197:$6F3B	story_and_event_dialogue	Wanda: Come on, let's go!<page><box>
197:$6F4C	story_and_event_dialogue	Koppa: <name>! Let's<br>go check it out too!<page><box>
197:$6F68	story_and_event_dialogue	Koppa: Look at this crowd!!<page><box>
197:$6F7D	story_and_event_dialogue	Oro: Is everybody fired up?!<page><box>Oro: At last, the Wanado<br>Tournament begins!<page><box>
197:$6FB5	story_and_event_dialogue	Oro: Your host is none other<br>than Oro Gonzalez! Yeah!<page><box>
197:$6FD6	story_and_event_dialogue	Crowd: Woohoo! Yeah!<page><box>
197:$6FE9	story_and_event_dialogue	Oro: Everybody!<page><box>Oro: Are you getting caught<br>up without getting caught?!<page><box>
197:$7008	story_and_event_dialogue	Crowd: YEAH!!<page><box>
197:$7017	story_and_event_dialogue	Oro: I said, are you<br>getting caught up<br>without getting caught?!<page><box>
197:$7031	story_and_event_dialogue	Crowd: YEAH!!<page><box>
197:$7040	story_and_event_dialogue	Oro: Many challengers<br>have already made<br>attempt after attempt!<page><box>
197:$7069	story_and_event_dialogue	Oro: Our current leader<br>is Saruyama! Yeah!!<page><box>
197:$708B	story_and_event_dialogue	Oro: But!<page><box>Oro: The champion has<br>not been decided yet!<page><box>Oro: You still have a chance!<page><box>Oro: Keep challenging and<br>give it everything you've got!<page><box>Oro: And the winner will<br>receive a prize from<br>Princess Ateka herself!<page><box>Oro: Give it your all, baby!!<page><box>
197:$7116	story_and_event_dialogue	Crowd: Woohoo! Yeah!<page><box><delay:64>Koppa: I have a question!
197:$713E	story_and_event_dialogue	Koppa: What exactly<br>are people attempting?<page><box>Oro: Oh, that's easy.<page><box>Oro: Just reach Floor<br>15 of that dungeon.<page><box>Oro: But!<page><box>Oro: It's a time attack,<br>so you must clear it<br>as quickly as possible!<page><box>Oro: And right now,<br>Saruyama has the best time.<page><box>
197:$71E8	story_and_event_dialogue	???: No!<delay:14> No!<delay:14> No!<delay:14><br>No!<delay:14> No!<delay:14> No!<delay:14><br>No!<delay:14> No!<delay:14> No!<page><box>
197:$722C	story_and_event_dialogue	???: UNACCEPTABLE!!
197:$7240	story_and_event_dialogue	Gaibara: Pant, pant!<page><box>Gaibara: Well?!<br>What's my record?!<page><box>Tao: Let's see...<page><box>Tao: Ten thousand turns!<page><box>Tao: I-It's a new record!!<page><box>
197:$7288	story_and_event_dialogue	Oro: Oh, yeah! Master<br>Gaibara has taken the lead!<page><box>
197:$72AF	story_and_event_dialogue	Songa: Amazing!<page><box>Songa: Ten thousand turns!!<page><box>Wanda: That's enough time<br>to eat ten Large Onigiri!!<page><box>
197:$72E8	story_and_event_dialogue	Koppa: <name>!<br>Let's give it a try too!<page><box>
197:$7304	story_and_event_dialogue	Oro: Our next challenger is...<page><box>Oro: The one who defeated the<br>Evil God: <name>! Yeah!<page><box>
197:$733E	story_and_event_dialogue	Gaibara: Hmph! Think<br>you can do it?<page><box>Gaibara: This isn't like<br>the trap arts you know.<page><box>
197:$7371	story_and_event_dialogue	"Oro: In this dungeon, traps<br>catch monsters instead of you.<page><box>Oro: You can also<br>pick traps up.<page><box>Oro: A trap you pick up<br>becomes Trap Parts, which<br>you can set as another trap.<page><box>Oro: Stand on a trap<br>you've set and select<br>""Modify"" to improve it.<page><box>Oro: But once you set<br>a trap, you can't pick<br>it up again. Be careful.<page><box>Oro: That's the gist of it.<page><box>"
197:$7465	story_and_event_dialogue	Oro: Oh! One last thing.<page><box>Oro: You can't bring any<br>items into this dungeon.<page><box>Oro: Store or discard<br>your items first.<page><box>
197:$74CA	story_and_event_dialogue	Oro: All right. It's finally<br>time to start, baby!<page><box>
197:$74E6	story_and_event_dialogue	Oro: And now...<page><box>Oro: May Kakaroo, god of<br>traps, smile upon you!<page><box>Oro: Ready...<page><box>Oro: GO!!<page><box>
197:$751B	story_and_event_dialogue	Oro: Oh, too bad. Come back<br>if you change your mind.<page>
197:$753D	story_and_event_dialogue	Oro: Oh, you can't bring<br>items into this dungeon.<page><box>Oro: Store them in the<br>warehouse, then come back.<page><box>Oro: I'll be waiting. Yeah!<page>
197:$75A3	story_and_event_dialogue	Oro: And now...<page><box>Oro: May Kakaroo, god of<br>traps, smile upon you!<page><box>Oro: Ready...<page><box>Oro: GO!!<page><box>
197:$75F2	story_and_event_dialogue	Koppa: Wh-What's the record?!<page><box>Tao: Let's see...<page><box>Tao: No. You didn't beat<br>Master Gaibara's record.<page><box>
197:$762E	story_and_event_dialogue	Oro: Oh, so close!<page><box>Oro: Master Gaibara<br>remains in the lead!<page><box>Oro: Will Master<br>Gaibara win it all?!<page><box>
197:$7683	story_and_event_dialogue	Koppa: Wh-What's the record?!<page><box>Tao: Let's see...<page><box>Tao: Oh! C-Could it be?!<page><box>
197:$76AD	story_and_event_dialogue	Tao: I-It's a new record!!<page><box>
197:$76C0	story_and_event_dialogue	Oro: Oh, yeah! <name><br>has finally beaten<br>Master Gaibara's record!<page><box>
197:$76F2	story_and_event_dialogue	Rihipishi: That's time!<page><box>Rihipishi: The Wanado<br>Tournament is now over.<page><box>Oro: Which means...<page><box>
197:$7735	story_and_event_dialogue	Oro: A stunning comeback at<br>the last possible moment!!<page><box>
197:$7753	story_and_event_dialogue	Oro: The champion is...<page><box>Oro: <name>! Yeah!!<page><box>
197:$7779	story_and_event_dialogue	Oro: What a thrilling<br>comeback victory!<page><box>Oro: Now it's time for<br>the awards ceremony.<page><box>
197:$77BF	story_and_event_dialogue	Oro: Princess Ateka and the<br>Lord will present the prize!<page><box>Oro: Come on out!!<page><box>
197:$77F0	story_and_event_dialogue	Ateka: Congratulations,<br><name>!<page><box>Ateka: This is our gift to you.<page><box>
197:$7822	story_and_event_dialogue	Lord: This treasure has<br>been passed down through<br>our family for generations.<page><box>Lord: Take good care of it.<page><box>
197:$7856	story_and_event_dialogue	Your inventory is full,<br>so you cannot accept it.<page><box>Please choose one<br>item to discard.<page><box>
197:$7885	story_and_event_dialogue	<name> received<br>the Kajin Fuuma!!<page><box>
197:$78A6	story_and_event_dialogue	Oro: Another huge round<br>of applause for our<br>champion, <name>!!<delay:96><box>
197:$78D9	story_and_event_dialogue	Oro: Congratulations,<br><name>! Yeah!!<delay:96><box>
198:$403C	story_and_event_dialogue	Saruyama: Um...<page><box>
198:$404B	story_and_event_dialogue	Koppa: Huh? Saruyama?<page><box>Koppa: What's wrong?<page><box>
198:$406C	story_and_event_dialogue	Saruyama: Have you<br>seen Master Gaibara?<page><box>
198:$408D	story_and_event_dialogue	"Koppa: No, I haven't.<page><box>Saruyama: I see...<page><box>Koppa: Did something happen?<page><box>Saruyama: Master<br>suddenly ran off.<page><box>Saruyama: He was talking<br>to Obaba, and then...<page><box>Saruyama: ""I found<br>the Ultimate Clay!<page><box>Saruyama: Raaaaaaaaah!!""<page><box>Saruyama: That's<br>what he shouted...<page><box>"
198:$4150	story_and_event_dialogue	Nuwanko: Hey! Do something<br>about your master!<page><box>Saruyama: What did he do?<page><box>Nuwanko: What didn't he do?<page><box>Nuwanko: He barged into my<br>house without permission!<page><box>Nuwanko: Now he's shouting<br>and tearing the place apart!<page><box>Nuwanko: I can't do<br>anything with him!<page><box>
198:$41DE	story_and_event_dialogue	Koppa: Let's go see!<page><box>
198:$41EE	story_and_event_dialogue	Gaibara: You are<br>certain it is here?<page><box>
198:$4207	story_and_event_dialogue	Obaba: Without a doubt.<page><box>Obaba: What you<br>seek lies within.<page><box>
198:$4236	story_and_event_dialogue	Nuwanko: Hey, you! You're still<br>helping yourself to my house?!<page><box>Gaibara: Silence!<br>Stand back and watch!!<page><box>
198:$4272	story_and_event_dialogue	Nuwanko: Wh-Whaaat?!<page><box>Koppa: There's a<br>hole back here?!<page><box>Nuwanko: I've lived here for<br>years and never noticed it!!<page><box>
198:$42BE	story_and_event_dialogue	Gaibara: Hardly surprising.<page><box>Gaibara: No one would expect a<br>cave behind a hanging scroll.<page><box>
198:$42F0	story_and_event_dialogue	Saruyama: Master! Is<br>it really in there?<page><box>
198:$430B	story_and_event_dialogue	"Gaibara: Indeed. The<br>""Ultimate Clay"" I have<br>sought lies within.<page><box>"
198:$433C	story_and_event_dialogue	Obaba: According to<br>legend, the Ultimate<br>Clay lies on Floor 6.<page><box>
198:$4368	story_and_event_dialogue	Gaibara: So shallow?<page><box>Gaibara: This will<br>be child's play.<page><box>
198:$4392	story_and_event_dialogue	Gaibara: Then I<br>shall claim it!!<page><box>
198:$43A7	story_and_event_dialogue	Gaibara: No!<page><box>
198:$43B4	story_and_event_dialogue	Gaibara: Nooo!<page><box>
198:$43C3	story_and_event_dialogue	Gaibara: UNACCEPTABLE!!<page><box>
198:$43D9	story_and_event_dialogue	Saruyama: M-Master!!<page><box>
198:$43EB	story_and_event_dialogue	"Gaibara: Ugh... I thought<br>it would be easy...<page><box>Gaibara: I let my guard down...<page><box>Gaibara: Gah!!<page><box>Saruyama: Master! Are<br>you all right?! Master!!<page><box>Gaibara: Ugh... Somehow...<page><box>Gaibara: I still live...<page><box>Saruyama: If even you<br>suffered such a fate...<page><box>Saruyama: What kind<br>of dungeon is this?<page><box>Gaibara: First...<page><box>Gaibara: Defeating monsters<br>does not raise your<br>level. That is difficult.<page><box>Gaibara: But...<page><box>Gaibara: there is something<br>even more important...<page><box>Gaibara: This dungeon is<br>conquered with Pots...<page><box>Koppa: A Pot...<page><box>Koppa: dungeon?<page><box>Gaibara: Indeed.<page><box>Gaibara: You will find<br>""Imprison Pots"" inside.<page><box>Gaibara: Throw one at a<br>monster to seal it inside.<page><box>Gaibara: Ugh... Traps<br>are my specialty, but...<page><box>Gaibara: this dungeon<br>does not seem to suit me...<page><box>Saruyama: You do smash<br>every Pot you see, Master.<page><box>"
198:$45E5	story_and_event_dialogue	Gaibara: Silence!!
198:$45F6	story_and_event_dialogue	Saruyama: Gah!!
198:$4602	story_and_event_dialogue	Gaibara: <name>...<page><box>Gaibara: I beg you.<page><box>Gaibara: Will you retrieve the<br>Ultimate Clay in my stead?<page><box>
198:$4637	story_and_event_dialogue	<delay:3C>Gaibara: Gah!!<page><box>
198:$4648	story_and_event_dialogue	Saruyama: Master!<br>Are you all right?!<page><box>Saruyama: M-Master!!<page><box>
198:$466B	story_and_event_dialogue	<delay:1E>Saruyama: Please,<br><name>! Retrieve the<br>Ultimate Clay for us!<page><box>
198:$46A1	story_and_event_dialogue	Gaibara: Oh! You will do it!<page><box>Gaibara: I knew I<br>saw something in you!<page><box>
198:$46D0	story_and_event_dialogue	Gaibara: Ah!<page><box>Gaibara: One last thing.<page><box>Gaibara: You cannot bring<br>items into this dungeon.<page><box>Gaibara: Store your items in<br>the warehouse, then return.<page><box>
198:$473A	story_and_event_dialogue	Gaibara: I leave it to you!!<page><box>
198:$4763	story_and_event_dialogue	<name> obtained<br>the Ultimate Clay!<delay:3C><page><box>
198:$4785	story_and_event_dialogue	Gaibara: Th-This is<br>the Ultimate Clay...<page><box>
198:$47A1	story_and_event_dialogue	Gaibara: This luster...<br>This elasticity...<page><box>Gaibara: Magnificent.<page><box>Gaibara: This is truly<br>the Ultimate Clay.<page><box>Gaibara: At last, I can<br>devote myself to making<br>the Pot of my dreams.<page><box>Gaibara: You have my<br>thanks, <name>! Truly!!<page><box>Gaibara: Take this small token<br>of my gratitude. Use it well.<page><box>
198:$485F	story_and_event_dialogue	Your inventory is full,<br>so you cannot accept it.<page><box>Please choose one<br>item to discard.<page><box>
198:$488E	story_and_event_dialogue	<name> received the<br>Wonder Pick from Gaibara!<delay:F0><delay:C0><page><box>
198:$48B4	story_and_event_dialogue	Gaibara: Good! Now I shall<br>use this clay to make my Pot.<page><box>
198:$48DB	story_and_event_dialogue	Gaibara: Saruyama!<page><box>Gaibara: We are going home!<page><box>Gaibara: Back to my workshop!<page><box>
198:$48FB	story_and_event_dialogue	Saruyama: Y-Yes, Master!<page><box>
198:$4909	story_and_event_dialogue	Koppa: W-Wait a second!<page><box>
198:$491F	story_and_event_dialogue	Gaibara and<br>Saruyama: Aaaaaaaah!!
198:$4941	story_and_event_dialogue	Koppa: Looks like they<br>forgot we can't leave town...<page><box>
198:$498B	story_and_event_dialogue	Pekeji: Pant, pant... Hey,<br>take a look at this.<page><box>Blacksmith: Hm?<page><box>Blacksmith: What's that<br>old scrap of paper?<page><box>Pekeji: It looks like<br>a piece of a journal...<page><box>
198:$49F0	story_and_event_dialogue	"Koppa: I'll read it. Let's see...<page><box>""What?!<page><box>I never imagined<br>such a method...""<page><box>""I have done it. At last,<br>I have discovered it!""<page><box>""Behold its brilliance.<br>Behold its beauty.""<page><box>""There is nothing finer<br>in all the world!!""<page><box>""But...<page><box>what if it were to fall<br>into the hands of evil?""<page><box>""It chooses its owner.<page><box>Therefore, I shall<br>hide it in secret.""<page><box>""In the Town of Ilpa...<page><box>beneath the<br>blacksmith's forge...<page><box>deep underground...<page><box>lies my treasure.""<page><box>"
198:$4B23	story_and_event_dialogue	Koppa: Whoa! This tells<br>us where treasure is<br>hidden, doesn't it?!<page><box>
198:$4B4F	story_and_event_dialogue	Koppa: Hey, Pekeji!<page><box>Koppa: Where did<br>you find this?<page><box>
198:$4B75	story_and_event_dialogue	Pekeji: In the middle<br>of the desert.<page><box>Pekeji: I suddenly<br>couldn't hold it anymore<br>while I was walking...<page><box>Pekeji: I was looking<br>for some paper when I<br>happened to find this.<page><box>Koppa: Ugh! Y-You didn't wipe<br>yourself with this, did you?!<page><box>Pekeji: Don't worry.<br>I haven't wiped yet.<page><box>Koppa: What?! You pulled up<br>your pants without wiping?!<page><box>Pekeji: No! I mean<br>I'm still holding it!<page><box>
198:$4C53	story_and_event_dialogue	Pekeji: Anyway, Bro!<page><box>Pekeji: This time it's<br>the real thing! Treasure!!<page><box>Oryu: I can't ignore<br>talk of treasure.<page><box>
198:$4C9D	story_and_event_dialogue	Koppa: O-Oryu!<page><box>
198:$4CAB	story_and_event_dialogue	Oryu: I want to hear<br>the details too.<page><box>Oryu: So where is this forge?<page><box>
198:$4CDB	story_and_event_dialogue	Blacksmith: You<br>mean this one?<page><box>Blacksmith: It's the<br>only forge here, but...<page><box>Blacksmith: Hm...?<page><box>Blacksmith: Come<br>to think of it...<page><box>Oryu: What is it?<page><box>
198:$4D29	story_and_event_dialogue	Blacksmith: I heard a<br>story a long time ago...<page><box>Blacksmith: Back in my<br>grandfather's day, this<br>place was a dungeon.<page><box>
198:$4D72	story_and_event_dialogue	Pekeji: Whaaat?!<page><box>Blacksmith: My grandfather<br>was a famous smith and a<br>great lover of adventure.<page><box>Blacksmith: He forged mighty<br>swords and shields, then<br>challenged this place himself.<page><box>Blacksmith: But its monsters<br>were so strong that he<br>never stood a chance...<page><box>Blacksmith: In the<br>end, he gave up and<br>sealed the dungeon.<page><box>
198:$4E48	story_and_event_dialogue	Koppa: Hey, <name>!<br>Let's go inside!<page><box>Koppa: The treasure<br>must be deep in there!<page><box>Blacksmith: If I remember<br>my grandfather's<br>stories correctly...<page><box>
198:$4EA2	story_and_event_dialogue	Blacksmith: You should<br>be able to bring<br>plenty of items inside.<page><box>Blacksmith: And...<page><box>Blacksmith: I believe you can<br>take one companion with you.<page><box>
198:$4EE9	story_and_event_dialogue	Pekeji: Bro! Please<br>take me with you!!<page><box>
198:$4F0C	story_and_event_dialogue	Oryu: You'll take me instead<br>of that tubby guy, right?<page><box>Oryu: Let's go together.<page><box>Oryu: Okay?<page><box>
198:$4F34	story_and_event_dialogue	???: Treasure! Treasure!!<page><box>
198:$4F4A	story_and_event_dialogue	Nfuu: Nfuu! It sounds<br>like treasure, fu!<page><box>
198:$4F60	story_and_event_dialogue	Mamo: I want to store<br>the treasure too!<page><box>Mamo: Let's de-part together!<page><box>
198:$4F8F	story_and_event_dialogue	<cF8>h<cF8>i Unit: Clank...<br>Treasure... Treasure...<page><box>
198:$4FAD	story_and_event_dialogue	Koppa: <name>, it<br>sounds like we can<br>bring plenty of items.<page><box>Koppa: Let's prepare<br>properly before we head in.<page><box>
198:$500E	story_and_event_dialogue	Koppa: <name>! Isn't that<br>a treasure chest over there?<page><box>
198:$502E	story_and_event_dialogue	Koppa: It is!<page><box>Koppa: I wonder what's<br>inside. Come on, open it!<page><box>
198:$5062	story_and_event_dialogue	Koppa: <name>!<page><box>Koppa: This is...<delay:80><page><box>
198:$5077	story_and_event_dialogue	Blacksmith: Th-This<br>is the legendary...<page><box>Blacksmith: It was in the<br>depths of the dungeon...?<page><box>
198:$50AB	story_and_event_dialogue	Blacksmith: I see. My<br>grandfather wrote<br>that journal page.<page><box>Blacksmith: He was a<br>brilliant smith, and he<br>succeeded in forging this...<page><box>Blacksmith: Then he<br>sealed it in the dungeon<br>to keep it hidden.<page><box>
198:$5126	story_and_event_dialogue	Blacksmith: Though I don't<br>know how it ended up so deep.<page><box>Blacksmith: My grandfather<br>wasn't a Wanderer.<page><box>Blacksmith: He<br>couldn't possibly have<br>reached those depths.<page><box>
198:$518E	story_and_event_dialogue	Blacksmith: <name>, I'd<br>like you to have this shield...<page><box>Blacksmith: But your<br>inventory is full.<page><box>Blacksmith: Please<br>make room for one item.<page><box>
198:$51E8	story_and_event_dialogue	Blacksmith: You<br>don't want it...?<page><box>
198:$51FC	story_and_event_dialogue	Blacksmith: <name>...<page><box>Blacksmith: You're<br>a true Wanderer.<page><box>Blacksmith: This shield<br>belongs in your hands.<page><box>Blacksmith: Please, take it.<page><box>
198:$5257	story_and_event_dialogue	<name> obtained<br>the Rasen Fuuma!<delay:F0><delay:C0><page>
198:$527D	story_and_event_dialogue	Koppa: <name>! Isn't that<br>a treasure chest over there?<page><box>
198:$529D	story_and_event_dialogue	Koppa: You need to<br>discard something<br>before you can take it!<page><box>
198:$52B8	story_and_event_dialogue	Koppa: Let's head back.<page>
198:$52C8	story_and_event_dialogue	<name> obtained<br>the Rasen Fuuma!<delay:F0><delay:C0><page>
198:$533B	story_and_event_dialogue	Pekeji: This should be<br>around the Eastern Keep...<page><box>
198:$5363	story_and_event_dialogue	Pekeji: Monsters are still<br>roaming around here...<page><box>
198:$5384	story_and_event_dialogue	Pekeji: You're still<br>recovering, my Lord,<br>so please be careful.<page><box>
198:$53AF	story_and_event_dialogue	Lord: Indeed.<page><box>Lord: Even now, I can<br>handle weaker monsters.<page><box>Lord: But I accepted<br>your protection in case<br>anything should happen.<page><box>Lord: I am counting on you.<page><box>Pekeji: Heh heh!<br>Leave it to me!<page><box>
198:$5428	story_and_event_dialogue	Ateka: This area is still<br>in terrible condition...<page><box>Pekeji: Yeah. Rebuilding the<br>castle will take a long time.<page><box>
198:$5470	story_and_event_dialogue	Lord: No.<page><box>Lord: Rebuilding the<br>town must come first.<page><box>Lord: The castle can wait.<page><box>
198:$54A8	story_and_event_dialogue	Lord: I understand<br>the situation now.<page><box>Lord: Let us return to Ilpa.<page><box>
198:$54CF	story_and_event_dialogue	???: Heh heh heh...<page><box>
198:$54DC	story_and_event_dialogue	Lord: What is it, Ateka?<page><box>Ateka: I thought<br>I heard... a voice...<page><box>
198:$5504	story_and_event_dialogue	Pekeji: I didn't hear anything.<page><box>Pekeji: Maybe you imagined it...<page><box>
198:$5521	story_and_event_dialogue	???: Heh heh heh...<page><box>???: L...<page><box>???: Lord...<page><box>???: LORD!!<page><box>
198:$5546	story_and_event_dialogue	Lord: Wh-Who are you?!<page><box>???: Heh heh... So<br>Curas is dead...<page><box>???: It seems he was<br>the greater fool.<page><box>
198:$558A	story_and_event_dialogue	Pekeji: I don't know what<br>you are, but you won't<br>lay a finger on the Lord!<page><box>???: Heh heh heh...<page><box>???: I have no use<br>for that empty shell.<page><box>???: What I seek is...<page><box>???: Heh heh! It has<br>been too long, Princess!!<page><box>Pekeji: Y-You are...?!<page><box>
198:$5621	story_and_event_dialogue	Pekeji: Aaaaaah!!<page><box>Lord: Ateka!<page><box>Lord: ATEKA!!<page>
198:$564C	story_and_event_dialogue	<box>
198:$564E	story_and_event_dialogue	Koppa: Huh? Pekeji<br>isn't here today.<page><box>Koppa: That's unusual.<page><box>
198:$5676	story_and_event_dialogue	Oro: Yeah. About that...<page><box>
198:$5689	story_and_event_dialogue	"Oryu: I hear Pekeji took the<br>Lord to the Magic Castle?<page><box>Sachi: Yeah. I<br>tried to stop him...<page><box>Oro: But he insisted, ""I<br>can handle it by myself!""<page><box>Oryu: Nothing is less<br>trustworthy than Pekeji<br>saying he'll be fine.<page><box>Oro: Curas may be gone, but<br>monsters are still there.<page><box>Koppa: He'll probably burst in<br>here yelling, ""Big trouble!""<page><box>"
198:$5789	story_and_event_dialogue	Sachi: Don't say that!<page><box>
198:$5798	story_and_event_dialogue	<box><delay:3C>
198:$579C	story_and_event_dialogue	Pekeji: B-Big trouble!!
198:$57AD	story_and_event_dialogue	Oryu: What happened?!<page><box>
198:$57BC	story_and_event_dialogue	Pekeji: Pant, pant...<br>The Lord and Princess<br>Ateka were abducted!<page><box>Sachi: Whaaat?!<page><box>Oryu: Pekeji! What happened?!<page><box>
198:$580A	story_and_event_dialogue	Pekeji: I-I'm ashamed. I<br>was right there with them...<page><box>Sachi: Forget that!<page><box>Sachi: Tell us exactly<br>what happened!<page><box>
198:$5845	story_and_event_dialogue	Pekeji: Zagan took them!<page><box>Sachi: Zagan?!<page><box>Oryu: Zagan is alive?!<page><box>Koppa: But how?<page><box>Koppa: Curas killed him!<page><box>Obaba: Zagan is not alive.<page><box>Obaba: My divination<br>is clear on that.<page><box>
198:$58DC	story_and_event_dialogue	Obaba: The air has grown<br>stagnant once more.<page><box>
198:$58FB	story_and_event_dialogue	Obaba: I sensed something was<br>wrong. It seems I was right.<page><box>Pekeji: But I'm not lying.<page><box>Pekeji: I saw Zagan<br>with my own eyes.<page><box>
198:$5951	story_and_event_dialogue	Goto: Hey! The Lord<br>has collapsed at<br>the town entrance!<page><box>
198:$597B	story_and_event_dialogue	Oro: Let's go!<page><box>
198:$5989	story_and_event_dialogue	Minai: My Lord,<br>are you all right?<page><box>Lord: Yes. I am fine now.<page><box>Lord: Forgive me<br>for worrying you.<page><box>
198:$59CD	story_and_event_dialogue	Pekeji: My Lord, you're<br>safe! Thank goodness!<page><box>Oryu: What happened to Ateka?<page><box>
198:$5A01	story_and_event_dialogue	Lord: Hm? Ateka?<page><box>Lord: Ateka is...<page><box>
198:$5A1D	story_and_event_dialogue	Pekeji: Wh-Whaaat?!<page><box>Koppa: You!<page><box>Koppa: You're not the Lord!!<page><box>Oryu: Who are you?!<page><box>
198:$5A57	story_and_event_dialogue	Lord: Heh heh...<page><box>Lord: Have you forgotten?<page><box>Lord: I am Zagan!!<page><box>Pekeji: What?! The<br>Lord is Zagan?!<page><box>Pekeji: What in the<br>world is going on?!<page><box>Obaba: That is not Zagan!<page><box>Obaba: It is all that<br>remains of him...<page><box>Obaba: Zagan's evil spirit.<page><box>Obaba: It has<br>possessed the Lord!<page><box>Lord: Heh heh... The<br>Princess is mine.<page><box>Lord: She can no<br>longer return.<page><box>
198:$5B56	story_and_event_dialogue	Oryu: Ateka?!<page><box>Oryu: Where is Ateka?!<page><box>
198:$5B72	story_and_event_dialogue	Lord: Heh heh... In the<br>labyrinth beneath the desert...<page><box>Lord: The land of<br>my demon clan...<page><box>
198:$5BA6	story_and_event_dialogue	"Lord: The ""Abyssal Depths""...<page><box>"
198:$5BCC	story_and_event_dialogue	Lord: The Princess's blood<br>as a shrine maiden shall<br>empower my demon clan!<page><box>Lord: Gwah ha ha ha ha!!
198:$5C04	story_and_event_dialogue	<box>
198:$5C06	story_and_event_dialogue	Oro: My Lord!<page><box>
198:$5C14	story_and_event_dialogue	Lord: Ugh... What<br>happened to me...?<page><box>
198:$5C30	story_and_event_dialogue	"Obaba: You intend<br>to go after her?<page><box>Koppa: Of course. We can't<br>just leave her there!<page><box>Koppa: Tell us anything<br>you know about the<br>""Abyssal Depths"".<page><box>Obaba: Beyond the desert<br>outside the town entrance...<page><box>Obaba: I hear it lies far<br>beyond Jahannam's Gate.<page><box>Obaba: You can take neither<br>items nor companions.<page><box>Obaba: This will be your<br>most grueling journey yet.<page><box>Koppa: Bring it on.<page><box>"
198:$5D49	story_and_event_dialogue	Koppa: <name>!<br>This is the last one!<page><box>Koppa: Let's give it<br>everything we've got!!<page><box>
198:$5D9B	story_and_event_dialogue	Zagan: I-Impossible... A human<br>reached the Abyssal Depths...?<page><box>Zagan: Ugh... It hurts...<page><box>Zagan: The demon<br>miasma is fading...<page><box>Zagan: No... I don't<br>want to disappear!<page><box>Zagan: I am not<br>ready to vanish...<page><box>Zagan: I... still...<page><box>Zagan: don't want...<page><box>Zagan: to...<page><box>Zagan: Gwaaaaaah!<page>
198:$5E40	story_and_event_dialogue	Koppa: Are you all<br>right, Princess?<page><box>Ateka: Ah...<page><box>
198:$5E64	story_and_event_dialogue	Koppa: <name>! Thank<br>goodness! She's safe!<page><box>
198:$5E80	story_and_event_dialogue	Ateka: Wh-What<br>happened to me...?<page><box>
198:$5E94	story_and_event_dialogue	Koppa: These are<br>the Abyssal Depths.<page><box>Koppa: We came to rescue you.<page><box>Ateka: ...!<page><box>Koppa: Hm? What's wrong?<page><box>Ateka: Nothing. I'm fine.<page><box>Koppa: All right. Let's<br>return to the Town of Ilpa.<page><box>
198:$5F06	story_and_event_dialogue	Oro: For a while, I feared<br>the worst. I'm truly glad<br>you're safe, Princess.<page><box>
198:$5F3C	story_and_event_dialogue	Lord: First the Evil<br>God, and now this...<page><box>Lord: I cannot begin to<br>express my gratitude.<page><box>
198:$5F86	story_and_event_dialogue	Koppa: Don't mention<br>it. That was nothing!<page><box>
198:$5FA8	story_and_event_dialogue	Pekeji: Still, where did<br>Zagan's evil spirit go?<page><box>
198:$5FCF	story_and_event_dialogue	Obaba: The Abyssal Depths<br>are the land of demons...<page><box>Obaba: When <name><br>entered, it may have upset<br>the land's delicate balance.<page><box>Obaba: I suspect that<br>caused Zagan to vanish...<page><box>
198:$604B	story_and_event_dialogue	Ateka: Thank you, <name>.<br>I am truly grateful.<page><box>Ateka: You are always<br>saving me, while I...<page><box>
198:$6090	story_and_event_dialogue	Koppa: That's not true.<page><box>Koppa: Besides...<page><box>Koppa: A man is supposed<br>to protect a princess!<page><box>
198:$60CE	story_and_event_dialogue	Koppa: Right, <name>?<page><box>
198:$60DC	story_and_event_dialogue	Pekeji: Listen to you,<br>acting important.<page><box>Pekeji: It's not like you<br>did any of the fighting!<page><box>
198:$610E	story_and_event_dialogue	Everyone: Ha ha ha ha!<page><box>
198:$611C	story_and_event_dialogue	Koppa: Why, you!<page><box>Koppa: This whole mess was<br>Pekeji's fault to begin with!<page><box><delay:1E>Everyone: Ha ha ha ha!<page><box><delay:1E>Pekeji: What did you say?!<page><box><delay:1E>Koppa: You wanna go, punk?!<page><box>
198:$6176	story_and_event_dialogue	Lord: To think you conquered<br>even the Abyssal Depths...<page><box>Lord: You may well<br>be a true Wanderer.<page><box>
198:$61BA	story_and_event_dialogue	Ateka: Oh! I just remembered!<page><box>Ateka: While Zagan<br>held me captive...<page><box>Ateka: I had a dream.<page><box>Ateka: Someone<br>appeared before me...<page><box>Ateka: and spoke these words.<page><box>Ateka: A true Wanderer shall<br>soon come to rescue you.<page><box>Ateka: When that time<br>comes, give this to him...<page><box>
198:$6263	story_and_event_dialogue	Ateka: Then <name><br>came, and I awoke...<page><box>Ateka: with this in my hand.<page><box>Ateka: Thinking back,<br>the person in my dream...<page><box>Ateka: may have been<br>Kron, god of travelers.<page><box>Ateka: <name>,<br>please take this.<page><box>
198:$62F7	story_and_event_dialogue	<name> obtained<br>the Wanderer's Mark!!<delay:F0><delay:C0><page><box>
198:$631D	story_and_event_dialogue	Pekeji: What's your problem?!<page><box><delay:1E>Koppa: What's yours?!<page><box>
198:$6344	story_and_event_dialogue	Sachi: You two can keep<br>this up until sunset.<page><box>
198:$6363	story_and_event_dialogue	Everyone: Ha ha ha ha!
198:$6371	story_and_event_dialogue	<name> obtained<br>the Wanderer's Mark!!<delay:F0><delay:C0><page><box>
198:$639F	story_and_event_dialogue	Wanda: Hey, old man! You here?<page><box>
198:$63B9	story_and_event_dialogue	Blacksmith: Yes? What is it?<page><box>
198:$63CA	story_and_event_dialogue	Nuwanko: We want you<br>to hold on to this.<page><box>
198:$63E6	story_and_event_dialogue	Blacksmith: This thing<br>is awfully dirty...<page><box>Wanda: It was buried<br>in the desert.<page><box>Nuwanko: We aren't<br>sure what it is, but<br>it might be valuable.<page><box>Wanda: If we repair<br>it, we might sell it<br>for a lot of Gitan.<page><box>
198:$646A	story_and_event_dialogue	Blacksmith: Understood. You<br>can use the second floor.<page><box>Nuwanko: Got it.<page><box>
198:$649A	story_and_event_dialogue	Nuwanko: Whew! That<br>was pretty heavy.<page><box>
198:$64B8	story_and_event_dialogue	Wanda: Let's head home.<page><box>
198:$64C9	story_and_event_dialogue	???: Grrrrr...<page><box>
198:$6518	story_and_event_dialogue	Koppa: Hm? The<br>blacksmith isn't here.<page><box>Koppa: What's going on?<page><box>
198:$653E	story_and_event_dialogue	Nuwanko: Something strange<br>is happening upstairs.<page><box>Wanda: They say growling<br>starts every night...<page><box>Wanda: Everyone went<br>to investigate, but no<br>one's come back yet.<page><box>
198:$65AF	story_and_event_dialogue	Koppa: <name>! Let's<br>go check it out too!<page><box>
198:$65CB	story_and_event_dialogue	???: Grrrrr...<page><box>Rai: Eek!<page><box>
198:$65E3	story_and_event_dialogue	Rai: Wh-What in<br>the world is that?<page><box>
198:$65F9	story_and_event_dialogue	Oro: I-I definitely heard<br>it growl. Terrifying...<page><box>
198:$661D	story_and_event_dialogue	Blacksmith: We hear<br>it every night.<page><box>Blacksmith: It's<br>impossible to sleep...<page><box>
198:$664A	story_and_event_dialogue	Koppa: What are you all<br>so scared of? Pathetic!<page><box>Koppa: Compared to a<br>monster, this is nothing.<page><box>
198:$668B	story_and_event_dialogue	???: Grrrr... Wh-Where am I...?<page><box>
198:$66A9	story_and_event_dialogue	Oro: I-It spoke?!<page><box>
198:$66BB	story_and_event_dialogue	Koppa: H-Hey!<page><box>Koppa: What are<br>you?! Show yourself!<page><box>???: Grrrr...<page><box>???: I will store<br>anyone who annoys me...<page><box>
198:$6702	story_and_event_dialogue	Koppa: S...<page><box>Koppa: Store?!<page><box>Koppa: What's that<br>supposed to mean?<page><box>???: MAMO-RY STORAGE!!
198:$672E	story_and_event_dialogue	Koppa: Whoa!<page><box>Koppa: Aaaaaaaaaaaaaah!!<page><box>
198:$675B	story_and_event_dialogue	Blacksmith: Gah!<page><box>Oro: H-He...<page><box>Oro: He got sucked inside?!<page><box>Rai: It is a monster!<br>R-Run!! Aaaaaah!!<page><box>
198:$67A8	story_and_event_dialogue	???: Stop! I will store<br>every last one of you!!<page><box>
198:$67C9	story_and_event_dialogue	???: Stop resisting.<page><box>???: We have already<br>occupied this place.<page><box>???: You have no<br>hope of victory.<page><box>???: Obey me if<br>you wish to live!<page><box>???: First...<page><box>???: someone polish me...<page><box>Rai: P-Polish?<page><box>Rai: Polish what?<page><box>???: My body...<page><box>
198:$686E	story_and_event_dialogue	???: Hurry!<page><box>???: Or else...<page><box>Oro: Eek! We'll do it!<page><box>
198:$6899	story_and_event_dialogue	Scrub, scrub, scrub.<page><box>Scrub, scrub, scrub.<page><box>Scrub, scrub, scrub.<page><box>
198:$68CD	story_and_event_dialogue	Everyone: Whoa!!<page><box>
198:$68DE	story_and_event_dialogue	???: Ahh, much better!<page><box>???: Hup we go!!<page><box>
198:$68F9	story_and_event_dialogue	Koppa: Ow, ow, ow...<page><box>
198:$6908	story_and_event_dialogue	???: My body is clean, my<br>drawers glide smoothly,<br>and I feel wonderful!<page><box>???: ...Huh?<page><box>
198:$6949	story_and_event_dialogue	???: Could it be...?<page><box>???: <name>?<page><box>???: It is you, <name>!<page><box>
198:$6968	story_and_event_dialogue	???: It's been so long!<page><box>???: It's me! Mamo<br>the Wardrobe!!<page><box>
198:$698B	story_and_event_dialogue	Koppa: Who are you?<page><box>
198:$699C	story_and_event_dialogue	Mamo: What?!<page><box>Mamo: You don't remember me?!<page><box>Mamo: How heartless!<page><box>Mamo: But I suppose it<br>makes sense. <name><br>was still a child back then.<page><box>
198:$69F5	story_and_event_dialogue	Mamo: And now you've<br>grown into such a fine<br>Wanderer... Mamo-ry sniffle...<page><box>
198:$6A26	story_and_event_dialogue	Koppa: Hmm... I still don't<br>really remember you.<page><box>
198:$6A51	story_and_event_dialogue	Mamo: Shall I force<br>you to remember?<page><box>Mamo: Mamo-ry SUCK...<page><box>
198:$6A7E	story_and_event_dialogue	Koppa: Whoa! Wait!<page><box>Koppa: Please don't<br>do that again.<page><box>Koppa: Huh... I feel like<br>I've said that before...<page><box>
198:$6ACC	story_and_event_dialogue	Mamo: Now that we've met<br>again, let's be friends!<page><box>
198:$6AEB	story_and_event_dialogue	Mamo the Wardrobe joined you!<delay:96><page><box>
198:$6B01	story_and_event_dialogue	Mamo: You may have forgotten,<br>so I'll remind you...<page><box>Mamo: I can store<br>lots of items.<page><box>Mamo: You can put them<br>in and take them out<br>freely. Handy, right?<page><box>Mamo: But I'll be empty<br>when you return from a<br>dungeon, so remember that.<page><box>Mamo: Let's go!<br>Mamo-ry, roll out!<page><box>
198:$6BC8	story_and_event_dialogue	Mamo: Hey, <name>!<br>Mamo-ry reunion?<page><box>
198:$6BE4	story_and_event_dialogue	Mamo: That's what<br>I wanted to hear!<page><box>Mamo: I can store<br>lots of items.<page><box>Mamo: You can put them<br>in and take them out<br>freely. Handy, right?<page><box>Mamo: But I'll be empty<br>when you return from a<br>dungeon, so remember that.<page><box>Mamo: Let's go!<br>Mamo-ry, roll out!<page><box>
198:$6C8A	story_and_event_dialogue	Mamo joined you!<delay:96><page><box>
198:$6C9C	story_and_event_dialogue	Mamo: You could store<br>items if I came along...<page><box>Mamo: Mamo-ry disappointed!<page><box>
198:$6CDD	story_and_event_dialogue	Ohagi and Kinako: Welcome!<page><box>Ohagi: Oh my! What<br>a handsome man!<page><box>Kinako: Just my type!<page><box>Ohagi: Where are you from?<page><box>Kinako: How old are you?<page><box>Ohagi: What do you do?<page><box>Kinako: Where do you live?<page><box>
198:$6D4E	story_and_event_dialogue	Ohagi: Oh my!<page><box>Ohagi: How could we forget<br>the most important question?!<page><box>
198:$6D76	story_and_event_dialogue	Ohagi and Kinako:<br>What<delay:14><D2>is<delay:14><D2>your<delay:14><D2>name<delay:14><D2>?<page><box>
198:$6D94	story_and_event_dialogue	Ohagi and Kinako: <name>!<page><box>Ohagi: <name>...<delay:3C> Mmm,<br>what a lovely name!<page><box>Ohagi: So cute! Eek!!<page><box>
198:$6DCF	story_and_event_dialogue	Kinako: And such a cute face!<page><box>Kinako: Just my type! Eek!!<page><box>
198:$6DF4	story_and_event_dialogue	Ohagi and Kinako: Sigh...<delay:64><page><box>Ohagi: Hm?<page><box>Ohagi: What?<page><box>Ohagi: Oh!<page><box>Ohagi: I'm sorry, darling.<page><box>Ohagi: What is it?<page><box>Ohagi: You want a doll?<page><box>Kinako: We have some<br>wonderful ones!<page><box>Ohagi: Dolls whose<br>hair grows...<page><box>Ohagi: Dolls that<br>cry red tears...<page><box>Ohagi: And...<page><box>Ohagi: Just between us...<page><box>Ohagi: We're about to finish<br>something incredible!<page><box>
198:$6EB4	story_and_event_dialogue	Kinako: Hey! You're telling<br>him about that already?!<page><box>
198:$6ED7	story_and_event_dialogue	Ohagi: Why not?<page><box>Ohagi: <name> is so cute<br>that I want to tell him.<page><box>Kinako: Hmm...<page><box>Kinako: Fine, then...<page><box>Kinako: But only a little.<page><box>
198:$6F2A	story_and_event_dialogue	Ohagi: The truth<br>is, right now...<page><box>Ohagi: we're creating<br>something unlike anything<br>anyone has ever seen.<page><box>Kinako: But for now, this<br>stays a secret between<br>us and <name>.<page><box>
198:$6F89	story_and_event_dialogue	Ohagi: It's almost finished,<br>so come visit us often.<page><box>Ohagi: Tee-hee.<page><box>Ohagi: That's all for now!<page><box>Ohagi and Kinako: Come again!<page><box>
198:$6FF1	story_and_event_dialogue	Ohagi: Eek!<page><box>Ohagi: <name>!!<page><box>Kinako: It's done!<br>We finished it!<page><box>Kinako: We really did it!<page><box>Ohagi: Yes! At<br>last, it's complete!<page><box>Ohagi: Our masterpiece!!<page><box>Kinako: It's incredible!<page><box>Kinako: Prepare to be amazed!!<page><box>
198:$705F	story_and_event_dialogue	Ohagi and Kinako: Ta-daaa!!<page><box>
198:$7073	story_and_event_dialogue	Kinako: Well? Well? Well?<page><box>Kinako: Are you<br>amazed? Are you?!<page><box>Ohagi: This doll can move!<page><box>Ohagi: It even shoots arrows<br>and fights beside you!!<page><box>Kinako: Those nasty monsters<br>won't stand a chance now!<page><box>
198:$70F1	story_and_event_dialogue	Ohagi: Well? Isn't<br>it fabulous?<page><box>Ohagi: Would you like<br>to try it, <name>?<page><box>Ohagi: Five hundred Gitan.<page><box>Ohagi: You won't regret it.
198:$7131	story_and_event_dialogue	Ohagi: I knew you had<br>a good eye, <name>!<page><box>Kinako: Here you are.<page><box>Kinako: We call it <cF8>h<cF8>i Unit!<page><box>Kinako: Sexy name, isn't it?<page><box>Ohagi: Treat it gently.<page><box>
198:$7190	story_and_event_dialogue	<cF8>h<cF8>i Unit joined you!<delay:96><page>
198:$71A8	story_and_event_dialogue	Kinako: Oh! One more thing.<page><box>Kinako: This doll...<page><box>Kinako: is as<br>brilliant as we are!<page><box>Ohagi: After an<br>adventure, it returns to<br>our shop all by itself.<page><box>
198:$7213	story_and_event_dialogue	Kinako: You're a young<br>man, <name>.<page><box>Kinako: Sometimes<br>you'll want to go<br>somewhere alone. Tee-hee.<page><box>Ohagi and Kinako:<br>Aren't we thoughtful?!<page><box>
198:$7264	story_and_event_dialogue	Kinako: When the doll<br>returns, we'll look after it.<page><box>Ohagi: So whenever you<br>want to take it into a<br>dungeon, stop by our shop!<page><box>Ohagi and Kinako:<br>We'll be waiting!<page>
198:$72D7	story_and_event_dialogue	Ohagi: <name>...<page><box>Ohagi: Nothing in<br>life comes free.<page>
198:$72F8	story_and_event_dialogue	Ohagi: Oh my! What a shame!<page><box>Ohagi: You won't find a doll<br>this glamorous anywhere else!<page><box>Kinako: You truly<br>don't want it?<page><box>Kinako: What a waste!<page>
198:$7346	story_and_event_dialogue	Ohagi: Tee-hee. You changed<br>your mind after all.<page><box>Ohagi: Oh, you! You<br>want it, don't you?<page><box>
198:$7373	story_and_event_dialogue	Kinako: Here.<page><box>Kinako: <cF8>h<cF8>i Unit.<br>Five hundred Gitan.
198:$7390	story_and_event_dialogue	Ohagi: Oh my, <name>.<br>No window-shopping!<page>
198:$73C7	story_and_event_dialogue	Ohagi and Kinako: Welcome!<page><box>Ohagi: Oh my! <name>!<br>Where's your doll?<page><box>Kinako: D-Did you...<page><box>Kinako: Did you really...<page><box>Kinako: break it?!<page><box>Ohagi: Oh my! What a shock!<page><box>
198:$742B	story_and_event_dialogue	Ohagi: W-We...<page><box>Ohagi: won't give up!<page><box>Ohagi: Something like<br>this won't defeat us!!<page><box>Kinako: That's right!<page><box>Kinako: We made a new one<br>in case this happened!<page><box>Kinako: Aren't we thoughtful?!<page><box>
198:$74AB	story_and_event_dialogue	Ohagi and Kinako: Ta-daaa!!<page><box>Ohagi: <cF8>h<cF8>i Unit!<page><box>Ohagi: Five hundred Gitan!
198:$74D6	story_and_event_dialogue	Ohagi: Thank you!<page><box>Ohagi: It's starting over<br>from scratch, so take<br>better care of it this time!<page><box>
198:$7507	story_and_event_dialogue	<cF8>h<cF8>i Unit joined you!<delay:96><page>
198:$751F	story_and_event_dialogue	Ohagi: <name>...<page><box>Ohagi: Nothing in<br>life comes free.<page>
198:$7540	story_and_event_dialogue	Ohagi: Oh my! What a shame!<page><box>Kinako: But you'll change<br>your mind eventually!<page>
198:$756F	story_and_event_dialogue	Ohagi: Tee-hee. You changed<br>your mind after all.<page><box>Ohagi: Oh, you! You<br>want it, don't you?<page><box>
198:$759C	story_and_event_dialogue	Kinako: Here. <cF8>h<cF8>i Unit.<page><box>Kinako: Five hundred Gitan.
198:$75B9	story_and_event_dialogue	Ohagi: Oh my, <name>.<br>No window-shopping!<page>
198:$75E5	story_and_event_dialogue	Ohagi: I can tell just<br>by looking, <name>...<page><box>Ohagi: You broke it<br>again, didn't you?<page><box>Kinako: We made you a new one.<page><box>
198:$7630	story_and_event_dialogue	Kinako: Here. <cF8>h<cF8>i Unit.<page><box>Kinako: Five hundred Gitan.
198:$764D	story_and_event_dialogue	Ohagi: Thank you!<page><box>Ohagi: It's starting over<br>from scratch, so take<br>better care of it this time!<page><box>
198:$767E	story_and_event_dialogue	<cF8>h<cF8>i Unit joined you!<delay:96><page>
198:$7696	story_and_event_dialogue	Ohagi: <name>...<page><box>Ohagi: Nothing in<br>life comes free.<page>
198:$76B7	story_and_event_dialogue	Ohagi: Oh my! What a shame!<page><box>Kinako: But you'll change<br>your mind eventually!<page>
198:$76FA	story_and_event_dialogue	Ohagi: Oh, <name>!<br>Of course we looked<br>after it carefully!<page><box>Ohagi: Here, <cF8>h<cF8>i Unit!<page><box>Ohagi: You'll take it<br>with you, won't you?
198:$7741	story_and_event_dialogue	Ohagi: Take good care of it.<page>
198:$7753	story_and_event_dialogue	<cF8>h<cF8>i Unit joined you!<delay:96><page>
198:$776B	story_and_event_dialogue	Ohagi: Ah...<page><box>Ohagi: <name:00>-<name>...<page><box>Ohagi: Listen...<page><box>Ohagi: Everyone<br>has their limits.<page><box>Ohagi: Do you know<br>what that means?<page><box>Kinako: Simply put, we can't<br>Modify it any further.<page><box>Kinako: The doll has<br>reached its limit.<page><box>Ohagi: But that also<br>means it's the strongest<br>doll in the world!<page><box>Ohagi: How marvelous!!<page><box>Ohagi: Here is the<br>ultimate doll, <cF8>h<cF8>i Unit.<page><box>Ohagi: Will you take it?
198:$7855	story_and_event_dialogue	Ohagi and Kinako: Welcome!<page><box>Ohagi: Oh, <name>!<page><box>Ohagi: You came at<br>the perfect time!<page><box>Kinako: The doll<br><name> brought back...<page><box>Ohagi: To thank you for<br>treating it well, we used<br>our skills to Modify it!<page><box>Kinako: We even gave<br>it a sexier name!<page><box>Ohagi and Kinako: Its<br>new name is <cF8>h<cF8>i Unit!!<page><box>Ohagi: Well?<page><box>Ohagi: Will you take<br>it with you now?
198:$793F	story_and_event_dialogue	Ohagi: Will you take <cF8>h<cF8>i Unit?
198:$7955	story_and_event_dialogue	Ohagi: Keep treating it<br>gently for years to come!<page><box>Ohagi: Tee-hee!<page><box>
198:$797B	story_and_event_dialogue	The doll powered<br>up into <cF8>h<cF8>i Unit!<delay:3C><page><box>
198:$79A0	story_and_event_dialogue	Ohagi and Kinako: Come again!<page>
198:$79B4	story_and_event_dialogue	Ohagi: Oh my.<page><box>Ohagi: Could it be...<page><box>Ohagi: <name>,<br>are you thinking of<br>seeing someone else?<page><box>Ohagi: Well, <name>, you're<br>a man. You have your reasons.<page><box>Ohagi: We'll look<br>after the doll.<page>
198:$7A22	story_and_event_dialogue	Ohagi: Hey, <name>!<page><box>Ohagi: What happened?!<page><box>Kinako: You promised<br>to treat it well!!<page><box>Ohagi: Honestly! Can you<br>be gentle this time?
198:$7A7A	story_and_event_dialogue	Ohagi: Don't make it cry again!<page><box>
198:$7A8E	story_and_event_dialogue	<cF8>h<cF8>i Unit joined you!<delay:96><page>
198:$7AA6	story_and_event_dialogue	Ohagi: No! I can't<br>believe it! This is why<br>men are... Grumble...<page>
198:$7AD0	story_and_event_dialogue	Ohagi: Can you be<br>gentle this time?
199:$419C	story_and_event_dialogue	Bank Teller: I love this town...<page><box>Bank Teller: So I decided to<br>do my part and work hard!<page><box>
199:$41C5	story_and_event_dialogue	Bank Teller: Welcome.<page><box>Bank Teller: How<br>may I help you?
199:$41E3	story_and_event_dialogue	Bank Teller: We look forward<br>to serving you again.<page>
199:$41FF	story_and_event_dialogue	Bank Teller: Thank you.<page><box>Bank Teller: We are currently<br>holding <cF8>l Gitan for you.<page><box>
199:$423E	story_and_event_dialogue	Bank Teller: I am very<br>sorry to tell you this...<page><box>Bank Teller: You do not appear<br>to be carrying any Gitan.<page><box>
199:$4280	story_and_event_dialogue	Bank Teller: I will deposit...<page><box>Bank Teller: Oh dear...<page><box>Bank Teller: Dear customer!<page><box>Bank Teller: The vault is full!<page><box>Bank Teller: I am<br>terribly sorry...<page><box>Bank Teller: We cannot<br>accept any more deposits.<page><box>
199:$42F3	story_and_event_dialogue	Bank Teller: How much<br>would you like to deposit?
199:$430D	story_and_event_dialogue	Bank Teller: Certainly.<br>I will deposit <cF8>j Gitan.<page><box>
199:$433A	story_and_event_dialogue	Bank Teller: I am<br>terribly sorry...<page><box>Bank Teller: We are not<br>holding any Gitan for you.<page><box>
199:$437C	story_and_event_dialogue	Bank Teller: I am<br>terribly sorry...<page><box>Bank Teller: You cannot<br>carry any more Gitan.<page><box>
199:$43BD	story_and_event_dialogue	Bank Teller: How much would<br>you like to withdraw?
199:$43D8	story_and_event_dialogue	Bank Teller: Certainly. I<br>will return <cF8>j Gitan to you.<page><box>
199:$4400	story_and_event_dialogue	Bank Teller: This is the Bank.<page><box>Bank Teller: Please<br>return when you have<br>Gitan to deposit.<page>
199:$4437	story_and_event_dialogue	Big Moai: Come on,<br>tell me a spell!<page><box>Big Moai: Or I would say<br>that, but I'm not ready<br>yet. Come back later.<page>
199:$448E	story_and_event_dialogue	Big Moai: Hey!<page><box>Big Moai: You finally found me!<page><box>Big Moai: Oh well.<br>Tell me a spell.<page><box>
199:$44D8	story_and_event_dialogue	Big Moai: Come on,<br>tell me a spell!<page><box>Big Moai: Something<br>good might happen.<page><box>
199:$451A	story_and_event_dialogue	Big Moai: Shwoosh, shwoosh...<br>I don't know that spell.<page>
199:$4542	story_and_event_dialogue	Big Moai: Hnnngh...<delay:1E> Hah!!!
199:$4558	story_and_event_dialogue	<name> received<br><cF8>g!<page><box>
199:$4569	story_and_event_dialogue	Big Moai: We'll meet<br>again somewhere.<page><box>Big Moai: Until then, farewell.<page><box>
199:$4596	story_and_event_dialogue	Big Moai: Incredible!!<page><box>Big Moai: You've<br>completed every spell!<page><box>Big Moai: I'm retiring now.<page><box>Big Moai: From now on,<br>tell your spells to my son.<page><box>Big Moai: Adios. This<br>is farewell forever.<br>Don't cry, baby.<page>
199:$4640	story_and_event_dialogue	Big Moai: I'm growing tired<br>of listening to spells.<page><box>Big Moai: So I've<br>decided to travel.<page><box>Big Moai: Don't come<br>looking for me.<page><box>Big Moai: Adios. Farewell.<page><box>
199:$46B3	story_and_event_dialogue	Big Moai: Baboom...<br>No window-shopping.<page>
199:$46D3	story_and_event_dialogue	Big Moai: I've heard<br>that spell before.<page><box>Big Moai: Give me<br>a different one.<page>
199:$4704	story_and_event_dialogue	Big Moai: Ba-boom... For<br>some reason, my power<br>is sealed right now.<page><box>Big Moai: Come<br>back after a while.<page>
199:$474E	story_and_event_dialogue	Big Moai: Ba-boom... You<br>cannot carry any more items.<page><box>Big Moai: Come back later.<page>
199:$478C	story_and_event_dialogue	Big Moai: Don't<br>overdo the spells.<page><box>Big Moai: I get tired<br>too. Come back later.<page>
199:$47CD	story_and_event_dialogue	<name> received<br>1,000 Gitan!<page><box>
199:$47E3	story_and_event_dialogue	Shopkeeper: It pays<br>to be prepared.
199:$4801	story_and_event_dialogue	Shopkeeper: It's<br>dangerous lately. Make<br>sure you're fully stocked.
199:$4827	story_and_event_dialogue	Shopkeeper: Maybe it's<br>time to close this shop...<page><box>Shopkeeper: Just kidding!<br>What can I get you?
199:$4859	story_and_event_dialogue	Shopkeeper: Ah! <name>!!<page><box>Shopkeeper: I heard the news!<br>I'll fight from here too!<page><box>Shopkeeper: Now,<br>what'll it be?!
199:$4896	story_and_event_dialogue	Shopkeeper: Welcome! Just<br>call me if you need anything.
199:$48B6	story_and_event_dialogue	Shopkeeper: Leaving<br>already? Come again.<page>
199:$48D6	story_and_event_dialogue	Shopkeeper: Take your<br>time and look around!<page><box>
199:$48F5	story_and_event_dialogue	Shopkeeper: So, what<br>are you selling?<page><box>
199:$4913	story_and_event_dialogue	Shopkeeper: Oh...<br>Changed your mind?<page><box>Shopkeeper: That's fine.
199:$4938	story_and_event_dialogue	Shopkeeper: <cF8>4, right?<br>That's <cF8>6 Gitan.<page><box>Shopkeeper: Will you buy it?
199:$495C	story_and_event_dialogue	Shopkeeper: Oh...<br>Changed your mind?<page><box>Shopkeeper: That's fine.<page><box>
199:$4983	story_and_event_dialogue	Shopkeeper: You<br>got it! Thank you!<page><box>
199:$4999	story_and_event_dialogue	Shopkeeper: Oh...<br>Changed your mind?<page><box>Shopkeeper: That's fine.<page><box>
199:$49C0	story_and_event_dialogue	Shopkeeper: All right!<br><cF8>5 items, right?<page><box>Shopkeeper: I'll pay<br><cF8>7 Gitan for them.<page><box>Shopkeeper: Deal?
199:$49F5	story_and_event_dialogue	Shopkeeper: Oh...<br>Changed your mind?<page><box>Shopkeeper: That's fine.<page><box>
199:$4A1C	story_and_event_dialogue	Shopkeeper: You got<br>it! Consider it sold!<page><box>
199:$4A38	story_and_event_dialogue	Shopkeeper: Whoa!<page><box>Shopkeeper: Your inventory<br>is full! Don't overdo it!<page><box>
199:$4A64	story_and_event_dialogue	Shopkeeper: Sorry,<br>customer! I'm sold out!<page><box>Shopkeeper: Go pass some<br>time and come back later!<page><box>
199:$4AB7	story_and_event_dialogue	Shopkeeper: Ha ha ha!<page><box>Shopkeeper: You're<br>not carrying anything!<page><box>
199:$4AE5	story_and_event_dialogue	Cursed items<br>cannot be removed!<page><box>
199:$4AFA	story_and_event_dialogue	Cursed items<br>cannot be removed!<page><box>
199:$4B0F	story_and_event_dialogue	Shopkeeper: You don't<br>have enough Gitan.<page><box>
199:$4B30	story_and_event_dialogue	Shopkeeper: This is the<br>item shop. We carry<br>all kinds of items.<page><box>Shopkeeper: I'll show<br>you next time you visit.<page>
199:$4B70	story_and_event_dialogue	Blacksmith: Careful there.<page><box>Blacksmith: If you need<br>something, speak to me here.<page><box>
199:$4BA3	story_and_event_dialogue	Blacksmith: What<br>can I do for you?
199:$4BBC	story_and_event_dialogue	Blacksmith: Understood.<page><box>Blacksmith: Come back<br>anytime you change your mind.<page>
199:$4BE8	story_and_event_dialogue	Blacksmith: Hm...?<page><box>Blacksmith: You aren't<br>carrying a sword.<page><box>
199:$4C09	story_and_event_dialogue	Blacksmith: Sorry.<page><box>Blacksmith: My special<br>technique needs time<br>before I can use it again.<page><box>Blacksmith: Go cut loose<br>in a dungeon. I should be<br>ready when you return.<page><box>
199:$4C73	story_and_event_dialogue	Blacksmith: Sorry. You<br>don't have enough Gitan.<page><box>Blacksmith: Strengthening<br>a sword costs 1,500 Gitan.<page><box>
199:$4CB7	story_and_event_dialogue	Blacksmith: Which sword<br>should I strengthen?<page><box>
199:$4CCC	story_and_event_dialogue	Blacksmith: Finished<br>with swords?<page><box>
199:$4CE8	story_and_event_dialogue	Cursed items<br>cannot be removed!<page><box>
199:$4CFC	story_and_event_dialogue	Blacksmith: That's no good...<page><box>Blacksmith: One more strike<br>would break this sword.<page><box>Blacksmith: Why not<br>leave well enough alone?<page><box>
199:$4D50	story_and_event_dialogue	Blacksmith: <cF8>8... Understood.<br>Leave it to me.<page><box>Blacksmith: The<br>price is 1,500 Gitan.<page><box>Blacksmith: Is<br>that acceptable?
199:$4D8D	story_and_event_dialogue	Blacksmith: Understood...<page><box>Blacksmith: This won't<br>take long. Please wait.<page>
199:$4DB9	story_and_event_dialogue	Blacksmith: Thanks<br>for waiting. I<br>strengthened it properly.<page><box>
199:$4DDE	story_and_event_dialogue	Blacksmith: Stop by anytime<br>you need my services.<page>
199:$4E07	story_and_event_dialogue	Blacksmith: Well, I'll be...<page><box>Blacksmith: I never imagined<br><cF8>8 could be forged... The<br>world is full of surprises.<page><box>
199:$4E43	story_and_event_dialogue	Blacksmith: This is a<br>fine sword, filled with<br>its owner's spirit...<page><box>Blacksmith: Its level<br>has properly increased.<br>Take it with you.<page><box>
199:$4E8D	story_and_event_dialogue	Blacksmith: Hm...?<page><box>Blacksmith: You aren't<br>carrying a Bracelet.<page><box>
199:$4EAE	story_and_event_dialogue	Blacksmith: Sorry. You<br>don't have enough Gitan.<page><box>Blacksmith: Repairing a<br>Bracelet costs 500 Gitan.<page><box>
199:$4EF3	story_and_event_dialogue	Blacksmith: Hm...?<page><box>Blacksmith: You aren't<br>carrying a broken Bracelet.<page><box>
199:$4F1C	story_and_event_dialogue	Blacksmith: Which<br>Bracelet should I repair?<page><box>
199:$4F35	story_and_event_dialogue	Blacksmith: Finished<br>with Bracelets?<page><box>
199:$4F53	story_and_event_dialogue	Cursed items<br>cannot be removed!<page><box>
199:$4F67	story_and_event_dialogue	Blacksmith: This<br>is badly damaged.<page><box>Blacksmith: But don't<br>worry. I can repair it.<page><box>Blacksmith: The<br>price is 500 Gitan.<page><box>Blacksmith: Shall<br>I repair this <cF8>8?
199:$4FCB	story_and_event_dialogue	Blacksmith: Understood. This<br>won't take long. Please wait.<page>
199:$4FF6	story_and_event_dialogue	Blacksmith: Thanks<br>for waiting.<page><box>Blacksmith: It's<br>as good as new.<page><box>Blacksmith: Take<br>good care of it.<page><box>Blacksmith: Stop by anytime<br>you need my services.<page>
199:$5061	story_and_event_dialogue	Blacksmith: Hm...?<page><box>Blacksmith: You<br>aren't carrying any<br>synthesized items.<page><box>
199:$508B	story_and_event_dialogue	Blacksmith: Sorry. You<br>don't have enough Gitan.<page><box>Blacksmith: Removing an<br>ability costs 1,000 Gitan.<page><box>
199:$50D8	story_and_event_dialogue	Blacksmith: Let's see...<br>Show me the item.<page><box>
199:$50F7	story_and_event_dialogue	Blacksmith: Finished<br>with Synthesis?<page><box>
199:$5115	story_and_event_dialogue	Cursed items<br>cannot be removed!<page><box>
199:$5129	story_and_event_dialogue	Blacksmith: Hmm... <cF8>8...<page><box>Blacksmith: Which ability<br>should I Remove?<page><box>
199:$5150	story_and_event_dialogue	Blacksmith: <cF8>8...<page><box>Blacksmith: Sorry,<br>but I cannot Remove<br>that item's ability.<page><box>Blacksmith: Please forgive<br>this unskilled smith.<page><box>
199:$51B6	story_and_event_dialogue	Blacksmith: Understood.<page><box>Blacksmith: I'll<br>Remove that ability.<page><box>Blacksmith: The<br>price is 1,000 Gitan.<page><box>Blacksmith: Is<br>that acceptable?
199:$5204	story_and_event_dialogue	Blacksmith: Understood. This<br>won't take long. Please wait.<page>
199:$522F	story_and_event_dialogue	Blacksmith: Finished.<br>Here you are.<page><box>Blacksmith: Stop by anytime<br>you need my services.<page>
199:$5274	story_and_event_dialogue	Blacksmith: Sorry, the<br>shop isn't open yet.<page>
199:$5292	story_and_event_dialogue	Blacksmith: Which service<br>should I explain?
199:$52A6	story_and_event_dialogue	"Blacksmith: Understood.<page><box>Blacksmith: Let me<br>explain ""Strengthen"".<page><box>Blacksmith: The<br>price is 1,500 Gitan.<page><box>Blacksmith: I can<br>Strengthen weapons.<page><box>Blacksmith: Hand me the<br>weapon you want and I'll<br>Strengthen it immediately.<page><box>Blacksmith: A weapon<br>grows more effective each<br>time it is Strengthened.<page><box>Blacksmith: That will give<br>you the advantage in battle.<page><box>Blacksmith: But every weapon<br>has a strengthening limit.<page><box>Blacksmith: Please<br>keep that in mind.<page><box>"
199:$53BD	story_and_event_dialogue	"Blacksmith: Understood.<page><box>Blacksmith: Let me<br>explain ""Repair"".<page><box>Blacksmith: The<br>price is 500 Gitan.<page><box>Blacksmith: I can<br>Repair Bracelets.<page><box>Blacksmith: A Bracelet may<br>crack when you take damage.<page><box>Blacksmith: Bring me<br>a cracked one and I'll<br>Repair it immediately.<page><box>Blacksmith: A cracked<br>Bracelet is in danger.<page><box>Blacksmith: Take more<br>damage and it may<br>break and disappear.<page><box>Blacksmith: Please be careful.<page><box>"
199:$54E7	story_and_event_dialogue	"Blacksmith: Understood.<page><box>Blacksmith: Let me<br>explain ""Synthesis"".<page><box>Blacksmith: Synthesis<br>combines special<br>item abilities.<page><box>Blacksmith: Weapons,<br>Shields, and Bracelets<br>can be synthesized.<page><box>Blacksmith: Unfortunately, I<br>don't perform Synthesis here.<page><box>Blacksmith: You'll need<br>a ""Synthesis Pot"".<page><box>Blacksmith: Place the<br>items you want to<br>synthesize inside it.<page><box>Blacksmith: Also...<page><box>Blacksmith: I hear a<br>monster called Mini Mixer<br>can perform Synthesis too.<page><box>Blacksmith: Apparently,<br>you throw the items at it.<page><box>Blacksmith: But if you<br>fail to defeat it, it will<br>carry your items away.<page><box>Blacksmith: Be careful.<page><box>Blacksmith: One more thing.<page><box>Blacksmith: Both methods<br>follow the same rule.<page><box>Blacksmith: The first item<br>inserted becomes the base.<page><box>Blacksmith: Don't<br>get the order wrong.<page><box>"
199:$5701	story_and_event_dialogue	"Blacksmith: Understood.<page><box>Blacksmith: Let me<br>explain ""Remove"".<page><box>Blacksmith: The<br>price is 1,000 Gitan.<page><box>Blacksmith: ""Remove""<br>takes an ability off<br>a synthesized item.<page><box>Blacksmith: An ability<br>you never use only<br>wastes a Synthesis slot.<page><box>Blacksmith: In that case,<br>it is best to Remove it.<page><box>Blacksmith: Hand me<br>the item and I'll take<br>it off immediately.<page><box>"
199:$57F3	story_and_event_dialogue	Kinako: Welco...<page><box>Kinako: !!!!<page><box>Kinako: What a handsome man!<page>
199:$5810	story_and_event_dialogue	Kinako: Don't rush me!<page>
199:$581F	story_and_event_dialogue	Kinako: Eek! Ohagi!<page><box>Kinako: It's <name>!!<page>
199:$583D	story_and_event_dialogue	Kinako: Treat it gently.<page>
199:$584F	story_and_event_dialogue	Kinako: C-Could...<page><box>Kinako: Could it be...?<page>
199:$5860	story_and_event_dialogue	Kinako: Tee-hee. You<br>want it, don't you?<page><box>Kinako: Oh, you! Ohagi<br>is getting it ready!<page>
199:$588D	story_and_event_dialogue	Kinako: Don't say anything...<br>Ohagi is getting it ready...<page>
199:$58B2	story_and_event_dialogue	Kinako: I'm disappointed<br>in you, <name>!!<page>
199:$58CC	story_and_event_dialogue	Kinako: If you can be gentle,<br>I'll trust you with it.<page><box>Kinako: Promise Ohagi too.<page>
199:$58F5	story_and_event_dialogue	Kinako: Welcome, <name>!<page>
199:$590B	story_and_event_dialogue	Kinako: Oh, <name>!<page><box>Kinako: Ohagi!<br><name> is here!<page>
199:$592C	story_and_event_dialogue	Kinako: Ah...<page><box>Kinako: T-Today...<page><box>Kinako: The weather<br>is lovely today!<page>
199:$594E	story_and_event_dialogue	Kinako: If you want the doll,<br>Ohagi is getting it ready.<page>
199:$5975	story_and_event_dialogue	Shopkeeper: G-Gah...<page>
199:$5984	story_and_event_dialogue	Ohagi: Don't do anything<br>that would make it cry.<page>
199:$599E	story_and_event_dialogue	Ohagi: A man must<br>know how to wait.<page>
199:$59BA	story_and_event_dialogue	Good: Gather!<page><box>Good: Comrades!<page><box>Good: Save your<br>friends! Save lives!<page><box>Good: This is the Rescue<br>Team! Will you depart<br>on a rescue at once?
199:$5A09	story_and_event_dialogue	Good: Reach their hearts!<page><box>Good: Let your burning<br>spirit resound!<page><box>Good: This is the Rescue<br>Team! Will you depart<br>on a rescue at once?
199:$5A57	story_and_event_dialogue	Good: We shall fight<br>to the very end.<page><box>Good: We shall keep the<br>flame of life burning!<page><box>Good: This is the Rescue Team!<br>Will you depart on a rescue?
199:$5AB8	story_and_event_dialogue	Good: Your desire to save<br>as many people as possible<br>has reached me, Good!<page><box>Good: This is the Rescue Team!<br>Will you depart on a rescue?!
199:$5B1B	story_and_event_dialogue	Good: Hear the cry of life!<page><box>Good: A lost Wanderer<br>awaits your aid!<page><box>Good: This is the Rescue<br>Team! Will you depart<br>on a rescue at once?
199:$5B7D	story_and_event_dialogue	Good: Come back anytime!<page>
199:$5B8F	story_and_event_dialogue	Good: Welcome back! Are<br>you feeling all right?<page><box>Good: I am glad<br>to see you again!<page><box>Good: By the way...<page><box>Good: Will you return to the<br>same dungeon as last time?
199:$5C0E	story_and_event_dialogue	Good: I see... Will<br>you undertake a new<br>rescue instead?
199:$5C3D	story_and_event_dialogue	Good: Roger!<page><box>Good: I shall begin the<br>procedure immediately!<page><box>
199:$5C5C	story_and_event_dialogue	Good: Which connection<br>method would you like?
199:$5C78	story_and_event_dialogue	"Good: This procedure<br>will erase your<br>previous Rescue Gate.<page><box>Good: To visit it<br>again, you will need to<br>repeat the procedure.<page><box>Good: Please understand.<page><box>Good: I shall briefly<br>explain the Cable procedure.<page><box>Good: Connect the Link<br>Cable and confirm the<br>other player is ready.<page><box>Good: Did they select<br>""Adventure"", then ""SOS!""<br>from the game menu?<page><box>Good: They must<br>then select ""Cable"".<page><box>Good: That completes<br>their preparation.<page><box>Good: After they send the<br>SOS data, press the A Button.<page><box>Good: They press! You press!<br>Now receive the SOS of the<br>person you wish to save!!"
199:$5E2B	story_and_event_dialogue	Good: Hm? The<br>connection failed!<page><box>Good: Please exchange the<br>data within about ten<br>seconds after they send it.<page><box>Good: Sorry for the trouble,<br>but please try again.<page><box>
199:$5EA1	story_and_event_dialogue	Good: Hmm...?<page><box>Good: This person...<page><box>Good: appears to have<br>already been rescued!<page><box>
199:$5ED5	story_and_event_dialogue	"Good: Entering a<br>Password will erase your<br>previous Rescue Gate.<page><box>Good: To visit it<br>again, you will have to<br>re-enter the Password.<page><box>Good: Please understand.<page><box>Good: Now, enter the<br>""SOS!"" Password!<page>"
199:$5F7A	story_and_event_dialogue	Good: Confirmed!<page><box>Good: Proceed to the Rescue<br>Gate beside the counter!<page><box>
199:$5FAD	story_and_event_dialogue	Good: You cannot enter<br>that dungeon yet!<page><box>Good: Advance the story a<br>little further, then return!<page>
199:$5FF5	story_and_event_dialogue	Good: Hmm...?<page><box>Good: That Password<br>cannot be used because its<br>rescue is already complete!<page><box>
199:$602E	story_and_event_dialogue	"Good: The ""SOS!"" Password<br>appears to be wrong!<page><box>Good: Please try again!<page>"
199:$605E	story_and_event_dialogue	Setsu: I wish to watch<br>over those who risk<br>their lives in battle...<page><box>Setsu: Just like the Captain...<page><box>Setsu: This is the<br>Rescue Team. Would you<br>like an explanation?
199:$60C2	story_and_event_dialogue	Setsu: This is the<br>Rescue Team. Would you<br>like an explanation?
199:$60E8	story_and_event_dialogue	Setsu: Return anytime you<br>would like an explanation.<page>
199:$6106	story_and_event_dialogue	"Setsu: Many Wanderers<br>besides you travel<br>throughout the country.<page><box>Setsu: Some have only<br>just become Wanderers...<page><box>Setsu: Others are<br>veterans who have cleared<br>every kind of dungeon.<page><box>Setsu: All of them are working<br>hard and taking on challenges.<page><box>Setsu: But when a<br>Wanderer collapses,<br>their items are lost...<page><box>Setsu: ""I cannot<br>lose this item!<page><box>Someone, please help me!""<page><box>Setsu: At such a time, you can<br>rescue that person yourself.<page><box>Setsu: The process is simple.<page><box>Setsu: Use a Link Cable<br>or Password to enter<br>that person's dungeon...<page><box>Setsu: Reach the person<br>you wish to save, and<br>they will be revived.<page><box>Setsu: If you safely<br>rescue a friend who<br>has called for help...<page><box>Setsu: that friend will<br>surely respect you forever.<page>"
199:$62F0	story_and_event_dialogue	"Setsu: I wish to watch<br>over those who risk<br>their lives in battle...<page><box>Setsu: Just like the Captain...<page><box>Setsu: This is<br>the Rescue Team.<page><box>Setsu: Would you like<br>to hear the previous<br>""Revival"" Password?"
199:$636B	story_and_event_dialogue	"Setsu: This is<br>the Rescue Team.<page><box>Setsu: Would you like<br>to hear the previous<br>""Revival"" Password?"
199:$63A9	story_and_event_dialogue	Setsu: Then would you<br>like an explanation<br>of the Rescue Team?
199:$63CB	story_and_event_dialogue	"Setsu: Return anytime you<br>need an explanation or<br>the ""Revival"" Password.<page>"
199:$63F8	story_and_event_dialogue	"Setsu: The ""Revival""<br>Password was:<br><cF8>1<page>"
199:$6417	story_and_event_dialogue	Good: Welcome back! I am<br>glad you returned safely!<page><box>Good: Let us register<br>you with the Wanderer<br>Rescue Federation at once!<page><box>
199:$6466	story_and_event_dialogue	Good: This is the Wanderer...<page><box>Good: !!<page><box>Good: Oh! It is you!!<page><box>Good: We have been waiting!<page><box>Good: Let us begin the<br>procedure immediately.<page><box>
199:$64BC	story_and_event_dialogue	Good: Which connection<br>method would you like?
199:$64D8	story_and_event_dialogue	Good: Roger!<page><box>Good: Return here<br>once you are ready!<page><box>Good: We shall be waiting!<page>
199:$6519	story_and_event_dialogue	Good: Cancel...?<page><box>Good: Did you say<br>you wish to cancel?!<page><box>Good: What happened?!<br>Did your friend give<br>up waiting for you?!<page><box>Good: Or did someone else<br>perform the rescue?!<page><box>Good: Ooooooh!<page><box>Good: I understand!<br>This truly hurts...<page><box>Good: Then shall we close<br>this mission and prepare<br>for the next rescue?
199:$65FF	story_and_event_dialogue	Good: It is understandable<br>to hesitate. Please take time<br>to consider it. I shall wait.<page><box>
199:$6636	story_and_event_dialogue	Good: Understood... You<br>must have considered<br>this carefully.<page><box>Good: However! Your efforts<br>have deeply moved me!<page><box>Good: I prepared a small gift!<page><box>Good: Please accept... Whoa!<page><box>Good: Your inventory is full!<page><box>Good: Make room,<br>then please return!<page>
199:$66FD	story_and_event_dialogue	Good: Understood... You<br>must have considered<br>this carefully.<page><box>Good: However! Your efforts<br>have deeply moved me!<page><box>Good: I prepared a small gift!<page><box>Good: Please accept it!<page><box>
199:$678B	story_and_event_dialogue	<name> received<br><cF8>f!<delay:50><page><box>
199:$679D	story_and_event_dialogue	Good: Do not be<br>discouraged. Keep doing<br>your best! Well done!<page>
199:$67C7	story_and_event_dialogue	Good: Would you like<br>to send an item to the<br>person you rescued?
199:$67F8	story_and_event_dialogue	Good: Items inside Pots<br>will be lost, so take care!<page><box>Good: Since you are using<br>a Cable, press Select to<br>choose as many as you like.<page><box>Good: Let us choose!<page><box>
199:$686E	story_and_event_dialogue	Good: Roger!<page><box>Good: I shall proceed<br>without sending anything.<page><box>
199:$68A1	story_and_event_dialogue	Good: Hm...?<page><box>Good: Your inventory is<br>full, so I cannot give you<br>the commemorative item!<page><box>Good: Give something<br>to the rescued player,<page><box>Good: or visit the<br>warehouse and make room!<page><box>
199:$6918	story_and_event_dialogue	Good: ...!<page><box>Good: You do not appear to<br>have anything you can send!<page><box>
199:$6944	story_and_event_dialogue	Good: Gwah!<page><br>Did you notice?!<br>There is a monster here!!<page><box>Good: I can only send items!<page><box>Good: Let us choose again!<page><box>
199:$69A2	story_and_event_dialogue	"Good: Connect the Link<br>Cable and make sure the<br>other player is ready.<page><box>Good: Did they select<br>""Adventure"", then ""Revive!""<br>from the game menu?<page><box>Good: They must<br>then select ""Cable"".<page><box>Good: That completes<br>their preparation.<page><box>Good: Press the A Button<br>to send your Revival<br>data to the other player.<page><box>Good: The other player<br>must then press the A<br>Button to receive it.<page><box>Good: You press! They<br>press! Now send it!<page><box>Good: Send your<br>wish for Revival!!"
199:$6AC1	story_and_event_dialogue	Good: Hm...?<br>The connection failed!<page><box>
199:$6ADE	story_and_event_dialogue	Good: Hmm...?<page><br>Something appears<br>to have gone wrong.<page><box>Good: I am sorry, but we<br>must treat this rescue as<br>though it never happened.<page>
199:$6B33	story_and_event_dialogue	Good: Please wait a moment!<page><box>Good: ...<page><box>Good: ......<page><box>Good: .........<page><box>Good: Whoa!!<page><box>Good: The Wanderer Rescue<br>Federation will award you<br>a rescue title and an item!<page><box>Good: Congratulations!<page><box>
199:$6BBB	story_and_event_dialogue	<name> received a title<br>for <cF8>j rescues<cF3> and<br><cF8>f!<delay:50><page><box>
199:$6BDF	story_and_event_dialogue	Good: I shall begin<br>the procedure!<page><box>Good: ...<page><box>Good: ......<page><box>Good: .........<page><box>Good: Whoa!!<page><box>Good: The Wanderer<br>Rescue Federation will<br>award you a rescue title!<page><box>Good: Congratulations!<page><box>
199:$6C69	story_and_event_dialogue	<name> received a title<br>for <cF8>j rescues!<delay:50><page><box>
199:$6C88	story_and_event_dialogue	Good: If you have any<br>questions about rescues,<br>please ask the Pigeon Handler!<page><box>Good: I look forward<br>to your future success!<page>
199:$6CDF	story_and_event_dialogue	Good: Roger!<page><box>Good: Return here<br>once you are ready!<page><box>Good: We shall be waiting!<page>
199:$6D20	story_and_event_dialogue	Good: Would you like<br>to send an item to the<br>person you rescued?
199:$6D51	story_and_event_dialogue	Good: Items inside Pots<br>will be lost, so take care!<page><box>Good: Since you are<br>not using a Cable, you<br>can only send one item.<page><box>Good: Let us choose!<page><box>
199:$6DC4	story_and_event_dialogue	Good: Roger!<page><box>Good: I shall proceed<br>without sending anything.<page><box>
199:$6DF7	story_and_event_dialogue	Good: Hm...?<page><box>Good: Your inventory is<br>full, so I cannot give you<br>the commemorative item!<page><box>Good: Give something<br>to the rescued player,<page><box>Good: or visit the<br>warehouse and make room!<page><box>
199:$6E6E	story_and_event_dialogue	Good: ...!<page><box>Good: You do not appear to<br>have anything you can send!<page><box>
199:$6E9A	story_and_event_dialogue	Good: Gwah!<page><br>Did you notice?!<br>There is a monster here!!<page><box>Good: I can only send items!<page><box>Good: Let us choose again!<page><box>
199:$6EF8	story_and_event_dialogue	Good: Please wait a moment!<page><box>Good: ...<page><box>Good: ......<page><box>Good: .........<page><box>Good: Whoa!!<page><box>
199:$6F39	story_and_event_dialogue	Good: The Wanderer Rescue<br>Federation will award you a<br>Revival Password and an item!<page><box>
199:$6F6E	story_and_event_dialogue	<name> received<br><cF8>1<br>and <cF8>f!<delay:50><page><box>
199:$6F85	story_and_event_dialogue	Good: The Wanderer Rescue<br>Federation will award you a<br>Revival Password and an item!<page><box>
199:$6FBA	story_and_event_dialogue	<name> received<br><cF8>1!<delay:50><page><box>
199:$6FCD	story_and_event_dialogue	Good: The rescued player<br>needs the Revival<br>Password to revive.<page><box>Good: Be sure to<br>tell them what it is!<page><box>Good: They may send you a<br>Thank-You Password in return!<page><box>Good: If you receive one,<br>speak to the Pigeon Handler!<page><box>Good: An even more wonderful<br>reward may await you!<page><box>Good: I look forward<br>to your future success!<page>
199:$70BB	story_and_event_dialogue	Good: Roger!<page><box>Good: Return here<br>once you are ready!<page><box>Good: We shall be waiting!<page>
199:$70FC	story_and_event_dialogue	Kume: Oh? Did<br>something happen?<page><box>Kume: Keep your chin up!<page><box>Kume: Would you like<br>to use the warehouse?
199:$7132	story_and_event_dialogue	Kume: A lot of customers<br>have been coming to retrieve<br>their stored items lately...<page><box>Kume: It is terrible<br>for business.<page><box>Kume: Would you like<br>to use the warehouse?
199:$7180	story_and_event_dialogue	Kume: Are you sure<br>you should not flee?<page><box>Kume: It sounds like things<br>are about to get rough.<page><box>Kume: Oh, that is<br>right. Would you like<br>to use the warehouse?
199:$71D4	story_and_event_dialogue	Kume: We have lived in<br>this town all our lives.<page><box>Kume: We cannot simply<br>pack up and run away!<page><box>Kume: Now make sure you are<br>fully prepared before you go!
199:$722F	story_and_event_dialogue	Kume: Sorry, dear.<page><box>Kume: We are cleaning inside<br>the warehouse right now.<page><box>Kume: We should finish before<br>long, so come back later.<page>
199:$7270	story_and_event_dialogue	Kume: Would you like<br>to use the warehouse?
199:$7281	story_and_event_dialogue	Kume: Oh, are you leaving?<page><box>Kume: Come back again.<page>
199:$729F	story_and_event_dialogue	Kume: Is there anything else?
199:$72B0	story_and_event_dialogue	Kume: All right. This one?<page><box>Kume: Take good care of it.<page>
199:$72CF	story_and_event_dialogue	Kume: All right.<page><box>Kume: I will keep<br>it safe for you.<page>
199:$72EA	story_and_event_dialogue	Kume: Oh, my...<page><box>Kume: Your inventory is too<br>full to take everything.<page><box>
199:$7319	story_and_event_dialogue	Kume: It seems I am not<br>storing anything for you.<page><box>
199:$7337	story_and_event_dialogue	Kume: Oh...<page><box>Kume: You do not appear to<br>have anything I can store.<page><box>
199:$7364	story_and_event_dialogue	Kume: I am sorry...<page><box>Kume: The warehouse is too<br>full to hold everything.<page><box>
199:$7392	story_and_event_dialogue	Cursed items<br>cannot be removed!<page><box>Kume: Which item would<br>you like me to store?
199:$73BF	story_and_event_dialogue	Kume: Oh...<page><box>Kume: Your inventory is too<br>full to take everything.<page><box>Kume: Which item<br>will you take?
199:$73FD	story_and_event_dialogue	Kume: I am sorry...<page><box>Kume: The warehouse is too<br>full to hold everything.<page><box>Kume: Which item would<br>you like me to store?
199:$7444	story_and_event_dialogue	Kume: The contents of<br>the Pot will disappear.<br>Is that all right?
199:$7466	story_and_event_dialogue	Kume: Oh...<page><box>Kume: You do not appear to<br>have anything I can discard.<page><box>
199:$7491	story_and_event_dialogue	Kume: I will discard<br>everything you are<br>carrying. Is that all right?<page>
199:$74B4	story_and_event_dialogue	Kume: All right.<page><box>Kume: We will take<br>responsibility and<br>put it out by Tuesday.<page><box>
199:$74E3	story_and_event_dialogue	Kame: Oh, my, my.<page><box>Kame: What is wrong?<br>Something troubling you?<page><box>Kame: Then stay and listen<br>to my warehouse explanation.
199:$751D	story_and_event_dialogue	Kame: Oh, so busy, busy!<page><box>Kame: Hm?<page><box>Kame: Why, Auntie is<br>simply irresistible!<page><box>Kame: You came to hear<br>Auntie's ex<D2>pla<D2>na<D2>tion,<br>did you not?
199:$756B	story_and_event_dialogue	Kame: I said we should close<br>the shop on a day like this.<page><box>Kame: But Kume is so diligent.<page><box>Kame: So Auntie is<br>here working too.<page><box>Kame: You will stay for the<br>warehouse explanation, right?
199:$75D9	story_and_event_dialogue	Kame: I am more than ready!<page><box>Kame: I will put my heart into<br>this warehouse explanation!<page><box>Kame: So listen up!!<page><box>
199:$7619	story_and_event_dialogue	Kame: Auntie said we<br>did not need to clean.<page><box>Kame: But Kume claimed<br>the dust would make<br>her cough or something.<page><box>Kame: Cleaning was always...<page><box>Kame: Hm? Oh, right.<page><box>Kame: The point is,<br>come back later!<page><box>Kame: Sorry, dear.<page>
199:$76A8	story_and_event_dialogue	Kame: When it comes to the<br>warehouse, leave it to Auntie.<page><box>Kame: Well? Would you<br>like an explanation?
199:$76DB	story_and_event_dialogue	Kame: Well, I never!<page><box>Kame: Trying to<br>act tough, are we?<page><box>Kame: Very well.<br>Auntie will be waiting.<page><box>
199:$770A	story_and_event_dialogue	Kame: Tee-hee...<br>You are simply bursting<br>with curiosity!<page><box>Kame: Which explanation<br>would you like to hear?
199:$7735	story_and_event_dialogue	Kame: Auntie will give<br>you the full rundown.<page><box>Kame: It will be jam-packed!<page><box>Kame: Our shop has two<br>kinds of warehouse.<page><box>Kame: The Receptionist<br>Kume to my left<br>manages one of them.<page><box>Kame: The other is<br>the wooden-floored<br>room on your right.<page><box>Kame: Both are warehouses.<page><box>Kame: In the room on<br>the right, simply place<br>an item to store it.<page><box>Kame: Convenient, is it not?<page><box>Kame: And easy too!<page><box>
199:$7817	story_and_event_dialogue	Kame: Auntie will give<br>you the full rundown.<page><box>Kame: A nice, juicy one!<page><box>Kame: When storing<br>a Pot, it is best to<br>leave nothing inside it.<page><box>Kame: Why, you ask?<page><box>Kame: Well, dear!<page><box>Kame: The items inside<br>the Pot will disappear!<page><box>Kame: I do not know why.<page><box>Kame: If it is important<br>enough to put in a Pot...<page><box>Kame: perhaps you should<br>carry it properly.<page><box>Kame: Maybe a Pot gets cross<br>when you leave it behind and<br>makes its contents disappear.<page><box>Kame: Oh, yes! Speaking<br>of things disappearing,<br>I just remembered!<page><box>Kame: Every so often, a<br>strange Wanderer appears.<page><box>Kame: They try to gain<br>levels inside the warehouse.<page><box>Kame: That is<br>pointless. Pointless!<page><box>Kame: Utterly pointless!<page><box>Kame: Your original<br>level returns as soon<br>as you leave the shop.<page><box>Kame: Hm? Why, you ask?<page><box>Kame: Well, dear!<page><box>Kame: The world would never<br>allow such cheating, would it?<page><box>Kame: Auntie will not let<br>anyone take the easy way out.<page><box>Kame: Just think of it<br>as a pleasant dream and<br>get on with your life.<page><box>
199:$7A10	story_and_event_dialogue	Kame: Auntie will give<br>you the full rundown.<page><box>Kame: Soft and chewy!<page><box>Kame: Do not throw items<br>outside the wooden-floored<br>warehouse room.<page><box>Kame: Items thrown<br>elsewhere become unusable.<page><box>Kame: Hm? Why, you ask?<page><box>Kame: Well, dear!<page><box>Kame: Auntie's power does<br>not reach anywhere else.<page><box>Kame: Do not expect me<br>to take responsibility<br>that far away!<page><box>Kame: You would hate for an<br>important item to become<br>useless, would you not?<page><box>Kame: Then do not go throwing<br>items around carelessly.<page><box>Kame: Auntie can only<br>protect the wooden-floored<br>room on the right.<page><box>Kame: If you simply must<br>throw items, go inside and<br>throw as many as you like.<page><box>Kame: But if an item flies<br>out of the warehouse,<br>do not blame Auntie!<page><box>
199:$7BB1	story_and_event_dialogue	Kame: Oh, I see...<page><box>Kame: Very well.<page><box>Kame: Auntie will protect<br>everything at full power.<page><box>Kame: You should make<br>generous use of the<br>warehouse. It pays off!<page>
200:$40C8	story_and_event_dialogue	Mamel: Need something?<page><box>
200:$40D6	story_and_event_dialogue	Debug: You can't enter yet.<page><box>
200:$40E6	story_and_event_dialogue	Debug: You can enter now.<page><box>
200:$40F5	story_and_event_dialogue	Debug: Conversation<br>script replaced.<page><box>
200:$4107	story_and_event_dialogue	Debug: Transparent!<page><box>
200:$4112	story_and_event_dialogue	Debug: Opaque!<page><box>
200:$411E	story_and_event_dialogue	Debug: It isn't working.<page>
200:$4130	story_and_event_dialogue	Debug: It might be working.<page>
200:$4142	story_and_event_dialogue	Koppa: Hold Start while<br>using the D-Pad to<br>move only diagonally!<page>
200:$4170	story_and_event_dialogue	Koppa: Press Start,<br>then use the D-Pad to<br>move only diagonally!<page>
200:$419C	story_and_event_dialogue	Debug: I've never<br>heard of that map!<page><box>
200:$41AD	story_and_event_dialogue	Debug: Ilpa Town, upper area.<page><box>
200:$41BF	story_and_event_dialogue	Debug: Ilpa Town, lower area.<page><box>
200:$41D1	story_and_event_dialogue	Debug: Restaurant 1F.<page><box>
200:$41DF	story_and_event_dialogue	Debug: Take me with you!<page><box>
200:$41EE	story_and_event_dialogue	Pekeji: I'll do my best!<page><box>
200:$4200	story_and_event_dialogue	Pekeji: Aw, this is boring!<page><box>
200:$4213	story_and_event_dialogue	Debug: Up.<page>
200:$421D	story_and_event_dialogue	Debug: Up-right.<page>
200:$422A	story_and_event_dialogue	Debug: Right.<page>
200:$4234	story_and_event_dialogue	Debug: Down-right.<page>
200:$4241	story_and_event_dialogue	Debug: Down.<page>
200:$424B	story_and_event_dialogue	Debug: Down-left.<page>
200:$4259	story_and_event_dialogue	Debug: Left.<page>
200:$4264	story_and_event_dialogue	Debug: Up-left.<page>
200:$4272	story_and_event_dialogue	Debug: This is a<br>Game Boy Color!<page><box>
200:$4288	story_and_event_dialogue	Debug: This is a<br>Game Boy Advance!<page><box>
200:$429A	story_and_event_dialogue	Debug: Parted from companion.<page>
200:$42A8	story_and_event_dialogue	Debug: Take me with you!<page><box>
200:$42B7	story_and_event_dialogue	Pekeji: I'll do my best!<page>
200:$42C8	story_and_event_dialogue	Pekeji: Aw, this is boring!<page>
200:$42DA	story_and_event_dialogue	Debug: You're carrying<br>too many items!<br>Drop something.<page><box>
200:$42F4	story_and_event_dialogue	Debug: <cF8>8, huh?<br>Will you discard it?<page><box>
200:$4308	story_and_event_dialogue	Debug: Gaibara wins!<page>
200:$4315	story_and_event_dialogue	Debug: Shiren wins!<page>
200:$4321	story_and_event_dialogue	Debug: Too many items, fu!<page>
200:$4331	story_and_event_dialogue	Debug: You may proceed, fu!<page>
200:$4340	story_and_event_dialogue	Debug: Random number is 2!<page>
200:$434E	story_and_event_dialogue	Debug: Random number is 0!<page>
200:$435C	story_and_event_dialogue	Debug: Random number is 1!<page>
200:$436A	story_and_event_dialogue	Debug: Oryu is somewhere.<page>
200:$437A	story_and_event_dialogue	Debug: Oryu isn't here.<page>
200:$4387	story_and_event_dialogue	Shiren: More spells remain!<page>
200:$4398	story_and_event_dialogue	Shiren: All spells complete!<page>
200:$43AB	story_and_event_dialogue	Shiren: Subroutine Call 1.<page>
200:$43BC	story_and_event_dialogue	Shiren: Subroutine Call 2.<page>
200:$43CD	story_and_event_dialogue	Good: Welcome back!!<page><box>Good: This time, things<br>ended this way, but...<page><box>Good: Your desire<br>to help others...<page><box>Good: I felt it loud and clear!<page><box>Good: I sincerely hope<br>you will try again!<page><box>
200:$445A	story_and_event_dialogue	Higechiyo: Hmm...<page><box>Higechiyo: You must be<br>terribly disappointed.<page><box>Higechiyo: But much can<br>be learned from failure.<page><box>Higechiyo: Ho ho ho.<br>You are only getting started.<page><box>Higechiyo: I envy you.<page><box>
200:$44C8	story_and_event_dialogue	This does various things.<br>Please use it<br>somewhere deserted.
200:$44E3	story_and_event_dialogue	Mamo can now appear.<br>Please exit and<br>reenter the facility.<page>
200:$450B	story_and_event_dialogue	Zenmaiger can now appear.<br>Please exit and<br>reenter the facility.<page>
200:$4536	story_and_event_dialogue	Mamo can now appear.<br>The Blacksmith's<br>Furnace has opened.<page>
200:$4559	story_and_event_dialogue	Big Moai has<br>departed the town.<page>
200:$4574	story_and_event_dialogue	Koppa: This way, <name>!<delay:1E><page><box>Koppa: Move down-right here,<br>and we should get away!<delay:1E><page><box>
200:$45AA	story_and_event_dialogue	Hold START and move<br>down-right diagonally!<delay:5A><page><box>
200:$45CB	story_and_event_dialogue	Press SELECT, then move<br>down-right diagonally!<delay:5A><page><box>
200:$45EA	story_and_event_dialogue	Koppa: Nice, <name>!<br>Keep it up!<delay:1E><page>
200:$4606	story_and_event_dialogue	Koppa: Move diagonally<br>here to avoid the trap.<delay:1E><page>
200:$4628	story_and_event_dialogue	Hold START and move<br>up-right diagonally!<delay:5A><page><box>
200:$4646	story_and_event_dialogue	Press SELECT, then<br>move up-right diagonally!<delay:5A><page><box>
200:$4662	story_and_event_dialogue	Koppa: Great! Keep it up!<br>Let's keep moving!<delay:1E><page>
200:$4688	story_and_event_dialogue	Koppa: Another diagonal.<br>Take it carefully.<delay:1E><page>
200:$46A6	story_and_event_dialogue	Koppa: Nice!<br>That's <name> for you!<page><box><delay:1E>Koppa: Hah! A trap like<br>that won't catch us!<delay:1E><page>
200:$46E6	story_and_event_dialogue	Koppa: Yikes! The traps<br>are scattered all over!<page><box>Koppa: We'll have to zigzag<br>through them diagonally!<page><box>Koppa: Almost there!<br>Keep going, <name>!<page><box>
200:$4741	story_and_event_dialogue	Hold START and<br>zigzag diagonally!<delay:5A><page><box>
200:$4763	story_and_event_dialogue	Stay in diagonal<br>mode and zigzag!<delay:5A><page><box>
200:$477F	story_and_event_dialogue	You cannot bring items<br>into this dungeon.<page><box>Store or discard your<br>items before challenging it.<page>
200:$47C6	story_and_event_dialogue	You cannot bring items<br>into this dungeon.<page><box>Store or discard your<br>items before challenging it.<page>
200:$480D	story_and_event_dialogue	<cF8>h<cF8>i Unit: Bwo-ho! I cannot<br>go there! Bwo-hoooo!<page>
200:$4838	story_and_event_dialogue	Mamo: Hmm? I can't go<br>there. Mamo-ry farewell!<page>
200:$485F	story_and_event_dialogue	Oryu: I can't go there.<page><box>Oryu: I hate the smell<br>of Meat. See you.<page>
200:$488B	story_and_event_dialogue	Pekeji: I'm not good with<br>that dungeon. See you, Bro!<page>
200:$48B6	story_and_event_dialogue	You cannot bring items<br>into this dungeon.<page><box>Store or discard your<br>items before challenging it.<page>
200:$48FD	story_and_event_dialogue	The nine tools<br>began to resonate!<page><box>The nine tools<br>fused together...<page><box>They changed form...<page><box>and became the secret<br>blade Kabura Sutegi!!<page><box>
200:$4951	story_and_event_dialogue	<name> obtained<br>the Kabura Sutegi!!<delay:F0><delay:C0><page><box>
200:$4971	story_and_event_dialogue	Good: Welcome back!!<page><box>Good: Your life comes<br>before any rescue. I am<br>glad you returned safely!<page><box>Good: I sincerely hope<br>you will try again!<page><box>
200:$49C7	story_and_event_dialogue	Higechiyo: Ho ho ho.<page><box>Higechiyo: Charging ahead is<br>not always the right path.<page><box>Higechiyo: Sometimes one<br>needs the courage to retreat.<page><box>
200:$4A1A	story_and_event_dialogue	"You cannot enter the<br>""<hspace:02>Rescue Gate<hspace:02>"" because the<br>Receptionist is absent.<page>"
200:$4A3E	story_and_event_dialogue	"You cannot enter this<br>""<hspace:02>Rescue Gate<hspace:02>"" yet.<page><box>The Rescue Team Receptionist<br>next door can unlock it.<page><box>"
200:$4A82	story_and_event_dialogue	Good: Please be careful!<page><box>Good: May Kron, god<br>of travelers, grant<br>you fair winds!<page><box>
200:$4AA9	story_and_event_dialogue	You cannot bring items<br>into this dungeon.<page><box>Store or discard your<br>items before challenging it.<page><box>
200:$4AF1	story_and_event_dialogue	Dragon Guard: Report!<page><box>Dragon Guard: The escapees<br>broke through the second<br>floor and reached the first!<page><box>Dragon Guard: At this<br>rate, they'll get outside!<page><box>Dragon Guard: I-if...<page><br>if we let them escape...<page><box>
200:$4B70	story_and_event_dialogue	Dragon Guard: Y-yes, sir!<br>Uwaaaah!<page><box>
200:$4B94	story_and_event_dialogue	Dragon Guard: Gack! We<br>have to catch them!!<page><br>Otherwise, we're...<page><box>
200:$4BC9	story_and_event_dialogue	Dragon Guard: There they are!<br>Over there!<page><box>
200:$4BE3	story_and_event_dialogue	Koppa: Whoa!<br>They're still chasing us, and<br>now there are traps ahead...<page><box>
200:$4C0C	story_and_event_dialogue	Koppa: <name>!<br>We need to move<br>diagonally here!<page><box>Koppa: If we move<br>diagonally, we can get<br>away without being hit.<page><box>Koppa: Keep going, <name>!<page><box>
200:$4C61	story_and_event_dialogue	Hold START to make<br>diagonal movement easier.<delay:5A><page><box>
200:$4C84	story_and_event_dialogue	Press SELECT to enter<br>diagonal-only mode.<delay:5A><page><box>
200:$4CA6	story_and_event_dialogue	Strong Guard: Report!<page><box>Strong Guard: They've already<br>reached the third floor!<page><box>Strong Guard: At this<br>rate, they'll escape!!<page><box><delay:1E>Dragon Guard: Hm. That's bad...<page><box><delay:3C>
200:$4D10	story_and_event_dialogue	???: What is it?<page><box><delay:1E>Dragon Guard: Sir!<page><br>There are escapees, but...<page><box>Dragon Guard: They're<br>quite troublesome...<page><box><delay:1E>???: Troublesome, you say...<page><br>They may be useful.<page><box>Dragon Guard: Sir?<page><box>
200:$4D99	story_and_event_dialogue	???: Listen.<page><br>Use the traps.<page><box>
200:$4DB0	story_and_event_dialogue	???: Once a trap catches<br>them, seize them at once.<page><box><delay:1E>Dragon Guard: Sir!!<page><box>
200:$4DE1	story_and_event_dialogue	Dragon Guard: Drive them<br>into the Sleep Trap corridor!<page><box><delay:1E>Strong Guard: Sir!!<page><box>
200:$4E13	story_and_event_dialogue	Strong Guard: Gack!<br>Don't let them escape!!<page><box><delay:1E>Koppa: Yikes! We have<br>to keep moving or<br>we'll never lose them!<page><box>
200:$4E55	story_and_event_dialogue	Rookie Guard: There they are!<br>Hey! Over there!<page><box>
200:$4E72	story_and_event_dialogue	Koppa: Whoa!<br>They're still after us!<page><box>
200:$4E8B	story_and_event_dialogue	Koppa: ...<page>Which way<br>is the exit...?<page><box>
200:$4EAB	story_and_event_dialogue	Rookie Guard: Hey! Someone<br>broke out of the jail!!<page><box>Rookie Guard: Catch them!!<page><box>
200:$4EE0	story_and_event_dialogue	Koppa: Aah!<br>They found us. Run!<page><box>
203:$4120	story_and_event_dialogue	Amokachi: Anyway, the food<br>here really is delicious!!<page>
203:$4141	story_and_event_dialogue	Amokachi: Hmm... Things<br>are getting serious again.<page><box>Amokachi: But the food<br>here really is delicious!!<page>
203:$4183	story_and_event_dialogue	Amokachi: The food here<br>really is delicious!!<page>
203:$41A0	story_and_event_dialogue	Amokachi: You can also modify<br>a trap by pressing A while<br>holding Select. Handy, huh?<page>
203:$41D6	story_and_event_dialogue	Amokachi: I am preparing<br>for the town festival.<page>
203:$41F5	story_and_event_dialogue	Amokachi: I will hold<br>out as long as I can!<page>
203:$420D	story_and_event_dialogue	Amokachi: I am counting<br>on you, <name>!<page>
203:$4222	story_and_event_dialogue	Amokachi: I guess<br>worrying will not help.<page><box>Amokachi: For now,<br>it is time to eat.<page>
203:$4250	story_and_event_dialogue	Amokachi: I do not want to<br>go anywhere that dangerous...<page>
203:$4271	story_and_event_dialogue	Amokachi: The food here<br>is as delicious as ever!<page>
203:$428F	story_and_event_dialogue	Amokachi: The food here<br>is incredibly delicious!<page>
203:$42AA	story_and_event_dialogue	Obaba: To think you<br>reached the very end<br>of the Abyssal Depths!<page><box>Obaba: Your name will<br>forever be passed down<br>in this desert town!<page><box>Obaba: The miasma in the<br>air has also vanished.<page><box>Obaba: No further<br>calamity should befall us.<page><box>Obaba: However...<page><box>Obaba: This is not<br>a calamity, but...<page><box>Obaba: I still sense something<br>from the fallen Magic Castle.<page><box>Obaba: The Castle Keep<br>and the Castle Tower...<page><box>Obaba: A different miasma<br>flows through those places.<page><box>Obaba: The cycle by<br>which all things change...<page><box>Obaba: It seems different<br>in those places alone...<page>
203:$43EB	story_and_event_dialogue	Obaba: The Abyssal Depths<br>lie beyond the desert<br>outside the town entrance.<page><box>Obaba: I fear this<br>will be your most<br>grueling journey yet...<page><box>Obaba: But please,<br>save the Princess...<page>
203:$4455	story_and_event_dialogue	Obaba: The Abyssal Depths<br>lie beyond the desert<br>outside the town entrance.<page><box>Obaba: You can take neither<br>items nor companions.<page><box>Obaba: This will be your<br>most grueling journey yet.<page>
203:$44D1	story_and_event_dialogue	Obaba: Have you found the<br>Ultimate Soil since then?<page><box>Obaba: What...?<page><box>Obaba: Not yet...?<page><box>Obaba: Ka-ka-ka-ka!!<page><box>Obaba: Forgive me.<page><box>Obaba: It seems to be a<br>rather unusual dungeon.<page><box>Obaba: Take your<br>time and keep trying.<page><box>Obaba: Yet...<page><box>Obaba: The flow of miasma<br>still feels strange...<page>
203:$4580	story_and_event_dialogue	Obaba: Hmm...<br>The flow of miasma<br>feels somehow strange...<page>
203:$45A7	story_and_event_dialogue	Obaba: What are you saying?<page><box>Obaba: I merely held it back.<page><box>Obaba: Everything was<br>thanks to <name>.<page>
203:$45EF	story_and_event_dialogue	Obaba: Something appears to<br>be happening in the dunes...<page>
203:$4612	story_and_event_dialogue	Obaba: Leave the Lord to me.<page><box>Obaba: You must hurry<br>after Curas at once!<page>
203:$4654	story_and_event_dialogue	Obaba: Light of<br>heaven and earth...<page><box>Obaba: Drive away the<br>dark and wicked miasma...<page>
203:$4683	story_and_event_dialogue	Obaba: Hmm... This is bad.<page><box>Obaba: No matter how I<br>consider it, this is very bad...<page>
203:$46A9	story_and_event_dialogue	Obaba: The full moon<br>will soon be upon us...<page>
203:$46C8	story_and_event_dialogue	Obaba: Oh, even a young<br>child like you is worried...<page><box>Obaba: It will be all<br>right. Do not worry.<page><box>Obaba: Hope will surely come.<page>
203:$4722	story_and_event_dialogue	Obaba: Events are always<br>unfolding where none can see.<page><box>Obaba: By the time their<br>movement is plain to everyone,<br>it is already too late.<page>
203:$4771	story_and_event_dialogue	Obaba: Something...<page><box>Obaba: Something is<br>about to happen...<page>
203:$4798	story_and_event_dialogue	Obaba: The air is stagnant...<page><box>Obaba: Times like this<br>make me fear something<br>bad will happen...<page>
203:$47E2	story_and_event_dialogue	Bibingida: ...<page>
203:$47EE	story_and_event_dialogue	Bibingida: I am so glad<br>the Princess is safe!!<page>
203:$480A	story_and_event_dialogue	Bibingida: The Princess<br>was abducted?!!<page>
203:$4826	story_and_event_dialogue	Bibingida: What in<br>the world happened...?<page>
203:$4841	story_and_event_dialogue	Bibingida: The hanging<br>scroll in Nuwanko's house...<page><box>Bibingida: concealed<br>a dungeon?<page><box>Bibingida: What a surprise!!<page>
203:$4883	story_and_event_dialogue	Bibingida: Thanks to you,<br><name>, everyone<br>can live happily again.<page><box>Bibingida: Thank you so much!<page>
203:$48BE	story_and_event_dialogue	Bibingida: Thanks to you,<br><name>, everyone<br>can live happily again.<page><box>Bibingida: Thank you so much!<page>
203:$48F9	story_and_event_dialogue	Bibingida: This is no<br>time to expand the shop!<page><box>Bibingida: I will fight too!!<page><box>Bibingida: This Scroll<br>may prove useful!<page><box>Bibingida: Would you<br>like me to read it?<page><box>
203:$4950	story_and_event_dialogue	Bibingida: Do your best!!<page><box>Bibingida: This Scroll<br>may prove useful!<page><box>Bibingida: Would you<br>like me to read it?<page><box>
203:$498E	story_and_event_dialogue	"Bibingida: ""The secret<br>to conquering dungeons...<page><box>Bibingida: is to<br>read the Hints!""<page><box>Bibingida: ""Press B to open<br>the menu and view Hints!""<page><box>Bibingida: ""Read the<br>Hints and become a<br>first-rate Wanderer!""<page><box>Bibingida: Well? Did you<br>learn anything useful?<page>"
203:$4A36	story_and_event_dialogue	Bibingida: I see.<br>You can read it anytime<br>you feel like it.<page><box>Bibingida: Anyway,<br>do your best!<page>
203:$4A66	story_and_event_dialogue	Bibingida: It is already<br>evening. Perhaps it is<br>time to close the shop...<page>
203:$4A8C	story_and_event_dialogue	Bibingida: Everyone<br>is making such a fuss.<br>Did something happen?<page><box>Bibingida: By the way,<br>someone gave me this Scroll...<page><box>Bibingida: Would you<br>like me to read it?<page><box>
203:$4ADC	story_and_event_dialogue	Bibingida: It<br>certainly is noisy.<page><box>Bibingida: By the way,<br>someone gave me this Scroll...<page><box>Bibingida: Would you<br>like me to read it?<page><box>
203:$4B20	story_and_event_dialogue	Bibingida: Someone<br>gave me this Scroll...<page><box>Bibingida: Would you<br>like me to read it?<page><box>
203:$4B48	story_and_event_dialogue	"Bibingida: ""The secret<br>to conquering dungeons...<page><box>Bibingida: is to<br>read the Hints!""<page><box>Bibingida: ""Press B to open<br>the menu and view Hints!""<page><box>Bibingida: ""Read the<br>Hints and become a<br>first-rate Wanderer!""<page><box>Bibingida: What in<br>the world is this?<page>"
203:$4BEC	story_and_event_dialogue	Bibingida: What could it be...?<br>This Scroll has me curious...<page>
203:$4C0F	story_and_event_dialogue	Bibingida: Business is<br>booming again today.<page><box>Bibingida: Come on, handsome.<br>Buy something from me.<page>
203:$4C51	story_and_event_dialogue	Bubuyaro: I knew you<br>could do it, big bro!<page>
203:$4C71	story_and_event_dialogue	Bubuyaro: Levels gained in<br>the training grounds will not<br>matter in the Abyssal Depths.<page><box>Bubuyaro: But I know you can<br>rescue the Princess, big bro!!<page>
203:$4CCA	story_and_event_dialogue	Bubuyaro: It is noisy<br>near the town entrance...<page><box>Bubuyaro: Did<br>something happen?<page>
203:$4CF3	story_and_event_dialogue	Bubuyaro: Even if you<br>gain levels in the<br>training grounds...<page><box>Bubuyaro: More dungeons seem<br>to reset your level now.<page>
203:$4D39	story_and_event_dialogue	Bubuyaro: The trap<br>arts sound difficult.<page><box>Bubuyaro: I hear your level<br>resets when you enter,<br>even after training...<page>
203:$4D89	story_and_event_dialogue	Bubuyaro: It sounds like the<br>town is holding a festival.<page><box>Bubuyaro: I heard the<br>adults discussing it.<page>
203:$4DC5	story_and_event_dialogue	Bubuyaro: Do your<br>best, big bro!<page><box>Bubuyaro: You should<br>train before going<br>to Jahannam's Gate!<page>
203:$4E05	story_and_event_dialogue	Bubuyaro: I heard there<br>is something to discuss<br>at Tonfan's place.<page>
203:$4E25	story_and_event_dialogue	Bubuyaro: Sis, I am hungry.<page>
203:$4E3D	story_and_event_dialogue	Bubuyaro: Things are<br>starting to get dangerous.<page><box>Bubuyaro: Times like<br>these call for training!<page><box>Bubuyaro: Train<br>hard and level up!!<page>
203:$4E84	story_and_event_dialogue	Bubuyaro: These are<br>the training grounds.<page><box>Bubuyaro: Train here to raise<br>your level, then enter a<br>dungeon at that same level.<page><box>Bubuyaro: It is a good<br>idea to train here before<br>entering a dungeon.<page>
203:$4EF0	story_and_event_dialogue	Bubuyaro: It is almost<br>as though the Magic<br>Castle itself is alive...<page>
203:$4F12	story_and_event_dialogue	Bubuyaro: These are<br>the training grounds.<page><box>Bubuyaro: Train here to raise<br>your level, then enter a<br>dungeon at that same level.<page><box>Bubuyaro: It is a good<br>idea to train here before<br>entering a dungeon.<page>
203:$4F7E	story_and_event_dialogue	Goto: Listen. Keep<br>this between us...<page><box>Goto: The truth is...<page><box>Goto: I found a strange<br>scrap of paper earlier.<page><box>Goto: It says something<br>about a lottery...<page><box>Goto: Does that mean<br>anything to you?<page><box>
203:$4FEA	story_and_event_dialogue	Goto: This is it...<page><box>
203:$4FFB	story_and_event_dialogue	Goto: Well? Did you<br>figure anything out?<page>
203:$5013	story_and_event_dialogue	Goto: Speak to me anytime<br>you want another look.<page>
203:$5032	story_and_event_dialogue	Goto: We will hold<br>them back somehow!<page><box>Goto: Hurry to Jahannam's<br>Gate, <name>!!<page>
203:$506C	story_and_event_dialogue	Goto: We will do our best too!<page>
203:$507E	story_and_event_dialogue	Goto: We are counting on you!!<page>
203:$508D	story_and_event_dialogue	Goto: There is nothing<br>we can do right now.<page>
203:$50AF	story_and_event_dialogue	Goto: Things will turn<br>out badly at this rate...<page>
203:$50C6	story_and_event_dialogue	Goto: Everyone in this<br>town loves gossip.<page><box>Goto: Though I<br>suppose I do too.<page>
203:$50FD	story_and_event_dialogue	Goto: I hear a man named<br>Zagan recently became the<br>Lord's chief retainer...<page>
203:$5131	story_and_event_dialogue	Hachi the Wanderer: I am<br>going through the Gate.<page><box>Hachi the Wanderer: I<br>want to rescue my friend!<page><box>Hachi the Wanderer:<br>This time... I will do it!<page>
203:$517A	story_and_event_dialogue	Hachi the Wanderer: Another<br>SOS Password arrived...<page><box>Hachi the Wanderer:<br>But I am hesitating.<page><box>Hachi the Wanderer: Do I<br>truly deserve to rescue<br>anyone after what I did...?<page>
203:$51CE	story_and_event_dialogue	Hachi the Wanderer: My friend<br>was caught in an explosion<br>right before my eyes...<page><box>Hachi the Wanderer: Ugh...<page><box>Hachi the Wanderer:<br>And then... And then...<page>
203:$5209	story_and_event_dialogue	Hachi the Wanderer: I...<page><box>Hachi the Wanderer: I...<page><box>Hachi the Wanderer:<br>did something that<br>can never be undone...<page>
203:$5234	story_and_event_dialogue	Hachi the Wanderer:<br>I received another<br>SOS Password.<page><box>Hachi the Wanderer: I am off<br>to rescue them! I cannot wait<br>to put my skills to work!<page>
203:$5279	story_and_event_dialogue	Hachi the Wanderer:<br>Good thanked me earlier!<page><box>Hachi the Wanderer: He said he<br>expects great things from me!<page><box>Hachi the Wanderer: I was so<br>happy my legs started shaking!<page>
203:$52CE	story_and_event_dialogue	Hachi the Wanderer:<br>They say Good has<br>scars all over his body.<page><box>Hachi the Wanderer: He<br>must have risked himself to<br>rescue others time and again.<page><box>Hachi the Wanderer: I will<br>rescue lots of people too and<br>become a trusted Wanderer!<page>
203:$534E	story_and_event_dialogue	Hachi the Wanderer: Pigeons<br>carrying SOS Passwords<br>keep arriving without end.<page><box>Hachi the Wanderer: I<br>intend to rescue as<br>many people as I can.<page>
203:$53A7	story_and_event_dialogue	Hachi the Wanderer: When I<br>first became a Wanderer, a<br>rescue party saved me too...<page><box>Hachi the Wanderer: The<br>one who rescued me was<br>Good, right over there.<page><box>Hachi the Wanderer: I still<br>remember that day clearly...<page>
203:$5432	story_and_event_dialogue	Hachi the Wanderer:<br>Why do I spend all my<br>time rescuing people?<page><box>Hachi the Wanderer:<br>I-It is not because<br>I expect a reward!<page>
203:$5477	story_and_event_dialogue	Hachi the Wanderer: My<br>friend is calling for help!<page><box>Hachi the Wanderer:<br>I must hurry!!<page>
203:$54A4	story_and_event_dialogue	Higechiyo: Ho ho. This<br>is the Training Dungeon.<page><box>Higechiyo: But it is not<br>open yet. My apologies.<page><box>Higechiyo: Ho ho.<page>
203:$54EA	story_and_event_dialogue	Higechiyo: Ho ho ho.<page><box>Higechiyo: This is<br>the Training Dungeon.<page><box>Higechiyo: It returns you<br>to Level 1 so you may<br>retrain your body and spirit.<page><box>Higechiyo: You...<page><box>Higechiyo: You have fine eyes.<page><box>Higechiyo: Master<br>your own path.<page><box>Higechiyo: Now,<br>what do you seek?
203:$5569	story_and_event_dialogue	Higechiyo: Ho ho ho.<page><box>Higechiyo: This is<br>the Training Dungeon.<page><box>Higechiyo: It returns you<br>to Level 1 so you may<br>retrain your body and spirit.<page><box>Higechiyo: Even wounded<br>and defeated, you still<br>walk your own path...<page><box>Higechiyo: Very well...<page><box>Higechiyo: What do you seek?
203:$55F7	story_and_event_dialogue	Higechiyo: Ho ho ho.<page><box>Higechiyo: This is<br>the Training Dungeon.<page><box>Higechiyo: It returns you<br>to Level 1 so you may<br>retrain your body and spirit.<page><box>Higechiyo: The light has<br>not yet left your eyes.<page><box>Higechiyo: What do you seek?
203:$566F	story_and_event_dialogue	Higechiyo: Ho ho ho.<page><box>Higechiyo: This is<br>the Training Dungeon.<page><box>Higechiyo: It returns you<br>to Level 1 so you may<br>retrain your body and spirit.<page><box>Higechiyo: What do you seek?
203:$56C6	story_and_event_dialogue	Higechiyo: Ho ho. I see.<br>Come again anytime.<page>
203:$56EB	story_and_event_dialogue	Higechiyo: Hmm...<page><box>Higechiyo: I am afraid...<page><box>Higechiyo: Training<br>with items is forbidden.<page><box>Higechiyo: Store them<br>in the warehouse, then<br>return when you are ready.<page>
203:$5762	story_and_event_dialogue	"Higechiyo: Hoh?<page><box>Higechiyo: It seems you<br>have never trained before...<page><box>Higechiyo: Let me see...<page><box>Higechiyo: I shall<br>choose one for you.<page><box>Higechiyo: Hmm. How<br>does this sound?<page><box>Higechiyo: ""<cF8>9<cF8>af"".<page><box>Higechiyo: What do you think?"
203:$57D0	story_and_event_dialogue	Higechiyo: Hoh!<page><box>Higechiyo: You refuse...<page><box>Higechiyo: Very well...<page>
203:$57FC	story_and_event_dialogue	Higechiyo: Set the<br>difficulty of the dungeon<br>where you wish to train.<page><box>
203:$5828	story_and_event_dialogue	Higechiyo: Ho ho.<page><box>Higechiyo: Next, choose<br>the number of floors.<br><hspace:0F><hspace:0F><hspace:0F><hspace:0F><hspace:0F><hspace:0F><hspace:0F><hspace:0F>f
203:$585B	story_and_event_dialogue	Higechiyo: Hmm...<br>I am afraid that<br>cannot be done.<page><box>
203:$587A	story_and_event_dialogue	"Higechiyo: Ho ho.<br>Are you certain about ""<cF8>9<cF8>af""?"
203:$589F	story_and_event_dialogue	Higechiyo: Ho ho ho...<br>Then let the training...<page><box>Higechiyo: Hm?<page><box>Higechiyo: Ho ho ho.<page><box>Higechiyo: I know you<br>feel uneasy, but you<br>must go alone from here.<page><box>Higechiyo: A companion may<br>tempt you to rely upon them.<page><box>Higechiyo: It will be too<br>late once you lose your life.<page><box>Higechiyo: Be strict<br>with yourself.<page><box>Higechiyo: Be kind to others.<page><box>Higechiyo: Do you understand?<page><box>Higechiyo: Then let<br>the training begin.<page><box>Higechiyo: Do not push<br>yourself too hard.<page><box>
203:$597C	story_and_event_dialogue	Higechiyo: Ho ho.<br>Then let the training begin.<page><box>Higechiyo: Do not push<br>yourself too hard.
203:$59B1	story_and_event_dialogue	"Higechiyo: You wish<br>to train in the same<br>dungeon as before?<page><box>Higechiyo: Ho ho.<br>Are you certain about ""<cF8>9<cF8>af""?"
203:$59F9	story_and_event_dialogue	"Higechiyo: Hm...?<br>It seems you received dungeon<br>data through communication.<page><box>Higechiyo: Ho ho.<br>Are you certain about ""<cF8>9<cF8>af""?"
203:$5A4B	story_and_event_dialogue	"Higechiyo: Ho ho. Now then...<page><box>Higechiyo: Shall I<br>explain training?<page><box>Higechiyo: Leave a Mysterious<br>Dungeon once, and everything<br>inside changes completely.<page><box>Higechiyo: But the Training<br>Dungeon is special.<page><box>Higechiyo: Unless you change<br>its settings, you may play<br>the same dungeon again.<page><box>Higechiyo: In other words, the<br>dungeon layout is remembered.<page><box>Higechiyo: You can even<br>remember where each<br>item was found. Ho ho.<page><box>Higechiyo: When choosing<br>a dungeon, select<br>""Same as Before"".<page><box>Higechiyo: You will enter<br>the previous dungeon again.<page><box>Higechiyo: However...<page><box>Higechiyo: If you change the<br>settings instead, those will<br>be remembered from then on.<page><box>Higechiyo: Take care.<page><box>"
203:$5BF3	story_and_event_dialogue	Ichipeba: What a relief.<page><box>Ichipeba: The truth is, I am<br>in love with the Princess.<page><box>Ichipeba: Blush.<page>
203:$5C20	story_and_event_dialogue	Ichipeba: Princess!!<page>
203:$5C30	story_and_event_dialogue	Ichipeba: The Wanado<br>Tournament is over, but you<br>can still enter the dungeon.<page>
203:$5C5B	story_and_event_dialogue	Ichipeba: The Wanado<br>Tournament is over, but you<br>can still enter the dungeon.<page>
203:$5C86	story_and_event_dialogue	Ichipeba: The Trap Parts!<page>
203:$5C96	story_and_event_dialogue	Ichipeba: I am helping<br>with the town festival.<page>
203:$5CB1	story_and_event_dialogue	Ichipeba: It is a full moon!<page>
203:$5CBF	story_and_event_dialogue	Ichipeba: Th-The Magic Castle!<page>
203:$5CCF	story_and_event_dialogue	Ichipeba: I can see<br>something like an aura<br>around the Magic Castle.<page>
203:$5CEF	story_and_event_dialogue	Ichipeba: These are the dunes.<page>
203:$5D01	story_and_event_dialogue	Ichipeba: All three of<br>us cannot pass together!<page>
203:$5D1B	story_and_event_dialogue	Kiko: You rescued the<br>Princess! Thank you!<page><box>Kiko: I love you!!<page>
203:$5D40	story_and_event_dialogue	Kiko: Please!<br>You have to rescue<br>the Princess!!<page>
203:$5D5B	story_and_event_dialogue	Kiko: I played with the<br>Princess yesterday.<page><box>Kiko: We played tag, and<br>she read me a book...<page><box>Kiko: The Princess<br>was so kind.<page>
203:$5DB2	story_and_event_dialogue	Kiko: Wow! What a<br>beautiful flower!<page>
203:$5DC5	story_and_event_dialogue	Kiko: I am glad the<br>Lord is feeling better.<page>
203:$5DE3	story_and_event_dialogue	Kiko: Do you think<br>I could fight too?<page>
203:$5DF7	story_and_event_dialogue	Kiko: Ugh...<br>I would rather stay<br>at Tonfan's place.<page>
203:$5E1A	story_and_event_dialogue	Kiko: Oh, no.<page><box>Kiko: Let us try a little<br>harder on our own.<page>
203:$5E41	story_and_event_dialogue	Kiko: Obaba.<page><box>Kiko: What will happen<br>to the Town of Ilpa?<page>
203:$5E61	story_and_event_dialogue	Kiko: No way.<page><box>Kiko: Even so, that<br>cannot possibly be true.<page>
203:$5E80	story_and_event_dialogue	Kiko: No way.<page><box>Kiko: Even with<br>mysterious powers, that<br>cannot possibly be true.<page>
203:$5EB0	story_and_event_dialogue	Kiko: No way.<page><box>Kiko: Even with<br>mysterious powers, that<br>cannot possibly be true.<page>
203:$5EE0	story_and_event_dialogue	Komaru: Leave the exchange<br>of dungeon data to me.<page><box>Komaru: Ask me anything!
203:$5F0E	story_and_event_dialogue	Komaru: You are stopping?<page><box>Komaru: Come back again.<page>
203:$5F27	story_and_event_dialogue	Komaru: Which method<br>should I explain?
203:$5F3A	story_and_event_dialogue	Komaru: Okay! Now then...<page><box>Komaru: I will<br>explain Passwords.<page><box>Komaru: Have you ever wanted<br>to show a friend the dungeon<br>where you are training?<page><box>Komaru: A Password<br>is one way to do that.<page><box>Komaru: I turn the dungeon<br>you are currently exploring<br>into a Password for you.<page><box>Komaru: Simply write it down<br>and give it to your friend.<page><box>Komaru: Your friend brings<br>the note to me and enters<br>the Password. That is all!<page><box>Komaru: Easy, right?<page><box>Komaru: Make up different<br>rules and it could be<br>fun to play with friends!<page><box>Komaru: But do<br>not misunderstand.<page><box>Komaru: Only the inside of<br>the dungeon will be identical.<page><box>Komaru: You will not actually<br>enter the dungeon together.<page><box>
203:$60C5	story_and_event_dialogue	Komaru: Okay!<page><box>Komaru: Now then...<page><box>Komaru: I will<br>explain the Cable.<page><box>Komaru: Ever wished for an<br>easy way to show a friend<br>your training dungeon?<page><box>Komaru: That is exactly<br>when the Cable comes in!<page><box>Komaru: Speak to me and<br>follow the Cable procedure.<page><box>Komaru: In no time at all,<br>your friend will receive the<br>dungeon you are exploring.<page><box>Komaru: Then your friend<br>can play an identical<br>copy of that dungeon.<page><box>Komaru: Convenient, right?<page><box>Komaru: Make up different<br>rules and it could be<br>fun to play with friends!<page><box>Komaru: But do<br>not misunderstand.<page><box>Komaru: Only the inside of<br>the dungeon will be identical.<page><box>Komaru: You will not actually<br>enter the dungeon together.<page><box>
203:$626B	story_and_event_dialogue	Komaru: Do you want<br>to send dungeon data?<page><box>Komaru: Or receive it?
203:$6294	story_and_event_dialogue	"Komaru: You want to<br>send dungeon data?<page><box>Komaru: Is the Link<br>Cable connected?<page><box>Komaru: Is the<br>other player ready?<page><box>Komaru: To receive your<br>data, the other player<br>must visit me too.<page><box>Komaru: Have them speak<br>to me, select ""Cable"",<br>then choose ""Receive"".<page><box>Komaru: Once you send<br>the data, have them press<br>the A Button immediately.<page><box>Komaru: Now, shall we send it?"
203:$6370	story_and_event_dialogue	Komaru: Huh...?!<br>I cannot connect.<page><box>
203:$638C	story_and_event_dialogue	"Komaru: Okay!<page><box>Komaru: The dungeon<br>data for ""<cF8>9<cF8>af"" reached<br>the other player!<page><box>Komaru: Come see me again<br>if you need anything.<page>"
203:$63DF	story_and_event_dialogue	"Komaru: You want to<br>receive dungeon data?<page><box>Komaru: Is the Link<br>Cable connected?<page><box>Komaru: Is the<br>other player ready?<page><box>Komaru: To send you<br>data, the other player<br>must visit me too.<page><box>Komaru: Have them speak<br>to me, select ""Cable"",<br>then choose ""Send"".<page><box>Komaru: When they send the<br>data, press the A Button.<page><box>Komaru: Now, let us receive it!"
203:$64B3	story_and_event_dialogue	Komaru: Huh...?!<br>I cannot connect.<page><box>
203:$64CF	story_and_event_dialogue	Komaru: It seems you cannot<br>enter that dungeon yet.<page><box>Komaru: You need to<br>advance the story a little<br>further. Keep trying!<page>
203:$6518	story_and_event_dialogue	"Komaru: Here it comes!<page><box>Komaru: The dungeon data<br>for ""<cF8>9<cF8>af"" has arrived!<page><box>Komaru: Select ""Same as<br>Before"" when choosing<br>a dungeon to play it!<page><box>Komaru: One more thing...<page><box>Komaru: If you select<br>another dungeon, you will<br>lose this one. Be careful!<page>"
203:$65B5	story_and_event_dialogue	Komaru: Enter a<br>Password you received?<page><box>Komaru: Or view the Password<br>for your own dungeon?
203:$65EC	story_and_event_dialogue	"Komaru: Huh?<page><box>Komaru: You have<br>never trained before.<page><box>Komaru: But do not worry!<br>I will choose one for you.<page><box>Komaru: Let me see...<page><box>Komaru: How about this?<page><box>Komaru: It says ""<cF8>9<cF8>af"".<page><box>Komaru: The Password is...<page><box>Komaru: ""<cF8>3"".<page><box>Komaru: Write it down.<page>"
203:$6687	story_and_event_dialogue	"Komaru: Oh...<br>You received dungeon data<br>through communication.<page><box>Komaru: That dungeon is ""<cF8>9<cF8>af"".<page><box>Komaru: The Password is...<page><box>Komaru: ""<cF8>3"".<page><box>Komaru: Write it down.<page>"
203:$66EF	story_and_event_dialogue	"Komaru: Let me see...<br>The dungeon you last<br>entered was ""<cF8>9<cF8>af"".<page><box>Komaru: The Password is...<page><box>Komaru: ""<cF8>3"".<page><box>Komaru: Write it down.<page>"
203:$6739	story_and_event_dialogue	Komaru: Okay. Now<br>enter the Password.<page>
203:$675B	story_and_event_dialogue	"Komaru: Here it comes!<page><box>Komaru: The dungeon data<br>for ""<cF8>9<cF8>af"" has arrived!<page><box>Komaru: Select ""Same as<br>Before"" when choosing<br>a dungeon to play it!<page><box>Komaru: One more thing...<page><box>Komaru: If you select<br>another dungeon, you will<br>lose this one. Be careful!<page>"
203:$67F8	story_and_event_dialogue	Komaru: That Password<br>appears to be wrong.<br>Try entering it again.<page><box>
203:$6820	story_and_event_dialogue	Komaru: It seems you cannot<br>enter that dungeon yet.<page><box>Komaru: You need to<br>advance the story a little<br>further. Keep trying!<page>
203:$6869	story_and_event_dialogue	Koppa: We came all<br>this way. Let us look<br>around a little more.<page>
203:$688B	story_and_event_dialogue	Wanda: Are you looking<br>for a woman named Oryu?<page><box>Wanda: I saw her heading<br>toward the dunes.<page>
203:$68C9	story_and_event_dialogue	Now is not the time to fight!<page><box>Oryu is waiting on the hill<br>overlooking the Magic Castle!<page>
203:$69A4	story_and_event_dialogue	Roku the Wanderer: I will<br>rescue lots of people<br>and become famous too!!<page>
203:$69CA	story_and_event_dialogue	Sabu the Wanderer:<br>How many people have<br>you rescued so far?<page>
203:$69E9	story_and_event_dialogue	Sachi: Good morning!<page><box>Sachi: You have not eaten<br>breakfast yet, have you?<page><box>Sachi: Take your time.<page>
203:$6A10	story_and_event_dialogue	Sachi: <name>.<br>Please take care of Ateka...<page>
203:$6A2B	story_and_event_dialogue	Sachi: Are you all<br>right, my Lord?<page>
203:$6A44	story_and_event_dialogue	Sachi: Master Gaibara could<br>simply go fetch it himself.<page>
203:$6A66	story_and_event_dialogue	Sachi: Congratulations<br>on winning!<page><box>Sachi: I knew you could<br>do it, <name>!<page>
203:$6A85	story_and_event_dialogue	Sachi: Good morning!<page><box>Sachi: My father<br>announced the Wanado<br>Tournament, remember?<page><box>Sachi: He becomes a different<br>person when he is announcing...<page><box>Sachi: Anyway, do your best<br>in the Wanado Tournament!<page>
203:$6AF8	story_and_event_dialogue	Sachi: I love having flowers<br>decorating the shop. La-la-la.<page>
203:$6B19	story_and_event_dialogue	Sachi: Pekeji does<br>nothing but eat...<page><box>Sachi: Has he ever considered<br>doing some work for a change?<page>
203:$6B58	story_and_event_dialogue	Sachi: We will defend<br>the Town of Ilpa!<page>
203:$6B73	story_and_event_dialogue	Sachi: We will defend<br>the Town of Ilpa!<page>
203:$6B8E	story_and_event_dialogue	Sachi: The Lord looks like<br>he is in terrible pain...<page>
203:$6BA9	story_and_event_dialogue	Sachi: It is already night,<br>so we are closing the shop.<page><box>Sachi: Cleaning up<br>is hard work too.<page>
203:$6BCF	story_and_event_dialogue	Sachi: He still<br>has not recovered.<page><box>Sachi: I hope he<br>will be all right...<page>
203:$6BEF	story_and_event_dialogue	Sachi: Poor thing...<page>
203:$6BFE	story_and_event_dialogue	Sachi: Do your best!<page>
203:$6C0B	story_and_event_dialogue	Sachi: What<br>happened to Pekeji?<page>
203:$6C1C	story_and_event_dialogue	Sanpeba: What a relief.<page><box>Sanpeba: The truth is, I am<br>in love with the Princess!<page><box>Sanpeba: B-B-B-Blush!!<page>
203:$6C4E	story_and_event_dialogue	Sanpeba:<br>Priiiiiinceeeeeesssss!!!<page>
203:$6C71	story_and_event_dialogue	Sanpeba: I wonder<br>what lies at the very<br>bottom of this place?<page>
203:$6C95	story_and_event_dialogue	Sanpeba: I wonder<br>what lies at the very<br>bottom of this place?<page>
203:$6CB9	story_and_event_dialogue	Sanpeba: The Trap Paaaaarts!!<page>
203:$6CDB	story_and_event_dialogue	Sanpeba: I am helping too.<page><box>Sanpeba: Though in the<br>end, all I do is watch.<page>
203:$6D04	story_and_event_dialogue	Sanpeba: The full moon<br>and the Magic Castle.<page><box>Sanpeba: Somehow, they<br>are making me hungry.<page>
203:$6D27	story_and_event_dialogue	Sanpeba: The<br>Magic Caaaaastle!!<page>
203:$6D3A	story_and_event_dialogue	Sanpeba: Looking at that<br>somehow fires us up too.<page><box>Sanpeba: Raaah!<page>
203:$6D65	story_and_event_dialogue	Sanpeba: Standing solemnly<br>in a row of three like this<br>makes me feel focused.<page><box>
203:$6D94	story_and_event_dialogue	Sanpeba: And we are the<br>three Peba brothers.<page>
203:$6DB2	story_and_event_dialogue	Sanpeba: I-It is<br>cramped! Move over!<page><box>
203:$6DCC	story_and_event_dialogue	Sanpeba: And we are the<br>three Peba brothers.<page>
203:$6DEA	story_and_event_dialogue	Sara: I am so glad<br>the Princess is safe!<page><box>Sara: Thank you so<br>much, <name>.<page>
203:$6E19	story_and_event_dialogue	Sara: The Princess must<br>be deep underground among<br>the monsters by now...<page><box>Sara: Oh, I am so worried.<page>
203:$6E49	story_and_event_dialogue	Sara: I must thank the<br>Princess next time I see her.<page>
203:$6E67	story_and_event_dialogue	Sara: What a cute little puppy.<page><box>Sara: Have you decided to<br>keep it at Tonfan's place?<page>
203:$6E95	story_and_event_dialogue	Sara: <name>!<br>Please help us!<page>
203:$6EAA	story_and_event_dialogue	Sara: A woman headed toward<br>the dunes a moment ago.<page>
203:$6ECE	story_and_event_dialogue	Sara: Hey!<br>Do not say that in<br>front of Mother.<page><box>Sara: Though it is true...<page>
203:$6F09	story_and_event_dialogue	Sara: I have heard<br>nasty rumors about<br>the Princess lately...<page><box>Sara: But I cannot imagine<br>her doing such things.<page>
203:$6F4F	story_and_event_dialogue	Sara: Since it became the<br>Magic Castle, even we desert<br>folk have not been inside.<page><box>Sara: They say all sorts of<br>things, such as that anyone<br>who enters can never leave.<page>
203:$6FB8	story_and_event_dialogue	Sara: The food here<br>truly is delicious.<page>
203:$6FD5	story_and_event_dialogue	Sara: This town has a<br>restaurant called Tonfan.<page><box>Sara: The food there<br>is delicious. You<br>really must stop by.<page>
203:$7024	story_and_event_dialogue	You cannot bring items<br>into this dungeon.<page><box>Store or discard your<br>items before challenging it.<page>
203:$706B	story_and_event_dialogue	Shiro the Wanderer: The<br>person I rescued sent me<br>a Thank-You Password.<page><box>Shiro the Wanderer:<br>Tch! What a pain.<page><box>Shiro the Wanderer:<br>Such a pain...<page><box>Shiro the Wanderer: Heh...<page>
203:$70C0	story_and_event_dialogue	Shiro the Wanderer:<br>That fellow Hachi has<br>completely fallen apart.<page><box>Shiro the Wanderer: Rescuing<br>people is not easy, you know.<page>
203:$7108	story_and_event_dialogue	Shiro the Wanderer: I<br>hear Hachi's friend was<br>caught in an explosion.<page><box>Shiro the Wanderer: It was<br>not deliberate, but he still<br>seems torn up about it.<page>
203:$716B	story_and_event_dialogue	Shiro the Wanderer: I<br>guess being thanked by<br>someone is not so bad...<page><box>Shiro the Wanderer: Oh...<page><box>Shiro the Wanderer:<br>I-Idiot! I was only joking!<page>
203:$71D2	story_and_event_dialogue	Shiro the Wanderer: Oww...<br>That blasted Minotaur...<page><box>Shiro the Wanderer:<br>Oh? It is you.<page><box>Shiro the Wanderer: Wh-What?!<br>I was not rescuing anyone!<page><box>Shiro the Wanderer: I<br>only wanted the reward!<page>
203:$724C	story_and_event_dialogue	Shiro the Wanderer: The<br>man at that counter told<br>me to keep doing my best.<page><box>Shiro the Wanderer: But I<br>hate pain and scary things...<page>
203:$729F	story_and_event_dialogue	Shiro the Wanderer: Say...<br>Do you know an easy<br>way to rescue people?<page><box>Shiro the Wanderer: Pushing<br>yourself is exhausting, right?<page><box>Shiro the Wanderer: And<br>I hate getting hurt.<page><box>Shiro the Wanderer:<br>Ah, I want some Meat.<page>
203:$7318	story_and_event_dialogue	Shiro the Wanderer: The<br>man at that counter<br>is always so intense.<page><box>Shiro the Wanderer: Why is<br>he constantly worked up?<page>
203:$735A	story_and_event_dialogue	Shiro the Wanderer: I try to<br>rescue all sorts of people...<page><box>Shiro the Wanderer:<br>But it never works out.<page><box>Shiro the Wanderer: What<br>am I doing wrong...?<page><box>Shiro the Wanderer: Maybe<br>bare hands are not enough...<page>
203:$73C5	story_and_event_dialogue	Shiro the Wanderer: How many<br>people have you rescued?!<page><box>Shiro the Wanderer: I have<br>not rescued anyone yet.<page><box>Shiro the Wanderer: That<br>Hachi fellow over there seems<br>to have rescued quite a few.<page>
203:$7422	story_and_event_dialogue	Shiro the Wanderer: I<br>hear you receive a reward<br>for a successful rescue.<page><box>Shiro the Wanderer:<br>That is why I decided<br>to try it myself.<page>
203:$7472	story_and_event_dialogue	Shizu: I love you!!<page>
203:$7481	story_and_event_dialogue	Shizu: I am begging you too.<br>Please save the Princess!<page>
203:$74A1	story_and_event_dialogue	Shizu: The Princess<br>is a good person.<page>
203:$74B5	story_and_event_dialogue	Shizu: This place may<br>require a truly devious<br>person to conquer it...<page><box>Shizu: What? Me?<page><box>Shizu: You say it<br>suits me perfectly<br>because I am devious?<page><box>Shizu: How rude! I<br>could never do it.<page>
203:$752A	story_and_event_dialogue	Shizu: The Princess was<br>not a bad person after all.<page><box>Shizu: I suspected as much.<page>
203:$7564	story_and_event_dialogue	Shizu: They told us to gather<br>here. What is going on?<page>
203:$7584	story_and_event_dialogue	Shizu: I cooked for the<br>first time in ages, and now<br>my shoulders are stiff.<page><box>Shizu: Well? Would you<br>like to try some too?<page>
203:$75C4	story_and_event_dialogue	Shizu: All these<br>troublesome matters...<page><box>Shizu: Could Big Moai not<br>do something about them?<page>
203:$7601	story_and_event_dialogue	Shizu: Perhaps I should<br>pray to Big Moai?<page>
203:$761D	story_and_event_dialogue	Shizu: This is only a thought...<page><box>Shizu: But perhaps the<br>Lord and Princess are not<br>truly father and daughter?<page>
203:$7665	story_and_event_dialogue	Shizu: Things are<br>becoming dangerous...<page><box>Shizu: I still suspect<br>that Princess.<page><box>Shizu: Perhaps she is<br>doing something strange...<page>
203:$76C7	story_and_event_dialogue	Shizu: This is only a thought...<page><box>Shizu: Perhaps the Princess,<br>not the Lord, is drawing<br>monsters to the castle?<page>
203:$7716	story_and_event_dialogue	Shizu: I still cannot<br>help thinking...<page><box>Shizu: Perhaps the Princess,<br>not the Lord, is drawing<br>monsters to the castle?<page>
203:$776D	story_and_event_dialogue	Songa: ...<page>
203:$7777	story_and_event_dialogue	Songa: Peace will<br>return once again!<page>
203:$7792	story_and_event_dialogue	Songa: This is terrible!<page>
203:$77A5	story_and_event_dialogue	Songa: Eeeek?!<br>What in the world happened?!<page>
203:$77C4	story_and_event_dialogue	Songa: Now it is<br>a Pot dungeon?<page><box>Songa: I hear it<br>is a very strange<br>dungeon, but good luck!<page>
203:$7808	story_and_event_dialogue	Songa: The Wanado Tournament<br>sounds difficult, since<br>companions cannot enter.<page>
203:$783D	story_and_event_dialogue	Songa: The town is peaceful<br>again, so I can return to<br>business. What a relief.<page>
203:$786A	story_and_event_dialogue	Songa: It is nearly my turn!<page>
203:$7881	story_and_event_dialogue	Songa: We will<br>defend the town!<page>
203:$7892	story_and_event_dialogue	"Songa: I found this<br>scrap of paper...<page><box>Songa: ""You may take only one<br>companion into a dungeon.""<page><box>Songa: I do not<br>quite understand.<br>What could it mean?<page>"
203:$78FA	story_and_event_dialogue	Songa: Want to buy something?<br>It is cheap! Cheap!<page>
203:$7919	story_and_event_dialogue	Tao: You are amazing, big bro!!<page>
203:$792B	story_and_event_dialogue	Tao: This is the Wanderer<br>Rescue Team building...<page><box>Tao: But right now, please<br>rescue the Princess!<page>
203:$7961	story_and_event_dialogue	Tao: Congratulations<br>on winning the<br>Wanado Tournament!!<page><box>Tao: I knew you<br>could do it, big bro.<page><box>Tao: I want to become a<br>Wanderer like you someday.<page>
203:$79C4	story_and_event_dialogue	Tao: Master Gaibara<br>currently holds the top spot.<page><box>Tao: His record<br>is 10,000 turns.<page><box>Tao: You must beat that<br>to take first place.<page>
203:$7A15	story_and_event_dialogue	Tao: We can fight!<page>
203:$7A22	story_and_event_dialogue	Tao: The adults are so<br>noisy I cannot sleep.<page>
203:$7A3D	story_and_event_dialogue	Tao: It sounds like things<br>are becoming serious.<page><box>Tao: Honestly, this is no<br>time for rescuing people.<page>
203:$7A7B	story_and_event_dialogue	Tao: This is the Wanderer<br>Rescue Team building.<page><box>Tao: They work hard to<br>rescue Wanderers who<br>collapse in dungeons.<page>
203:$7AC9	story_and_event_dialogue	Tao: Where did you<br>come from, big bro?<page>
205:$40E6	story_and_event_dialogue	Mekerere: Truly, what a relief!<page>
205:$40FE	story_and_event_dialogue	Mekerere: The Princess<br>was abducted?!!<page>
205:$4119	story_and_event_dialogue	Mekerere: But who<br>in the world devised<br>such a strange event?<page>
205:$4145	story_and_event_dialogue	Mekerere: Hmm...<br>Not bad at all.<page>
205:$415E	story_and_event_dialogue	Mekerere: We will<br>defend the town!<page>
205:$4170	story_and_event_dialogue	Mekerere: It sounds like<br>they will discuss the Magic<br>Castle and the desert.<page>
205:$4195	story_and_event_dialogue	Mekerere: Well, what<br>will be will be.<page>
205:$41A9	story_and_event_dialogue	Mekerere: I am certain that<br>Princess is suspicious.<page>
205:$41CE	story_and_event_dialogue	Mekerere: It is not as though<br>we can simply move away...<page>
205:$41E9	story_and_event_dialogue	Mekerere: I do<br>not know either.<page><box>Mekerere: But I do<br>not think we need to<br>take it so seriously.<page>
205:$421E	story_and_event_dialogue	Mekerere: What in the<br>world is happening inside<br>the Magic Castle...?<page>
205:$423B	story_and_event_dialogue	Mekerere: I wonder if the<br>Lord and Princess are afraid<br>inside the Magic Castle.<page>
205:$4269	story_and_event_dialogue	Mekerere: A Princess<br>lives in that castle.<page><box>Mekerere: She is something<br>like a shrine maiden...<page><box>Mekerere: She was born with<br>some sort of special power.<page><box>Mekerere: That has led<br>to rumors that she is<br>controlling the Lord...<page><box>Mekerere: All kinds of<br>stories are flying around.<page>
205:$4320	story_and_event_dialogue	Minai: I am truly glad<br>the Princess is safe...<page><box>Minai: Thank you very much.<page>
205:$434D	story_and_event_dialogue	Minai: You are the only<br>one who can rescue the<br>Princess, <name>.<page><box>Minai: Do your best!!<page>
205:$437A	story_and_event_dialogue	Minai: I wonder what state<br>the Magic Castle is in now?<page><box>Minai: It appears to<br>have collapsed badly...<page>
205:$43B1	story_and_event_dialogue	Minai: <name>.<br>Please help us!<page>
205:$43C7	story_and_event_dialogue	Minai: We can go together once<br>Father's work is finished.<page><box>Minai: Father is working<br>hard, so I must be patient.<page>
205:$440C	story_and_event_dialogue	Minai: The Castle Keep?<page><box>Minai: I once heard<br>it was on Floor 19...<page>
205:$4441	story_and_event_dialogue	Minai: Will it continue<br>spreading like this...?<page>
205:$445E	story_and_event_dialogue	Minai: An oasis in the desert...<page><box>Minai: That is<br>the Town of Ilpa.<page><box>Minai: I love this town.<page>
205:$4499	story_and_event_dialogue	Minai: Ilpa is a castle town<br>built by us desert folk.<page><box>Minai: Peace endures<br>because the Lord's castle<br>protects the town.<page>
205:$450B	story_and_event_dialogue	Nipeba: What a relief.<page><box>Nipeba: The truth is, I am<br>in love with the Princess.<page><box>Nipeba: Bluuush.<page>
205:$4539	story_and_event_dialogue	Nipeba: Princess!!<page>
205:$454A	story_and_event_dialogue	Nipeba: It goes<br>deeper than before.<page>
205:$4564	story_and_event_dialogue	Nipeba: It goes<br>deeper than before.<page>
205:$457E	story_and_event_dialogue	Nipeba: The Trap Parts!!<page>
205:$458F	story_and_event_dialogue	Nipeba: Me too.<page>
205:$459A	story_and_event_dialogue	Nipeba: What a<br>beautiful full moon!<page>
205:$45AC	story_and_event_dialogue	Nipeba: The Magic Castle!!<page>
205:$45BC	story_and_event_dialogue	Nipeba: The Magic Castle<br>looks as though it is burning.<page>
205:$45D7	story_and_event_dialogue	Nipeba: You can see the<br>Magic Castle well from here.<page>
205:$45F3	story_and_event_dialogue	Nipeba: We are all fat. There<br>is nothing we can do about it.<page>
205:$460E	story_and_event_dialogue	Nuwanko: At this point, they<br>can do whatever they want...<page>
205:$462B	story_and_event_dialogue	Nuwanko: These<br>fellows are still here.<page><box>Nuwanko: Honestly, do<br>something about them already!!<page>
205:$4658	story_and_event_dialogue	Nuwanko: These fellows<br>have been here ever since.<page><box>Nuwanko: Please do<br>something about them.<page>
205:$4686	story_and_event_dialogue	Nuwanko: Pant, pant...<page><box>Nuwanko: I am exhausted<br>from challenging the Wanado<br>Tournament over and over...<page><box>Nuwanko: All right.<br>I will rest a little,<br>then try again.<page>
205:$46E6	story_and_event_dialogue	Nuwanko: Hey! Do not touch<br>it with filthy hands!<page>
205:$470D	story_and_event_dialogue	Nuwanko: I am keeping watch<br>over the desert from here.<page>
205:$472F	story_and_event_dialogue	Nuwanko: Shall we<br>post a lookout?<page>
205:$4748	story_and_event_dialogue	Nuwanko: It seems<br>the Princess wishes<br>to speak with us.<page>
205:$4763	story_and_event_dialogue	Nuwanko: Will you join<br>the discussion too?<page>
205:$477F	story_and_event_dialogue	Nuwanko: Of all my<br>decorations, the hanging<br>scroll is my favorite.<page><box>Nuwanko: It is in the<br>upper-left corner<br>of the back room.<page><box>Nuwanko: That scroll<br>is my pride and joy.<page>
205:$47D8	story_and_event_dialogue	Nuwanko: This is a problem...<page>
205:$47EA	story_and_event_dialogue	Nuwanko: Welcome to my home!<page><box>Nuwanko: I love decorating<br>rooms and pay attention<br>to every detail.<page><box>Nuwanko: But lately, I feel<br>someone has been entering my<br>house without permission...<page><box>Nuwanko: Who could it be?<page>
205:$486B	story_and_event_dialogue	Nuwanko: What in the<br>world is happening?!<page>
205:$4887	story_and_event_dialogue	Nuwanko: The Magic Castle<br>lies a short way across<br>the desert from here.<page>
205:$48B3	story_and_event_dialogue	Nuwanko: Welcome to Ilpa.<page><box>Nuwanko: This is a<br>town of desert folk.<page>
205:$48D8	story_and_event_dialogue	Oro: The Princess is safe, and<br>peace has returned to Ilpa.<page><box>Oro: Thank goodness. Truly.<page>
205:$4906	story_and_event_dialogue	Oro: To think Zagan had<br>become an evil spirit...<page>
205:$4923	story_and_event_dialogue	Oro: The Princess...<page><box>Oro: This is a disaster!!<page>
205:$4941	story_and_event_dialogue	Oro: Oh? You are searching<br>for the Ultimate Soil<br>for Master Gaibara.<page>
205:$4965	story_and_event_dialogue	Oro: Oh, yeah!<page><box>Oro: But it is already over.<page><box>Oro: I feel a little lonely...<page>
205:$4993	story_and_event_dialogue	Oro: Hey, <name>.<br>The Wanado Tournament<br>is still underway. Yeah!<page><box>
205:$49C3	story_and_event_dialogue	"Oro: In this dungeon, traps<br>catch monsters instead of you.<page><box>Oro: You can also<br>pick up traps.<page><box>Oro: A trap you pick up<br>becomes ""Trap Parts"".<page><box>Oro: You can use them<br>to set a different trap.<page><box>Oro: Stand on a trap<br>you set and choose<br>""Modify"" to improve it.<page><box>Oro: But once you set a<br>trap, you cannot pick it up<br>again. Remember that. Yeah!<page>"
205:$4AA8	story_and_event_dialogue	Oro: Come back anytime<br>you want an explanation.<page>
205:$4ACC	story_and_event_dialogue	Oro: I think it was<br>somewhere below here...<page>
205:$4AE8	story_and_event_dialogue	Oro: We posted a lookout<br>in the dunes for now.<page><box>Oro: Is there anything else?<page>
205:$4B15	story_and_event_dialogue	Oro: That raised patch<br>of desert concerns me.<page>
205:$4B34	story_and_event_dialogue	Oro: Ahh, another<br>good day's work.<page>
205:$4B4F	story_and_event_dialogue	Oro: Worrying will not help.<page><box>Oro: Let us all<br>keep our spirits up.<page>
205:$4B75	story_and_event_dialogue	Oro: Something feels<br>strange in town...<page>
205:$4B92	story_and_event_dialogue	Oro: Hmm...<page><box>Oro: Why did the desert<br>suddenly begin to spread?<page>
205:$4BBB	story_and_event_dialogue	Oro: What in the world<br>is about to happen...?<page>
205:$4BDC	story_and_event_dialogue	Oro: Oh, you are awake?<page><box>Oro: The second floor is free,<br>so make yourself at home.<page>
205:$4C11	story_and_event_dialogue	Pigeon Handler: The<br>pigeons appear frightened...<page><box>Pigeon Handler: What in the<br>world will happen now...?<page><box>Pigeon Handler: What<br>would you like?
205:$4C68	story_and_event_dialogue	Pigeon Handler: What<br>would you like?
205:$4C7C	story_and_event_dialogue	Pigeon Handler:<br>Come back anytime.<page>
205:$4C8D	story_and_event_dialogue	Pigeon Handler: Please enter<br>the Thank-You Password.<page><box>
205:$4CB3	story_and_event_dialogue	Pigeon Handler:<br>Congratulations!<page><box>
205:$4CC8	story_and_event_dialogue	Pigeon Handler: The Wanderer<br>Rescue Federation...<page><box>Pigeon Handler: has awarded<br>you a title for <cF8>j rescues.<delay:96><delay:96><delay:78><page><box>
205:$4D05	story_and_event_dialogue	Pigeon Handler: Keep<br>up the good work.<page>
205:$4D1F	story_and_event_dialogue	Pigeon Handler: Hm?<page><box>Pigeon Handler: That<br>Thank-You Password<br>appears to be wrong.<page><box>Pigeon Handler:<br>Please enter it again.<page><box>
205:$4D62	story_and_event_dialogue	Pigeon Handler: Unfortunately,<br>you do not appear to have<br>a Thank-You Password.<page><box>
205:$4D8F	story_and_event_dialogue	Pigeon Handler: What would<br>you like me to explain?
205:$4DAC	story_and_event_dialogue	Pigeon Handler: Now, I shall<br>explain the SOS Password.<page><box>Pigeon Handler: Suppose you<br>collapse inside a dungeon...<page><box>Pigeon Handler: You<br>need a Password to<br>ask a friend for help.<page><box>Pigeon Handler: That<br>is the SOS Password.<page><box>Pigeon Handler: If disaster<br>strikes, tell the SOS<br>Password to a friend.<page><box>Pigeon Handler: With help<br>from a trusted friend,<br>you may be able to revive.<page><box>
205:$4EA6	story_and_event_dialogue	Pigeon Handler: Now, I shall<br>explain the Revival Password.<page><box>Pigeon Handler: It is the<br>Password that lets you revive<br>after collapsing in a dungeon.<page><box>Pigeon Handler: That is<br>the Revival Password.<page><box>Pigeon Handler: Ask<br>the friend who rescued<br>you to tell it to you.<page><box>Pigeon Handler: You can<br>then revive at the level<br>you had before collapsing.<page><box>Pigeon Handler:<br>Your equipment will<br>also be restored.<page><box>
205:$4F8F	story_and_event_dialogue	Pigeon Handler: Now,<br>I shall explain the<br>Thank-You Password.<page><box>Pigeon Handler: It conveys<br>your joy at reviving with<br>a Revival Password...<page><box>Pigeon Handler: and<br>your gratitude to the<br>person who rescued you.<page><box>Pigeon Handler: You can<br>send those feelings through<br>a Thank-You Password.<page><box>Pigeon Handler: Be<br>sure to give it to the<br>friend who rescued you.<page><box>Pigeon Handler: The Wanderer<br>Rescue Federation will<br>then recognize your friend.<page><box>Pigeon Handler: Their<br>honor will be praised, and<br>they may receive a title.<page><box>
205:$50C9	story_and_event_dialogue	Princess Ateka: ...<page>
205:$50D5	story_and_event_dialogue	Ateka: I have caused<br>you and your friends so<br>much trouble, <name>.<page><box>Ateka: Thank you sincerely for<br>rescuing me time and again.<page><box>Ateka: And...<page><box>Ateka: I am glad I<br>met you, <name>...<page><box>Ateka: For that alone, I<br>thank Kron, god of travelers.<page>
205:$5164	story_and_event_dialogue	Ateka: I was looking<br>at the castle...<page><box>Ateka: at its ruins.<page><box>Ateka: I was thinking of<br>everything that happened...<page><box>Ateka: The Evil God Statue,<br>the full-moon ritual...<page><box>Ateka: and our<br>battle with Curas.<page><box>Ateka: It all feels like<br>the distant past now...<page><box>Ateka: We owe this peace<br>to you, <name>.<page><box>
205:$5213	story_and_event_dialogue	Ateka: <name>.<page><box>Ateka: Once again, you<br>have my deepest gratitude.<page>
205:$5235	story_and_event_dialogue	Ateka: Do your<br>best, <name>!<page>
205:$5249	story_and_event_dialogue	Ateka: Oh! <name>!<page><box>Ateka: A festival will<br>begin in town soon.<page><box>Ateka: It celebrates the<br>return of peace to Ilpa.<page><box>Ateka: Please join us when<br>it begins, <name>.<page>
205:$52B4	story_and_event_dialogue	Ateka: Thank you.<page><box>Ateka: I believe we will<br>also need defensive<br>walls. Please see to them.<page>
205:$52EF	story_and_event_dialogue	Ateka: I pray for fortune<br>in battle, <name>.<page><box>Ateka: And...<page><box>Ateka: Please return safely.<page>
205:$5323	story_and_event_dialogue	Ateka: I will address<br>the townspeople...<page>
205:$533D	story_and_event_dialogue	Rai: Ilpa will be<br>bustling once again!!<page>
205:$5359	story_and_event_dialogue	Rai: I hear monsters still<br>wander the Magic Castle.<page><box>Rai: Take great care.<page>
205:$5391	story_and_event_dialogue	Rai: I tried challenging<br>it too, but I failed...<page>
205:$53B1	story_and_event_dialogue	Rai: We simply need to<br>move this out of the way.<page>
205:$53C9	story_and_event_dialogue	Rai: We must buy<br>some time as well.<page>
205:$53DE	story_and_event_dialogue	Rai: What should we do first?<page>
205:$53F6	story_and_event_dialogue	Rai: What in the<br>world could it be?<page>
205:$5409	story_and_event_dialogue	Rai: Hmm. How can we stop<br>the desert from advancing?<page>
205:$5435	story_and_event_dialogue	Rai: Night will soon fall.<page><box>Rai: With the Magic Castle in<br>that state, these dangerous<br>times make me uneasy.<page>
205:$5472	story_and_event_dialogue	Rai: What should we do...?<page>
205:$5482	story_and_event_dialogue	Rai: There is something<br>unpleasant about<br>that man Zagan...<page>
205:$54A4	story_and_event_dialogue	Rai: Th-The Magic Castle...<page>
205:$54B4	story_and_event_dialogue	Rai: To think the<br>once-gentle Lord could<br>change so completely...<page><box>Rai: What in the world<br>happened inside that castle...?<page>
205:$5503	story_and_event_dialogue	Rai: Why did the Lord<br>change so suddenly...?<page>
205:$5527	story_and_event_dialogue	Well done! Congratulations!!<delay:F0><br>Your efforts have rescued<br>another Wanderer in need!<delay:BE><page><box>
205:$5560	story_and_event_dialogue	Report to the<br>Rescue Team at once!<page><box>
205:$557D	story_and_event_dialogue	Rihipishi: Hello. I<br>knew you would come.<page><box>Rihipishi: This<br>is the last one...<page><box>Rihipishi: I will<br>tell you the truth.<page><box>Rihipishi: What do you<br>think Big Moai really is?<page><box>Rihipishi: Big Moai's<br>true identity...<page><box>Rihipishi: is me.<page><box>Rihipishi: I created Big Moai.<page><box>Rihipishi: I retrieved<br>a Rock Head from a<br>dungeon and modified it...<page><box>Rihipishi: Then I installed<br>rocket thrusters on its back.<page><box>Rihipishi: I even built<br>in a voice system and<br>made it speak in dialect.<page><box>Rihipishi: Every last<br>part of it was my work.<page><box>Rihipishi: The one who<br>created Big Moai...<page><box>Rihipishi: was me.<page><box>Rihipishi: It was all me.<page><box>Rihipishi: Sorry, sorry.<br>That was all a lie.<page><box>Rihipishi: A complete<br>fabrication.<page><box>Rihipishi: If I truly<br>said that, Big Moai<br>would punish me.<page><box>Rihipishi: Are you angry?<page><box>Rihipishi: Forgive me,<br>and I will give you a<br>spell as an apology.<page><box>Rihipishi: HOYO!<page><box>Rihipishi: Now go!<br>Go to Big Moai!<page>
205:$57A1	story_and_event_dialogue	Rihipishi: You have<br>followed me this far. I<br>must tip my hat to you.<page><box>Rihipishi: Are you<br>some kind of stalker?<page><box>Rihipishi: Sorry, sorry!<br>I am only joking.<page><box>Rihipishi: Do not take offense.<br>I will teach you a spell.<page><box>Rihipishi: TSUB!<page><box>Rihipishi: Now<br>hurry to Big Moai!!<page>
205:$584E	story_and_event_dialogue	Rihipishi: Hello! You are as<br>good at finding me as ever.<page><box>Rihipishi: I will reward<br>you with a spell.<page><box>Rihipishi: SUGI!<page><box>Rihipishi: Try saying<br>it to Big Moai.<page><box>Rihipishi: Something<br>good is sure to happen.<page>
205:$58C3	story_and_event_dialogue	Rihipishi: Hello!<br>You found me again.<page><box>Rihipishi: I will reward<br>you with a spell.<page><box>Rihipishi: MAMA!<page><box>Rihipishi: Try saying<br>it to Big Moai.<page><box>Rihipishi: Something<br>good is sure to happen.<page>
205:$5935	story_and_event_dialogue	Rihipishi: Hm?<page><box>Rihipishi: What<br>am I doing here?<page><box>Rihipishi: N-Nothing<br>suspicious, I assure you.<page><box>Rihipishi: I know! I<br>will teach you a spell!<page><box>Rihipishi: RANU!<page><box>Rihipishi: Try saying<br>it to Big Moai.<page><box>Rihipishi: Something<br>good is sure to happen.<page><box>Rihipishi: See you.<page>
205:$59DB	story_and_event_dialogue	Rihipishi: Hm?<page><box>Rihipishi: What<br>am I doing here?<page><box>Rihipishi: N-Nothing<br>suspicious, I assure you.<page><box>Rihipishi: I know! I<br>will teach you a spell!<page><box>Rihipishi: RANU!<page><box>Rihipishi: Try saying<br>it to Big Moai.<page><box>Rihipishi: Something<br>good is sure to happen.<page><box>Rihipishi: See you.<page>
205:$5A81	story_and_event_dialogue	Rihipishi: Hello!<br>You found me!<page><box>Rihipishi: I will reward<br>you with a spell.<page><box>Rihipishi: BADE!<page><box>Rihipishi: Try saying<br>it to Big Moai.<page><box>Rihipishi: Something<br>good is sure to happen.<page>
205:$5AF6	story_and_event_dialogue	Rihipishi: It sounds<br>noisy near the dunes. I<br>wonder what happened...<page><box>Rihipishi: Oh, well. I<br>am not much for gossip.<page><box>Rihipishi: By the way, this<br>house is home to Ilpa's<br>guardian deity, Big Moai.<page><box>
205:$5B7C	story_and_event_dialogue	Rihipishi: Fine. Then<br>I will not tell you.<page>
205:$5B96	story_and_event_dialogue	Rihipishi: This house<br>is home to Ilpa's<br>guardian deity, Big Moai.<page><box>Rihipishi: Mind your manners.<page><box>
205:$5BCF	story_and_event_dialogue	Rihipishi: Fine. Then<br>I will not tell you.<page>
205:$5BE9	story_and_event_dialogue	"Rihipishi: Say a spell<br>to Big Moai and you will<br>receive something good.<page><box>Rihipishi: Hm? You want<br>me to tell you one?<page><box>Rihipishi: Hmm...<br>What should I do?<page><box>Rihipishi: All right.<br>Try saying ""WISH"".<page><box>Rihipishi: Oh, yes!<br>Each spell works only once.<page>"
205:$5CE4	story_and_event_dialogue	Higechiyo: Ho ho ho.<page><box>Higechiyo: It seems<br>you trained diligently.<page><box>Higechiyo: Excellent.<page><box>Higechiyo: Then I shall<br>give you a reward.<page><box>Higechiyo: Go on.<br>Do not be shy.<page><box>
205:$5D47	story_and_event_dialogue	<name> received<br><cF8>m from Higechiyo!<delay:50><page><box>
205:$5D5F	story_and_event_dialogue	Higechiyo: Ho ho ho.<br>Come again anytime.<page>
205:$5D80	story_and_event_dialogue	Higechiyo: Ho ho ho.<page><box>Higechiyo: It seems<br>you trained diligently.<page><box>Higechiyo: Excellent.<page><box>Higechiyo: Then I shall<br>give you a reward.<page><box>Higechiyo: Go on. Do not be...<page><box>Higechiyo: Hoh!<page><box>Higechiyo: What?!<br>Your inventory is full!<page><box>
205:$5E05	story_and_event_dialogue	Higechiyo: Unless you<br>give something up, I<br>cannot give you <cF8>m...<page><box>
205:$5E29	story_and_event_dialogue	Higechiyo: Hmm...<page><box>Higechiyo: Then<br>you will give up <cF8>8?
205:$5E49	story_and_event_dialogue	Higechiyo: Understood.<page><box>Higechiyo: Take<br>this in its place.<page><box>
205:$5E73	story_and_event_dialogue	<name> received<br><cF8>m from Master Higechiyo!<delay:50><page><box>
205:$5E8F	story_and_event_dialogue	Higechiyo: Ho ho ho.<br>Come again anytime.<page>
205:$5EB0	story_and_event_dialogue	Higechiyo: What?!<br>You refuse!<page><box>Higechiyo: Do you truly<br>have no need for <cF8>m?
205:$5EE2	story_and_event_dialogue	Higechiyo: Understood.<page><box>Higechiyo: If you insist,<br>then it cannot be helped...<page><box>Higechiyo: ......<page><box>Higechiyo: Come again anytime.<page>
205:$5F29	story_and_event_dialogue	Torepan: Warrior Hall...<page>...what?<page><box>Torepan: Oh... You seem<br>to have no energy.<page><box>Torepan: I see you<br>have your reasons.<page><box>Torepan: What do you wish?
205:$5F85	story_and_event_dialogue	Torepan: Fewer people<br>come to train lately.<page><box>Torepan: Heaven helps<br>those who help themselves!<page><box>Torepan: So I have heard.<page><box>Torepan: What do you wish?
205:$5FE4	story_and_event_dialogue	Torepan: Training<br>makes you strong.<page><box>Torepan: At a time like<br>this, you must work hard.<page><box>Torepan: Believe in yourself!<page><box>Torepan: Believe in Torepan!<page><box>Torepan: What do you wish?
205:$6039	story_and_event_dialogue	Torepan: You fight<br>for this town.<page><box>Torepan: Master Higechiyo<br>and Torepan fight too.<page><box>Torepan: Now!<page><box>Torepan: What do you wish?!
205:$608A	story_and_event_dialogue	Torepan: This is the training<br>ground. What do you wish?
205:$60AD	story_and_event_dialogue	Torepan: Oh... They say<br>darkness lies one step<br>ahead. Please take care.<page>
205:$60D9	story_and_event_dialogue	Torepan: Yes!<page><box>Torepan: I will explain!<page><box>Torepan: At this<br>training ground, you<br>train by striking moles.<page><box>Torepan: Hit every mole that<br>appears, bam, bam, bam, bam!<page><box>Torepan: That is truly<br>all! Oh! Very simple!<page><box>Torepan: But there<br>is one warning!<page><box>Torepan: In some dungeons,<br>all the levels you gain<br>here will be wasted.<page><box>Torepan: Dungeons that<br>return you to Level 1 at<br>the start are no good.<page><box>Torepan: All your training<br>will go down the drain.<page><box>Torepan: I do not<br>recommend training before<br>entering such a dungeon.<page><box>Torepan: Yes! That<br>is the explanation.<page><box>
205:$623A	story_and_event_dialogue	Torepan: Oh! Nice fight!<page><box>Torepan: Moles show their<br>faces inside. Hit them hard!<page><box>Torepan: The secret?<page><box>Torepan: Diagonal<br>movement, of course!<page><box>Torepan: Can you do it? Are<br>you ready to begin training?
205:$62C2	story_and_event_dialogue	Torepan: Okay!<br>Where warriors'<br>dreams remain!!<page><box>Torepan: We begin<br>training at once! Enter<br>the back room, please.<page><box>
205:$6313	story_and_event_dialogue	Torepan: Continuing your<br>training costs 200 Gitan.<page><box>Torepan: Is that acceptable?
205:$6347	story_and_event_dialogue	Torepan: Continuing your<br>training costs 400 Gitan.<page><box>Torepan: Is that acceptable?
205:$637B	story_and_event_dialogue	Torepan: Continuing your<br>training costs 600 Gitan.<page><box>Torepan: Is that acceptable?
205:$63AF	story_and_event_dialogue	Torepan: Continuing your<br>training costs 800 Gitan.<page><box>Torepan: Is that acceptable?
205:$63E3	story_and_event_dialogue	Torepan: No! What a shame...<br>You do not have enough Gitan!<page><box>Torepan: Please come again!<page>
205:$6418	story_and_event_dialogue	Torepan: Oh! I see. What a<br>shame... Please come again.<page>
205:$6440	story_and_event_dialogue	Torepan: Oh!<page><box>Torepan: There is a limit to<br>how long you may continue!<page><box>Torepan: A wanderer's<br>body is their greatest<br>asset! Do not overdo it!<page><box>Torepan: Go into a<br>dungeon and see what your<br>training has achieved.<page><box>Torepan: You may resume<br>training after that.<page>
205:$64CA	story_and_event_dialogue	Torepan: Where<br>warriors' dreams remain!<page><box>Torepan: Welcome to<br>the training ground!<page><box>Torepan: But it<br>is not ready yet.<page><box>Torepan: You will be able<br>to train here someday,<br>so please come again!<page>
205:$6537	story_and_event_dialogue	Torepan: No, no.<br>Good things come<br>to those who wait.<page><box>Torepan: Please be patient!<page>
205:$6566	story_and_event_dialogue	Torepan: Yes! It is over!<br>Come on out!<page>
205:$6586	story_and_event_dialogue	Torepan: Oh! You are<br>like a whole new person!<page><box>Torepan: A journey of a<br>thousand miles begins with<br>a single step. Keep at it!<page><box>Torepan: Oh, yes! If<br>you have money, you<br>may continue training!<page><box>Torepan: You want<br>to train for free?<page><box>Torepan: Enter a dungeon<br>once, and it will be<br>free again. Lucky you!<page><box>Torepan: Do not forget!<page>
205:$6630	story_and_event_dialogue	Torepan: Splendid!!<page><box>Torepan: Torepan is<br>moved! I respect you!<page><box>Torepan: But, but!<page><box>Torepan: You may<br>continue no further.<page><box>Torepan: A wanderer's<br>body is their greatest<br>asset! Do not rush.<page>...Do not.<page>
205:$669E	story_and_event_dialogue	Wanda: Thank you so much!<page>
205:$66B1	story_and_event_dialogue	Wanda: Oh, so this is the<br>prized hanging scroll...<page>
205:$66CC	story_and_event_dialogue	Wanda: Nothing seems<br>unusual so far.<page>
205:$66E5	story_and_event_dialogue	Wanda: I'm getting<br>ready to fight.<page>
205:$66FD	story_and_event_dialogue	Wanda: I wonder what<br>the story is about.<page>
205:$670D	story_and_event_dialogue	Wanda: Should I<br>sprinkle some water?<page>
205:$671D	story_and_event_dialogue	Wanda: We bought a Club and a<br>Wooden Shield for protection.<page><box>Wanda: Those two work<br>well together, so they<br>give you more power.<page>
205:$676F	story_and_event_dialogue	Wanda: Hmm...<page>
205:$677C	story_and_event_dialogue	Wanda: Zagan comes down<br>into town sometimes.<page><box>Wanda: He seemed to approach<br>any outsider he found, but...<page>
205:$67C9	story_and_event_dialogue	Wanda: Could it be connected<br>to the spreading desert?!<page>
205:$67E9	story_and_event_dialogue	Wanda: I may be imagining it...<page><box>Wanda: But since it became<br>the Magic Castle, the desert<br>seems to be spreading.<page>
205:$6827	story_and_event_dialogue	Wanda: Monsters started<br>settling in the castle<br>a little while ago.<page><box>Wanda: Their numbers seem<br>to grow every day, and it<br>gives everyone the creeps.<page><box>Wanda: No one knows who<br>first said it, but now we<br>call it the Magic Castle...<page><box>Wanda: I hope everything<br>will be all right...<page>
205:$6905	story_and_event_dialogue	Got <number:19:C5>.<page><br>Carved from solid wood and<br>shaped for an easy grip.<page><box>Press B to open the<br>menu, then choose<br>Items and equip it.
205:$694D	story_and_event_dialogue	Got <number:19:C5>.<page><br>A sword forged from bronze.<page><box>Press B to open the<br>menu, then choose<br>Items and equip it.
205:$698A	story_and_event_dialogue	Got <number:19:C5>.<page><box>Legend says it can defeat one<br>hundred demons. Its attack<br>power is exceptionally high.<page><box>Press B to open the<br>menu, then choose<br>Items and equip it.
205:$69DE	story_and_event_dialogue	Got <number:19:C5>.<page><br>A wooden shield<br>that never rusts.<page><box>Press B to open the<br>menu, then choose<br>Items and equip it.
205:$6A1F	story_and_event_dialogue	Got <number:19:C5>.<page><br>A sturdy shield<br>forged from iron.<page><box>Press B to open the<br>menu, then choose<br>Items and equip it.
205:$6A61	story_and_event_dialogue	Got <number:19:C5>.<page><br>Raises Strength<br>while equipped.<page><box>Press B to open the<br>menu, then choose<br>Items and equip it.
205:$6A9E	story_and_event_dialogue	Got <number:19:C5>.<page><br>Eat it to restore<br>a little Fullness.<page><box>Press B to open the<br>menu, then choose Items<br>to view descriptions.
205:$6AEF	story_and_event_dialogue	Got <number:19:C5>.<page><br>Eat it to restore Fullness.<page><box>Press B to open the<br>menu, then choose Items<br>to view descriptions.
205:$6B40	story_and_event_dialogue	Got <number:19:C5>.<page><br>Drink it to restore<br>a little HP.<page><box>Press B to open the<br>menu, then choose Items<br>to view descriptions.
205:$6B92	story_and_event_dialogue	Got <number:19:C5>.<page><br>Drink it to<br>restore lots of HP.<page><box>Press B to open the<br>menu, then choose Items<br>to view descriptions.
205:$6BE4	story_and_event_dialogue	Got <number:19:C5>.<page><br>Drink it to reveal invisible<br>creatures and traps.<page><box>Press B to open the<br>menu, then choose Items<br>to view descriptions.
205:$6C40	story_and_event_dialogue	Got <number:19:C5>.<page><br>Drink it to breathe fire<br>and attack monsters.<page><box>Press B to open the<br>menu, then choose Items<br>to view descriptions.
205:$6CA0	story_and_event_dialogue	Got <number:19:C5>.<page><br>Carry it to revive<br>once when you collapse.<page><box>Press B to open the<br>menu, then choose Items<br>to view descriptions.
205:$6D02	story_and_event_dialogue	Got <number:19:C5>.<page><br>Drink it to raise Max HP.<page><box>Press B to open the<br>menu, then choose Items<br>to view descriptions.
205:$6D54	story_and_event_dialogue	Got <number:19:C5>.<page><br>Drink it to fully<br>restore Strength.<page><box>Press B to open the<br>menu, then choose Items<br>to view descriptions.
205:$6DAD	story_and_event_dialogue	Got <number:19:C5>.<page><box>Drink it to lower<br>HP and Strength and<br>slow your movement.<page><box>Press B to open the<br>menu, then choose Items<br>to view descriptions.
205:$6E10	story_and_event_dialogue	Got <number:19:C5>.<page><br>Drink it to become confused.<page><box>Press B to open the<br>menu, then choose Items<br>to view descriptions.
205:$6E60	story_and_event_dialogue	Got <number:19:C5>.<page><br>It restores a little Fullness.<page><box>Press B to open the<br>menu, then choose Items<br>to view descriptions.
205:$6EB4	story_and_event_dialogue	Got <number:19:C5>.<page><br>Drink it to warp somewhere<br>else on the floor.<page><box>Press B to open the<br>menu, then choose Items<br>to view descriptions.
205:$6F04	story_and_event_dialogue	Got <number:19:C5>.<page><br>Drink it to move faster<br>for a short while.<page><box>Press B to open the<br>menu, then choose Items<br>to view descriptions.
205:$6F62	story_and_event_dialogue	Got <number:19:C5>.<page><br>Damages every<br>monster in the room.<page><box>Press B to open the<br>menu, then choose Items<br>to view descriptions.
205:$6FC3	story_and_event_dialogue	Got <number:19:C5>.<page><br>Puts every monster<br>in the room to sleep.<page><box>Press B to open the<br>menu, then choose Items<br>to view descriptions.
205:$7021	story_and_event_dialogue	Got <number:19:C5>.<page><br>Removes curses<br>from carried items.<page><box>Press B to open the<br>menu, then choose Items<br>to view descriptions.
205:$707C	story_and_event_dialogue	Got <number:19:C5>.<page><br>Returns you to town<br>with all carried items.<page><box>Press B to open the<br>menu, then choose Items<br>to view descriptions.
205:$70D1	story_and_event_dialogue	Got <number:19:C5>.<page><br>Items can be freely<br>inserted and removed.<page><box>Press B to open the<br>menu, then choose Items<br>to view descriptions.
205:$7122	story_and_event_dialogue	The end.<br>And then, <delay:3C>the world ended.
205:$7124	story_and_event_dialogue	And so, <delay:3C>the world<br>came to an end.
