id	loc	bytes	jp	en	edited_en
192:$41D2	216:$50A3	14	test「いちじてきなもの」	test「いちじてきなもの」	
192:$41E1	216:$50B2	5	event	event	
192:$41E7	216:$50B8	7	message	message	
192:$41EF	216:$50C0	10	unit color	unit color	
192:$41FA	216:$50CB	7	mos anm	mos anm	
192:$4202	216:$50D3	7	map obj	map obj	
192:$420A	216:$50DB	10	shiren anm	shiren anm	
192:$4215	216:$50E6	8	tobi anm	tobi anm	
192:$421E	216:$50EF	8	key scan	key scan	
192:$4227	216:$50F8	2	あき	あき	
192:$422A	216:$50FB	2	あき	あき	
192:$422D	216:$50FE	2	あき	あき	
192:$4230	216:$5101	2	あき	あき	
192:$4233	216:$5104	2	あき	あき	
192:$4236	216:$5107	7	ふうらいにっき	ふうらいにっき	
192:$423E	216:$510F	7	ゲームスタート	ゲームスタート	
192:$4246	216:$5117	16	                	                	
192:$4257	216:$5128	19	風来のシレン2 砂漠の魔城	風来のシレン2 砂漠の魔城	
192:$426B	216:$513C	4	mode	mode	
192:$4270	216:$5141	28	そうさ  se<27>exit<br>lr<27><2D><26><br>a<25>st<27>jump	そうさ  se<27>exit<br>lr<27><2D><26><br>a<25>st<27>jump	
192:$428D	216:$515E	8	msg bank	msg bank	
192:$4296	216:$5167	6	msg no	msg no	
192:$429D	216:$516E	8	msg mode	msg mode	
192:$42A6	216:$5177	46	そうさ se<27>exit<br>ud<27>bank<2D><26> lr<27>no<2D><26><br>st<27>mode<2D><26> a<27>disp	そうさ se<27>exit<br>ud<27>bank<2D><26> lr<27>no<2D><26><br>st<27>mode<2D><26> a<27>disp	
192:$42D5	216:$51A6	45	そうさ se<27>exit b<27>むき<2D><2D><br>lr<27>act<2D><26> ud<27>そうび<2D><2D><br>a<25>st<27>act	そうさ se<27>exit b<27>むき<2D><2D><br>lr<27>act<2D><26> ud<27>そうび<2D><2D><br>a<25>st<27>act	
192:$4303	216:$51D4	44	そうさ se<27>exit<br>lr<27>no<2D><26> ud<27>way<2D><26><br>a<27>act<2D><2D> st<27>mode	そうさ se<27>exit<br>lr<27>no<2D><26> ud<27>way<2D><26><br>a<27>act<2D><2D> st<27>mode	
192:$4330	216:$5201	30	no<27><copy:01:19:C5> x<27><copy:01:1A:C5> y<27><copy:01:1B:C5><br>cel<27><copy:01:1C:C5>	no<27><copy:01:19:C5> x<27><copy:01:1A:C5> y<27><copy:01:1B:C5><br>cel<27><copy:01:1C:C5>	
192:$434F	216:$5220	7	イベント no	イベント no	
192:$4357	216:$5228	0		<empty>	
192:$4358	216:$5229	33	  <copy:01:19:C5>   <lookup:1A:C5><br> chr<27><copy:01:1C:C5>  anm<27><copy:02:1D:C5>	  <copy:01:19:C5>   <lookup:1A:C5><br> chr<27><copy:01:1C:C5>  anm<27><copy:02:1D:C5>	
192:$437A	216:$524B	7	とくしゅなのだ	とくしゅなのだ	
192:$4382	216:$5253	26	no<27><copy:01:19:C5> x<27><copy:01:1A:C5> y<27><copy:01:1B:C5><br><lookup:1C:C5>	no<27><copy:01:19:C5> x<27><copy:01:1A:C5> y<27><copy:01:1B:C5><br><lookup:1C:C5>	
192:$439D	216:$526E	7	わなにかかった	わなにかかった	
192:$43A5	216:$5276	10	アイテムをひろった。	アイテムをひろった。	
192:$43B0	216:$5281	19	イベント no 255 でフラグoff	イベント no 255 でフラグoff	
192:$43C4	216:$5295	0		<empty>	
192:$43C5	216:$5296	10	m00 どこでもドア	m00 どこでもドア	
192:$43D0	216:$52A1	13	m12<26>a ひる さきゅう	m12<26>a ひる さきゅう	
192:$43DE	216:$52AF	15	town<26>a ひる まち うえ	town<26>a ひる まち うえ	
192:$43EE	216:$52BF	15	town<26>b ひる まち した	town<26>b ひる まち した	
192:$43FE	216:$52CF	13	m12<26>b ゆう さきゅう	m12<26>b ゆう さきゅう	
192:$440C	216:$52DD	15	town<26>c ゆう まち うえ	town<26>c ゆう まち うえ	
192:$441C	216:$52ED	15	town<26>d ゆう まち した	town<26>d ゆう まち した	
192:$442C	216:$52FD	13	m12<26>c よる さきゅう	m12<26>c よる さきゅう	
192:$443A	216:$530B	15	town<26>e よる まち うえ	town<26>e よる まち うえ	
192:$444A	216:$531B	15	town<26>f よる まち した	town<26>f よる まち した	
192:$445A	216:$532B	8	n04 みんか1	n04 みんか1	
192:$4463	216:$5334	8	n05 みんか2	n05 みんか2	
192:$446C	216:$533D	18	n01 みんか3「きゅう どうぐや」	n01 みんか3「きゅう どうぐや」	
192:$447F	216:$5350	7	n02 そうこ	n02 そうこ	
192:$4487	216:$5358	11	n03<26>a かじや1f	n03<26>a かじや1f	
192:$4493	216:$5364	11	n03<26>b かじや2f	n03<26>b かじや2f	
192:$449F	216:$5370	10	n06 にんぎょうや	n06 にんぎょうや	
192:$44AA	216:$537B	9	n07 どうじょう	n07 どうじょう	
192:$44B4	216:$5385	9	n08 ふくびきや	n08 ふくびきや	
192:$44BE	216:$538F	7	m01 ろうや	m01 ろうや	
192:$44C6	216:$5397	14	m02 ちかろうだしゅつぐち	m02 ちかろうだしゅつぐち	
192:$44D5	216:$53A6	13	m03<26>a りょうりや1f	m03<26>a りょうりや1f	
192:$44E3	216:$53B4	13	m03<26>b りょうりや2f	m03<26>b りょうりや2f	
192:$44F1	216:$53C2	13	m04<26>a いせきいりぐち	m04<26>a いせきいりぐち	
192:$44FF	216:$53D0	16	m04<26>b いせきいりぐち なか	m04<26>b いせきいりぐち なか	
192:$4510	216:$53E1	13	m05 じゃんしんぞうのま	m05 じゃんしんぞうのま	
192:$451E	216:$53EF	15	m07<26>a じゃんしんぞうのま	m07<26>a じゃんしんぞうのま	
192:$452E	216:$53FF	11	m07<26>b まどのへや	m07<26>b まどのへや	
192:$453A	216:$540B	10	m08 わたりやぐら	m08 わたりやぐら	
192:$4545	216:$5416	17	m14<26>a どんでんがえしのろうか	m14<26>a どんでんがえしのろうか	
192:$4557	216:$5428	10	m14<26>b がいろう	m14<26>b がいろう	
192:$4562	216:$5433	12	m15 だいてんしゅかく	m15 だいてんしゅかく	
192:$456F	216:$5440	15	<26><26><26> cel テストひょうじ	<26><26><26> cel テストひょうじ	
192:$457F	216:$5450	13	<26><26><26> ダンジョンテスト1	<26><26><26> ダンジョンテスト1	
192:$458D	216:$545E	13	<26><26><26> ダンジョンテスト2	<26><26><26> ダンジョンテスト2	
192:$459B	216:$546C	0		<empty>	
192:$459C	216:$546D	4	デバッグ	デバッグ	
192:$45A1	216:$5472	4	アイテム	アイテム	
192:$45A6	216:$5477	5	モンスター	モンスター	
192:$45AC	216:$547D	15	サウンド「リプレイできません」	サウンド「リプレイできません」	
192:$45BC	216:$548D	15	イベント「リプレイできません」	イベント「リプレイできません」	
192:$45CC	216:$549D	3	map	map	
192:$45D0	216:$54A1	5	ダンジョン	ダンジョン	
192:$45D6	216:$54A7	4	シナリオ	シナリオ	
192:$45DB	216:$54AC	10	アイテム「しきべつ」	アイテム「しきべつ」	
192:$45E6	216:$54B7	16	そのた「ほぼリプレイできません」	そのた「ほぼリプレイできません」	
192:$45F7	216:$54C8	2	ぶき	ぶき	
192:$45FA	216:$54CB	2	たて	たて	
192:$45FD	216:$54CE	8	しょくりょう<D2>や	しょくりょう<D2>や	
192:$4606	216:$54D7	3	うでわ	うでわ	
192:$460A	216:$54DB	4	まきもの	まきもの	
192:$460F	216:$54E0	2	つえ	つえ	
192:$4612	216:$54E3	2	くさ	くさ	
192:$4615	216:$54E6	2	つぼ	つぼ	
192:$4618	216:$54E9	2	にく	にく	
192:$461B	216:$54EC	3	そのた	そのた	
192:$461F	216:$54F0	5	モンスター	モンスター	
192:$4625	216:$54F6	3	npc	npc	
192:$4629	216:$54FA	3	なかま	なかま	
192:$462D	216:$54FE	16	ぶんきa<27>フラグ0はonですよ！	ぶんきa<27>フラグ0はonですよ！	
192:$463E	216:$550F	17	ぶんきb<27>フラグ0はoffですよ！	ぶんきb<27>フラグ0はoffですよ！	
192:$4650	216:$5521	13	フラグ0をonにしました！	フラグ0をonにしました！	
192:$465E	216:$552F	14	フラグ0をoffにしました！	フラグ0をoffにしました！	
192:$466D	216:$553E	9	はやくにげて<D2><D2><D2>	はやくにげて<D2><D2><D2>	
192:$4677	216:$5548	9	なに？なんかよう？	なに？なんかよう？	
192:$4681	216:$5552	15	パフォーマンス「リプレイふか」	パフォーマンス「リプレイふか」	
192:$4691	216:$5562	15	allmove「リプレイふか」	allmove「リプレイふか」	
192:$46A1	216:$5572	14	てきぜんめつ「リプレイok」	てきぜんめつ「リプレイok」	
192:$46B0	216:$5581	3	bgm	bgm	
192:$46B4	216:$5585	2	me	me	
192:$46B7	216:$5588	2	se	se	
192:$46BA	216:$558B	4	stop	stop	
192:$46BF	216:$5590	5	tempo	tempo	
192:$46C5	216:$5596	4	mute	mute	
192:$46CA	216:$559B	3	ふつう	ふつう	
192:$46CE	216:$559F	3	はやい	はやい	
192:$46D2	216:$55A3	4	さいそく	さいそく	
192:$46D7	216:$55A8	3	おそい	おそい	
192:$46DB	216:$55AC	14	フラグ「リプレイできません」	フラグ「リプレイできません」	
192:$46EA	216:$55BB	16	スローモーション「リプレイふか」	スローモーション「リプレイふか」	
192:$46FB	216:$55CC	33	じどうbackupにしっぱいしました<page><br>おおのまでれんらくください	じどうbackupにしっぱいしました<page><br>おおのまでれんらくください	
192:$471D	216:$55EE	4	あおまつ	あおまつ	
192:$4722	216:$55F3	17	<EA>ヨウトウかまいたち<EB><EC><E8><E8><E8><E8><E8>	<EA>ヨウトウかまいたち<EB><EC><E8><E8><E8><E8><E8>	
192:$4734	216:$5605	21	<EA>腕輪<27>ビビビビビビビ<cracked><EB><E8><E8><E8><E8><E8>	<EA>腕輪<27>ビビビビビビビ<cracked><EB><E8><E8><E8><E8><E8>	
192:$474A	216:$561B	24	<EA>99本のかまいたち合成の矢<EB><E8><E8><E8><E8><E8>	<EA>99本のかまいたち合成の矢<EB><E8><E8><E8><E8><E8>	
192:$4763	216:$5634	17	<EA>肉「パコレプキン」<EB><E8><E8><E8><E8><E8>	<EA>肉「パコレプキン」<EB><E8><E8><E8><E8><E8>	
192:$4775	216:$5646	21	<EA>モンスターをすう壺「8」<EB><EC><E8><E8><E8><E8><E8>	<EA>モンスターをすう壺「8」<EB><EC><E8><E8><E8><E8><E8>	
192:$478B	216:$565C	23	<EA>ころばぬさきききの杖「<26>99」<EB><E8><E8><E8><E8><E8>	<EA>ころばぬさきききの杖「<26>99」<EB><E8><E8><E8><E8><E8>	
192:$47A3	216:$5674	10	わな「リプレイふか」	わな「リプレイふか」	
192:$47AE	216:$567F	15	こじんイベント「リプレイふか」	こじんイベント「リプレイふか」	
192:$47BE	216:$568F	17	agbにきりかえる「リプレイふか」	agbにきりかえる「リプレイふか」	
192:$47D0	216:$56A1	12	こうそく「リプレイふか」	こうそく「リプレイふか」	
192:$47DD	216:$56AE	4	xpos	xpos	
192:$47E2	216:$56B3	4	ypos	ypos	
192:$47E7	216:$56B8	3	map	map	
192:$47EB	216:$56BC	5	floor	floor	
192:$47F1	216:$56C2	18	ふるいデバッグモード「リプレイふか」	ふるいデバッグモード「リプレイふか」	
192:$4804	216:$56D5	16	しれんじょうほう「リプレイふか」	しれんじょうほう「リプレイふか」	
192:$4815	216:$56E6	9	シレンレベルmax	シレンレベルmax	
192:$481F	216:$56F0	11	せいぶつがすべておきる	せいぶつがすべておきる	
192:$482B	216:$56FC	13	コマおくり「リプレイふか」	コマおくり「リプレイふか」	
192:$4839	216:$570A	6	パラメータ1	パラメータ1	
192:$4840	216:$5711	6	パラメータ2	パラメータ2	
192:$4847	216:$5718	6	パラメータ3	パラメータ3	
192:$484E	216:$571F	6	パラメータ4	パラメータ4	
192:$4855	216:$5726	6	パラメータ5	パラメータ5	
192:$485C	216:$572D	6	パラメータ6	パラメータ6	
192:$4863	216:$5734	6	パラメータ7	パラメータ7	
192:$486A	216:$573B	6	パラメータ8	パラメータ8	
192:$4871	216:$5742	13	アイテムパラメータせいせい	アイテムパラメータせいせい	
192:$487F	216:$5750	15	レコードフラグ「リプレイふか」	レコードフラグ「リプレイふか」	
192:$488F	216:$5760	10	チュートリアルクリア	チュートリアルクリア	
192:$489A	216:$576B	7	やさしいクリア	やさしいクリア	
192:$48A2	216:$5773	6	ふつうクリア	ふつうクリア	
192:$48A9	216:$577A	8	むずかしいクリア	むずかしいクリア	
192:$48B2	216:$5783	7	じゃしんクリア	じゃしんクリア	
192:$48BA	216:$578B	7	さいはてクリア	さいはてクリア	
192:$48C2	216:$5793	5	にくクリア	にくクリア	
192:$48C8	216:$5799	5	わなクリア	わなクリア	
192:$48CE	216:$579F	8	あかずのまクリア	あかずのまクリア	
192:$48D7	216:$57A8	5	つぼクリア	つぼクリア	
192:$48DD	216:$57AE	8	イルパにもどれる	イルパにもどれる	
192:$48E6	216:$57B7	7	つづきができる	つづきができる	
192:$48EE	216:$57BF	8	にっきがそんざい	にっきがそんざい	
192:$48F7	216:$57C8	8	助けられている	助けられている	
192:$4900	216:$57D1	6	助けている	助けている	
192:$4907	216:$57D8	9	タイムアタック中	タイムアタック中	
192:$4911	216:$57E2	12	助ける方のデータあり	助ける方のデータあり	
192:$491E	216:$57EF	14	助けられる方のデータあり	助けられる方のデータあり	
192:$492D	216:$57FE	8	お助けせいこう	お助けせいこう	
192:$4936	216:$5807	11	お助されたことがある	お助されたことがある	
192:$4942	216:$5813	9	おれいの声がある	おれいの声がある	
192:$494C	216:$581D	8	お助けされて1	お助けされて1	
192:$4955	216:$5826	12	りれきをコンプリートで1	りれきをコンプリートで1	
192:$4962	216:$5833	13	オープニングイベントちゅう	オープニングイベントちゅう	
192:$4970	216:$5841	14	エンディングごイベントきどう	エンディングごイベントきどう	
192:$497F	216:$5850	10	メッセージそうにゅう	メッセージそうにゅう	
192:$498A	216:$585B	9	メッセージbank	メッセージbank	
192:$4994	216:$5865	9	メッセージばんごう	メッセージばんごう	
192:$499E	216:$586F	5	そうにゅう	そうにゅう	
192:$49A4	216:$5875	12	nopコマンドそうにゅう	nopコマンドそうにゅう	
192:$49B1	216:$5882	13	イベントビジュアル「ふか」	イベントビジュアル「ふか」	
192:$49BF	216:$5890	7	こていらんすう	こていらんすう	
192:$49C7	216:$5898	10	こていらんすうをけす	こていらんすうをけす	
192:$49D2	216:$58A3	11	デバッグモード「ふか」	デバッグモード「ふか」	
192:$49DE	216:$58AF	12	もとからbackup1へ	もとからbackup1へ	
192:$49EB	216:$58BC	12	もとからbackup2へ	もとからbackup2へ	
192:$49F8	216:$58C9	12	もとからbackup3へ	もとからbackup3へ	
192:$4A05	216:$58D6	12	backup1からもとへ	backup1からもとへ	
192:$4A12	216:$58E3	12	backup2からもとへ	backup2からもとへ	
192:$4A1F	216:$58F0	12	backup3からもとへ	backup3からもとへ	
192:$4A2C	216:$58FD	7	日記コピー	日記コピー	
192:$4A34	216:$5905	11	まじないフラグ「ふか」	まじないフラグ「ふか」	
192:$4A40	216:$5911	6	たおしたかず	たおしたかず	
192:$4A47	216:$5918	5	ターンすう	ターンすう	
192:$4A4D	216:$591E	5	そうフロア	そうフロア	
192:$4A53	216:$5924	21	assert<27><number:19:C5> val<27><number:1A:C5><page>	assert<27><number:19:C5> val<27><number:1A:C5><page>	
192:$4A69	216:$593A	16	すべて<D0>しきべつじょうたいにする	すべて<D0>しきべつじょうたいにする	
192:$4A7A	216:$594B	13	デバッグサポートスクリプト	デバッグサポートスクリプト	
192:$4A88	216:$5959	13	肉フラグをずかんにのせる	肉フラグをずかんにのせる	
192:$4A96	216:$5967	13	ワナフラグをずかんにのせる	ワナフラグをずかんにのせる	
192:$4BD0	216:$5975	15	みえざるもの	Invisible Thing	
192:$4BD7	216:$5985	5	マムル	Mamel	
192:$4BDB	216:$598B	7	ボウヤー	Bow Boy	
192:$4BE0	216:$5993	4	タウロス	Taur	
192:$4BE5	216:$5998	13	いやしウサギ	Healer Rabbit	
192:$4BEC	216:$59A6	13	きめんむしゃ	Demon Warrior	
192:$4BF3	216:$59B4	13	ぼうれいむしゃ	Ghost Warrior	
192:$4BFB	216:$59C2	10	ぴーたん	Scurry Egg	
192:$4C00	216:$59CD	8	シューベル	Schubell	
192:$4C06	216:$59D6	12	とおせんりゅう	Floor Dragon	
192:$4C0E	216:$59E3	11	パコレプキン	Pumphantasm	
192:$4C15	216:$59EF	8	オヤジせんしゃ	Pop Tank	
192:$4C1D	216:$59F8	12	にぎりへんげ	Nigiri Morph	
192:$4C24	216:$5A05	10	ノロージョ	Curse Girl	
192:$4C2A	216:$5A10	5	ゲイズ	Gazer	
192:$4C2E	216:$5A16	11	かっとびイノシシ	Impact Boar	
192:$4C37	216:$5A22	8	コドモせんしゃ	Boy Tank	
192:$4C3F	216:$5A2B	5	ミドロ	Slime	
192:$4C43	216:$5A31	5	デブータ	Porky	
192:$4C48	216:$5A37	6	ドラゴン	Dragon	
192:$4C4D	216:$5A3E	10	セルアーマー	Cell Armor	
192:$4C54	216:$5A49	12	しのつかい	Death Reaper	
192:$4C5A	216:$5A56	10	ワルガマラ	Bad Froggo	
192:$4C60	216:$5A61	8	おばけダイコン	Mutaikon	
192:$4C68	216:$5A6A	8	ヒャクメ	Gawkulus	
192:$4C6D	216:$5A73	9	まどろみつかい	Doze Mage	
192:$4C75	216:$5A7D	13	ワルっトド	Bad Zalokleft	
192:$4C7B	216:$5A8B	9	すすりムシ	Sip Leech	
192:$4C81	216:$5A95	11	かさタヌキ	Wily Tanuki	
192:$4C87	216:$5AA1	11	エーテルデビル	Ether Devil	
192:$4C8F	216:$5AAD	11	へいたいアリ	Soldier Ant	
192:$4C96	216:$5AB9	10	ガイコツまどう	Skull Mage	
192:$4C9E	216:$5AC4	9	じんめんいわ	Rock Head	
192:$4CA5	216:$5ACE	11	ちょうちんフグ	Lamp Puffer	
192:$4CAD	216:$5ADA	9	ばくだんウニ	Explochin	
192:$4CB4	216:$5AE4	10	カラスてんぐ	Crow Tengu	
192:$4CBB	216:$5AEF	10	ウルロイド	Wolf Droid	
192:$4CC1	216:$5AFA	8	アイアンヘッド	Ironhead	
192:$4CC9	216:$5B03	12	バットカンガルー	Bat Kangaroo	
192:$4CD2	216:$5B10	10	ミニマゼルン	Mini Mixer	
192:$4CD9	216:$5B1B	6	タベラレルー	Snacky	
192:$4CE0	216:$5B22	10	ワナニン	Trap Genin	
192:$4CE5	216:$5B2D	11	ひまガッパ	Bored Kappa	
192:$4CEB	216:$5B39	12	ヒツジしんかん	Sheep Priest	
192:$4CF3	216:$5B46	13	コクワガッター	Punter Scarab	
192:$4CFB	216:$5B54	6	ギャドン	Gyadon	
192:$4D00	216:$5B5B	10	サムライどん	Samuraidon	
192:$4D07	216:$5B66	10	イカキング	Squid King	
192:$4D0D	216:$5B71	9	つえふりわらべ	Baby Mage	
192:$4D15	216:$5B7B	13	ウツボカズラ	Pitcher Plant	
192:$4D1C	216:$5B89	9	けいほうバエ	Alert Fly	
192:$4D23	216:$5B93	13	はじきコガネ	Lobber Beetle	
192:$4D2A	216:$5BA1	7	ゴーグラー	Goggler	
192:$4D30	216:$5BA9	12	やみかむろ	Dark Slasher	
192:$4D36	216:$5BB6	11	からぶりせんにん	Daze Hermit	
192:$4D3F	216:$5BC2	10	いねむりせんにん	Dozy Genie	
192:$4D48	216:$5BCD	10	壺つりジジイ	Pot Fisher	
192:$4D50	216:$5BD8	9	ジャンガリガン	Jungarian	
192:$4D58	216:$5BE2	5	ギャザー	Gyaza	
192:$4D5D	216:$5BE8	11	ヤミウッチー	Dark Vassal	
192:$4D64	216:$5BF4	6	モラビー	Morabi	
192:$4D69	216:$5BFB	11	にらみヘビ	Glare Snake	
192:$4D6F	216:$5C07	12	ねずみこぶん	Minion Mouse	
192:$4D76	216:$5C14	13	カラカイおさる	Teaser Monkey	
192:$4D7E	216:$5C22	8	チンタラ	Chintala	
192:$4D83	216:$5C2B	11	パおう	King Tusker	
192:$4D87	216:$5C37	11	くねくねハニー	Twisty Hani	
192:$4D8F	216:$5C43	14	マスターチキン	Master Chicken	
192:$4D97	216:$5C52	7	チキン	Chicken	
192:$4D9B	216:$5C5A	13	あくまだんしゃく	Vampire Baron	
192:$4DA4	216:$5C68	6	ダギャン	Dagyan	
192:$4DA9	216:$5C6F	8	ざぜんどうし	Zen Guru	
192:$4DB0	216:$5C78	10	あやしいひとだま	Shady Wisp	
192:$4DB9	216:$5C83	10	きりせんにん	Fog Hermit	
192:$4DC0	216:$5C8E	5	ザガン	Zagan	
192:$4DC4	216:$5C94	13	ザガン（ダミー）	Zagan (Dummy)	
192:$4DCF	216:$5CA2	4	領主	Lord	
192:$4DD4	216:$5CA7	12	りょうしゅ（ダミー）	Lord (Dummy)	
192:$4DE1	216:$5CB4	5	キュラス	Curas	
192:$4DE6	216:$5CBA	5	キュラス	Curas	
192:$4DEB	216:$5CC0	8	邪神	Evil God	
192:$4DF0	216:$5CC9	9	ゼンマイガー	Zenmaiger	
192:$4DF7	216:$5CD3	4	マーモ	Mamo	
192:$4DFB	216:$5CD8	4	ンフー	Nfuu	
192:$4DFF	216:$5CDD	12	ンフー（ダミー）	Nfuu (Dummy)	
192:$4E0A	216:$5CEA	8	にせもの	Impostor	
192:$4E0F	216:$5CF3	7	おにぎり	Onigiri	
192:$4E14	216:$5CFB	12	やりすごしツボ	Imprison Pot	
192:$4E1C	216:$5D08	7	とうぞくばん	Sheriff	
192:$4E23	216:$5D10	9	ばんけん	Guard Dog	
192:$4E28	216:$5D1A	10	店主	Shopkeeper	
192:$4E2D	216:$5D25	5	コッパ	Koppa	
192:$4E31	216:$5D2B	13	コッパ（ダミー）	Koppa (Dummy)	
192:$4E3C	216:$5D39	6	ペケジ	Pekeji	
192:$4E40	216:$5D40	14	ペケジ（ダミー）	Pekeji (Dummy)	
192:$4E4B	216:$5D4F	4	お竜	Oryu	
192:$4E4F	216:$5D54	12	おりゅう（ダミー）	Oryu (Dummy)	
192:$4E5B	216:$5D61	14	アテカ姫	Princess Ateka	
192:$4E61	216:$5D70	5	サチ	Sachi	
192:$4E64	216:$5D76	12	魔城兵	Rookie Guard	
192:$4E6B	216:$5D83	13	邪神のいちぶ	Evil God Part	
192:$4E74	216:$5D91	4	もぐら	Mole	
192:$4E78	216:$5D96	14	にせじんめんいわ	Fake Rock Head	
192:$4E81	216:$5DA5	9	道具屋	Item Shop	
192:$4E88	216:$5DAF	4	ぎんこう	Bank	
192:$4E8D	216:$5DB4	5	オハギ	Ohagi	
192:$4E91	216:$5DBA	6	キナコ	Kinako	
192:$4E95	216:$5DC1	14	うらないオババ	Fortune-teller	
192:$4E9D	216:$5DD0	10	かじ屋	Blacksmith	
192:$4EA2	216:$5DDB	12	うけつけ	Receptionist	
192:$4EA7	216:$5DE8	17	風来のサブ	Sabu the Wanderer	
192:$4EAF	216:$5DFA	17	風来のロク	Roku the Wanderer	
192:$4EB7	216:$5E0C	18	風来のシロ	Shiro the Wanderer	
192:$4EBF	216:$5E1F	14	ハトがかり	Pigeon Handler	
192:$4EC5	216:$5E2E	18	風来のハチ	Hachi the Wanderer	
192:$4ECD	216:$5E41	4	グッド	Good	
192:$4ED1	216:$5E46	7	トレパン	Torepan	
192:$4ED6	216:$5E4E	3	ライ	Rai	
192:$4ED9	216:$5E52	3	オロ	Oro	
192:$4EDC	216:$5E56	5	ワンダ	Wanda	
192:$4EE0	216:$5E5C	8	アモカチ	Amokachi	
192:$4EE5	216:$5E65	8	メケレレ	Mekerere	
192:$4EEA	216:$5E6E	8	イチペバ	Ichipeba	
192:$4EEF	216:$5E77	6	ニペバ	Nipeba	
192:$4EF3	216:$5E7E	7	サンペバ	Sanpeba	
192:$4EF8	216:$5E86	7	ヌワンコ	Nuwanko	
192:$4EFD	216:$5E8E	4	ゴト	Goto	
192:$4F00	216:$5E93	9	リヒピシ	Rihipishi	
192:$4F05	216:$5E9D	4	サラ	Sara	
192:$4F08	216:$5EA2	5	ミナイ	Minai	
192:$4F0C	216:$5EA8	4	キコ	Kiko	
192:$4F0F	216:$5EAD	3	タオ	Tao	
192:$4F12	216:$5EB1	8	ブブヤロ	Bubuyaro	
192:$4F17	216:$5EBA	5	シズ	Shizu	
192:$4F1A	216:$5EC0	18	いきだおれ	Collapsed Wanderer	
192:$4F20	216:$5ED3	8	ビッグモアイ	Big Moai	
192:$4F27	216:$5EDC	6	りょうしゅ2	Lord 2	
192:$4F2E	216:$5EE3	14	りょうしゅ2（ダミー）	Lord 2 (Dummy)	
192:$4F3C	216:$5EF2	16	そうこ番	Storehouse Guard	
192:$4F42	216:$5F03	19	キュラス（へんしん）	Curas (Transformed)	
192:$4F4F	216:$5F17	5	せつめい	Guide	
192:$4F54	216:$5F1D	7	ガイバラ	Gaibara	
192:$4F59	216:$5F25	8	サルヤマ	Saruyama	
192:$4F5E	216:$5F2E	9	ビビンギダ	Bibingida	
192:$4F64	216:$5F38	5	ソンガ	Songa	
192:$4F68	216:$5F3E	6	コマル	Komaru	
192:$4F6C	216:$5F45	9	ヒゲチヨ	Higechiyo	
192:$4F71	216:$5F4F	14	まじょうへい	Castle Soldier	
192:$4F78	216:$5F5E	16	まじょうへい2	Castle Soldier 2	
192:$4F80	216:$5F6F	16	まじょうへい3	Castle Soldier 3	
192:$50B4	216:$5F80	15	みえざるもの	Invisible Thing	
192:$50BB	216:$5F90	9	あなぐらマムル	Pit Mamel	
192:$50C3	216:$5F9A	12	クロスボウヤー	Crossbow Boy	
192:$50CB	216:$5FA7	8	ミノタウロス	Minotaur	
192:$50D2	216:$5FB0	11	きゅうめいウサギ	Life Rabbit	
192:$50DB	216:$5FBC	14	はんにゃむしゃ	Hannya Warrior	
192:$50E3	216:$5FCB	12	ぼうれいはんにゃ	Ghost Hannya	
192:$50EC	216:$5FD8	11	にげピータン	Scamper Egg	
192:$50F3	216:$5FE4	7	メンベルス	Menbell	
192:$50F9	216:$5FEC	11	ドラゴンヘッド	Dragon Head	
192:$5101	216:$5FF8	10	パコレプキーナ	Pumphantom	
192:$5109	216:$6003	11	ガンコせんしゃ	Grampa Tank	
192:$5111	216:$600F	11	にぎりおやかた	Nigiri Boss	
192:$5119	216:$601B	12	ノロージョのあね	Curse Sister	
192:$5122	216:$6028	11	スーパーゲイズ	Super Gazer	
192:$512A	216:$6034	10	げきとつイノシシ	Crash Boar	
192:$5133	216:$603F	9	ちびタンク	Mini Tank	
192:$5139	216:$6049	5	ゲドロ	Grime	
192:$513D	216:$604F	5	デブーチョ	Porko	
192:$5143	216:$6055	10	スカイドラゴン	Sky Dragon	
192:$514B	216:$6060	12	クロムアーマー	Chrome Armor	
192:$5153	216:$606D	11	じごくのししゃ	Hell Reaper	
192:$515B	216:$6079	13	ワルガマグッチ	Bad Froggucci	
192:$5163	216:$6087	7	めまわしダイコン	Dazikon	
192:$516C	216:$608F	8	おおヒャクメ	Lockulus	
192:$5173	216:$6098	13	ねむりそうりょ	Sleep Warlock	
192:$517B	216:$60A6	14	ギャングっトド	Gang Zalokleft	
192:$5183	216:$60B5	11	きゅういんちゅう	Slurp Leech	
192:$518C	216:$60C1	13	からかさタヌキ	Tricky Tanuki	
192:$5194	216:$60CF	13	ホルムデーモン	Phantom Devil	
192:$519C	216:$60DD	11	たいちょうアリ	Captain Ant	
192:$51A4	216:$60E9	12	ガイコツまじん	Skull Wizard	
192:$51AC	216:$60F6	9	きめんがんせき	Ogre Rock	
192:$51B4	216:$6100	14	あんどんフグ	Lantern Puffer	
192:$51BB	216:$610F	11	ばくれつウニ	Concusschin	
192:$51C2	216:$611B	12	ハヤブサてんぐ	Falcon Tengu	
192:$51CA	216:$6128	11	ゴリボット	Gorilla Bot	
192:$51D0	216:$6134	9	チェインヘッド	Chainhead	
192:$51D8	216:$613E	13	エビルカンガルー	Evil Kangaroo	
192:$51E1	216:$614C	13	ミニマゼモン	Mini Mixermon	
192:$51E8	216:$615A	15	みえざるもの	Invisible Thing	
192:$51EF	216:$616A	11	ワナニンジャ	Trap Chunin	
192:$51F6	216:$6176	10	いやすぎガッパ	Kappa Pest	
192:$51FE	216:$6181	11	ヤギしさい	Goat Pastor	
192:$5204	216:$618D	14	クーワガッター	Striker Scarab	
192:$520C	216:$619C	7	ギャイラス	Gyairas	
192:$5212	216:$61A4	9	タイショウどん	Taishodon	
192:$521A	216:$61AE	10	イカだいおう	Squid Lord	
192:$5221	216:$61B9	8	つえふりぼうず	Boy Mage	
192:$5229	216:$61C2	14	しきべつカズラ	Identify Plant	
192:$5231	216:$61D1	8	みっこくバエ	Fink Fly	
192:$5238	216:$61DA	13	ふきとばボタル	Heaver Beetle	
192:$5240	216:$61E8	13	ワースゴーグラー	Worth Goggler	
192:$5249	216:$61F6	14	ようまかむろ	Sneaky Slasher	
192:$5250	216:$6205	12	こごとせんにん	Scold Hermit	
192:$5258	216:$6212	12	すいみんせんにん	Groggy Genie	
192:$5261	216:$621F	10	壺つりおきな	Pot Angler	
192:$5269	216:$622A	10	キャンベラン	Campbellan	
192:$5270	216:$6235	12	キラーギャザー	Killer Gyaza	
192:$5278	216:$6242	12	フイウッチー	Demon Vassal	
192:$527F	216:$624F	6	ワラビー	Warabi	
192:$5284	216:$6256	10	ギョロつきヘビ	Leer Snake	
192:$528C	216:$6261	13	ねずみおやぶん	Mobster Mouse	
192:$5294	216:$626F	14	チャカシおさる	Derider Monkey	
192:$529C	216:$627E	12	ちゅうチンタラ	Mid Chintala	
192:$52A4	216:$628B	14	パオパおう	Monarch Tusker	
192:$52AA	216:$629A	15	みえざるもの	Invisible Thing	
192:$52B1	216:$62AA	13	グレートチキン	Great Chicken	
192:$52B9	216:$62B8	15	みえざるもの	Invisible Thing	
192:$52C0	216:$62C8	12	あくまこうしゃく	Vampire Duke	
192:$52C9	216:$62D5	8	ダギャダギャン	Dagyagan	
192:$52D1	216:$62DE	8	ざぜんそくぶつ	Zen Monk	
192:$52D9	216:$62E7	12	おびえたしりょう	Fearful Wisp	
192:$52E2	216:$62F4	11	みのせんにん	Haze Hermit	
192:$52E9	216:$6300	15	みえざるもの	Invisible Thing	
192:$52F0	216:$6310	15	みえざるもの	Invisible Thing	
192:$52F7	216:$6320	15	みえざるもの	Invisible Thing	
192:$52FE	216:$6330	15	みえざるもの	Invisible Thing	
192:$5305	216:$6340	15	みえざるもの	Invisible Thing	
192:$530C	216:$6350	15	みえざるもの	Invisible Thing	
192:$5313	216:$6360	15	みえざるもの	Invisible Thing	
192:$531A	216:$6370	10	フウリョクオー	Royal Wind	
192:$5322	216:$637B	15	みえざるもの	Invisible Thing	
192:$5329	216:$638B	4	ンフー	Nfuu	
192:$532D	216:$6390	15	みえざるもの	Invisible Thing	
192:$5334	216:$63A0	15	みえざるもの	Invisible Thing	
192:$533B	216:$63B0	15	みえざるもの	Invisible Thing	
192:$5342	216:$63C0	12	やりすごしツボ	Imprison Pot	
192:$534A	216:$63CD	9	おかっぴき	Detective	
192:$5350	216:$63D7	10	もうけん	Fierce Dog	
192:$5355	216:$63E2	10	店主	Shopkeeper	
192:$535A	216:$63ED	15	みえざるもの	Invisible Thing	
192:$5361	216:$63FD	15	みえざるもの	Invisible Thing	
192:$5368	216:$640D	6	ペケジ	Pekeji	
192:$536C	216:$6414	15	みえざるもの	Invisible Thing	
192:$5373	216:$6424	4	お竜	Oryu	
192:$5377	216:$6429	15	みえざるもの	Invisible Thing	
192:$537E	216:$6439	15	みえざるもの	Invisible Thing	
192:$5385	216:$6449	15	みえざるもの	Invisible Thing	
192:$538C	216:$6459	12	魔城強兵	Strong Guard	
192:$5395	216:$6466	13	邪神のいちぶ	Evil God Part	
192:$539E	216:$6474	9	アオもぐら	Blue Mole	
192:$53A4	216:$647E	14	にせじんめんいわ	Fake Rock Head	
192:$53AD	216:$648D	15	みえざるもの	Invisible Thing	
192:$53B4	216:$649D	15	みえざるもの	Invisible Thing	
192:$53BB	216:$64AD	15	みえざるもの	Invisible Thing	
192:$53C2	216:$64BD	15	みえざるもの	Invisible Thing	
192:$53C9	216:$64CD	15	みえざるもの	Invisible Thing	
192:$53D0	216:$64DD	15	みえざるもの	Invisible Thing	
192:$53D7	216:$64ED	15	みえざるもの	Invisible Thing	
192:$53DE	216:$64FD	15	みえざるもの	Invisible Thing	
192:$53E5	216:$650D	15	みえざるもの	Invisible Thing	
192:$53EC	216:$651D	15	みえざるもの	Invisible Thing	
192:$53F3	216:$652D	15	みえざるもの	Invisible Thing	
192:$53FA	216:$653D	15	みえざるもの	Invisible Thing	
192:$5401	216:$654D	15	みえざるもの	Invisible Thing	
192:$5408	216:$655D	15	みえざるもの	Invisible Thing	
192:$540F	216:$656D	15	みえざるもの	Invisible Thing	
192:$5416	216:$657D	15	みえざるもの	Invisible Thing	
192:$541D	216:$658D	15	みえざるもの	Invisible Thing	
192:$5424	216:$659D	15	みえざるもの	Invisible Thing	
192:$542B	216:$65AD	15	みえざるもの	Invisible Thing	
192:$5432	216:$65BD	15	みえざるもの	Invisible Thing	
192:$5439	216:$65CD	15	みえざるもの	Invisible Thing	
192:$5440	216:$65DD	15	みえざるもの	Invisible Thing	
192:$5447	216:$65ED	15	みえざるもの	Invisible Thing	
192:$544E	216:$65FD	15	みえざるもの	Invisible Thing	
192:$5455	216:$660D	15	みえざるもの	Invisible Thing	
192:$545C	216:$661D	15	みえざるもの	Invisible Thing	
192:$5463	216:$662D	15	みえざるもの	Invisible Thing	
192:$546A	216:$663D	15	みえざるもの	Invisible Thing	
192:$5471	216:$664D	15	みえざるもの	Invisible Thing	
192:$5478	216:$665D	15	みえざるもの	Invisible Thing	
192:$547F	216:$666D	15	みえざるもの	Invisible Thing	
192:$5486	216:$667D	15	みえざるもの	Invisible Thing	
192:$548D	216:$668D	15	みえざるもの	Invisible Thing	
192:$5494	216:$669D	15	みえざるもの	Invisible Thing	
192:$549B	216:$66AD	15	みえざるもの	Invisible Thing	
192:$54A2	216:$66BD	15	みえざるもの	Invisible Thing	
192:$54A9	216:$66CD	15	みえざるもの	Invisible Thing	
192:$54B0	216:$66DD	15	みえざるもの	Invisible Thing	
192:$54B7	216:$66ED	15	みえざるもの	Invisible Thing	
192:$54BE	216:$66FD	15	みえざるもの	Invisible Thing	
192:$54C5	216:$670D	15	みえざるもの	Invisible Thing	
192:$54CC	216:$671D	15	みえざるもの	Invisible Thing	
192:$54D3	216:$672D	15	みえざるもの	Invisible Thing	
192:$54DA	216:$673D	15	みえざるもの	Invisible Thing	
192:$54E1	216:$674D	15	みえざるもの	Invisible Thing	
192:$54E8	216:$675D	15	みえざるもの	Invisible Thing	
192:$54EF	216:$676D	15	みえざるもの	Invisible Thing	
192:$5622	216:$677D	15	みえざるもの	Invisible Thing	
192:$5629	216:$678D	10	どうくつマムル	Cave Mamel	
192:$5631	216:$6798	15	みえざるもの	Invisible Thing	
192:$5638	216:$67A8	8	メガタウロス	Megataur	
192:$563F	216:$67B1	15	みえざるもの	Invisible Thing	
192:$5646	216:$67C1	6	しょうぐん	Shogun	
192:$564C	216:$67C8	12	しょうぐんゾンビ	Ghost Shogun	
192:$5655	216:$67D5	11	とびぴーたん	Leaping Egg	
192:$565C	216:$67E1	10	ベルトーベン	Bellthoven	
192:$5663	216:$67EC	13	スルードラゴン	Tunnel Dragon	
192:$566B	216:$67FA	10	パコレプキング	Pumpanshee	
192:$5673	216:$6805	11	イッテツせんしゃ	Ornery Tank	
192:$567C	216:$6811	13	にぎりもとじめ	Nigiri Master	
192:$5684	216:$681F	9	ノロージョのはは	Curse Mom	
192:$568D	216:$6829	11	ハイパーゲイズ	Hyper Gazer	
192:$5695	216:$6835	12	かいめつイノシシ	Wrecker Boar	
192:$569E	216:$6842	15	みえざるもの	Invisible Thing	
192:$56A5	216:$6852	4	オドロ	Ooze	
192:$56A9	216:$6857	6	デブートン	Porkon	
192:$56AF	216:$685E	10	アークドラゴン	Archdragon	
192:$56B7	216:$6869	14	チタンアーマー	Titanium Armor	
192:$56BF	216:$6878	11	しにがみ	Grim Reaper	
192:$56C4	216:$6884	11	ワルガマゴン	Bad Froggon	
192:$56CB	216:$6890	7	ねむりダイコン	Dozikon	
192:$56D3	216:$6898	8	ヒャクメまじん	Hawkulus	
192:$56DB	216:$68A1	14	こんすいどうし	Slumber Wizard	
192:$56E3	216:$68B0	13	ゴットドファーザ	Mob Zalokleft	
192:$56EC	216:$68BE	10	がぶのみムシ	Gulp Leech	
192:$56F3	216:$68C9	13	たんたんタヌキ	Crafty Tanuki	
192:$56FB	216:$68D7	12	メチルサタン	Mirage Devil	
192:$5702	216:$68E4	11	しょうぐんアリ	General Ant	
192:$570A	216:$68F0	12	ガイコツまおう	Skull Wraith	
192:$5712	216:$68FD	10	デーモンズロック	Demon Rock	
192:$571B	216:$6908	13	かんてらフグ	Beacon Puffer	
192:$5722	216:$6916	11	だいふんかウニ	Fulminachin	
192:$572A	216:$6922	11	イヌワシてんぐ	Eagle Tengu	
192:$5732	216:$692E	9	ベアボーグ	Bear Borg	
192:$5738	216:$6938	8	ギガヘッド	Gigahead	
192:$573E	216:$6941	14	デビルカンガルー	Devil Kangaroo	
192:$5747	216:$6950	13	ミニマゼゴン	Mini Mixergon	
192:$574E	216:$695E	15	みえざるもの	Invisible Thing	
192:$5755	216:$696E	10	ワナニンニン	Trap Jonin	
192:$575C	216:$6979	12	たまらんガッパ	Vexing Kappa	
192:$5764	216:$6986	12	ガゼルきょうこう	Gazelle Pope	
192:$576D	216:$6993	13	ノコギガッター	Kicker Scarab	
192:$5775	216:$69A1	8	ギャンドラー	Gyandora	
192:$577C	216:$69AA	11	トノサマどん	Tonosamadon	
192:$5783	216:$69B6	13	イカエンペラー	Squid Emperor	
192:$578B	216:$69C4	9	つえふりワルガキ	Brat Mage	
192:$5794	216:$69CE	14	しゅくふくカズラ	Blessing Plant	
192:$579D	216:$69DD	8	たれこみバエ	Nark Fly	
192:$57A4	216:$69E6	14	はねとばカブト	Slinger Beetle	
192:$57AC	216:$69F5	13	グレンゴーグラー	Glenn Goggler	
192:$57B5	216:$6A03	14	あんこくかむろ	Shadow Slasher	
192:$57BD	216:$6A12	11	みかわしせんにん	Spry Hermit	
192:$57C6	216:$6A1E	12	おだぶつせんにん	Sleepy Genie	
192:$57CF	216:$6A2B	10	壺つりちょうろう	Pot Giller	
192:$57D9	216:$6A36	10	グロバラン	Blackbelly	
192:$57DF	216:$6A41	10	ヘルギャザー	Hell Gyaza	
192:$57E6	216:$6A4C	12	ミダレウッチー	Sable Vassal	
192:$57EE	216:$6A59	6	タカビー	Takabi	
192:$57F3	216:$6A60	10	ガンたれヘビ	Ogle Snake	
192:$57FA	216:$6A6B	13	ねずみくろまく	Skipper Mouse	
192:$5802	216:$6A79	13	ミクダシおさる	Mocker Monkey	
192:$580A	216:$6A87	12	おおチンタラ	Big Chintala	
192:$5811	216:$6A94	14	パオパおーン	Emperor Tusker	
192:$5818	216:$6AA3	15	みえざるもの	Invisible Thing	
192:$581F	216:$6AB3	15	みえざるもの	Invisible Thing	
192:$5826	216:$6AC3	15	みえざるもの	Invisible Thing	
192:$582D	216:$6AD3	14	あくまぼうくん	Vampire Tyrant	
192:$5835	216:$6AE2	11	ダギャギャギャン	Dagyagyagan	
192:$583E	216:$6AEE	10	ざぜんにゅうどう	Zen Priest	
192:$5847	216:$6AF9	12	なげきあくりょう	Wailing Wisp	
192:$5850	216:$6B06	11	かすみせんにん	Mist Hermit	
192:$5858	216:$6B12	15	みえざるもの	Invisible Thing	
192:$585F	216:$6B22	15	みえざるもの	Invisible Thing	
192:$5866	216:$6B32	15	みえざるもの	Invisible Thing	
192:$586D	216:$6B42	15	みえざるもの	Invisible Thing	
192:$5874	216:$6B52	15	みえざるもの	Invisible Thing	
192:$587B	216:$6B62	15	みえざるもの	Invisible Thing	
192:$5882	216:$6B72	15	みえざるもの	Invisible Thing	
192:$5889	216:$6B82	11	スイリョッカー	Hydro Rover	
192:$5891	216:$6B8E	15	みえざるもの	Invisible Thing	
192:$5898	216:$6B9E	4	ンフー	Nfuu	
192:$589C	216:$6BA3	15	みえざるもの	Invisible Thing	
192:$58A3	216:$6BB3	15	みえざるもの	Invisible Thing	
192:$58AA	216:$6BC3	15	みえざるもの	Invisible Thing	
192:$58B1	216:$6BD3	12	やりすごしツボ	Imprison Pot	
192:$58B9	216:$6BE0	5	じゅってもち	Jitte	
192:$58C0	216:$6BE6	11	とうけん	Fighter Dog	
192:$58C5	216:$6BF2	10	店主	Shopkeeper	
192:$58CA	216:$6BFD	15	みえざるもの	Invisible Thing	
192:$58D1	216:$6C0D	15	みえざるもの	Invisible Thing	
192:$58D8	216:$6C1D	6	ペケジ	Pekeji	
192:$58DC	216:$6C24	15	みえざるもの	Invisible Thing	
192:$58E3	216:$6C34	4	お竜	Oryu	
192:$58E7	216:$6C39	15	みえざるもの	Invisible Thing	
192:$58EE	216:$6C49	15	みえざるもの	Invisible Thing	
192:$58F5	216:$6C59	15	みえざるもの	Invisible Thing	
192:$58FC	216:$6C69	12	魔城竜兵	Dragon Guard	
192:$5905	216:$6C76	13	邪神のいちぶ	Evil God Part	
192:$590E	216:$6C84	15	みえざるもの	Invisible Thing	
192:$5915	216:$6C94	14	にせじんめんいわ	Fake Rock Head	
192:$591E	216:$6CA3	15	みえざるもの	Invisible Thing	
192:$5925	216:$6CB3	15	みえざるもの	Invisible Thing	
192:$592C	216:$6CC3	15	みえざるもの	Invisible Thing	
192:$5933	216:$6CD3	15	みえざるもの	Invisible Thing	
192:$593A	216:$6CE3	15	みえざるもの	Invisible Thing	
192:$5941	216:$6CF3	15	みえざるもの	Invisible Thing	
192:$5948	216:$6D03	15	みえざるもの	Invisible Thing	
192:$594F	216:$6D13	15	みえざるもの	Invisible Thing	
192:$5956	216:$6D23	15	みえざるもの	Invisible Thing	
192:$595D	216:$6D33	15	みえざるもの	Invisible Thing	
192:$5964	216:$6D43	15	みえざるもの	Invisible Thing	
192:$596B	216:$6D53	15	みえざるもの	Invisible Thing	
192:$5972	216:$6D63	15	みえざるもの	Invisible Thing	
192:$5979	216:$6D73	15	みえざるもの	Invisible Thing	
192:$5980	216:$6D83	15	みえざるもの	Invisible Thing	
192:$5987	216:$6D93	15	みえざるもの	Invisible Thing	
192:$598E	216:$6DA3	15	みえざるもの	Invisible Thing	
192:$5995	216:$6DB3	15	みえざるもの	Invisible Thing	
192:$599C	216:$6DC3	15	みえざるもの	Invisible Thing	
192:$59A3	216:$6DD3	15	みえざるもの	Invisible Thing	
192:$59AA	216:$6DE3	15	みえざるもの	Invisible Thing	
192:$59B1	216:$6DF3	15	みえざるもの	Invisible Thing	
192:$59B8	216:$6E03	15	みえざるもの	Invisible Thing	
192:$59BF	216:$6E13	15	みえざるもの	Invisible Thing	
192:$59C6	216:$6E23	15	みえざるもの	Invisible Thing	
192:$59CD	216:$6E33	15	みえざるもの	Invisible Thing	
192:$59D4	216:$6E43	15	みえざるもの	Invisible Thing	
192:$59DB	216:$6E53	15	みえざるもの	Invisible Thing	
192:$59E2	216:$6E63	15	みえざるもの	Invisible Thing	
192:$59E9	216:$6E73	15	みえざるもの	Invisible Thing	
192:$59F0	216:$6E83	15	みえざるもの	Invisible Thing	
192:$59F7	216:$6E93	15	みえざるもの	Invisible Thing	
192:$59FE	216:$6EA3	15	みえざるもの	Invisible Thing	
192:$5A05	216:$6EB3	15	みえざるもの	Invisible Thing	
192:$5A0C	216:$6EC3	15	みえざるもの	Invisible Thing	
192:$5A13	216:$6ED3	15	みえざるもの	Invisible Thing	
192:$5A1A	216:$6EE3	15	みえざるもの	Invisible Thing	
192:$5A21	216:$6EF3	15	みえざるもの	Invisible Thing	
192:$5A28	216:$6F03	15	みえざるもの	Invisible Thing	
192:$5A2F	216:$6F13	15	みえざるもの	Invisible Thing	
192:$5A36	216:$6F23	15	みえざるもの	Invisible Thing	
192:$5A3D	216:$6F33	15	みえざるもの	Invisible Thing	
192:$5A44	216:$6F43	15	みえざるもの	Invisible Thing	
192:$5A4B	216:$6F53	15	みえざるもの	Invisible Thing	
192:$5A52	216:$6F63	15	みえざるもの	Invisible Thing	
192:$5A59	216:$6F73	15	みえざるもの	Invisible Thing	
192:$5A60	216:$6F83	15	みえざるもの	Invisible Thing	
192:$5C17	216:$6F93	8	おまもり	Talisman	
192:$5C1C	216:$6F9C	4	こんぼう	Club	
192:$5C21	216:$6FA1	12	有{F174=明}の太刀	Bronze Sword	
192:$5C2B	216:$6FAE	6	カタナ	Katana	
192:$5C2F	216:$6FB5	9	どうたぬき	Doutanuki	
192:$5C35	216:$6FBF	12	ドラゴンキラー	Dragonkiller	
192:$5C3D	216:$6FCC	12	剛剣マンジカブラ	Manji Kabura	
192:$5C48	216:$6FD9	19	じょうぶつのカマ	Sickle of Salvation	
192:$5C51	216:$6FED	7	つるはし	Pickaxe	
192:$5C56	216:$6FF5	11	サトリのつるはし	Wonder Pick	
192:$5C5F	216:$7001	14	必中の剣	Accurate Sword	
192:$5C67	216:$7010	19	ミノタウロスの斧	Axe of the Minotaur	
192:$5C71	216:$7024	11	妖刀かまいたち	Kama Itachi	
192:$5C7B	216:$7030	12	1ツ目ゴロシ	Cyclops Bane	
192:$5C83	216:$703D	12	ドレインバスター	Drain Slayer	
192:$5C8C	216:$704A	11	火迅風魔刀	Kajin Fuuma	
192:$5C97	216:$7056	13	秘剣カブラステギ	Kabura Sutegi	
192:$5CA2	216:$7064	11	マムルの剣	Mamel Sword	
192:$5CA9	216:$7070	10	にょいぼう	Power Pole	
192:$5CAF	216:$707B	16	セルアーマーの剣	Cell Armor Sword	
192:$5CB9	216:$708C	15	つかいすての剣	Break-Off Blade	
192:$5CC2	216:$709C	13	木づち	Wooden Mallet	
192:$5CC7	216:$70AA	12	スパークソード	Jagged Sword	
192:$5CCF	216:$70B7	13	回復の剣	Healing Sword	
192:$5CD7	216:$70C5	10	オオカブトの斧	Beetle Axe	
192:$5CE0	216:$70D0	12	百鬼の剣	Demon Slayer	
192:$5CE8	216:$70DD	10	妖光のヤリ	Aura Spear	
192:$5CF0	216:$70E8	14	ブフーの包丁	Bufu's Cleaver	
192:$5CF9	216:$70F7	9	こんとんの斧	Chaos Axe	
192:$5D01	216:$7101	11	たましいのカマ	Soul Sickle	
192:$5D09	216:$710D	12	斬毒剣	Sky Splitter	
192:$5D10	216:$711A	14	三日月刀	Crescent Blade	
192:$5D19	216:$7129	12	風魔刀	Fuuma Katana	
192:$5D20	216:$7136	14	ひだまりの剣	Hidamari Sword	
192:$5D28	216:$7145	16	ハラモチの盾	Shield of Sating	
192:$5D30	216:$7156	13	有{F174=明}甲の盾	Bronze Shield	
192:$5D3A	216:$7164	13	木甲の盾	Wooden Shield	
192:$5D42	216:$7172	11	鉄甲の盾	Iron Shield	
192:$5D4A	216:$717E	13	ドラゴンシールド	Dragon Shield	
192:$5D53	216:$718C	12	風魔の盾	Fuuma Shield	
192:$5D5B	216:$7199	14	バトルカウンター	Counter Shield	
192:$5D64	216:$71A8	12	重装の盾	Heavy Shield	
192:$5D6C	216:$71B5	11	やまびこの盾	Echo Shield	
192:$5D74	216:$71C1	15	見切りの盾	Watchful Shield	
192:$5D7D	216:$71D1	12	百鬼の盾	Demon Shield	
192:$5D85	216:$71DE	16	つかいすての盾	Break-Off Shield	
192:$5D8E	216:$71EF	12	地雷ナバリの盾	Blast Shield	
192:$5D99	216:$71FC	13	トドの盾	Walrus Shield	
192:$5D9F	216:$720A	11	ラセン風魔の盾	Rasen Fuuma	
192:$5DAA	216:$7216	12	マムルの盾	Mamel Shield	
192:$5DB1	216:$7223	14	装甲カブラサライ	Kabura's Guard	
192:$5DBC	216:$7232	12	みかわしの盾	Dodge Shield	
192:$5DC4	216:$723F	14	はねかえしの盾	Reflect Shield	
192:$5DCD	216:$724E	11	のろいよけの盾	Holy Shield	
192:$5DD6	216:$725A	15	カラクロイドの盾	Traproid Shield	
192:$5DE0	216:$726A	13	ガマラの盾	Froggo Shield	
192:$5DE7	216:$7278	12	しあわせの盾	Happy Shield	
192:$5DEF	216:$7285	12	パワーシールド	Power Shield	
192:$5DF7	216:$7292	14	サトリの盾	Nirvana Shield	
192:$5DFE	216:$72A1	12	プリズムの盾	Prism Shield	
192:$5E06	216:$72AE	13	オオカブトの盾	Beetle Shield	
192:$5E0F	216:$72BC	13	けしんの盾	Keshin Shield	
192:$5E16	216:$72CA	15	よび2	Unused Shield 2	
192:$5E1A	216:$72DA	18	つうかの腕輪	Waterwalk Bracelet	
192:$5E23	216:$72ED	18	ワナしの腕輪	Trapper's Bracelet	
192:$5E2C	216:$7300	16	回復の腕輪	Healing Bracelet	
192:$5E36	216:$7311	16	つうこんの腕輪	Dreaded Bracelet	
192:$5E40	216:$7322	19	のろいよけの腕輪	Cursebreak Bracelet	
192:$5E4B	216:$7336	21	えんとうの腕輪	Far-throwing Bracelet	
192:$5E55	216:$734C	20	たれながしの腕輪	Item-losing Bracelet	
192:$5E60	216:$7361	20	とうしの腕輪	Clairvoyant Bracelet	
192:$5E69	216:$7376	17	こんらんよけの腕輪	Focusing Bracelet	
192:$5E75	216:$7388	17	ちからの腕輪	Strength Bracelet	
192:$5E7E	216:$739A	16	たかとびの腕輪	Leaping Bracelet	
192:$5E88	216:$73AB	18	ハラヘラズの腕輪	No Hunger Bracelet	
192:$5E93	216:$73BE	15	ハラヘリの腕輪	Hunger Bracelet	
192:$5E9D	216:$73CE	15	よくみえの腕輪	Vision Bracelet	
192:$5EA7	216:$73DE	17	ドレインよけの腕輪	No Drain Bracelet	
192:$5EB3	216:$73F0	14	めざましの腕輪	Alarm Bracelet	
192:$5EBD	216:$73FF	13	まがりの腕輪	Bend Bracelet	
192:$5EC6	216:$740D	19	かみひとえの腕輪	Paper Thin Bracelet	
192:$5ED1	216:$7421	17	バクハツの腕輪	Blasting Bracelet	
192:$5EDB	216:$7433	16	あたらずの腕輪	Bad-aim Bracelet	
192:$5EE5	216:$7444	18	ワナあての腕輪	Trap Seek Bracelet	
192:$5EEF	216:$7457	17	きょうだの腕輪	Critical Bracelet	
192:$5EF9	216:$7469	19	ノーコンの腕輪	No Control Bracelet	
192:$5F03	216:$747D	18	よわらずの腕輪	Cleansing Bracelet	
192:$5F0D	216:$7490	15	がんじょうな腕輪	Sturdy Bracelet	
192:$5F18	216:$74A0	13	金の腕輪	Gold Bracelet	
192:$5F20	216:$74AE	13	んふうの腕輪	Nfuu Bracelet	
192:$5F29	216:$74BC	12	木の矢	Wooden Arrow	
192:$5F2F	216:$74C9	10	鉄の矢	Iron Arrow	
192:$5F35	216:$74D4	12	銀の矢	Silver Arrow	
192:$5F3B	216:$74E1	15	ふきとばしの矢	Knockback Arrow	
192:$5F44	216:$74F1	12	とどめの矢	Killer Arrow	
192:$5F4B	216:$74FE	12	どく矢	Poison Arrow	
192:$5F50	216:$750B	13	カランバの矢	Karanba Arrow	
192:$5F58	216:$7519	7	おにぎり	Onigiri	
192:$5F5D	216:$7521	13	大きなおにぎり	Large Onigiri	
192:$5F66	216:$752F	14	まずそうなおにぎり	Rotten Onigiri	
192:$5F70	216:$753E	12	きょだいなおにぎり	Huge Onigiri	
192:$5F7A	216:$754B	15	とくせいおにぎり	Special Onigiri	
192:$5F83	216:$755B	4	にく	Meat	
192:$5F86	216:$7560	15	ブフーのおにぎり	Bufu's Riceball	
192:$5F8F	216:$7570	4	やく草	Herb	
192:$5F94	216:$7575	10	おとぎり草	Otogirisou	
192:$5F9B	216:$7580	13	めぐすり草	Seewell Grass	
192:$5FA2	216:$758E	12	ドラゴン草	Dragon Grass	
192:$5FA9	216:$759B	13	ふっかつ草	Revival Grass	
192:$5FB0	216:$75A9	10	命の草	Life Grass	
192:$5FB6	216:$75B4	16	いかくちょうのたね	Bellyexpand Seed	
192:$5FC0	216:$75C5	16	いしゅくしょうのたね	Bellyshrink Seed	
192:$5FCB	216:$75D6	13	しあわせ草	Fortune Grass	
192:$5FD2	216:$75E4	10	てんしのたね	Angel Seed	
192:$5FD9	216:$75EF	12	ふこうのたね	Unlucky Seed	
192:$5FE0	216:$75FC	14	どくけし草	Antidote Grass	
192:$5FE7	216:$760B	14	ちからの草	Strength Grass	
192:$5FEE	216:$761A	12	どく草	Poison Grass	
192:$5FF3	216:$7627	15	こんらん草	Confusion Grass	
192:$5FFA	216:$7637	14	すいみん草	Sedating Grass	
192:$6001	216:$7646	5	ざっそう	Weeds	
192:$6006	216:$764C	13	たかとび草	Leaping Grass	
192:$600D	216:$765A	11	すばやさ草	Swift Grass	
192:$6014	216:$7666	12	ランザンの草	Ranzan Grass	
192:$601C	216:$7673	17	しきべつの巻物	Identifier Scroll	
192:$6026	216:$7685	14	あかりの巻物	Mapping Scroll	
192:$602F	216:$7694	17	壺ぞうだいの巻物	Pot-upsize Scroll	
192:$603B	216:$76A6	16	しんくうぎりの巻物	Windblade Scroll	
192:$6047	216:$76B7	13	くちなしの巻物	Muzzle Scroll	
192:$6051	216:$76C5	16	ばいそくの巻物	Swift Foe Scroll	
192:$605B	216:$76D6	14	バクスイの巻物	Slumber Scroll	
192:$6065	216:$76E5	15	パワーアップの巻物	Power Up Scroll	
192:$6071	216:$76F5	13	ジバクの巻物	Bomber Scroll	
192:$607A	216:$7703	16	大部屋の巻物	Wall-less Scroll	
192:$6086	216:$7714	18	モンスターの巻物	Monstercall Scroll	
192:$6091	216:$7727	16	こんらんの巻物	Confusion Scroll	
192:$609B	216:$7738	18	ねだやしの巻物	Eradication Scroll	
192:$60A5	216:$774B	11	ゾワゾワの巻物	Fear Scroll	
192:$60AF	216:$7757	17	すいだしの巻物	Extraction Scroll	
192:$60B9	216:$7769	16	ひろえずの巻物	Carry-ban Scroll	
192:$60C3	216:$777A	15	おはらいの巻物	Exorcism Scroll	
192:$60CD	216:$778A	15	天のめぐみの巻物	Heavenly Scroll	
192:$60D9	216:$779A	14	地のめぐみの巻物	Earthly Scroll	
192:$60E5	216:$77A9	14	メッキの巻物	Plating Scroll	
192:$60EE	216:$77B8	13	もちかえりの巻物	Escape Scroll	
192:$60F9	216:$77C6	11	ワナの巻物	Trap Scroll	
192:$6101	216:$77D2	12	はくしの巻物	Blank Scroll	
192:$610A	216:$77DF	16	せいいきの巻物	Sanctuary Scroll	
192:$6114	216:$77F0	17	へっぴりごしの巻物	Inaccurate Scroll	
192:$6120	216:$7802	18	ワナけしの巻物	Trap-eraser Scroll	
192:$612A	216:$7815	17	壺われずの巻物	Sturdy Pot Scroll	
192:$6135	216:$7827	14	しいれなおしの巻物	Restock Scroll	
192:$6141	216:$7836	17	ひきよせの巻物	Attraction Scroll	
192:$614B	216:$7848	15	たにんかいふくの巻物	Altruism Scroll	
192:$6158	216:$7858	16	ダイバクハツの巻物	Explosion Scroll	
192:$6164	216:$7869	11	ふはつの巻物	Damp Scroll	
192:$616D	216:$7875	15	スメラギの巻物	Sumeragi Scroll	
192:$6177	216:$7885	18	いかすしの巻物	Squid Sushi Scroll	
192:$6181	216:$7898	15	ふきとばしの杖	Knockback Staff	
192:$618A	216:$78A8	13	しあわせの杖	Fortune Staff	
192:$6192	216:$78B6	13	ふこうの杖	Unlucky Staff	
192:$6199	216:$78C4	16	みがわりの杖	Disguising Staff	
192:$61A1	216:$78D5	15	ばしょがえの杖	Switching Staff	
192:$61AA	216:$78E5	18	まどうの杖	Skull Mage's Staff	
192:$61B1	216:$78F8	16	かなしばりの杖	Paralyzing Staff	
192:$61BA	216:$7909	19	いちじしのぎの杖	Narrow-escape Staff	
192:$61C4	216:$791D	16	いたみわけの杖	Empathetic Staff	
192:$61CD	216:$792E	13	ふういんの杖	Sealing Staff	
192:$61D5	216:$793C	12	へんげの杖	Presto Staff	
192:$61DC	216:$7949	10	からぶりの杖	Miss Staff	
192:$61E4	216:$7954	12	草なげの杖	Grass Tosser	
192:$61EC	216:$7961	12	草うけの杖	Grass Gainer	
192:$61F4	216:$796E	15	トンネルの杖	Burrowing Staff	
192:$61FC	216:$797E	13	ころばぬ先の杖	Balance Staff	
192:$6206	216:$798C	15	とうめいの杖	Invisible Staff	
192:$620E	216:$799C	13	クオーターの杖	Quarter Staff	
192:$6217	216:$79AA	10	ひきよせの杖	Pull Staff	
192:$621F	216:$79B5	12	ブフーの杖	Bufu's Staff	
192:$6226	216:$79C2	10	イカリの杖	Rage Staff	
192:$622D	216:$79CD	11	ばいそくの杖	Swift Staff	
192:$6235	216:$79D9	14	とびつきの杖	Vaulting Staff	
192:$623D	216:$79E8	16	せんこうだんの杖	Flash Bomb Staff	
192:$6247	216:$79F9	12	テンジンの杖	Tenjin Staff	
192:$624F	216:$7A06	16	ゆうじょうの杖	Friendship Staff	
192:$6258	216:$7A17	16	ほぞんの壺	Preservation Pot	
192:$625F	216:$7A28	13	きょうかの壺	Upgrading Pot	
192:$6267	216:$7A36	14	しきべつの壺	Identifier Pot	
192:$626F	216:$7A45	8	回復の壺	Heal Pot	
192:$6277	216:$7A4E	13	じゃっかの壺	Degrading Pot	
192:$627F	216:$7A5C	17	へんげの壺	Transmutation Pot	
192:$6286	216:$7A6E	13	合成の壺	Synthesis Pot	
192:$628E	216:$7A7C	12	とじこめの壺	Imprison Pot	
192:$6296	216:$7A89	10	きゅうしゅうの壺	Absorb Pot	
192:$62A0	216:$7A94	10	たいほうの壺	Cannon Pot	
192:$62A8	216:$7A9F	9	水がめ	Water Pot	
192:$62AD	216:$7AA9	9	のろいの壺	Curse Pot	
192:$62B4	216:$7AB3	12	しゅくふくの壺	Blessing Pot	
192:$62BD	216:$7AC0	12	くうかんいどうの壺	Teleport Pot	
192:$62C8	216:$7ACD	12	ふつうの壺	Ordinary Pot	
192:$62CF	216:$7ADA	12	ギメンシャの壺	Gimensha Pot	
192:$62D8	216:$7AE7	5	ギタン	Gitan	
192:$62DC	216:$7AED	4	肉	Meat	
192:$62DF	216:$7AF2	6	かいだん	Stairs	
192:$62E4	216:$7AF9	10	ワナのもと	Trap Parts	
192:$62EA	216:$7B04	11	かさタヌキ	Kasa Tanuki	
192:$62F0	216:$7B10	15	からかさタヌキ	Karakasa Tanuki	
192:$62F8	216:$7B20	13	たんたんタヌキ	Tantan Tanuki	
192:$6300	216:$7B2E	15	ぎんのおまもり	Silver Talisman	
192:$6308	216:$7B3E	13	きんのおまもり	Gold Talisman	
192:$6310	216:$7B4C	13	ドラゴンブレス	Dragon Breath	
192:$6318	216:$7B5A	10	たいほうのたま	Cannonball	
192:$6320	216:$7B65	4	石	Rock	
192:$6323	216:$7B6A	17	ばんのうの杖	All-purpose Staff	
192:$632B	216:$7B7C	5	水	Water	
192:$632E	216:$7B82	7	モンスター	Monster	
192:$6334	216:$7B8A	10	のとくぎ	's Ability	
192:$642F	216:$7B95	16	ダイヤの腕輪	Diamond Bracelet	
192:$6438	216:$7BA6	14	パールの腕輪	Pearl Bracelet	
192:$6441	216:$7BB5	13	ルビーの腕輪	Ruby Bracelet	
192:$644A	216:$7BC3	17	サファイアの腕輪	Sapphire Bracelet	
192:$6455	216:$7BD5	14	サンゴの腕輪	Coral Bracelet	
192:$645E	216:$7BE4	18	トルコ石の腕輪	Turquoise Bracelet	
192:$6469	216:$7BF7	16	エメラルドの腕輪	Emerald Bracelet	
192:$6474	216:$7C08	17	アメジストの腕輪	Amethyst Bracelet	
192:$647F	216:$7C1A	13	オパールの腕輪	Opal Bracelet	
192:$6489	216:$7C28	13	ヒスイの腕輪	Jade Bracelet	
192:$6492	216:$7C36	14	コハクの腕輪	Amber Bracelet	
192:$649B	216:$7C45	14	トパーズの腕輪	Topaz Bracelet	
192:$64A5	216:$7C54	13	メノウの腕輪	Onyx Bracelet	
192:$64AE	216:$7C62	17	ジルコニアの腕輪	Zirconia Bracelet	
192:$64B9	216:$7C74	15	ガーネットの腕輪	Garnet Bracelet	
192:$64C4	216:$7C84	17	カトレアの腕輪	Cattleya Bracelet	
192:$64CE	216:$7C96	17	プラチナの腕輪	Platinum Bracelet	
192:$64D8	216:$7CA8	16	クリスタルの腕輪	Crystal Bracelet	
192:$64E3	216:$7CB9	16	ペリドットの腕輪	Peridot Bracelet	
192:$64EE	216:$7CCA	19	アクアマリンの腕輪	Aquamarine Bracelet	
192:$64FA	216:$7CDE	14	シンジュの腕輪	Nacre Bracelet	
192:$6504	216:$7CED	16	アパタイトの腕輪	Apatite Bracelet	
192:$650F	216:$7CFE	14	アゲートの腕輪	Agate Bracelet	
192:$6519	216:$7D0D	16	シトリンの腕輪	Citrine Bracelet	
192:$6523	216:$7D1E	18	アマゾナイトの腕輪	Amazonite Bracelet	
192:$652F	216:$7D31	18	アラバスターの腕輪	Alabaster Bracelet	
192:$653B	216:$7D44	18	キャッツアイの腕輪	Cat's Eye Bracelet	
192:$6547	216:$7D57	9	あかい草	Red Grass	
192:$654D	216:$7D61	10	あおい草	Blue Grass	
192:$6553	216:$7D6C	12	きいろい草	Yellow Grass	
192:$655A	216:$7D79	11	みどりの草	Green Grass	
192:$6561	216:$7D85	11	しろい草	White Grass	
192:$6567	216:$7D91	11	くろい草	Black Grass	
192:$656D	216:$7D9D	11	ちゃいろの草	Brown Grass	
192:$6575	216:$7DA9	10	はいいろの草	Gray Grass	
192:$657D	216:$7DB4	10	みずいろの草	Aqua Grass	
192:$6585	216:$7DBF	10	バラいろの草	Rose Grass	
192:$658D	216:$7DCA	10	ピンクの草	Pink Grass	
192:$6594	216:$7DD5	11	しろくろの草	Panda Grass	
192:$659C	216:$7DE1	16	こうはくの草	Peppermint Grass	
192:$65A4	216:$7DF2	11	はだいろの草	Peach Grass	
192:$65AC	216:$7DFE	12	きんいろの草	Golden Grass	
192:$65B4	216:$7E0B	12	ぎんいろの草	Silver Grass	
192:$65BC	216:$7E18	14	そらいろの草	Sky Blue Grass	
192:$65C4	216:$7E27	16	ふかみどりの草	Dark Green Grass	
192:$65CD	216:$7E38	12	ぐんじょうの草	Indigo Grass	
192:$65D6	216:$7E45	11	おうどいろの草	Ochre Grass	
192:$65DF	216:$7E51	12	ネズミの巻物	Mouse Scroll	
192:$65E8	216:$7E5E	10	ウシの巻物	Cow Scroll	
192:$65F0	216:$7E69	12	トラの巻物	Tiger Scroll	
192:$65F8	216:$7E76	13	ウサギの巻物	Rabbit Scroll	
192:$6601	216:$7E84	13	リュウの巻物	Dragon Scroll	
192:$660A	216:$7E92	12	ヘビの巻物	Snake Scroll	
192:$6612	216:$7E9F	12	ウマの巻物	Horse Scroll	
192:$661A	216:$7EAC	12	ヒツジの巻物	Sheep Scroll	
192:$6623	216:$7EB9	13	サルの巻物	Monkey Scroll	
192:$662B	216:$7EC7	12	ワシの巻物	Eagle Scroll	
192:$6633	216:$7ED4	10	イヌの巻物	Dog Scroll	
192:$663B	216:$7EDF	11	タカの巻物	Hawk Scroll	
192:$6643	216:$7EEB	10	ネコの巻物	Cat Scroll	
192:$664B	216:$7EF6	11	シカの巻物	Deer Scroll	
192:$6653	216:$7F02	11	カエルの巻物	Frog Scroll	
192:$665C	216:$7F0E	15	ゾウの巻物	Elephant Scroll	
192:$6664	216:$7F1E	14	キリンの巻物	Giraffe Scroll	
192:$666D	216:$7F2D	13	カメの巻物	Turtle Scroll	
192:$6675	216:$7F3B	12	ツルの巻物	Crane Scroll	
192:$667D	216:$7F48	10	キツネの巻物	Fox Scroll	
192:$6686	216:$7F53	14	タヌキの巻物	Raccoon Scroll	
192:$668F	216:$7F62	11	カラスの巻物	Crow Scroll	
192:$6698	216:$7F6E	12	ワニの巻物	Gator Scroll	
192:$66A0	216:$7F7B	11	クマの巻物	Bear Scroll	
192:$66A8	216:$7F87	14	スズメの巻物	Sparrow Scroll	
192:$66B1	216:$7F96	12	カバの巻物	Hippo Scroll	
192:$66B9	216:$7FA3	13	トカゲの巻物	Lizard Scroll	
192:$66C2	216:$7FB1	10	フクロウの巻物	Owl Scroll	
192:$66CC	216:$7FBC	12	サイの巻物	Rhino Scroll	
192:$66D4	216:$7FC9	12	ラクダの巻物	Camel Scroll	
192:$66DD	216:$7FD6	11	ライオンの巻物	Lion Scroll	
192:$66E7	216:$7FE2	13	リスの巻物	Marmot Scroll	
192:$66EF	216:$7FF0	11	オオカミの巻物	Wolf Scroll	
192:$66F9	217:$4000	15	トナカイの巻物	Reindeer Scroll	
192:$6703	217:$4010	12	サクラの杖	Cherry Staff	
192:$670A	217:$401D	10	ウメの杖	Plum Staff	
192:$6710	217:$4028	10	マツの杖	Pine Staff	
192:$6716	217:$4033	12	タケの杖	Bamboo Staff	
192:$671C	217:$4040	11	スギの杖	Cedar Staff	
192:$6722	217:$404C	12	ヤナギの杖	Willow Staff	
192:$6729	217:$4059	14	クリの杖	Chestnut Staff	
192:$672F	217:$4068	13	ケヤキの杖	Zelkova Staff	
192:$6736	217:$4076	13	ウツギの杖	Deutzia Staff	
192:$673D	217:$4084	10	クコの杖	Goji Staff	
192:$6743	217:$408F	14	エゴノキの杖	Snowbell Staff	
192:$674B	217:$409E	14	ツバキの杖	Camellia Staff	
192:$6752	217:$40AD	11	ヒイラギの杖	Holly Staff	
192:$675A	217:$40B9	14	クチナシの杖	Gardenia Staff	
192:$6762	217:$40C8	14	アカマツの杖	Red Pine Staff	
192:$676A	217:$40D7	13	ヒノキの杖	Cypress Staff	
192:$6771	217:$40E5	9	モミの杖	Fir Staff	
192:$6777	217:$40EF	9	カシの杖	Oak Staff	
192:$677D	217:$40F9	12	イチョウの杖	Ginkgo Staff	
192:$6785	217:$4106	12	ビワの杖	Loquat Staff	
192:$678B	217:$4113	11	モミジの杖	Maple Staff	
192:$6792	217:$411F	9	ウドの杖	Udo Staff	
192:$6798	217:$4129	12	ハギの杖	Clover Staff	
192:$679E	217:$4136	18	クヌギの杖	Sawtooth Oak Staff	
192:$67A5	217:$4149	13	キンカンの杖	Kumquat Staff	
192:$67AD	217:$4157	12	ヤツデの杖	Aralia Staff	
192:$67B4	217:$4164	9	まるい壺	Round Pot	
192:$67BA	217:$416E	10	しかくの壺	Square Pot	
192:$67C1	217:$4179	11	さんかくの壺	Angular Pot	
192:$67C9	217:$4185	8	ほしがたの壺	Star Pot	
192:$67D1	217:$418E	8	ながい壺	Long Pot	
192:$67D7	217:$4197	8	ほそい壺	Thin Pot	
192:$67DD	217:$41A0	9	ふとい壺	Thick Pot	
192:$67E3	217:$41AA	11	あさい壺	Shallow Pot	
192:$67E9	217:$41B6	8	ふかい壺	Deep Pot	
192:$67EF	217:$41BF	9	おもい壺	Heavy Pot	
192:$67F5	217:$41C9	9	かるい壺	Light Pot	
192:$67FB	217:$41D3	9	ちいさい壺	Small Pot	
192:$6802	217:$41DD	9	おおきい壺	Large Pot	
192:$6809	217:$41E7	9	とがった壺	Sharp Pot	
192:$6810	217:$41F1	10	ゆがんだ壺	Warped Pot	
192:$6817	217:$41FC	13	ろっかくの壺	Hexagonal Pot	
192:$69F3	218:$4DB0	5	アイテム	Items	
192:$69F8	218:$4DB6	5	そうび	Equip	
192:$69FC	218:$4DBC	6	はずす	Remove	
192:$6A00	218:$4DC3	4	ふる	Wave	
192:$6A03	218:$4DC8	4	よむ	Read	
192:$6A06	218:$4DCD	5	かく	Write	
192:$6A09	218:$4DD3	3	のむ	Eat	
192:$6A0C	218:$4DD7	3	たべる	Eat	
192:$6A10	218:$4DDB	4	みる	Look	
192:$6A13	218:$4DE0	6	いれる	Put In	
192:$6A17	218:$4DE7	6	すう	Absorb	
192:$6A1A	218:$4DEE	4	おす	Push	
192:$6A1D	218:$4DF3	8	出す	Take Out	
192:$6A21	218:$4DFC	5	なげる	Throw	
192:$6A25	218:$4E02	5	うつ	Shoot	
192:$6A28	218:$4E08	4	せつめい	Info	
192:$6A2D	218:$4E0D	4	なまえ	Name	
192:$6A31	218:$4E12	5	おく	Place	
192:$6A34	218:$4E18	8	こうかん	Exchange	
192:$6A39	218:$4E21	7	ひろう	Pick Up	
192:$6A3D	218:$4E29	3	しかける	Set	
192:$6A42	218:$4E2D	7	ふむ	Step On	
192:$6A45	218:$4E35	7	ひろう	Pick Up	
192:$6A49	218:$4E3D	6	かいぞう	Modify	
192:$6A4E	218:$4E44	7	すてる	Discard	
192:$6A52	218:$4E4C	14	ようす	Current Status	
192:$6A56	218:$4E5B	4	せなか	Back	
192:$6A5A	218:$4E60	17	<26>なにも はいっていません<26>	<26>Nothing inside.<26>	
192:$6A69	218:$4E72	23	<26>なにも おぼえていません<26>	<26>No abilities learned.<26>	
192:$6A78	218:$4E8A	6	シレン	Shiren	
192:$6A7C	218:$4E91	79	    このカートリッジは<br>  ゲームボーイカラー専用です。<br>  ゲームボーイカラーで遊んでね。	    This cartridge is for<br>  Game Boy Color only.<br>  Please use a Game Boy Color.	
192:$6AB0	218:$4EE1	12	   はい<br>   いいえ	   Yes<br>   No	
192:$6ABD	218:$4EEE	18	アイテムをもっていません。	You have no items.	
192:$6ACB	218:$4F01	25	なにもおちていない。	Nothing is on the ground.	
192:$6AD6	218:$4F1B	29	ここでは マップを見ることが<br>できません。	You cannot view the Map here.	
192:$6AED	218:$4F39	5	どうぐ	Items	
192:$6AF1	218:$4F3F	5	あしもと	Floor	
192:$6AF6	218:$4F45	3	マップ	Map	
192:$6AFA	218:$4F49	5	ヒント	Hints	
192:$6AFE	218:$4F4F	4	ワナ	Trap	
192:$6B01	218:$4F54	14	とうたつちてん	Furthest Point	
192:$6B09	218:$4F63	8	ばしょ	Location	
192:$6B0D	218:$4F6C	8	ちから	Strength	
192:$6B11	218:$4F75	6	けん	Weapon	
192:$6B14	218:$4F7C	6	たて	Shield	
192:$6B17	218:$4F83	8	まんぷくど	Fullness	
192:$6B1D	218:$4F8C	5	おかね	Gitan	
192:$6B21	218:$4F92	3	経験値	Exp	
192:$6B28	218:$4F96	0		<empty>	
192:$6B29	218:$4F97	1	g	G	
192:$6B2B	218:$4F99	1	f	F	
192:$6B2D	218:$4F9B	1	<25>	/	
192:$6B2F	218:$4F9D	1	%	%	
192:$6B32	218:$4F9F	6	じょうたい	Status	
192:$6B38	218:$4FA6	5	アイテム	Items	
192:$6B3D	218:$4FAC	6	やめる	Cancel	
192:$6B41	218:$4FB3	6	かいだん	Stairs	
192:$6B46	218:$4FBA	7	ふむ	Step On	
192:$6B49	218:$4FC2	49	げんざいの日記がきえます。<br>よろしいですか？<br><hspace:18>はい<hspace:40>いいえ	Delete the current diary?<br>Are you sure?<br><hspace:18>Yes<hspace:40>No	
192:$6B6C	218:$4FF4	7	すすむ	Proceed	
192:$6B70	218:$4FFC	4	そのまま	Stay	
192:$6B75	218:$5001	15	どれをえらぶ？	Choose an item.	
192:$6B7D	218:$5011	1	扇	G	
192:$6B80	218:$5013	7	とくぎ	Ability	
192:$6B84	218:$501B	4	もどる	Back	
192:$6B88	218:$5020	7	ひろう	Pick Up	
192:$6B8C	218:$5028	0		<empty>	
192:$6B8D	218:$5029	9	冒険に出る	Adventure	
192:$6B96	218:$5033	8	日記をつくる	New Game	
192:$6B9F	218:$503C	13	アイテムこうかん	Item Exchange	
192:$6BA8	218:$504A	12	日記を消す	Delete Diary	
192:$6BB1	218:$5057	11	名前を変える	Change Name	
192:$6BBB	218:$5063	8	風来人番付	Rankings	
192:$6BC6	218:$506C	7	風来おうぎ	Secrets	
192:$6BCE	218:$5074	7	冒険のりれき	History	
192:$6BD7	218:$507C	13	風来人かく付け	Wanderer Rank	
192:$6BE3	218:$508A	11	もののけてちょう	Monster Log	
192:$6BEC	218:$5096	16	風来日記	Wanderer's Diary	
192:$6BF5	218:$50A7	11	風来きゅうじょたい	Rescue Team	
192:$6C01	218:$50B3	13	アイテムこうかん	Item Exchange	
192:$6C0A	218:$50C1	9	アイテムをわたす	Give Item	
192:$6C13	218:$50CB	12	アイテムをもらう	Receive Item	
192:$6C1C	218:$50D8	6	風来の	Name:<24>	
192:$6C22	218:$50DF	4	かいめ	 Run	
192:$6C26	218:$50E4	7	けんこうです	Healthy	
192:$6C2D	218:$50EC	6	のじょうたい	Status	
192:$6C34	218:$50F3	7	ざんきん	Balance	
192:$6C39	218:$50FB	8	じゅもん	Password	
192:$6C3E	218:$5104	5	ケーブル	Cable	
192:$6C43	218:$510A	80	ここではちゅうだんできません。<br>そうこをでてから<br>ちゅうだんしてください。	You cannot suspend here.<br>Leave the warehouse first,<br>then suspend your adventure.	
192:$6C69	218:$515B	37	それではでんげんをきって<br>もう一度かくにんしてみてください。	Turn off the power,<br>then check again.	
192:$6C8A	218:$5181	50	日記データがこわれてしまいました。<br>リセットをせんたくしてください。	Your Diary data is corrupted.<br>Please select Reset.	
192:$6CAF	218:$51B4	75	日記データがこわれてしまいました。<br>でんげんをきり リセットを<br>せんたくしてみてください。	Your Diary data is corrupted.<br>Turn off the power,<br>then try selecting Reset.	
192:$6CDF	218:$5200	56	日記データがこわれてしまいました。<br>でんげんをきってください。	Your Diary data is corrupted.<br>Please turn off the power.	
192:$6D01	218:$5239	42	あいての通信じゅんびが<br>できていませんでした。	The other player<br>was not ready to connect.	
192:$6D1B	218:$5264	27	つうしんしています。<br>しばらくお待ちください。	Communicating.<br>Please wait.	
192:$6D34	218:$5280	69	そうこにアイテムがありません。<br>そうこにアイテムを入れて<br>いったんそとにでてください。	The warehouse is empty.<br>Store an item, then<br>leave the warehouse once.	
192:$6D61	218:$52C6	69	そうこのアイテムがいっぱいです。<br>そうこからアイテムをだして<br>いったんそとにでてください。	The warehouse is full.<br>Remove an item, then<br>leave the warehouse once.	
192:$6D8F	218:$530C	70	通信ケーブルをつなぎ おたがいの<br>じゅんびができましたら なにか<br>ボタンを おしてください。	Connect the Link Cable.<br>When both players are ready,<br>press any button.	
192:$6DC0	218:$5353	10	アイテムをそう信しました。	Item sent.	
192:$6DCF	218:$535E	15	<number:19:C5>さんから<br><number:1A:C5>が<br>おくられてきました。	From <number:19:C5>:<br><number:1A:C5>	
192:$6DE9	218:$536E	29	ほかにもアイテムをおくりますか？<br><br><hspace:18>はい<hspace:40>いいえ	Send another item?<br><br><hspace:18>Yes<hspace:40>No	
192:$6E05	218:$538C	34	かわりになにかアイテムをあげますか？<br><br><hspace:18>はい<hspace:40>いいえ	Give an item in return?<br><br><hspace:18>Yes<hspace:40>No	
192:$6E23	218:$53AF	39	通信中にエラーがおこりました。<br>もう一度さいしょから<br>おねがいします。	Communication error.<br>Please start over.	
192:$6E4C	218:$53D7	61	日記かきこみでいじょうが<br>はっせいしました。もう一度<br>さいしょからおねがいします。	An error occurred while<br>writing the Diary.<br>Please start over.	
192:$6E7A	218:$5415	58	一方がアイテムをおくるばあい<br>もう一方は もらうを<br>せんたくしてください。	If one player selects Send,<br>the other must select Receive.	
192:$6EA4	218:$5450	55	どちらか通信モードがちがいます。<br>ただしい通信モードをえらんで<br>さいしょからおねがいします。	Link modes differ.<br>Select the same mode<br>and start over.	
192:$6ED7	218:$5488	70	「sos」のじゅもんをおくりました。<br>きゅうじょが しゅうりょうしましたら<br>また ケーブルで通信してください。	Sent the SOS Password.<br>After the rescue, connect<br>the Link Cable again.	
192:$6F11	218:$54CF	34	アイテムこうかんをやめます。<br>よろしいですか？<br><hspace:18>はい<hspace:40>いいえ	Stop the Item Exchange?<br><br><hspace:18>Yes<hspace:40>No	
192:$6F33	218:$54F2	56	もっているどうぐとお金がなくなり<br>町にもどります。よろしいですか？<br><hspace:18>はい<hspace:40>いいえ	Lose all items and Gitan,<br>then return to town?<br><hspace:18>Yes<hspace:40>No	
192:$6F61	218:$552B	56	もっているどうぐとお金がなくなり<br>ろうやにもどります。よろしいですか？<br><hspace:18>はい<hspace:40>いいえ	Lose all items and Gitan,<br>then return to jail?<br><hspace:18>Yes<hspace:40>No	
192:$6F90	218:$5564	4	おくる	Send	
192:$6F94	218:$5569	3	うけとる	Get	
192:$6F99	218:$556D	8	そうさ	Controls	
192:$6F9D	218:$5576	4	テクニック	Tech	
192:$6FA3	218:$557B	7	おうぎ	Secrets	
192:$6FA7	218:$5583	4	おわる	Quit	
192:$6FAB	218:$5588	13	そうさせつめい	Control Guide	
192:$6FB3	218:$5596	16	「sos」のじゅもんは<br><cF8>0<br>です。	SOS Password:<br><cF8>0	
192:$6FC6	218:$55A7	20	「ふっかつ」のじゅもんは<br><cF8>1<br>です。	Revival Password:<br><cF8>1	
192:$6FDA	218:$55BC	26	げんざいパスワードは<br>とうろくされていません。	No Password is registered.	
192:$6FF2	218:$55D7	69	おめでとう！！<page><br>風来きゅうじょたいにもどり<br>さっそく ほうこくしよう！	Congratulations!!<page><box>Return to the Rescue Team<br>and report your success!	
192:$7019	218:$561D	16	かいせきに<br>しっぱいしました	Analysis failed.	
192:$7028	218:$562E	53	ふっかつしました！<br>つづきからを えらんでください。<br>ゲームが さいかいできます。	Revival complete!<br>Select Continue<br>to resume the game.	
192:$7052	218:$5664	49	「おれい」のじゅもんは<br>「<cF8>2」 です。<br>助けてくれた人にわたしましょう。	"Thank-You Password:<br>""<cF8>2""<br>Give it to your rescuer."	
192:$707A	218:$5696	54	きゅうじょされなくなります。<br>よろしいですか？<br><hspace:18>はい<hspace:40>いいえ	You will no longer be rescued.<br>Are you sure?<br><hspace:18>Yes<hspace:40>No	
192:$709C	218:$56CD	35	いまのところ<br>助けをよぶ じょうきょうには<br>なっていません。	You cannot call for help<br>right now.	
192:$70BC	218:$56F1	8	じゅもん	Password	
192:$70C1	218:$56FA	5	ケーブル	Cable	
192:$70C6	218:$5700	36	 <number:19:C5><br> <copy:03:1A:C5>ギタン<br> もちきん<copy:04:1D:C5>ギタン	 <number:19:C5><br> <copy:03:1A:C5> Gitan<br> Funds: <copy:04:1D:C5> Gitan	
192:$70E2	218:$5725	5	<copy:01:19:C5>f	<copy:01:19:C5>F	
192:$70E8	218:$572B	23	とっくんするダンジョンは？	Train in which dungeon?	
192:$70F6	218:$5743	18	どのばしょへ いきますか？	Where will you go?	
192:$7104	218:$5756	7	あずける	Deposit	
192:$7109	218:$575E	8	出す	Withdraw	
192:$710D	218:$5767	4	やめる	Quit	
192:$7111	218:$576C	3	はい	Yes	
192:$7114	218:$5770	2	いいえ	No	
192:$7118	218:$5773	6	ルール1	Rule 1	
192:$711D	218:$577A	6	ルール2	Rule 2	
192:$7122	218:$5781	6	ルール3	Rule 3	
192:$7127	218:$5788	3	かう	Buy	
192:$712A	218:$578C	4	うる	Sell	
192:$712D	218:$5791	7	すてる	Discard	
192:$7131	218:$5799	5	ゴミすて	Trash	
192:$7136	218:$579F	4	ちゅうい	Info	
192:$713B	218:$57A4	6	とりけす	Cancel	
192:$7140	218:$57AB	8	ひきだす	Withdraw	
192:$7145	218:$57B4	5	きたえる	Forge	
192:$714A	218:$57BA	6	しゅうり	Repair	
192:$714F	218:$57C1	6	はずす	Remove	
192:$7153	218:$57C8	9	合成	Synthesis	
192:$7158	218:$57D2	5	くんれん	Train	
192:$715D	218:$57D8	6	とっくん	Train+	
192:$7162	218:$57DF	8	<passwordLeft><passwordRight>	Password	
192:$7167	218:$57E8	2	オッケ<EE>	OK	
192:$716C	218:$57EB	5	入力	Input	
192:$7171	218:$57F1	4	見る	View	
192:$7175	218:$57F6	5	あとで	Later	
192:$7179	218:$57FC	4	つぎへ	Next	
192:$717D	218:$5801	3	sos	SOS	
192:$7181	218:$5805	6	ふっかつ	Revive	
192:$7186	218:$580C	6	おれい	Thanks	
192:$718A	218:$5813	17	冒険のりれき	Adventure History	
192:$7193	218:$5825	14	クリアキャンペーン	Clear Campaign	
192:$719D	218:$5834	13	真<D2>風来人	True Wanderer	
192:$71A7	218:$5842	18	sosのじゅもん説明	SOS Password Guide	
192:$71B4	218:$5855	44	マーモ<speaker>どうする？<br><br><hspace:18>あずける<hspace:2E>ひきだす	Mamo: What will you do?<br><br><hspace:18>Deposit<hspace:2C>Withdraw	
192:$71CD	218:$5882	15	救助待ち	Awaiting Rescue	
192:$71D5	218:$5892	63	マーモ<speaker>マーモリー<D2>チューイ！<br> 壺の中のモノは消えるよお？<br><hspace:18>はい<hspace:40>いいえ	Mamo: Mamo-ry WARNING!<br>Items inside Pots will vanish!<br><hspace:18>Yes<hspace:40>No	
192:$7202	218:$58D2	26	ペケジを なかまにしますか？<br><br><hspace:18>はい<hspace:40>いいえ	Recruit Pekeji?<br><br><hspace:18>Yes<hspace:40>No	
192:$721C	218:$58ED	24	お竜を なかまにしますか？<br><br><hspace:18>はい<hspace:40>いいえ	Recruit Oryu?<br><br><hspace:18>Yes<hspace:40>No	
192:$7236	218:$5906	24	マーモを なかまにしますか？<br><br><hspace:18>はい<hspace:40>いいえ	Recruit Mamo?<br><br><hspace:18>Yes<hspace:40>No	
192:$7250	218:$591F	22	<cF8>hをなかまにしますか？<br><br><hspace:18>はい<hspace:40>いいえ	Recruit <cF8>h?<br><br><hspace:18>Yes<hspace:40>No	
192:$7268	218:$5936	24	ンフーを なかまにしますか？<br><br><hspace:18>はい<hspace:40>いいえ	Recruit Nfuu?<br><br><hspace:18>Yes<hspace:40>No	
192:$7282	218:$594F	29	このアイテムをすてますか？<br><br><hspace:18>はい<hspace:40>いいえ	Discard this item?<br><br><hspace:18>Yes<hspace:40>No	
192:$729B	218:$596D	11	<br><br><hspace:18>はい<hspace:40>いいえ	<br><br><hspace:18>Yes<hspace:40>No	
192:$72A7	218:$5979	37	オロ<speaker>ワナ道の せつめいを<br> きくかい？<br><hspace:18>はい<hspace:40>いいえ	Oro: Hear the Wanado<br>rules?<br><hspace:18>Yes<hspace:40>No	
192:$72C8	218:$599F	31	オロ<speaker>オー ちょうせんするかい？<br><br><hspace:18>はい<hspace:40>いいえ	Oro: Will you enter?<br><br><hspace:18>Yes<hspace:40>No	
192:$72E5	218:$59BF	50	コッパ<speaker><name> どうする？<br> ンフーの おねがいを きくか？<br><hspace:18>はい<hspace:40>いいえ	Koppa: <name>,<br>will you hear Nfuu's request?<br><hspace:18>Yes<hspace:40>No	
192:$730E	218:$59F2	46	ンフー<speaker>せつめい おわりでフ。<br> もう一度 ききまフか？<br><hspace:18>はい<hspace:40>いいえ	Nfuu: That's all, fu.<br>Hear it again?<br><hspace:18>Yes<hspace:40>No	
192:$7338	218:$5A21	35	古代遺跡へ 向かいますか？<br><br><hspace:18>はい<hspace:40>いいえ	Go to the Ancient Ruins?<br><br><hspace:18>Yes<hspace:40>No	
192:$7356	218:$5A45	34	魔城東小天守へ むかいますか？<br><br><hspace:18>はい<hspace:40>いいえ	Go to the Castle Tower?<br><br><hspace:18>Yes<hspace:40>No	
192:$7377	218:$5A68	33	魔城大天守閣へ むかいますか？<br><br><hspace:18>はい<hspace:40>いいえ	Go to the Castle Keep?<br><br><hspace:18>Yes<hspace:40>No	
192:$7398	218:$5A8A	33	ジャハンナムのとびらへ<br>むかいますか？<br><hspace:18>はい<hspace:40>いいえ	Go to Jahannam's Gate?<br><br><hspace:18>Yes<hspace:40>No	
192:$73B6	218:$5AAC	31	トンファンの穴に 入りますか？<br><br><hspace:18>はい<hspace:40>いいえ	Enter Tonfan's Hole?<br><br><hspace:18>Yes<hspace:40>No	
192:$73D3	218:$5ACC	28	ワナ道に ちょうせんしますか？<br><br><hspace:18>はい<hspace:40>いいえ	Enter the Wanado?<br><br><hspace:18>Yes<hspace:40>No	
192:$73EF	218:$5AE9	38	かまどへ 入りますか？<br><br><hspace:18>はい<hspace:40>いいえ	Enter Blacksmith's Furnace?<br><br><hspace:18>Yes<hspace:40>No	
192:$7407	218:$5B10	30	壺の洞窟へ 入りますか？<br><br><hspace:18>はい<hspace:40>いいえ	Enter the Pot Cave?<br><br><hspace:18>Yes<hspace:40>No	
192:$7423	218:$5B2F	121	ともだちのカセットで 助けて<br>もらえば たおれたところから<br>ふっかつできるぞ！<page><box>ともだちが助けてくれるのを<br>待ちますか？<br><hspace:18>はい<hspace:40>いいえ	A friend can rescue you<br>with another cartridge and<br>revive you where you fell!<page><box>Wait for a friend to<br>rescue you?<br><hspace:18>Yes<hspace:40>No	
192:$746E	218:$5BA9	33	お助けゲートに 入りますか？<br><br><hspace:18>はい<hspace:40>いいえ	Enter the Rescue Gate?<br><br><hspace:18>Yes<hspace:40>No	
192:$748A	218:$5BCB	51	リヒピシ<speaker>、、で いいこと<br> おしえてあげようか？<br><hspace:18>はい<hspace:40>いいえ	Rihipishi: Want to hear<br>something useful?<br><hspace:18>Yes<hspace:40>No	
192:$74AF	218:$5BFF	28	アイテムをあきらめますか？<br><br><hspace:18>はい<hspace:40>いいえ	Give up the item?<br><br><hspace:18>Yes<hspace:40>No	
192:$74C8	218:$5C1C	38	かみきれを 見ますか？<br><br><hspace:18>はい<hspace:40>いいえ	Look at the scrap of paper?<br><br><hspace:18>Yes<hspace:40>No	
192:$74E0	218:$5C43	26	よんで みますか？<br><br><hspace:18>はい<hspace:40>いいえ	Try reading it?<br><br><hspace:18>Yes<hspace:40>No	
192:$74F5	218:$5C5E	31	イルパの町に帰りますか？<br><br><hspace:18>はい<hspace:40>いいえ	Return to Ilpa Town?<br><br><hspace:18>Yes<hspace:40>No	
192:$750F	218:$5C7E	36	オロ<speaker>もういちど せつめいを<br> きくかい？<br><hspace:18>はい<hspace:40>いいえ	Oro: Hear the rules<br>again?<br><hspace:18>Yes<hspace:40>No	
192:$7530	218:$5CA3	9	ものくれ	Give Item	
192:$7535	218:$5CAD	15	ぶきたて	Weapons/Shields	
192:$753A	218:$5CBD	15	うでくさ	Bracelets/Grass	
192:$753F	218:$5CCD	14	まきつえ	Scrolls/Staves	
192:$7544	218:$5CDC	11	つぼや	Pots/Arrows	
192:$7548	218:$5CE8	4	にく	Meat	
192:$754B	218:$5CED	8	ぶき1	Weapon 1	
192:$754F	218:$5CF6	8	ぶき2	Weapon 2	
192:$7553	218:$5CFF	8	たて1	Shield 1	
192:$7557	218:$5D08	8	たて2	Shield 2	
192:$755B	218:$5D11	10	うでわ1	Bracelet 1	
192:$7560	218:$5D1C	10	うでわ2	Bracelet 2	
192:$7565	218:$5D27	5	くさ	Grass	
192:$7568	218:$5D2D	8	まきも1	Scroll 1	
192:$756D	218:$5D36	8	まきも2	Scroll 2	
192:$7572	218:$5D3F	7	つえ1	Staff 1	
192:$7576	218:$5D47	7	つえ2	Staff 2	
192:$757A	218:$5D4F	3	つぼ	Pot	
192:$757D	218:$5D53	5	や	Arrow	
192:$757F	218:$5D59	3	あ<EE>う	A-U	
192:$7583	218:$5D5D	4	う<EE>か	U-KA	
192:$7587	218:$5D62	6	か<EE>ぎゃ	KA-GYA	
192:$758C	218:$5D69	6	ぎゃ<EE>こ	GYA-KO	
192:$7591	218:$5D70	5	こ<EE>じゃ	KO-JA	
192:$7596	218:$5D76	6	じ<EE>ちょ	JI-CHO	
192:$759B	218:$5D7D	6	ち<EE>ど	CHI-DO	
192:$759F	218:$5D84	5	に<EE>ば	NI-BA	
192:$75A3	218:$5D8A	6	ば<EE>ひゃ	BA-HYA	
192:$75A8	218:$5D91	5	ぴ<EE>ま	PI-MA	
192:$75AC	218:$5D97	5	み<EE>わ	MI-WA	
192:$75B0	218:$5D9D	10	ワルけい	Evil Types	
192:$75B5	218:$5DA8	8	ハタたて	Set Flag	
192:$75BA	218:$5DB1	4	マーモ	Mamo	
192:$75BE	218:$5DB6	5	ロボット	Robot	
192:$75C3	218:$5DBC	7	かまど	Furnace	
192:$75C7	218:$5DC4	4	モアイ	Moai	
192:$75CB	218:$5DC9	2	<delay:F0>	<delay:F0>	
193:$4192	218:$5DCC	26	<lookup:19:C5>に<cF3><copy:01:1B:C5>ポイントのダメージをあたえた。	Hit <lookup:19:C5> for <cF3><copy:01:1B:C5> damage.	
193:$41AC	218:$5DE7	18	<copy:01:19:C5>ポイントのダメージをあたえた。	Dealt <copy:01:19:C5> damage.	
193:$41C0	218:$5DFA	23	<lookup:19:C5>は<cF3><copy:01:1B:C5>ポイントのダメージをうけた。	<lookup:19:C5> took <cF3><copy:01:1B:C5> damage.	
193:$41D9	218:$5E12	31	<lookup:19:C5>から<cF3><copy:01:1B:C5>ポイントのダメージをうけた。	<lookup:19:C5><cF3> hit you for<cF3> <copy:01:1B:C5> damage.	
193:$41F3	218:$5E32	17	<copy:01:19:C5>ポイントのダメージをうけた。	Took <copy:01:19:C5> damage.	
193:$4206	218:$5E44	29	杖のこうかで<br><copy:01:19:C5>ポイントのダメージをあたえた。	The staff dealt <cF3><copy:01:19:C5> damage.	
193:$4222	218:$5E62	13	<name>は ちからつきた。	<name> collapsed.	
193:$422E	218:$5E70	17	<lookup:19:C5>は <cF3>ちからつきた。<page>	<lookup:19:C5><cF3> collapsed.<page>	
193:$423E	218:$5E82	24	しかし <lookup:19:C5>となって<cF3>ふっかつした。	But it revived as<cF3> <lookup:19:C5>!	
193:$4253	218:$5E9B	17	<lookup:19:C5>は <cF3><lookup:1B:C5>を たおした。	<lookup:19:C5><cF3> beat<cF3> <lookup:1B:C5>.	
193:$4266	218:$5EAD	15	<lookup:19:C5>を たおした。	Defeated<cF3> <lookup:19:C5>.	
193:$4272	218:$5EBD	13	<lookup:19:C5>のこうげきは <cF3>はずれた。	<lookup:19:C5><cF3> missed.	
193:$4284	218:$5ECB	27	<lookup:19:C5>のこうげきを <cF3>かわした。	Dodged the attack by<cF3> <lookup:19:C5>.	
193:$4296	218:$5EE7	15	かいしんのいちげき！	A critical hit!	
193:$42A1	218:$5EF7	13	つうこんのいちげき！	A brutal hit!	
193:$42AC	218:$5F05	21	ちょうかいしんのいちげき！	A super critical hit!	
193:$42BA	218:$5F1B	27	<lookup:19:C5>は <cF3>こうげきを はねかえした！	<lookup:19:C5><cF3> reflected the attack!	
193:$42CF	218:$5F37	37	<lookup:19:C5>は <cF3>うけたこうかを ダメージにかえた！	<lookup:19:C5><cF3> turned the effect<cF3> into damage!	
193:$42E8	218:$5F5D	31	<copy:03:19:C5>ポイントの <cF3>経験値をえた。	Gained <copy:03:19:C5><cF3> experience points.	
193:$42FE	218:$5F7D	23	<name>は レベル<copy:01:19:C5>に上がった。	<name> reached<cF3> Level <copy:01:19:C5>.	
193:$4311	218:$5F95	23	<name>は レベル<copy:01:19:C5>に下がった。	<name> fell to<cF3> Level <copy:01:19:C5>.	
193:$4324	218:$5FAD	29	もう じゅうぶん強かった。	You're already strong enough.	
193:$4333	218:$5FCB	30	これいじょうレベルは下がらない。	Your level can't go any lower.	
193:$4345	218:$5FEA	28	<lookup:19:C5>はレベルが上がって<cF3><lookup:1B:C5>になった。	<lookup:19:C5><cF3> leveled up into<cF3> <lookup:1B:C5>.	
193:$435E	218:$6007	30	<lookup:19:C5>はレベルが下がって<cF3><lookup:1B:C5>になった。	<lookup:19:C5><cF3> leveled down into<cF3> <lookup:1B:C5>.	
193:$4377	218:$6026	29	<lookup:19:C5>は <cF3>すこし強くなった。	<lookup:19:C5><cF3> grew a little stronger.	
193:$4389	218:$6044	31	<lookup:19:C5>は <cF3>もう じゅうぶん強かった。	<lookup:19:C5><cF3> is already strong enough.	
193:$439F	218:$6064	33	<lookup:19:C5>のレベルは <cF3>これいじょう下がらない。	<lookup:19:C5>'s level<cF3> can't go any lower.	
193:$43B8	218:$6086	27	<lookup:19:C5>は <cF3>すこしよわくなった。	<lookup:19:C5><cF3> grew a little weaker.	
193:$43CA	218:$60A2	26	<lookup:19:C5>は <cF3>レベル<copy:01:1B:C5>に上がった。	<lookup:19:C5><cF3> reached<cF3> Level <copy:01:1B:C5>.	
193:$43E0	218:$60BD	26	<lookup:19:C5>は <cF3>レベル<copy:01:1B:C5>に下がった。	<lookup:19:C5><cF3> fell to<cF3> Level <copy:01:1B:C5>.	
193:$43F6	218:$60D8	31	<lookup:19:C5>のhpは <cF3>1<25>4になった。	<lookup:19:C5>'s HP<cF3> fell to one quarter.	
193:$4409	218:$60F8	23	矢を そうびしていない。	No arrows are equipped.	
193:$4417	218:$6110	30	ワナのもとを 持っていない。	You don't have any Trap Parts.	
193:$4427	218:$612F	33	とくぎは つかえない。	You can't use<cF3> special abilities.	
193:$4433	218:$6151	27	ちからが <copy:01:19:C5>ポイント下がった。	Strength decreased by <copy:01:19:C5>.	
193:$4447	218:$616D	28	まんぷくどが <cF3><copy:01:19:C5>%に なってしまった！	Fullness dropped to<cF3> <copy:01:19:C5>{F182=%}!	
193:$4460	218:$618A	32	さいだいまんぷくどが<cF3><copy:01:19:C5>%に なってしまった！	Max Fullness dropped to<cF3> <copy:01:19:C5>{F182=%}!	
193:$447C	218:$61AB	24	まんぷくどが <cF3><copy:01:19:C5>%に なった！	Fullness is now<cF3> <copy:01:19:C5>{F182=%}!	
193:$4491	218:$61C4	28	さいだいまんぷくどが<cF3><copy:01:19:C5>%に なった！	Max Fullness is now<cF3> <copy:01:19:C5>{F182=%}!	
193:$44A9	218:$61E1	17	<lookup:19:C5>を ふんだ。	Stepped on<cF3> <lookup:19:C5>.	
193:$44B4	218:$61F3	29	しかし ワナには かからなかった。	But the trap didn't activate.	
193:$44C6	218:$6211	18	<lookup:19:C5>は <cF3>ハラヘリーを となえた！	<lookup:19:C5><cF3> cast Hunger!	
193:$44DA	218:$6224	27	<lookup:19:C5>は <cF3>くねくねダンスをした！	<lookup:19:C5><cF3> did the Twisty Dance!	
193:$44ED	218:$6240	30	<lookup:19:C5>は<cF3>ふしぎなじゅもんを となえた！	<lookup:19:C5><cF3> cast a mysterious spell!	
193:$4503	218:$625F	24	<lookup:19:C5>は <cF3>けいほうを ならした！	<lookup:19:C5><cF3> sounded the alarm!	
193:$4516	218:$6278	19	<lookup:19:C5>の <cF3>目玉が 光った！	<lookup:19:C5>'s eye<cF3> glowed!	
193:$4529	218:$628C	24	<lookup:19:C5>は <cF3>くさいえきを はき出した！	<lookup:19:C5><cF3> spat rotten fluid!	
193:$453F	218:$62A5	13	<lookup:19:C5>は <cF3>とっしんした！	<lookup:19:C5><cF3> lunged!	
193:$454E	218:$62B3	22	<lookup:19:C5>は いしをよけた！	<lookup:19:C5><cF3> dodged the rock!	
193:$455C	218:$62CA	26	<lookup:19:C5>は <cF3>まほうを うちけした！	<lookup:19:C5><cF3> nullified the magic!	
193:$456F	218:$62E5	24	<lookup:19:C5>は <cF3><number:1B:C5>を けした！	<lookup:19:C5><cF3> made <number:1B:C5><cF3> vanish!	
193:$4581	218:$62FE	34	<lookup:19:C5>が <cF3>ほしいものを もっていなかった。	<lookup:19:C5><cF3> didn't have<cF3> what it wanted.	
193:$4599	218:$6321	23	<copy:02:1B:C5>ギタン <cF3>ぬすまれた！	<copy:02:1B:C5> Gitan<cF3> was stolen!	
193:$45A9	218:$6339	18	<copy:02:1B:C5>ギタン <cF3>ぬすんだ！	Stole <cF3><copy:02:1B:C5> Gitan!	
193:$45B8	218:$634C	17	<number:19:C5>を <cF3>ぬすまれた！	<number:19:C5><cF3> was stolen!	
193:$45C6	218:$635E	12	<number:19:C5>を <cF3>ぬすんだ！	Stole <cF3><number:19:C5>!	
193:$45D3	218:$636B	44	<number:19:C5>を <cF3>ほおばって とばした！	It stuffed<cF3> <number:19:C5><cF3> in its cheek and flung it!	
193:$45E6	218:$6398	36	<number:19:C5>を <cF3>ついばんで しょうかした！	It pecked at<cF3> <number:19:C5><cF3> and digested it!	
193:$45FB	218:$63BD	29	ついばもうとして しっぱいした。	It tried to peck, but failed.	
193:$460C	218:$63DB	23	しかし なにも ぬすまれなかった。	But nothing was stolen.	
193:$461E	218:$63F3	30	しかし これいじょう持てない！	But you can't carry<cF3> any more!	
193:$462F	218:$6412	22	<lookup:19:C5>は かたりだした！<br>	<lookup:19:C5><cF3> began chanting!<br>	
193:$463E	218:$6429	38	すべてのアイテムの のろいがとけた！	The curses on your items<cF3> were lifted!	
193:$4651	218:$6450	41	<lookup:19:C5>は <lookup:1B:C5>の<br>パワーをすいとって かいふくした！	<lookup:19:C5><cF3> sapped <lookup:1B:C5>'s<cF3> power and recovered!	
193:$466F	218:$647A	29	<lookup:19:C5>は <cF3>サビてよわくなった。	<lookup:19:C5><cF3> rusted and grew weaker.	
193:$4681	218:$6498	19	<lookup:19:C5>は <cF3>ビショビショになった。	<lookup:19:C5><cF3> was drenched.	
193:$4694	218:$64AC	39	<lookup:19:C5>のこうげきりょくと<cF3>ぼうぎょりょくが下がった！	<lookup:19:C5>'s<cF3> attack power and<cF3> defense fell!	
193:$46B1	218:$64D4	26	<lookup:19:C5>の<cF3>こうげきりょくが下がった！	<lookup:19:C5>'s<cF3> attack power fell!	
193:$46C6	218:$64EF	21	<lookup:19:C5>の<cF3>ぼうぎょりょくが下がった！	<lookup:19:C5>'s<cF3> defense fell!	
193:$46DB	218:$6505	26	<lookup:19:C5>の<cF3>こうげきりょくが上がった！	<lookup:19:C5>'s<cF3> attack power rose!	
193:$46F0	218:$6520	40	<lookup:19:C5>の<cF3>バクハツスイッチが入った！	<lookup:19:C5>'s<cF3> explosion switch<cF3> was activated!	
193:$4705	218:$6549	44	<lookup:19:C5>のこうげきりょくは<br>いちじてきにはんぶんになった！	<lookup:19:C5>'s<cF3> attack power<br>was temporarily halved!	
193:$4723	218:$6576	38	<lookup:19:C5>のさいだいhpは<br>いちじてきにはんぶんになった！	<lookup:19:C5>'s<cF3> Max HP<br>was temporarily halved!	
193:$4740	218:$659D	37	<lookup:19:C5>のレベルは<br>いちじてきにはんぶんになった！	<lookup:19:C5>'s<cF3> level<br>was temporarily halved!	
193:$475A	218:$65C3	32	<lookup:19:C5>のこうげきりょくは<br>はんぶんになった！	<lookup:19:C5>'s<cF3> attack power<br>was halved!	
193:$4772	218:$65E4	27	<lookup:19:C5>のさいだいhpは<cF3>はんぶんになった！	<lookup:19:C5>'s<cF3> Max HP<cF3> was halved!	
193:$4789	218:$6600	26	<lookup:19:C5>のレベルは<cF3>はんぶんになった！	<lookup:19:C5>'s<cF3> level<cF3> was halved!	
193:$479D	218:$661B	41	<lookup:19:C5>のこうげきりょくは<cF3>もとにもどった。	<lookup:19:C5>'s<cF3> attack power<cF3> returned to normal.	
193:$47B4	218:$6645	35	<lookup:19:C5>のさいだいhpは<cF3>もとにもどった。	<lookup:19:C5>'s<cF3> Max HP<cF3> returned to normal.	
193:$47CA	218:$6669	34	<lookup:19:C5>のレベルは<cF3>もとにもどった。	<lookup:19:C5>'s<cF3> level<cF3> returned to normal.	
193:$47DD	218:$668C	18	<lookup:19:C5>は <cF3>足が おそくなった！	<lookup:19:C5><cF3> slowed down!	
193:$47F0	218:$669F	14	<lookup:19:C5>は <cF3>足が はやくなった！	<lookup:19:C5><cF3> sped up!	
193:$4803	218:$66AE	32	<lookup:19:C5>は <cF3>元のはやさにもどった。	<lookup:19:C5><cF3> returned to<cF3> normal speed.	
193:$4817	218:$66CF	22	<lookup:19:C5>は <cF3>こんらんしてしまった！	<lookup:19:C5><cF3> became confused!	
193:$482A	218:$66E6	28	<lookup:19:C5>は <cF3>こんらんがとけた！	<lookup:19:C5><cF3> is no longer confused!	
193:$483B	218:$6703	20	<lookup:19:C5>は <cF3>ねむってしまった、、。	<lookup:19:C5><cF3> fell asleep...	
193:$484E	218:$6718	14	<lookup:19:C5>は <cF3>ねむりからさめた！	<lookup:19:C5><cF3> woke up!	
193:$485F	218:$6727	28	ねむくて なにもできない、、。	Too sleepy to do anything...	
193:$486F	218:$6744	20	<lookup:19:C5>は <cF3>かなしばりにかかった！	<lookup:19:C5><cF3> was paralyzed!	
193:$4882	218:$6759	29	<lookup:19:C5>の <cF3>かなしばりがとけた！	<lookup:19:C5><cF3> is no longer paralyzed!	
193:$4894	218:$6777	18	、、からだが うごかない！！！	...You can't move!	
193:$48A4	218:$678A	18	<lookup:19:C5>は <cF3>目が見えなくなった！	<lookup:19:C5><cF3> was blinded!	
193:$48B8	218:$679D	20	<lookup:19:C5>は <cF3>目がなおった。	<lookup:19:C5><cF3> can see again.	
193:$48C8	218:$67B2	23	<lookup:19:C5>は <cF3>とうめいになった！	<lookup:19:C5><cF3> became invisible!	
193:$48D9	218:$67CA	27	<lookup:19:C5>は <cF3>すがたを あらわした。	<lookup:19:C5><cF3> became visible again.	
193:$48EC	218:$67E6	30	<lookup:19:C5>は <cF3>おにぎりにされた！	<lookup:19:C5><cF3> turned into<cF3> an Onigiri!	
193:$48FD	218:$6805	25	<lookup:19:C5>は <cF3>元のすがたにもどった。	<lookup:19:C5><cF3> returned to normal.	
193:$4911	218:$681F	24	<lookup:19:C5>は <cF3>からぶりするようになった！	<lookup:19:C5><cF3> became inaccurate!	
193:$4926	218:$6838	24	<lookup:19:C5>は <cF3>からぶりがおさまった。	<lookup:19:C5><cF3> is accurate again.	
193:$4939	218:$6851	21	<lookup:19:C5>は <cF3>イカリがこみあげてきた！	<lookup:19:C5><cF3> became enraged!	
193:$494D	218:$6867	18	<lookup:19:C5>のイカリは <cF3>おさまった。	<lookup:19:C5><cF3> calmed down.	
193:$495F	218:$687A	31	<lookup:19:C5>は <cF3>うしろ向きになってしまった！	<lookup:19:C5><cF3> turned to face<cF3> backward!	
193:$4976	218:$689A	26	<lookup:19:C5>は <cF3>前向きになった。	<lookup:19:C5><cF3> faced forward again.	
193:$4988	218:$68B5	19	<lookup:19:C5>は <cF3>口がつかえなくなった！<page>	<lookup:19:C5><cF3> was muzzled!<page>	
193:$499D	218:$68C9	39	<lookup:19:C5>は <cF3>とくぎがつかえなくなった！	<lookup:19:C5>'s<cF3> special abilities<cF3> were sealed!	
193:$49B2	218:$68F1	35	トラバサミにハマってうごけない！！！	Caught in a bear trap!<cF3> Can't move!	
193:$49C5	218:$6915	21	<lookup:19:C5>は<cF3>うごけるようになった！	<lookup:19:C5><cF3> can move again!	
193:$49D7	218:$692B	29	<lookup:19:C5>は <cF3>ようじゅつがとけた。	The spell on<cF3> <lookup:19:C5><cF3> wore off.	
193:$49E9	218:$6949	27	<lookup:19:C5>のじょうたいは<cF3>バグってた！！	<lookup:19:C5>'s status<cF3> was bugged!!	
193:$49FD	218:$6965	20	店主<speaker>いらっしゃいませ。	Shopkeeper: Welcome!	
193:$4A0D	218:$697A	24	<box>店主<speaker>ありがとうございました。<page>	<box>Shopkeeper: Thank you!<page>	
193:$4A22	218:$6993	29	<box>店主<speaker>それは ザンネンです。<page>	<box>Shopkeeper: That's too bad.<page>	
193:$4A36	218:$69B1	53	<box>店主<speaker>すみません、、。<page><br> おカネが たりないようです。<page>	<box>Shopkeeper: Sorry...<page><br> You don't have enough Gitan.<page>	
193:$4A58	218:$69E7	22	店主<speaker>ありがとうございます。	Shopkeeper: Thank you!	
193:$4A6A	218:$69FE	25	ドロボーけいほう はつれい！<br>ドロボーけいほう はつれい！	Thief alert!<br>Thief alert!	
193:$4A88	218:$6A18	40	<box>店主<speaker>おかいあげは<br> <copy:03:19:C5>ギタンでございます。<page>	<box>Shopkeeper: Your total is<br> <copy:03:19:C5> Gitan.<page>	
193:$4AA7	218:$6A41	55	店主<speaker>おかれたアイテムは<br> <copy:03:19:C5>ギタンでかいとります。<page>	Shopkeeper: I'll pay you<br> <copy:03:19:C5> Gitan for<br> those items.<page>	
193:$4AC9	218:$6A79	26	店主<speaker>いそげ！ いそげ！<page>	Shopkeeper: Hurry! Hurry!<page>	
193:$4ADA	218:$6A94	10	<lookup:19:C5>だ！	It's <lookup:19:C5>!	
193:$4AE1	218:$6A9F	15	<lookup:19:C5><speaker>ド<D6><D7><D7><D7><D7><D7><D7><D7><D7><D8>ン！！！	<lookup:19:C5>: <cF3> BOOM!!!	
193:$4AF7	218:$6AAF	28	ンフーは<br><lookup:19:C5>の わざをつかった！	Nfuu used the power of<br><lookup:19:C5>!	
193:$4B0B	218:$6ACC	30	ンフー<speaker>ごちそうさまでフー！	Nfuu: Thanks for the meal, fu!	
193:$4B1B	218:$6AEB	33	ンフー<speaker>その肉は いらないでフー！	Nfuu: I don't need that<br>meat, fu!	
193:$4B2F	218:$6B0D	38	ンフー<speaker>あれ？、、<br> のうりょく わすれたでフ。	Nfuu: Huh...?<br>I forgot that power, fu.	
193:$4B49	218:$6B34	53	ンフー<speaker>ボクに肉を投げてくれれば<br> のうりょく おぼえまフ！<page>	Nfuu: Throw meat at me and<br>I'll learn its power, fu!<page>	
193:$4B6C	218:$6B6A	54	ンフー<speaker>おなじ肉をふたつ食べると<br> そののうりょくを わすれまフ！<page>	Nfuu: The same meat twice?<br>I'll forget its power, fu!<page>	
193:$4B92	218:$6BA1	33	ンフー<speaker><lookup:19:C5>なんか<br> へっちゃらでフー！<page>	Nfuu: <lookup:19:C5>?<br>No match for me, fu!<page>	
193:$4BAB	218:$6BC3	34	ンフー<speaker><lookup:19:C5>なんか<br> ぜんぜん へいきでフー！<page>	Nfuu: <lookup:19:C5>?<br>I'm totally fine, fu!<page>	
193:$4BC7	218:$6BE6	84	ンフー<speaker>なんか ぐあいが<br> わるくなってきたでフ。<page><box>ンフー<speaker>でも すこし あるけば<br> かいふくすると 思いまフ。<page>	Nfuu: I don't feel so<br>good, fu.<page><box>Nfuu: I think I'll recover<br>if I walk a little, fu.<page>	
193:$4C05	218:$6C3B	32	ンフー<speaker>きょうてきだったでフ。<br> さっきの<lookup:19:C5>。<page>	Nfuu: <lookup:19:C5><br>was a tough one, fu.<page>	
193:$4C22	218:$6C5C	42	ンフー<speaker>キャン！ イタイでフ！！<br> さっきの<lookup:19:C5>！<page>	Nfuu: Yelp! That hurt, fu!!<br>That <lookup:19:C5>...!<page>	
193:$4C40	218:$6C87	49	ンフー<speaker>つらいでフ、、。<br> やく草 なげてほしいでフ、、。<page>	Nfuu: I'm hurting, fu...<br>Throw me an Herb, fu...<page>	
193:$4C61	218:$6CB9	61	ンフー<speaker>ボク、、もうダメでフ、、。<page><br> おとぎり草 ほしい、で、フ、、。<page>	Nfuu: I... can't go on, fu...<page><br>Otogirisou... please... fu...<page>	
193:$4C89	218:$6CF7	50	マーモ<speaker>ぼくに アイテムを<br> 投げてもシューノーできるよ！<page>	Mamo: You can store items<br>by throwing them at me!<page>	
193:$4CAA	218:$6D2A	41	マーモ<speaker>ぼくは がんじょうに<br> できているから ヘーキだよ！<page>	Mamo: I'm built sturdy,<br>so I'll be fine!<page>	
193:$4CCB	218:$6D54	27	マーモ<speaker>ぼくは だいじょうぶだよ。<page>	Mamo: I'm doing just fine.<page>	
193:$4CDF	218:$6D70	27	マーモ<speaker><lookup:19:C5>ぐらいじゃ<br> ぼくは こわれないよ。<page>	Mamo: <lookup:19:C5><br>can't break me!<page>	
193:$4CFC	218:$6D8C	41	マーモ<speaker>ちょっと<br> ガタついてきたかな、、。<page>	Mamo: I'm starting to<br>rattle a little...<page>	
193:$4D15	218:$6DB6	30	マーモ<speaker><lookup:19:C5>って<br> らんぼうもの だよなぁ。<page>	Mamo: <lookup:19:C5><br>sure is a brute...<page>	
193:$4D30	218:$6DD5	29	マーモ<speaker>さっきの<lookup:19:C5>は<br> いたかったな。<page>	Mamo: <lookup:19:C5><br>really hurt me...<page>	
193:$4D49	218:$6DF3	52	マーモ<speaker>だいぶギシギシいっている。<br> そろそろ こわれるかも、、。<page>	Mamo: I'm creaking badly now.<br>I might break soon...<page>	
193:$4D6D	218:$6E28	46	マーモ<speaker>さようなら <name>。<br> もうじきバラバラになるよ、、。<page>	Mamo: Goodbye, <name>.<br>I'm about to fall apart...<page>	
193:$4D8E	218:$6E57	53	お竜<speaker>わたしが いっしょなら<br> こわいものなしよ！<page>	Oryu: With me by your side,<br>there's nothing to fear!<page>	
193:$4DAB	218:$6E8D	29	お竜<speaker>がんばっていこうね！<page>	Oryu: Let's give it our all!<page>	
193:$4DBC	218:$6EAB	29	お竜<speaker><lookup:19:C5>なんて<br> ちょろいもんよ。<page>	Oryu: <lookup:19:C5>?<br>What a pushover.<page>	
193:$4DD4	218:$6EC9	34	お竜<speaker>だいじょうぶ。<br> <lookup:19:C5>ぐらい。<page>	Oryu: <lookup:19:C5>?<br>I'm fine. No problem.<page>	
193:$4DEC	218:$6EEC	37	お竜<speaker>わたしなら<br> まだ だいじょうぶよ。<page>	Oryu: Me? I'm still<br>doing just fine.<page>	
193:$4E05	218:$6F12	33	お竜<speaker>つよいッ！ <lookup:19:C5>！<br> <name>！ 気をつけて！<page>	Oryu: <lookup:19:C5>!<br>Strong! Careful, <name>!<page>	
193:$4E24	218:$6F34	32	お竜<speaker>きついなあ。<br> さっきの <lookup:19:C5>。<page>	Oryu: That was rough...<br><lookup:19:C5>...<page>	
193:$4E3D	218:$6F55	41	お竜<speaker>だいぶ<br> きつくなってきたかな、、。<page>	Oryu: I'm really starting<br>to struggle...<page>	
193:$4E56	218:$6F7F	21	お竜<speaker><name> 助けて、、。<page>	Oryu: <name>, help me...<page>	
193:$4E67	218:$6F95	37	ペケジ<speaker>アニキと いっしょだと<br> たのしいぜ！！<page>	Pekeji: Being with you is fun,<br>Bro!!<page>	
193:$4E82	218:$6FBB	46	ペケジ<speaker>オレ がんばって<br> アニキを助けるよ！<page>	Pekeji: I'll give it my all<br>to help you, Bro!<page>	
193:$4E9D	218:$6FEA	33	ペケジ<speaker><lookup:19:C5>には<br> 気をつけた方がいいぜ アニキ！<page>	Pekeji: Watch out for<br><lookup:19:C5>, Bro!<page>	
193:$4EBD	218:$700C	30	ペケジ<speaker><lookup:19:C5>なんか<br> オレには きかないぜ！<page>	Pekeji: <lookup:19:C5>?<br>Didn't faze me!<page>	
193:$4ED8	218:$702B	43	ペケジ<speaker>からだのキレが すこし<br> わるくなったような、、。<page>	Pekeji: My moves feel<br>a little sluggish...<page>	
193:$4EF8	218:$7057	40	ペケジ<speaker><lookup:19:C5>には<br> ようちゅういだぜ！ アニキ！<page>	Pekeji: Really watch out for<br><lookup:19:C5>, Bro!<page>	
193:$4F15	218:$7080	28	ペケジ<speaker><lookup:19:C5>だよ！<br> イタタタ、、。<page>	Pekeji: <lookup:19:C5>!<br>Ow, ow, ow...<page>	
193:$4F2C	218:$709D	29	ペケジ<speaker>ぐ ぐるじい<EE>、、。<page>	Pekeji: I-I can't breathe...<page>	
193:$4F3D	218:$70BB	55	ペケジ<speaker>ゴメン。オレ けっきょく<br> 足手まといだったかなあ、、。<page>	Pekeji: Sorry... In the end,<br>I was just dead weight...<page>	
193:$4F62	218:$70F3	14	<lookup:19:C5><speaker>ブオッフォ！<page>	<lookup:19:C5>:<br>BWOFFO!<page>	
193:$4F70	218:$7102	14	<lookup:19:C5><speaker>ブオッフォ！<page>	<lookup:19:C5>:<br>BWOFFO!<page>	
193:$4F7E	218:$7111	29	<lookup:19:C5><speaker>ブオッフォ！<br> <lookup:1B:C5> ヨワーイ！！<page>	<lookup:19:C5>: BWOFFO!<br><lookup:1B:C5>... WEAK!!<page>	
193:$4F99	218:$712F	33	<lookup:19:C5><speaker>ブオッフォ！<br> ワタシ ガンジョー。ヘイキ。<page>	<lookup:19:C5>: BWOFFO!<br>I AM STURDY. FINE.<page>	
193:$4FB7	218:$7151	36	<lookup:19:C5><speaker>ブオッフォ！<br> ブオッフォ！ マダマダー！！<page>	<lookup:19:C5>: BWOFFO!<br>BWOFFO! I CAN GO ON!!<page>	
193:$4FD5	218:$7176	27	<lookup:19:C5><speaker>ブオッフォ！<br> <lookup:1B:C5> テゴワイ！！<page>	<lookup:19:C5>: BWOFFO!<br><lookup:1B:C5> TOUGH!!<page>	
193:$4FF0	218:$7192	27	<lookup:19:C5><speaker>ブオッフォ！<br> <lookup:1B:C5>デ コワレタ！<page>	<lookup:19:C5>: BWOFFO!<br><lookup:1B:C5>! CRACK!<page>	
193:$500B	218:$71AE	30	<lookup:19:C5><speaker>ブオッフォ！<br> デンジャー！ デンジャー！<page>	<lookup:19:C5>: BWOFFO!<br>DANGER! DANGER!<page>	
193:$5028	218:$71CD	44	<lookup:19:C5><speaker>、、ブオ、<br> 、フォ、、。ギギ、キギギギ、、。<page>	<lookup:19:C5>: ...BWO...<br>...FFO... G-GI... GIGIGI...<page>	
193:$5047	218:$71FA	13	<lookup:19:C5><speaker>、、、、、、<page>	<lookup:19:C5>: ......<page>	
193:$5055	218:$7208	18	<lookup:19:C5>は <cF3>ようすを見ている。	<lookup:19:C5><cF3> is watching.	
193:$5067	218:$721B	40	杖のこうかで<br>ころばなかった。	The staff's effect<br>didn't make you fall.	
193:$5078	218:$7244	54	ビッグモアイ<speaker>ワシにゴミをなげるとは<br> おやふこうものだべえ<EE>！！<page>	Big Moai: Throwing trash<br>at me?<br>You ungrateful brat!!<page>	
193:$509C	218:$727B	7	なにものか	Unknown	
193:$50A2	218:$7283	7	おにぎり	Onigiri	
193:$50A7	218:$728B	26	<lookup:19:C5>は<cF3>気持ちよさそうにねている、	<lookup:19:C5><cF3> is sleeping soundly.	
193:$50BD	218:$72A6	64	コゴト コゴトって コゴトしか<br>言えんと思っとる！ むかしは剣、<page>	Nag, nag! You think<br>that's all I can say?!<br>In my day, swords...<page>	
193:$50E2	218:$72E7	70	スシを食べるときネタを しょうゆに<br>おとしたらイカン！ うみの男の、<page>	When eating sushi,<br>don't drop the topping<br>in soy sauce! A sailor's...<page>	
193:$5108	218:$732E	62	ねる前は はをみがかんとイカン！<br>えなめるしつは だえきなどでも、<page>	Brush your teeth<br>before bed! Even saliva<br>can affect enamel...<page>	
193:$512C	218:$736D	63	おとしよりは いたわらにゃイカン！<br>むかしは とにもかくにも ゴル、<page>	Treat your elders well!<br>In my day, above all,<br>there was gol...<page>	
193:$5150	218:$73AD	54	サカナを食べなけりゃイカン！<br>肉ばかり食べてたらそんなモイ、<page>	You must eat fish!<br>All that meat will<br>make you moi...<page>	
193:$5173	218:$73E4	64	クーラーのおんどを かってに<br>下げてはイカン！ だいたいテプ、<page>	Don't turn down the AC<br>without asking! For<br>starters, the tem...<page>	
193:$5195	218:$7425	67	ポットのおゆは いつもいっぱい<br>でなきゃイカン！ だいたいテプ、<page>	Always keep the kettle<br>full of hot water!<br>First of all, the tem...<page>	
193:$51B7	218:$7469	64	ゴミは決められた日に出さなきゃ<br>イカン！！ 守らないヤツはモジョ、<page>	Put trash out on<br>the proper day!! Those<br>who disobey are mojo...<page>	
193:$51DE	218:$74AA	60	コゴセン？ ナンでも りゃくせば<br>いいってもんじゃない！ 近ごろの、<page>	Nag-Mo? You can't<br>abbreviate everything!<br>Kids these days...<page>	
193:$5203	218:$74E7	68	コレッ！ 人の話を きけ！<br>だいたいにして あんなところに、<page>	Hey! Listen when<br>someone's talking! Why<br>leave it in such a place...<page>	
193:$5225	218:$752C	53	エー ここの すうしきは<br>こうであるからしてー、、<page>	Ahem. The equation<br>here goes like this,<br>therefore...<page>	
193:$5240	218:$7562	92	、そこまでいうならしかたがない。<page><box>みせてやろう、、。<page><br>ワシの ほんとうの ちからをな！！<page><box>ゴゴゴゴゴゴゴゴゴゴゴゴ！！、、<page>	If you insist,<br>I have no choice.<page><box>I'll show you...<page><br>my true power!!<page><box>RUMBLE RUMBLE RUMBLE!!<page>	
193:$5282	218:$75BF	41	だからァ<page> そうじゃなくてェ、、<page>	Like I said...<page>That's not<br>what I mean...<page>	
193:$5294	218:$75E9	55	だから<page> それが<page> よくわからない。<page><br>それも<page> なんだか<page> よくわからない。<page>	So...<page>that...<page>baffles me.<page><br>That...<page>also...<page>baffles me.<page>	
193:$52BD	218:$7621	43	今ひとつ<page> ピンとこない、、。<page>	Something still...<page><br>doesn't quite click...<page>	
193:$52CF	218:$764D	15	、、、、<page>あつい。<page>	....<page>It's hot.<page>	
193:$52DA	218:$765D	17	、、、、<page>ねむい。<page>	....<page>I'm sleepy.<page>	
193:$52E5	218:$766F	15	グフフ、、<page>ヤダ。<page>	Heh heh...<page>No.<page>	
193:$52F0	218:$767F	24	グフフ、、<page>ネロ。<page>	Heh heh...<page>Go to sleep.<page>	
193:$52FB	218:$7698	55	きのうから ぐあいわるくてさ<page><br>マイッタナ<D6><D7><D7><D7><D7><D7><D8>！！<page>	I've felt lousy<br>since yesterday.<page><br>What a drag<D6><D7><D7><D7><D7><D7><D8>!!<page>	
193:$531B	218:$76D0	52	くらえ！<br>ワシの きゅうきょくワザを！！<page><box>はああああああああああああっ！！<page>	Take this!<br>My ultimate technique!!<page><box>HAAAAAAAAAAAA!!<page>	
193:$5343	218:$7705	66	よあそびしたらイカン！ おやを<br>かなしませるようなヤツはトッポロ、<page>	Don't stay out late!<br>Those who upset their<br>parents are topporo...<page>	
193:$5366	218:$7748	87	   つ ついに、、<page>邪神は、、<page><br> みずからの さいせいを 終え、、<page><box><br>   かんぜん体に なった！！<page>	At last...<page>The Evil God...<page><br>finished regenerating...<page><box><br>and reached its<br>complete form!!<page>	
193:$53A1	218:$77A0	139	コッパ<speaker>ヤバイよ！<br> アイツ もうだいぶ<br> さいせいしている、、。<page><box>コッパ<speaker>このままだと<br> かんぜん体に！！<page><box>コッパ<speaker><name>！ いそごう！！<page>	Koppa: This is bad!<br>Its regeneration is<br>already well underway...<page><box>Koppa: At this rate,<br>it'll reach its<br>complete form!!<page><box>Koppa: <name>! Hurry!!<page>	
193:$541C	219:$6DF6	21	つくれるワナはありません	No traps can be made.	
193:$5429	219:$6E0C	17	どく矢のワナ	Poison Arrow Trap	
193:$5431	219:$6E1E	12	落し穴	Pitfall Trap	
193:$5437	219:$6E2B	10	ノロイバサミ	Curse Trap	
193:$543E	219:$6E36	11	バネ	Spring Trap	
193:$5441	219:$6E42	10	ころび石	Trip Stone	
193:$5447	219:$6E4D	9	さびワナ	Rust Trap	
193:$544C	219:$6E57	12	けいほうそうち	Alarm Switch	
193:$5454	219:$6E64	14	しょうかんスイッチ	Summoning Trap	
193:$545E	219:$6E73	12	そうびはずし	Removal Trap	
193:$5465	219:$6E80	13	落石のワナ	Rockfall Trap	
193:$546D	219:$6E8E	11	ハラヘリのワナ	Hunger Trap	
193:$5475	219:$6E9A	12	デロデロのゆ	Rotting Trap	
193:$547C	219:$6EA7	13	かいてんばん	Spinning Trap	
193:$5483	219:$6EB5	13	地雷	Landmine Trap	
193:$5488	219:$6EC3	17	おおがた地雷	Big Landmine Trap	
193:$5491	219:$6ED5	13	どんそくのワナ	Sluggish Trap	
193:$5499	219:$6EE3	10	ねむりガス	Sleep Trap	
193:$549F	219:$6EEE	17	木の矢のワナ	Wooden Arrow Trap	
193:$54A8	219:$6F00	8	まるたのワナ	Log Trap	
193:$54AF	219:$6F09	15	鉄の矢のワナ	Iron Arrow Trap	
193:$54B8	219:$6F19	10	こうずいのワナ	Flood Trap	
193:$54C0	219:$6F24	9	イカリのワナ	Rage Trap	
193:$54FF	219:$7D93	20	1<D0>ナナメいどうするには？	1. Moving Diagonally	
193:$550D	219:$7DA8	18	2<D0>マップを見るには？	2. Viewing the Map	
193:$551A	219:$7DBB	16	3<D0>アイテムをせいとんするには？	3. Sorting Items	
193:$552B	219:$7DCC	18	4<D0>矢をうつには？	4. Shooting Arrows	
193:$5536	219:$7DDF	19	5<D0>その場でふり向くには？	5. Turning in Place	
193:$5546	219:$7DF3	16	6<D0>hpをかいふくさせるには？	6. Recovering HP	
193:$5556	219:$7E04	10	7<D0>ダッシュするには？	7. Dashing	
193:$5562	219:$7E0F	16	8<D0>ダンジョンでかいものするには？	8. Dungeon Shops	
193:$5574	219:$7E20	28	9<D0>肉のとくぎをつかうには？	9. Using a Monster's Ability	
193:$5584	219:$7E3D	149	<br>  スタートボタンを<br>    おしながら いどう！<br><br>これなら まちがいなく ナナメに<br>いどうすることができるぞ。<br>スタートボタンを はなせば<br>ふつうに タテとヨコに いどう<br>できるので おぼえておこう。	<br> Hold START while moving<br> to walk diagonally.<br><br>Release START to move up,<br>down, left, or right.<br>Use this whenever you need<br>precise diagonal movement.	
193:$55EC	219:$7ED3	130	<br> セレクトボタンを <br>  チョンと みじかくおすだけ！<br><br>カンタンそうさで ダンジョンの<br>マップを見ることができるぞ。<br>一度とおった道は すべてひょうじ<br>されるので もうまようことなんて<br>ないはず。	<br> Tap SELECT briefly.<br><br>This opens the dungeon map.<br>Every path you have explored<br>will be shown, so you should<br>never get lost again.	
193:$5655	219:$7F56	93	<br> 1<27>アイテムウインドウをひらく！<br> 2<27>スタートボタンをおす！<br><br>ボタンいっぱつで カンタンきれいに<br>アイテムせいりができるぞ！	<br> 1<27>Open the Items menu.<br> 2<27>Press START.<br><br>One button press sorts your<br>items into a tidy list!	
193:$5698	220:$4000	105	<br> 1<27>矢をそうび！<br> 2<27>セレクトボタンをおしながら<br>  aボタン！<br><br>これなら はなれたところにいる<br>モンスターも カンタンに<br>こうげきすることができるぞ！	<br> 1<27>Equip some arrows.<br> 2<27>Hold SELECT and press A.<br><br>This lets you easily attack<br>monsters from a distance!	
193:$56EA	220:$406A	129	<br> 1<27>スタートボタンをチョンとおす！<br> 2<27>やじるしを動かす！<br><br>このほうほうなら いどうせずに<br>すきなほうこうに ふり向けるぞ！<br>しかも となりにモンスターが<br>いるときは 自動でそっちを向いて<br>くれるのでとてもべんりだ。	<br> 1<27>Tap START.<br> 2<27>Choose a direction.<br><br>This turns you without moving.<br>If a monster is beside you,<br>you will automatically face it.	
193:$5760	220:$40EC	125	<br>   bボタンをおしながら<br>    aボタンをおす！<br><br>歩きまわるだけでもhpは<br>かいふくする。しかし このワザを<br>つかえば すばやくかいふくすることが<br>できるんだ。<br>ただし そのあいだはモンスターも<br>すばやくなるので気をつけよう！	<br> Hold B and press A.<br><br>Walking also restores HP, but<br>this restores it much faster.<br>Monsters move just as fast,<br>so stay alert!	
193:$57D8	220:$416A	91	<br> bボタンを おしながらいどう！<br><br>カンタンそうさで ダッシュが<br>できるんだ。ただし 自分がダッシュ<br>すると モンスターの動きも<br>すばやくなるので気をつけよう！	<br> Hold B while moving.<br><br>This makes you dash, but<br>monsters move just as quickly.<br>Be careful!	
193:$582E	220:$41C6	159	<br> 1<27>ほしいアイテムの 上に立つ<br> 2<27>メニューの<speaker>あしもと<speakerEnd>を<br>  えらんで アイテムをひろう<br> 3<27>店主に はなしかける<br><br>ときどき ダンジョンの中に<br>あらわれる店。かいものする<br>ほうほうが 町のどうぐ屋とは<br>ちがうので おぼえておこう！	<br> 1<27>Stand on the item you want.<br> 2<27>Use At Feet to pick it up.<br> 3<27>Talk to the shopkeeper.<br><br>Dungeon shops work<br>differently from town shops.<br>Remember these steps!	
193:$58B3	220:$4266	163	<br> 1<27>肉を食べてモンスターになる！<br> 2<27>セレクトボタンをおしながら<br>  aボタン！<br><br>肉を食べて モンスターにへんしん<br>したら そのモンスターの とくぎを<br>つかうことができるんだ。メニューの<br>「とくぎ」をえらんでもおなじように<br>とくぎがつかえるぞ。	<br> 1<27>Eat Meat to transform.<br> 2<27>Hold SELECT and press A.<br><br>You can use the transformed<br>monster's Ability this way.<br>Choosing Ability from the<br>menu does the same thing.	
193:$5936	220:$430A	136	<br> セレクトボタンをチョンとおして<br>   ナナメこていモードにする！<br><br>これならまちがいなく ナナメに<br>いどうすることができるぞ。<br>もう一度 セレクトボタンをおすと<br>タテとヨコに いどうできるので<br>おぼえておこう。セレクトボタンを<br>チョンとみじかくおすのがポイントだ。	<br> Tap SELECT to enter<br> diagonal-lock mode.<br><br>Now you can only move<br>diagonally. Tap SELECT again<br>to move normally. A quick tap<br>is the key!	
193:$59BF	220:$4393	151	<br>  bボタンでメニューをひらく！<br><br>メニューの中から マップをえらべば<br>ダンジョンで 自分が今いるばしょが<br>バッチリひょうじされるんだ。<br>一度とおった道は すべてひょうじ<br>されるので もうまようことなんて<br>ないはず。	<br> Press B to open the menu.<br><br>Choose Map to see where<br>you are in the dungeon.<br>Every path you have explored<br>is shown, so you should never<br>get lost again.	
193:$5A34	220:$442B	93	<br> 1<27>アイテムウインドウをひらく！<br> 2<27>スタートボタンをおす！<br><br>ボタンいっぱつで カンタンきれいに<br>アイテムせいりができるぞ！	<br> 1<27>Open the Items menu.<br> 2<27>Press START.<br><br>One button press sorts your<br>items into a tidy list!	
193:$5A77	220:$4489	105	<br> 1<27>矢をそうび！<br> 2<27>セレクトボタンをおしながら<br>  aボタン！<br><br>これなら はなれたところにいる<br>モンスターも カンタンに<br>こうげきすることができるぞ！	<br> 1<27>Equip some arrows.<br> 2<27>Hold SELECT and press A.<br><br>This lets you easily attack<br>monsters from a distance!	
193:$5AC9	220:$44F3	129	<br> 1<27>スタートボタンをチョンとおす！<br> 2<27>やじるしを動かす！<br><br>このほうほうなら いどうせずに<br>すきなほうこうに ふり向けるぞ！<br>しかも となりにモンスターが<br>いるときは 自動でそっちを向いて<br>くれるのでとてもべんりだ。	<br> 1<27>Tap START.<br> 2<27>Choose a direction.<br><br>This turns you without moving.<br>If a monster is beside you,<br>you will automatically face it.	
193:$5B3F	220:$4575	125	<br>   bボタンをおしながら<br>    aボタンをおす！<br><br>歩きまわるだけでもhpは<br>かいふくする。しかし このワザを<br>つかえば すばやくかいふくすることが<br>できるんだ。<br>ただし そのあいだはモンスターも<br>すばやくなるので気をつけよう！	<br> Hold B and press A.<br><br>Walking also restores HP, but<br>this restores it much faster.<br>Monsters move just as fast,<br>so stay alert!	
193:$5BB7	220:$45F3	91	<br> bボタンを おしながらいどう！<br><br>カンタンそうさで ダッシュが<br>できるんだ。ただし 自分がダッシュ<br>すると モンスターの動きも<br>すばやくなるので気をつけよう！	<br> Hold B while moving.<br><br>This makes you dash, but<br>monsters move just as quickly.<br>Be careful!	
193:$5C0D	220:$464F	159	<br> 1<27>ほしいアイテムの 上に立つ<br> 2<27>メニューの<speaker>あしもと<speakerEnd>を<br>  えらんで アイテムをひろう<br> 3<27>店主に はなしかける<br><br>ときどき ダンジョンの中に<br>あらわれる店。かいものする<br>ほうほうが 町のどうぐ屋とは<br>ちがうので おぼえておこう！	<br> 1<27>Stand on the item you want.<br> 2<27>Use At Feet to pick it up.<br> 3<27>Talk to the shopkeeper.<br><br>Dungeon shops work<br>differently from town shops.<br>Remember these steps!	
193:$5C92	220:$46EF	163	<br> 1<27>肉を食べてモンスターになる！<br> 2<27>セレクトボタンをおしながら<br>  aボタン！<br><br>肉を食べて モンスターにへんしん<br>したら そのモンスターの とくぎを<br>つかうことができるんだ。メニューの<br>「とくぎ」をえらんでも おなじように<br>とくぎがつかえるぞ。	<br> 1<27>Eat Meat to transform.<br> 2<27>Hold SELECT and press A.<br><br>You can use the transformed<br>monster's Ability this way.<br>Choosing Ability from the<br>menu does the same thing.	
193:$5D58	220:$4793	10	行動は かわりばんこで！	Take Turns	
193:$5D67	220:$479E	17	モンスターから うまくにげろ！	Escaping Monsters	
193:$5D77	220:$47B0	25	草や杖は投げてもつかえる！	Throwing Herbs and Staves	
193:$5D88	220:$47CA	18	腕輪だって 大事にされたい！	Care for Bracelets	
193:$5D9B	220:$47DD	13	ダンジョンに風がふく！	Dungeon Winds	
193:$5DA8	220:$47EB	11	ワナだって つかってほしい！	Using Traps	
193:$5DB7	220:$47F7	24	しゅくふく「<ED>」 と のろい「<EB>」	Blessings <ED> and Curses <EB>	
193:$5DC9	220:$4810	15	壺は にもつ持ちじょうず！	Pots Carry More	
193:$5DD9	220:$4820	17	モンスターだって ねむい！	Sleeping Monsters	
193:$5DE7	220:$4832	17	ナナメ歩きは すごく大事！	Diagonal Movement	
193:$5DF8	220:$4844	23	剣や盾は 強いがイチバン！	Stronger Gear Is Better	
193:$5E09	220:$485C	20	壺や杖は 大事につかおう！	Pot and Staff Limits	
193:$5E1B	220:$4871	17	そうびひんには 気をつかおう！	Gear Combinations	
193:$5E2C	220:$4883	17	アイテムを しきべつしよう！	Identifying Items	
193:$5E3B	220:$4895	20	なづけよう みしきべつアイテム！	Naming Unknown Items	
193:$5E4C	220:$48AA	14	かく付けは うまさのあかし！	Wanderer Grade	
193:$5E5C	220:$48B9	185	 キミが動くと モンスターも動く！<br> キミがとまるとモンスターもとまる！<br><br>かわりばんこに行動するのがふしぎの<br>ダンジョンのルール。キミが動けば<br>モンスターも動くし はんたいに<br>キミがとまっていれば モンスターが<br>動くことはないんだ。だからあせらず<br>さくせんをかんがえよう。	 You move, monsters move.<br> You stop, they stop too.<br><br>Everyone takes turns in a<br>Mystery Dungeon. Monsters act<br>only when you do, so there is<br>no need to rush. Stop and plan<br>your next move!	
193:$5EED	220:$4973	159	 やく草なくても かいふくできる！<br> 歩き回れば かいふくできる！<br><br>たたかうのもいいけれど ときには<br>モンスターからにげることもすごく<br>たいせつなテクニック。<br>なぜなら歩いているだけでも hpが<br>かいふくするからなんだ。<br>あぶなくなったら にげまわってhpを<br>かいふくさせてからはんげきしよう。	 You can heal without an Herb!<br> Walking restores HP!<br><br>Fighting is not your only<br>option.<br>Flee monsters when needed.<br>Walk until HP is restored,<br>then strike back!	
193:$5F86	220:$4A13	184	 投げてもつかえる草や杖！<br> 回数なくても こうかあり！<br><br>草や杖の中には モンスターに<br>投げつけても こうかをはっきする<br>ものがあるぞ。しかも しようできる<br>回数が0でも 投げつけると再び<br>こうかがあらわれるのでおトクだぞ！	 Throw Herbs and staves!<br> Even spent staves work!<br><br>Some Herbs and staves affect<br>monsters when thrown at them.<br>A staff with 0 charges still<br>works when it is thrown.<br>What a useful trick!	
193:$6005	220:$4ACC	191	 腕輪はわすれず すぐそうび！<br> ヒビがはいれば すぐしゅうり！<br><br>腕輪はそうびしないと こうかを<br>はっきしない。しかもワナにかかったり<br>こうげきをうけたりするとヒビがはいる<br>こともあるんだ。はやめにかじ屋で<br>なおしてしまうのがオススメだ！	 Equip Bracelets right away!<br> Repair cracks quickly too!<br><br>A Bracelet works only while<br>equipped. Traps or blows may<br>crack it. If that happens, ask<br>a blacksmith to repair it as<br>soon as you can!	
193:$6083	220:$4B8C	164	 アイテムさがしは ほどほどに！<br> とっぷうふいたら すべてがパァ！<br><br>ふしぎのダンジョンには とっぷうが<br>ふいていて 長い時間おなじフロアに<br>いると 町にもどされてしまうことが<br>あるんだ。もくてきを持って 時間を<br>ゆうこうにつかおう！	 Do not search forever!<br> The wind can end your trip!<br><br>Stay on one floor too long.<br>A strong wind may send you<br>back to town. Know your goal,<br>and use your time wisely!	
193:$6101	220:$4C31	222	 アイテムつかってみやぶるワナ！<br> ぶきをふっても 出てくるワナ！<br><br>ワナは とくていのアイテムをつかうと<br>見つけることができる。アイテムが<br>ないときはわざとぶきをカラぶりすれば<br>目の前のものなら見つけられるぞ。<br>ワナをりようしたいときは アイテムを<br>カベにあてて ワナの上に落とせば<br>さどうさせることができるぞ！	 Items reveal hidden traps!<br> Swinging a weapon can too!<br><br>Certain items reveal traps.<br>Without one, swing a weapon<br>to check the space ahead.<br>To trigger a trap yourself,<br>bounce an item off a wall and<br>have it land on the trap!	
193:$61A6	220:$4D10	221	 しゅくふくでアイテムパワーアップ！<br> のろいでアイテムパワーダウン！<br><br>しゅくふくとは アイテムのうりょくを<br>ひき出してくれるこうかのこと。<br>そうびひんが強くなったりアイテムの<br>こうかがアップしたりするぞ。ぎゃくに<br>のろいはアイテムのうりょくを下げて<br>しまうんだ。そうびがはずれなかったり<br>アイテムがつかえなかったりするぞ！	 Blessings power items up!<br> Curses power items down!<br><br>A blessing draws out an item's<br>power, strengthening gear or<br>improving its effect. A curse<br>does the opposite: equipment<br>may become stuck, and some<br>items cannot be used!	
193:$624D	220:$4DEE	188	 壺に入れれば おおくなる！<br> 持てるアイテム おおくなる！<br><br>壺にはアイテムを入れておくことが<br>できる。でも一度入れたものを出す<br>ためには壺をわらないとならないぞ。<br>ただし ほぞんの壺なら話はべつ！<br>わらずになん度でも アイテムの<br>出し入れができるんだ！	 Pots carry extra items!<br><br>You can store items in a Pot,<br>but usually must break it to<br>retrieve them. A Preservation<br>Pot is different: you may move<br>items in and out without ever<br>breaking it!	
193:$62DD	220:$4EAB	199	 いねむりモンスターはしんちょうに！<br> ぬき足 さし足 にげまくれ！<br><br>ふだんは手ごわいモンスターでも<br>ねむっていることがある。<br>そんなときは あまり近づかずに<br>コッソリ通りぬけるのもオススメだ。<br>中には 部屋の出入りだけでおきる<br>ヤツもいるので気をつけよう！	 Beware of sleeping foes!<br> Sneak by while they slumber!<br><br>Even dangerous monsters may<br>be asleep. Keep your distance<br>and quietly slip past them.<br>Some wake when you enter or<br>leave a room, so stay alert!	
193:$636B	220:$4F73	199	 ナナメに歩いてハラへらさず！<br> モンスターにもつかまらず！<br><br>ダンジョンの こうりゃくにおいて<br>ナナメ歩きは とても大事だ！<br>モンスターからこうげきをうけずに<br>にげられるし ムダに歩くことも<br>なくなる。これでハラがへりにくく<br>なるぞ！ くわしくは風来おうぎで<br>ナナメ歩きをマスターしよう！	 Move diagonally to save food!<br> Monsters cannot catch you!<br><br>Diagonal movement is vital.<br>It helps you flee safely and<br>avoid wasted steps. That also<br>conserves Fullness. Master it<br>in Wanderer's Secrets!	
193:$6405	220:$503B	160	  剣にも盾にもついている<br>  ナゾのすうじは強さのしるし！<br><br>剣や盾についているナゾのすうじ。<br>「<2D>3」とか「<26>1」ってナニ？！<br>じつはコレ ぶきの強さをあらわして<br>いるぞ！ すうじが大きければ<br>大きいほど それは強いぶきという<br>ことなんだ。ただし 強さにも<br>げんかいはあるので気をつけよう。	 Gear numbers show strength!<br><br>Higher numbers mean stronger<br>gear. For example, <2D>3 is<br>stronger than <26>1. Every<br>weapon and shield has a limit,<br>so keep that in mind!	
193:$64A4	220:$50DC	166	 とってもべんりな壺や杖<br> しようかいすうに かぎりあり！<br><br>壺についているすうじは 壺の<br>ようりょうをあらわしていて<br>杖についているすうじは 杖の<br>のこりしようかいすうを あらわして<br>いるんだ。だから すうじが「3」の<br>壺なら3つまでなにか入れられるし<br>杖なら 3回つかうことができるぞ。	 Pots and staves have limits!<br><br>A Pot's number shows capacity.<br>A staff's number is charges.<br>A Pot marked 3 holds three<br>items. A staff marked 3 can<br>be used three times.	
193:$6540	220:$5183	158	 そうびすれば なにかがおこる！<br> 剣<D2>盾<D2>腕輪の くみ合わせ！<br><br>そうびひんには あいしょうがあって<br>くみ合わせしだいで すこしだけ<br>いいことがあるぞ。<br>たとえば こんぼうと 木甲の盾を<br>くみあわせれば それぞれの強さが<br><2D>3になるぞ。くみあわせはほかにも<br>あるので さがしてみよう！	 Combine compatible gear!<br><br>Some gear pairs work well.<br>Equip a Club with a<br>Wooden Shield, for example,<br>and both become <2D>3.<br>Other useful combinations<br>exist too!	
193:$65DA	220:$5222	200	 ナゾのみしきべつアイテム<br> ためせばわかる そのこうか！<br><br>みしきべつアイテムをひろったら<br>しきべつの巻物などをつかって<br>なまえやこうかをしらべてみよう。<br>ほかにも じっさいにつかってみて<br>自分ではんだんすることもできるぞ。<br>こうかがわかったら そのアイテムに<br>なまえをつけよう！	 Unknown items are a mystery.<br> Try them to learn the effect!<br><br>Use an Identifier Scroll to<br>learn its name and effect.<br>You can also test it and judge<br>the result. Once you know its<br>effect, name the item!	
193:$666C	220:$52EB	150	 おてがる！ カンタン！<br> なづけよう！ みしきべつアイテム！<br><br>みしきべつアイテムになまえをつける<br>カンタンなほうほうがあるぞ。<br>アイテムをえらぶと「なまえ」という<br>こうもくがあるので そこから<br>「おぎなう」をえらぼう！ 今まで<br>見たことのある しきべつされた<br>アイテムめいが ひょうじされるぞ。	 Name unknown items easily!<br><br>Select an unidentified item<br>and choose Name, then Fill In.<br>A list of known item names<br>will appear for you to choose<br>from.	
193:$6704	220:$5382	204	  ひょうかは10だんかい！<br>  かく付けは うまさのあかし！<br><br>ゲームメニューにある 「風来人<br>かく付け」。じつはこのこうもく<br>ダンジョンのクリアじょうけんによって<br>キミのうでまえが 10だんかいで<br>ひょうかされているものなんだ。<br>はたして すべての かく付けを<br>見ることができるかな？	 There are ten grades!<br> Your grade proves your skill!<br><br>Wanderer Grade is on the Game<br>Menu. It rates your skill on<br>ten levels, based on dungeon<br>clear conditions you fulfilled.<br>Can you discover every grade?	
193:$6830	220:$544F	23	城から だっしゅつした	Escaped from the castle	
193:$683D	220:$5467	14	ザガンを たおした	Defeated Zagan	
193:$6847	220:$5476	17	領主を たおした	Defeated the Lord	
193:$6852	220:$5488	14	キュラスを たおした	Defeated Curas	
193:$685D	220:$5497	21	邪神を たおした	Defeated the Evil God	
193:$6868	220:$54AD	21	鍛冶屋のかまどクリア	Cleared Smith's Forge	
193:$6876	220:$54C3	26	奈落の果て20fに到着	Reached Abyssal Depths 20F	
193:$6887	220:$54DE	24	風来人のあかしを持っている	Obtained Wanderer's Mark	
193:$6899	220:$54F7	25	盾をそうびせず奈落の果てクリア	Abyssal Depths: no shield	
193:$68AD	220:$5511	26	アイテムなしで鍛冶屋のかまどクリア	Smith's Forge: no carry-in	
193:$68C2	220:$552C	18	天下一ワナ道会10fまで到着	Reached Wanado 10F	
193:$68D8	220:$553F	19	イベント最下そうに到着	Completed the event	
193:$68E8	220:$5553	16	ガイバラにかった	Defeated Gaibara	
193:$68F1	220:$5564	18	天下一ワナ道会20fに到着	Reached Wanado 20F	
193:$6906	220:$5577	18	天下一ワナ道会99fに到着	Reached Wanado 99F	
193:$691B	220:$558A	28	15fまでのプレイ時間3回こう新	Beat 15F time record 3 times	
193:$6930	220:$55A7	28	15fまでのターン数3回こう新	Beat 15F turn record 3 times	
193:$6943	220:$55C4	16	ドラゴンをワナにかけた	Trapped a Dragon	
193:$694F	220:$55D5	20	ワナダンジョンで10人助けた	Rescued 10 in Wanado	
193:$6960	220:$55EA	20	ワナダンジョンで30人助けた	Rescued 30 in Wanado	
193:$6971	220:$55FF	25	肉10fまで到着	Reached Tonfan's Hole 10F	
193:$697D	220:$5619	19	イベント最下そうに到着	Completed the event	
193:$698D	220:$562D	25	トンファンの穴99fに到着	Reached Tonfan's Hole 99F	
193:$699E	220:$5647	26	トンファンの穴99fに5回到着	Tonfan's Hole 99F: 5 times	
193:$69B2	220:$5662	25	トンファンの穴30fに到着	Reached Tonfan's Hole 30F	
193:$69C3	220:$567C	16	チキンの肉を食べた	Ate Chicken Meat	
193:$69CF	220:$568D	27	トンファンの穴で10人助けた	Rescued 10 in Tonfan's Hole	
193:$69E1	220:$56A9	15	タベラレルーの肉を食べた	Ate Snacky Meat	
193:$69F0	220:$56B9	21	メチルサタンの肉を食べた	Ate Mirage Devil Meat	
193:$69FF	220:$56CF	27	トンファンの穴で30人助けた	Rescued 30 in Tonfan's Hole	
193:$6A11	220:$56EB	8	風来人	Wanderer	
193:$6A18	220:$56F4	6	ワナ道	Wanado	
193:$6A1D	220:$56FB	4	料理人	Chef	
193:$6A24	220:$5700	11	風来きゅうじょたい	Rescue Team	
193:$6A30	220:$570C	8	風来人	Wanderer	
193:$6A37	220:$5715	6	ワナ道	Wanado	
193:$6A3C	220:$571C	4	料理人	Chef	
193:$6A43	220:$5721	11	風来きゅうじょたい	Rescue Team	
193:$6A4F	220:$572D	0		<empty>	
193:$6A50	220:$572E	8	ふつう	Ordinary	
193:$6A54	220:$5737	7	ゴロツキ	Hoodlum	
193:$6A59	220:$573F	7	流れもの	Drifter	
193:$6A5F	220:$5747	8	旅ガラス	Vagabond	
193:$6A65	220:$5750	10	三流風来人	Third-Rate	
193:$6A70	220:$575B	11	二流風来人	Second-Rate	
193:$6A7B	220:$5767	10	一流風来人	First-Rate	
193:$6A86	220:$5772	4	真の風来人	True	
193:$6A90	220:$5777	8	心の風来人	At Heart	
193:$6A9A	220:$5780	9	伝説風来人	Legendary	
193:$6AA5	220:$578A	0		<empty>	
193:$6AA6	220:$578B	12	{F206=血}洗い	Blood Washer	
193:$6AAC	220:$5798	11	コメとぎ役	Rice Washer	
193:$6AB3	220:$57A4	10	鍋係り	Pot Tender	
193:$6AB9	220:$57AF	7	ショーユ男	Soy Guy	
193:$6AC0	220:$57B7	10	包丁人	Knife Hand	
193:$6AC7	220:$57C2	12	二級料理人	Second-Class	
193:$6AD2	220:$57CF	11	一級料理人	First-Class	
193:$6ADD	220:$57DB	11	特級料理人	Master Chef	
193:$6AE8	220:$57E7	12	炎の料理人	Blazing Chef	
193:$6AF2	220:$57F4	12	幻の料理人	Phantom Chef	
193:$6AFC	220:$5801	0		<empty>	
193:$6AFD	220:$5802	9	ワナ道初盤	1st Board	
193:$6B06	220:$580C	9	ワナ道ニ盤	2nd Board	
193:$6B0E	220:$5816	9	ワナ道三盤	3rd Board	
193:$6B17	220:$5820	9	ワナ道四盤	4th Board	
193:$6B20	220:$582A	9	ワナ道五盤	5th Board	
193:$6B29	220:$5834	9	ワナ道六盤	6th Board	
193:$6B32	220:$583E	9	ワナ道七盤	7th Board	
193:$6B3B	220:$5848	7	ワナ先生	Teacher	
193:$6B42	220:$5850	11	ワナ家元	Grandmaster	
193:$6B49	220:$585C	12	大ワナ道師	Great Master	
193:$6B52	220:$5869	21	救助にいどんだ数   <copy:02:19:C5>回	Rescue attempts: <copy:02:19:C5>	
193:$6B67	220:$587F	14	今までに助けたりれき	Rescue History	
193:$6B74	220:$588E	17	<lookup:1A:C5> <copy:01:19:C5>f で救助	<lookup:1A:C5> <copy:01:19:C5>F rescue	
193:$6C4D	220:$58A0	4	ためぜつ	S001	
193:$6C52	220:$58A5	4	だけのお	S002	
193:$6C57	220:$58AA	4	みばぶど	S003	
193:$6C5C	220:$58AF	4	ぜへがし	S004	
193:$6C61	220:$58B4	4	だてえり	S005	
193:$6C66	220:$58B9	4	くろらと	S006	
193:$6C6B	220:$58BE	4	ぎまのの	S007	
193:$6C70	220:$58C3	4	ぬわあう	S008	
193:$6C75	220:$58C8	4	きはきよ	S009	
193:$6C7A	220:$58CD	4	すもぞふ	S010	
193:$6C7F	220:$58D2	4	だにりろ	S011	
193:$6C84	220:$58D7	4	んろゆば	S012	
193:$6C89	220:$58DC	4	てげむぬ	S013	
193:$6C8E	220:$58E1	4	がほあじ	S014	
193:$6C93	220:$58E6	4	ちはれわ	S015	
193:$6C98	220:$58EB	4	ぬれあほ	S016	
193:$6C9D	220:$58F0	4	なきなむ	S017	
193:$6CA2	220:$58F5	4	れるつた	S018	
193:$6CA7	220:$58FA	4	てざじて	S019	
193:$6CAC	220:$58FF	4	たりすね	S020	
193:$6CB1	220:$5904	4	ぬせりを	S021	
193:$6CB6	220:$5909	4	らやれて	S022	
193:$6CBB	220:$590E	4	まれきせ	S023	
193:$6CC0	220:$5913	4	うふかわ	S024	
193:$6CC5	220:$5918	4	にどずん	S025	
193:$6CCA	220:$591D	4	やびつき	S026	
193:$6CCF	220:$5922	4	ておゆあ	S027	
193:$6CD4	220:$5927	4	ぜぼをさ	S028	
193:$6CD9	220:$592C	4	ねるばじ	S029	
193:$6CDE	220:$5931	4	ゆむふら	S030	
193:$6CE3	220:$5936	4	さげわお	S031	
193:$6CE8	220:$593B	4	りぞがみ	S032	
193:$6CED	220:$5940	4	れをえぞ	S033	
193:$6CF2	220:$5945	4	えりぞち	S034	
193:$6CF7	220:$594A	4	へぜへこ	S035	
193:$6CFC	220:$594F	4	すじねく	S036	
193:$6D01	220:$5954	4	けげあぬ	S037	
193:$6D06	220:$5959	4	れゆなぎ	S038	
193:$6D0B	220:$595E	4	おださわ	S039	
193:$6D10	220:$5963	4	ゆちぼむ	S040	
193:$6D15	220:$5968	4	ためがて	S041	
193:$6D1A	220:$596D	4	ぶぬゆぜ	S042	
193:$6D1F	220:$5972	4	るどのぐ	S043	
193:$6D24	220:$5977	4	ゆがそを	S044	
193:$6D29	220:$597C	4	ぞざなざ	S045	
193:$6D2E	220:$5981	4	ぎえでさ	S046	
193:$6D33	220:$5986	4	なぼぐぜ	S047	
193:$6D38	220:$598B	4	がろがぬ	S048	
193:$6D3D	220:$5990	4	ぼじんて	S049	
193:$6D42	220:$5995	4	らゆめめ	S050	
193:$6D47	220:$599A	4	ずたんげ	S051	
193:$6D4C	220:$599F	4	ねせぎろ	S052	
193:$6D51	220:$59A4	4	ひぶしむ	S053	
193:$6D56	220:$59A9	4	でげへへ	S054	
193:$6D5B	220:$59AE	4	がもげり	S055	
193:$6D60	220:$59B3	4	こげずい	S056	
193:$6D65	220:$59B8	4	えがもち	S057	
193:$6D6A	220:$59BD	4	ねもひけ	S058	
193:$6D6F	220:$59C2	4	きめかべ	S059	
193:$6D74	220:$59C7	4	どずどす	S060	
193:$6D79	220:$59CC	4	きなぬの	S061	
193:$6D7E	220:$59D1	4	ぼぐさり	S062	
193:$6D83	220:$59D6	4	けやんう	S063	
193:$6D88	220:$59DB	4	ほけぎぶ	S064	
193:$6D8D	220:$59E0	4	そあくよ	S065	
193:$6D92	220:$59E5	4	もぼあれ	S066	
193:$6D97	220:$59EA	4	にかへえ	S067	
193:$6D9C	220:$59EF	4	てこざに	S068	
193:$6DA1	220:$59F4	4	おぞそお	S069	
193:$6DA6	220:$59F9	4	やかこで	S070	
193:$6DAB	220:$59FE	4	こちぐな	S071	
193:$6DB0	220:$5A03	4	ちざたさ	S072	
193:$6DB5	220:$5A08	4	おたがは	S073	
193:$6DBA	220:$5A0D	4	でもへれ	S074	
193:$6DBF	220:$5A12	4	わをだふ	S075	
193:$6DC4	220:$5A17	4	やはうり	S076	
193:$6DC9	220:$5A1C	4	をじをも	S077	
193:$6DCE	220:$5A21	4	つぐそへ	S078	
193:$6DD3	220:$5A26	4	ひどぎい	S079	
193:$6DD8	220:$5A2B	4	うなまし	S080	
193:$6DDD	220:$5A30	4	んつどだ	S081	
193:$6DE2	220:$5A35	4	さがちげ	S082	
193:$6DE7	220:$5A3A	4	けらやわ	S083	
193:$6DEC	220:$5A3F	4	でよゆだ	S084	
193:$6DF1	220:$5A44	4	げやせふ	S085	
193:$6DF6	220:$5A49	4	いのせふ	S086	
193:$6DFB	220:$5A4E	4	きだほろ	S087	
193:$6E00	220:$5A53	4	えれやう	S088	
193:$6E05	220:$5A58	4	ずずなは	S089	
193:$6E0A	220:$5A5D	4	どれめふ	S090	
193:$6E0F	220:$5A62	4	もふはそ	S091	
193:$6E14	220:$5A67	4	どとみぶ	S092	
193:$6E19	220:$5A6C	4	せえずざ	S093	
193:$6E1E	220:$5A71	4	まじない	WISH	
193:$6E23	220:$5A76	4	らぬめせ	RANU	
193:$6E28	220:$5A7B	4	ばでぜく	BADE	
193:$6E2D	220:$5A80	4	すぎくぶ	SUGI	
193:$6E32	220:$5A85	4	つべゆわ	TSUB	
193:$6E37	220:$5A8A	4	ままいす	MAMA	
193:$6E3C	220:$5A8F	4	ほよけた	HOYO	
193:$6EC7	220:$5A94	14	前とおなじ	Same as Before	
193:$6ECE	220:$5AA3	12	砂漠の町イルパ	Town of Ilpa	
193:$6ED9	220:$5AB0	14	魔城地下牢	Castle Dungeon	
193:$6EE4	220:$5ABF	13	古代遺跡	Ancient Ruins	
193:$6EED	220:$5ACD	12	魔城東小天守	Castle Tower	
193:$6EFA	220:$5ADA	11	魔城大天守閣	Castle Keep	
193:$6F07	220:$5AE6	15	ジャハンナムの扉	Jahannam's Gate	
193:$6F11	220:$5AF6	14	奈落の果て	Abyssal Depths	
193:$6F1A	220:$5B05	13	トンファンの穴	Tonfan's Hole	
193:$6F23	220:$5B13	6	天下一ワナ道会	Wanado	
193:$6F30	220:$5B1A	13	鍛冶屋のかまど	Smith's Forge	
193:$6F3B	220:$5B28	8	壺の洞窟	Pot Cave	
193:$6F43	220:$5B31	14	救助への道	Road to Rescue	
193:$6F4C	220:$5B40	16	とっくんダンジョン	Training Dungeon	
193:$6F56	220:$5B51	12	砂漠の町イルパ	Town of Ilpa	
193:$6F61	220:$5B5E	9	<copy:01:19:C5><25><copy:01:1A:C5>	<copy:01:19:C5>/<copy:01:1A:C5>	
193:$6F6B	220:$5B68	20	きほんこうげきりょく  <27><br>合成のうりょく    <hspace:01><27>  <hspace:05><25>	Atk <27><br>Slots <hspace:01><27>  <hspace:05><25>	
193:$6F8F	220:$5B7D	20	きほんぼうぎょりょく<27><br>合成のうりょく    <hspace:01><27>  <hspace:05><25>	Def <27><br>Slots <hspace:01><27>  <hspace:05><25>	
193:$6FB1	220:$5B92	14	合成のうりょく    <hspace:01><27>  <hspace:05><25>	Slots <hspace:01><27>  <hspace:05><25>	
193:$6FC7	220:$5BA1	12	砂漠の町イルパ	Town of Ilpa	
193:$6FD2	220:$5BAE	14	魔城地下牢	Castle Dungeon	
193:$6FDD	220:$5BBD	13	古代遺跡	Ancient Ruins	
193:$6FE6	220:$5BCB	11	閉ざされた部屋	Closed Room	
193:$6FF1	220:$5BD7	14	石垣内の奥	Inner Ramparts	
193:$6FFB	220:$5BE6	16	とノ門外廟	Tono Gate Shrine	
193:$7004	220:$5BF7	13	魔城二之丸	Second Bailey	
193:$700F	220:$5C05	12	暗夜の間	Dark Chamber	
193:$7017	220:$5C12	12	魔城東小天守	Castle Tower	
193:$7024	220:$5C1F	12	城壁内部	Castle Walls	
193:$702D	220:$5C2C	11	魔城本丸	Main Bailey	
193:$7036	220:$5C38	11	濁りヤグラ	Murky Tower	
193:$703D	220:$5C44	15	修羅の間	Hall of Carnage	
193:$7045	220:$5C54	14	銀の間	Silver Chamber	
193:$704B	220:$5C63	12	金の間	Gold Chamber	
193:$7051	220:$5C70	11	最上の間	Top Chamber	
193:$7059	220:$5C7C	11	魔城大天守閣	Castle Keep	
193:$7066	220:$5C88	15	ジャハンナムの扉	Jahannam's Gate	
193:$7070	220:$5C98	11	闇の深部	Dark Depths	
193:$7078	220:$5CA4	10	最後の扉	Final Gate	
193:$7080	220:$5CAF	15	邪神の眠る地下	Evil God's Lair	
193:$708D	220:$5CBF	14	奈落の果て	Abyssal Depths	
193:$7096	220:$5CCE	13	トンファンの穴	Tonfan's Hole	
193:$709F	220:$5CDC	6	天下一ワナ道会	Wanado	
193:$70AC	220:$5CE3	13	鍛冶屋のかまど	Smith's Forge	
193:$70B7	220:$5CF1	8	壺の洞窟	Pot Cave	
193:$70BF	220:$5CFA	16	とっくんダンジョン	Training Dungeon	
193:$70C9	220:$5D0B	14	救助への道	Road to Rescue	
193:$70D2	220:$5D1A	13	魔城内の牢屋	Castle Prison	
193:$70DE	220:$5D28	8	壺の洞窟	Pot Cave	
193:$70E6	220:$5D31	15	きゅうじょ待ち	Awaiting Rescue	
193:$70EF	220:$5D41	8	はじめから	New Game	
193:$70F5	220:$5D4A	7	さあ ふっかつだ！	Revive!	
193:$70FF	220:$5D52	4	sos！	SOS!	
193:$7104	220:$5D57	7	あきらめる	Give Up	
193:$710A	220:$5D5F	8	つづきから	Continue	
193:$7110	220:$5D68	7	風来おうぎ	Secrets	
193:$7118	220:$5D70	5	リセット	Reset	
193:$711D	220:$5D76	5	回想	Recap	
193:$7122	220:$5D7C	15	おれいのじゅもん	Thank-You Spell	
193:$712B	220:$5D8C	187	  <EC><speaker>sos<speakerEnd>のじゅもん<EC><br><cF8>0<br><br><speaker>sos<speakerEnd>のじゅもんを ともだちに<br>わたして 助けてもらおう。<br>このじゅもんは メニューの<br><speaker>冒険に出る<speakerEnd><2E><speaker>sos！<speakerEnd><br>でも かくにんできる。<br>通信ケーブルを つないで<br>助けてもらうほうほうも あるぞ。	"  <EC>""SOS Password""<EC><br><cF8>0<br><br>Give the password to a friend<br>so they can rescue you.<br>You can also view it from<br>""Adventure""<2E>""SOS!""<br>on the Game Menu.<br>You may also request rescue<br>using a Link Cable."	
193:$71B4	220:$5E48	15	宝くじけっか	Lottery Results	
193:$71BC	220:$5E58	96	1とう<br>    081536<br>2とう<br>    092215<br>    111109<br>    151326<br>    141873<br>    201895<br>    229534	1st Prize<br>    081536<br>2nd Prize<br>    092215<br>    111109<br>    151326<br>    141873<br>    201895<br>    229534	
193:$7211	220:$5EB9	108	3とう<br>    003466<br>    007628<br>    052101<br>    088092<br>    123744<br>    139127<br>    174048<br>    191335<br>    200053	3rd Prize<br>    003466<br>    007628<br>    052101<br>    088092<br>    123744<br>    139127<br>    174048<br>    191335<br>    200053	
193:$7278	220:$5F26	98	3とう<br>    201100<br>    255691<br>4とう 下4ケタ<br>    0719<br>5とう 下3ケタ<br>    508	3rd Prize<br>    201100<br>    255691<br>4th Prize: Last 4 Digits<br>    0719<br>5th Prize: Last 3 Digits<br>    508	
193:$72B7	220:$5F89	24	ンフーのおぼえたとくぎ	Nfuu's Learned Abilities	
193:$72C3	220:$5FA2	4	<lookup:19:C5>	<lookup:19:C5>	
193:$72C8	220:$5FA7	12	<lookup:19:C5>のワザ	<lookup:19:C5> Ability	
193:$7326	219:$688D	21	邪神をたおした	Defeated the Evil God	
193:$7330	219:$68A3	16	ガイバラにかった	Defeated Gaibara	
193:$7339	219:$68B4	20	さっちゃんのねがいをかなえた	Granted Sachi's wish	
193:$7348	219:$68C9	20	ラセン風魔の盾を手に入れた	Obtained Rasen Fuuma	
193:$735B	219:$68DE	13	アテカを助けた	Rescued Ateka	
193:$7364	219:$68EC	22	きゅうきょくの土をてにいれた	Obtained Ultimate Soil	
193:$7374	219:$6903	28	天下一ワナ道会<copy:02:19:C5>ターンクリア	Cleared Wanado in <copy:02:19:C5> turns	
193:$738B	219:$6920	26	鍛冶屋のかまどに<copy:01:19:C5>回到着	Smith's Forge clears: <copy:01:19:C5>	
193:$73A1	219:$693B	27	奈落の果てに<copy:01:19:C5>回到着	Abyssal Depths clears: <copy:01:19:C5>	
193:$73B5	219:$6957	26	トンファンの穴に<copy:01:19:C5>回到着	Tonfan's Hole clears: <copy:01:19:C5>	
193:$73C9	219:$6972	19	天下一ワナ道会に<copy:01:19:C5>回到着	Wanado clears: <copy:01:19:C5>	
193:$73E1	219:$6986	22	壺の洞窟に<copy:01:19:C5>fまで到着	Reached Pot Cave <copy:01:19:C5>F	
193:$73F5	219:$699D	21	すべてのモンスターをワナにかけた	Trapped every monster	
193:$7406	219:$69B3	23	すべてのモンスターに肉で変しんした	Used every monster meat	
193:$741A	219:$69CB	27	モンスターハウスに投げられた	Thrown into a Monster House	
193:$742A	219:$69E7	20	壁の中でワープした	Warped inside a wall	
193:$7436	219:$69FC	19	すべてのそうびを みに付けた	Equipped every item	
193:$7446	219:$6A10	25	遠投で合成の壺を投げた	Far-threw a Synthesis Pot	
193:$7458	219:$6A2A	22	やきおにぎりになった	Became Grilled Onigiri	
193:$7463	219:$6A41	22	デロデロになった	Became Spoiled Onigiri	
193:$746C	219:$6A58	13	お竜にたおされた	Slain by Oryu	
193:$7476	219:$6A66	15	ペケジにたおされた	Slain by Pekeji	
193:$7480	219:$6A76	13	<lookup:19:C5>にたおされた	Slain by <lookup:19:C5>	
193:$748B	219:$6A84	13	マーモにたおされた	Slain by Mamo	
193:$7495	219:$6A92	13	ンフーにたおされた	Slain by Nfuu	
193:$749F	219:$6AA0	15	タベラレルーにたおされた	Slain by Snacky	
193:$74AC	219:$6AB0	27	イカスシの巻物を手に入れた	Obtained Squid Sushi Scroll	
193:$74BE	219:$6ACC	22	1000人斬り着成	Defeated 1,000 enemies	
193:$74CC	219:$6AE3	23	10000人斬り着成	Defeated 10,000 enemies	
193:$74DB	219:$6AFB	24	ただ今救助着成りつ<copy:01:19:C5>%	Rescue completion: <copy:01:19:C5>%	
193:$74F0	219:$6B14	21	1000フロア到着	Advanced 1,000 floors	
193:$74FC	219:$6B2A	22	10000フロア到着	Advanced 10,000 floors	
193:$7509	219:$6B41	22	秘剣カブラステギを手に入れた	Obtained Kabura Sutegi	
193:$751C	219:$6B58	20	火迅風魔刀を手に入れた	Obtained Kajin Fuuma	
193:$752F	219:$6B6D	19	風来おうぎをすべてみた	Viewed every Secret	
193:$753D	219:$6B81	20	<copy:02:19:C5>回生きてかえった	Returned alive: <copy:02:19:C5>	
193:$754C	219:$6B96	25	奈落の果てを盾なしでクリア	Abyssal Depths: no shield	
193:$755E	219:$6BB0	24	奈落の果てを剣なしでクリア	Abyssal Depths: no sword	
193:$7570	219:$6BC9	26	なかまと鍛冶屋のかまどをクリア	Smith's Forge: with allies	
193:$7583	219:$6BE4	26	銀行をギタンでイッパイにした	Filled the bank with Gitan	
193:$7594	219:$6BFF	64	<hspace:16>クリアキャンペーン！<br><br>風来人ポイント<hspace:05><27> <cF8>e<br>日記id<hspace:24><27> <cF8>k<br>パスワード<hspace:1A><27> <cF8>d	<hspace:16>Clear Campaign!<br><br>Wanderer Points: <cF8>e<br>Diary ID: <cF8>k<br>Password: <cF8>d	
193:$75CC	219:$6C40	262	おめでとうございます！！<br>記ねんとしてせん{F23E=着}100名に<br>シレングッズをさしあげます。<br>ハガキにあなたの郵便番号<br><D2>住所<D2>名前<D2>ねんれい<br><D2>電話番号<D2>風来人ポイント<br><D2>id番号<D2>パスワードをしっかりかいて<br>〒160<26>0022<br>東京都新宿区新宿6<26>24<26>20<br>シグマ東新宿ビル10f	Congratulations!!<br>Shiren goods will be sent<br>to the first 100 applicants.<br>On a postcard, clearly write:<br><D2>Postal Code<D2>Address<D2>Name<D2>Age<br><D2>Phone<D2>Wanderer Points<br><D2>ID Number<D2>Password<br>Send it to:<br>160-0022 Tokyo, Shinjuku-ku,<br>Shinjuku 6-24-20,<br>Sigma Higashi-Shinjuku, 10F	
193:$7678	219:$6D47	174	（株）チュンソフト<quoteOpen>真<D2>風来人<quoteClose>係<br>までお送り下さい。<br>お電話などでのおといあわせには<br>おこたえできません。<br>ごりょうしょうください。<br>風来人ポイント<hspace:05><27> <cF8>c<br>id番号<hspace:24><27> <cF8>k<br>パスワード<hspace:1A><27> <cF8>b	"Chunsoft Co., Ltd.<br>""True Wanderer"" Department<br>Send it to the address above.<br>No inquiries by phone.<br>Thank you for understanding.<br>Wanderer Points: <cF8>c<br>ID Number: <cF8>k<br>Password: <cF8>b"	
193:$7764	220:$7590	6	すいみん	Asleep	
193:$7769	220:$7597	9	かなしばり	Paralyzed	
193:$776F	220:$75A1	7	おにぎり	Onigiri	
193:$7774	220:$75A9	6	やりすごし	Hiding	
193:$777A	220:$75B0	10	ばくすい	Slumbering	
193:$777F	220:$75BB	6	すいみん	Asleep	
193:$7784	220:$75C2	9	トラバサミ	Bear Trap	
193:$778A	220:$75CC	9	とうめい	Invisible	
193:$778F	220:$75D6	8	こんらん	Confused	
193:$7794	220:$75DF	6	ふういん	Sealed	
193:$7799	220:$75E6	10	からぶり	Inaccurate	
193:$779E	220:$75F1	6	むけず	Afraid	
193:$77A2	220:$75F8	4	どんそく	Slow	
193:$77A7	220:$75FD	5	ばいそく	Swift	
193:$77AC	220:$7603	5	もうもく	Blind	
193:$77B1	220:$7609	9	とうめい	Invisible	
193:$77B6	220:$7613	7	イカリ	Enraged	
193:$77BA	220:$761B	13	ようじゅつ	Under a Spell	
193:$77C0	220:$7629	9	みがわり	Disguised	
193:$77C5	220:$7633	10	いたみわけ	Empathetic	
193:$77CB	220:$763E	10	hpはんぶん	1/2 Max HP	
193:$77D2	220:$7649	10	ちからはんぶん	1/2 Attack	
193:$77DA	220:$7654	9	レベルはんぶん	1/2 Level	
193:$77E2	220:$765E	10	むてき	Invincible	
193:$77E6	220:$7669	0		<empty>	
193:$77E7	220:$766A	0		<empty>	
193:$77E8	220:$766B	16	モンスターがすべてみえる	See All Monsters	
193:$77F5	220:$767C	13	アイテムがすべてみえる	See All Items	
193:$7801	220:$768A	7	クチナシ	Muzzled	
193:$7806	220:$7692	8	パワーアップ	Power Up	
193:$780D	220:$769B	8	アイテムがひろえない	Grounded	
193:$7818	220:$76A4	11	どくむこう	Poisonproof	
193:$781E	220:$76B0	5	ねむらない	Alert	
193:$7824	220:$76B6	6	しのびあし	Silent	
193:$782A	220:$76BD	16	ひっちゅう	Perfect Accuracy	
193:$7830	220:$76CE	12	からぶりしやすい	Misses Often	
193:$7839	220:$76DB	7	クチナシ	Muzzled	
193:$783E	220:$76E3	8	ハラヘラズ	Satiated	
193:$7844	220:$76EC	10	アイテムしきべつ	Identifier	
193:$784D	220:$76F7	10	めぐすり	Sharp Eyes	
193:$7852	220:$7702	13	バクハツしない	No Explosions	
193:$785A	220:$7710	6	おかねをはらっていない	Unpaid	
193:$7866	220:$7717	12	てきおこし	Wake Enemies	
193:$786C	220:$7724	7	ワナし	Trapper	
193:$7870	220:$772C	6	たれながし	Clumsy	
193:$7876	220:$7733	10	ハラヘリはんぶん	1/2 Hunger	
193:$787F	220:$773E	9	ハラヘリ2ばい	2x Hunger	
193:$7887	220:$7748	15	ターンごとhpかいふく	HP Regeneration	
193:$7893	220:$7758	11	ランダムたかとび	Random Warp	
193:$789C	220:$7764	8	ハラヘラズ	Satiated	
193:$78A2	220:$776D	13	つうか	Water Walking	
193:$78A6	220:$777B	9	ばくだん	Explosive	
193:$78AB	220:$7785	9	わなふまず	Trapproof	
193:$78B1	220:$778F	8	どろぼう！！！	Thief!!!	
193:$78B9	220:$7798	8	はらがへってたおれそう	Starving	
193:$78C5	220:$77A1	23	腕輪のききめが よくわからない	Bracelet Effect Unknown	
194:$402C	219:$7416	21	その一 ナナメせんかいきゃく！	1. Diagonal Spin Kick	
194:$403D	219:$742C	18	その二 とうそう通路はだん！	2. Corridor Escape	
194:$404F	219:$743F	23	その三 どく草たいきゃくけん！	3. Poison Grass Retreat	
194:$4061	219:$7457	23	その四 ばいそくこうたいは！	4. Double-Speed Retreat	
194:$4071	219:$746F	16	その五 とびつき三かくとび！	5. Triangle Leap	
194:$4082	219:$7480	20	その六 しばりせんかいきゃく！	6. Binding Spin Kick	
194:$4093	219:$7495	21	その七 うきしまとうたつは！	7. Reaching an Island	
194:$40A3	219:$74AB	19	その八 ギタンれっぷうざん！	8. Gitan Gale Slash	
194:$40B3	219:$74BF	23	その九 こんざつ部屋きほんほう！	9. Monster House Basics	
194:$40C7	219:$74D7	23	その十 こんざつ部屋いっそうけん！	10. Monster House Sweep	
194:$40DC	219:$74EF	260	 <26> ななめせんかいきゃく！ <26><br><br>ナナメの動きをりようし てきから<br>にげつつ かいふくするという<br>きゅうきょくのワザ！<br>風来おうぎのしんずいが今ここに！<br>くわしくは ゲームメニューの<br>「<hspace:01>風来おうぎ<hspace:01>」<hspace:01>にて じょうえい中！<br>これを見て キミも めんきょ<br>かいでんだ！ はあああっ！！	 <26> Diagonal Spin Kick! <26><br><br>Use diagonal movement to flee<br>from enemies while recovering.<br>It is the ultimate technique!<br>The heart of the Wanderer's<br>Secrets is finally revealed!<br>Watch it from Secrets on the<br>Game Menu, master the move,<br>and earn your license! Haaah!	
194:$4177	219:$75F4	210	 <26> とうそうつうろはだん！ <26><br><br>目の前には 3体のモンスターが！！<br>この あっとうてきにフリな<br>じょうきょうにも かかわらず<br>終わってみれば モンスターたちは<br>せんめつされていたのであった！<br>いったい 3体のモンスターには<br>なにが あったのか？！<br>「<hspace:01>風来おうぎ<hspace:01>」<hspace:03>見るべし！ はああっ！	 <26> Corridor Escape! <26><br><br>Three monsters stand before<br>you! The odds seem hopeless,<br>yet when the struggle ends,<br>every monster lies defeated!<br>What happened to those three<br>monsters? Watch Secrets and<br>find out! Haaah!	
194:$4216	219:$76C7	217	 <26> どくそうたいきゃくけん！ <26><br><br>風来おうぎ、、それは<br>いかに だげきを くらわずに<br>てきを しとめるかに あり。<br>この しょうでは どく草を<br>つかった とっておきの ひおうぎを<br>しょうかいしよう。<br>すべては ゲームメニューの<br>「<hspace:01>風来おうぎ<hspace:01>」<hspace:01>にある！ はああっ！！	 <26> Poison Grass Retreat! <26><br><br>A Wanderer's Secret is all<br>about defeating foes without<br>taking a single blow. This<br>chapter reveals a hidden art<br>that uses Poison Grass.<br>The answer awaits in Secrets<br>on the Game Menu! Haaah!	
194:$42A8	219:$77A1	214	  <26> ばいそくこうたいは！ <26><br><br>せまりくる きょうあくモンスター。<br>いちげきでも くらえば 命がない。<br>そのしょうぶを 決めたのは<br>ひとつの すばやさ草であった、、。<br>おおくの風来人に つかわれてきた<br>いにしえの ひおうぎが あきらかに！<br>見よっ！ 「<hspace:01>風来おうぎ<hspace:01>」<hspace:03>！！<br>はあああっ！！	 <26> Double-Speed Retreat! <26><br><br>A vicious monster closes in.<br>One hit means certain doom.<br>One Swift Grass decides this<br>battle. An ancient secret used<br>by countless wanderers will<br>now be revealed! Behold<br>Secrets! Haaaaah!	
194:$4348	219:$7878	201	 <26> とびつきさんかくとび！ <26><br><br>カベを りようしての ひおうぎ！<br>それが とびつき三かくとびだ！<br>ここでは その数あるワザの中でも<br>きゅうきょくの だっしゅつほうほうを<br>しょうかいすることにしよう。<br>くわしくは ゲームメニューの<br>「<hspace:01>風来おうぎ<hspace:01>」<hspace:01><D2>ザ<D2>ムービーを見よっ！<br>はあぁっ！ はああ！ ふあああっ！！	 <26> Triangle Leap! <26><br><br>This secret art uses walls!<br>It is called Triangle Leap.<br>Here we reveal the ultimate<br>escape among its many forms.<br>Watch the movie in Secrets<br>on the Game Menu! Hah! Haaah!<br>Fwaaaaaah!	
194:$43F0	219:$7942	201	 <26> しばりせんかいきゃく！ <26><br><br>先に しょうかいした ひおうぎ<br>「<hspace:01>ナナメせんかいきゃく<hspace:01>」<hspace:01>の<br>おうようワザだ。<br>ある日 風来人が歩いていると<br>とつぜん 2ひきのモンスターに<br>かこまれた。hpは のこりわずか。<br>その時 おこったこととは？！！<br>ゆけ！ 「<hspace:01>風来おうぎ<hspace:01>」<hspace:01>！ はああっ！	 <26> Binding Spin Kick! <26><br><br>This builds upon the Diagonal<br>Spin Kick shown earlier.<br>One day, a wanderer is<br>surrounded by two monsters,<br>with hardly any HP remaining.<br>What happens next? Watch<br>Secrets! Haaah!	
194:$4492	219:$7A0C	211	 <26> うきしまとうたつは！ <26><br><br>アイテムが たくさんおかれている<br>水にかこまれた<hspace:01>「<hspace:01>うきしま<hspace:01>」。<br>ここに 2本の杖のみで とうたつ<br>できる風来人が いるという。<br>われわれ しゅざいはんが そこで<br>見たものとは？！<br>「<hspace:01>風来おうぎ<hspace:01>」<hspace:01><D2>ザ<D2>ムービー<br>ぜっさん<hspace:04>じょうえい中！ はああっ！	 <26> Reaching an Island! <26><br><br>An island surrounded by water<br>is piled high with items.<br>A wanderer can reach it using<br>only two staves. What did our<br>reporters witness there?!<br>The movie is now showing in<br>Secrets! Haaah!	
194:$4536	219:$7AE0	200	  <26> ぎたんれっぷうざん！ <26><br><br>われわれ しゅざいはんは 見た！<br>ある風来人が なんとモンスターに<br>お金を なげているのを！<br>なんて もったいない、、と<br>思われがちだが 待っていたのは<br>いがいな じじつであった！！<br>いったい なにがあったのか？<br>「<hspace:01>風来おうぎ<hspace:01>」<hspace:01>見るしかない！ はああ！	 <26> Gitan Gale Slash! <26><br><br>Our reporters saw it! A<br>wanderer threw Gitan at a<br>monster! It looked wasteful,<br>yet the truth was surprising!<br>What happened? There is only<br>one way to know: watch<br>Secrets! Haaah!	
194:$45D7	219:$7BA9	195	<26> こんざつべやきほんほう！ <26><br><br>お待たせしました！<br>「<hspace:01>その九<hspace:01>」<hspace:01>は モンスターハウスの<br>きほんてきな こうりゃくだ。<br>「<hspace:01>とうそう通路はだん<hspace:01>」<hspace:01>を<br>さいだいげんに りようした<br>ひおうぎが ここで さくれつ！<br>きょうがくの えいぞうが<br>キミにせまるぞ！ はああっ！	 <26> Monster House Basics! <26><br><br>Thank you for waiting! Secret<br>No. 9 teaches the basic way to<br>conquer a Monster House.<br>It uses Corridor Escape!<br>See it at full power! Footage<br>is coming your way! Haaah!	
194:$466A	219:$7C6D	207	<26> こんざつべやいっそうけん！ <26><br><br>風来おうぎのラストを かざるのは<br>やはり モンスターハウスの<br>こうりゃくだろう。<br>モンスターを いっそうし<br>アイテムをゲットする きゅうきょくの<br>ワザが ゲームメニューで見れる！<br>「<hspace:01>風来おうぎ<hspace:01>」<hspace:01>よ！ えいえんに！！<br>はあぁっ！ はああ！ ふあああっ！！	 <26> Monster House Sweep! <26><br><br>Our final Wanderer's Secret<br>could only be about conquering<br>a Monster House. See how to<br>defeat all monsters and claim<br>the items, right on the Game<br>Menu! Secrets forever!<br>Hah! Haaah!	
194:$4707	219:$7D3D	85	ナナメいどうのりてんは<br>はらへりをおさえることにある<br><26>ふうらいおうぎその11<26>	Diagonal movement's strength<br>is how it conserves Fullness.<br><26>Wanderer's Secret No. 11<26>	
194:$481A	220:$713B	6	もぐらはいる	もぐらはいる	
194:$4821	220:$7142	12	ぼうれいむしゃのはんしゃ	ぼうれいむしゃのはんしゃ	
194:$482E	220:$714F	11	アイアンヘッドのすぶり	アイアンヘッドのすぶり	
194:$483A	220:$715B	7	うにのスイッチ	うにのスイッチ	
194:$4842	220:$7163	10	ジャンガリガンぬすみ	ジャンガリガンぬすみ	
194:$484D	220:$716E	9	ジャンガリガンなげ	ジャンガリガンなげ	
194:$4857	220:$7178	7	ザガンはんしゃ	ザガンはんしゃ	
194:$485F	220:$7180	7	キュラスはじく	キュラスはじく	
194:$4867	220:$7188	12	キュラスhpきゅうしゅう	キュラスhpきゅうしゅう	
194:$4874	220:$7195	8	じゃしんパーツs	じゃしんパーツs	
194:$487D	220:$719E	12	じゃしんアイテムとりこむ	じゃしんアイテムとりこむ	
194:$488A	220:$71AB	10	おくないかいだんうえ	おくないかいだんうえ	
194:$4895	220:$71B6	10	おくないかいだんした	おくないかいだんした	
194:$48A0	220:$71C1	12	おくないかいだんおおきい	おくないかいだんおおきい	
194:$48AD	220:$71CE	6	ドアをあける	ドアをあける	
194:$48B4	220:$71D5	7	アイテムをとる	アイテムをとる	
194:$48BC	220:$71DD	4	しょくじ	しょくじ	
194:$48C1	220:$71E2	8	がめんフラッシュ	がめんフラッシュ	
194:$48CA	220:$71EB	12	がめんフラッシュしょーと	がめんフラッシュしょーと	
194:$48D7	220:$71F8	6	よわめのかぜ	よわめのかぜ	
194:$48DE	220:$71FF	9	よわめのかぜながい	よわめのかぜながい	
194:$48E8	220:$7209	9	よわめのかぜループ	よわめのかぜループ	
194:$48F2	220:$7213	7	はんようのかぜ	はんようのかぜ	
194:$48FA	220:$721B	10	はんようのかぜながめ	はんようのかぜながめ	
194:$4905	220:$7226	10	はんようのかぜループ	はんようのかぜループ	
194:$4910	220:$7231	3	じなり	じなり	
194:$4914	220:$7235	6	じなりしょう	じなりしょう	
194:$491B	220:$723C	9	じなりイントロなし	じなりイントロなし	
194:$4925	220:$7246	7	ホワイトアウト	ホワイトアウト	
194:$492D	220:$724E	10	ホワイトアウトながめ	ホワイトアウトながめ	
194:$4938	220:$7259	5	すなあらし	すなあらし	
194:$493E	220:$725F	7	すなのあしおと	すなのあしおと	
194:$4946	220:$7267	10	すなのあしおととおい	すなのあしおととおい	
194:$4951	220:$7272	10	すなのあしおとちかい	すなのあしおとちかい	
194:$495C	220:$727D	7	すなにたおれる	すなにたおれる	
194:$4964	220:$7285	6	ひきずられる	ひきずられる	
194:$496B	220:$728C	9	ひきずられるしょう	ひきずられるしょう	
194:$4975	220:$7296	9	くさりガチャガチャ	くさりガチャガチャ	
194:$497F	220:$72A0	6	ツボをどかす	ツボをどかす	
194:$4986	220:$72A7	9	まじょうへいのなげ	まじょうへいのなげ	
194:$4990	220:$72B1	7	ろうやのとびら	ろうやのとびら	
194:$4998	220:$72B9	7	いわをどんどん	いわをどんどん	
194:$49A0	220:$72C1	7	いわがどしゃー	いわがどしゃー	
194:$49A8	220:$72C9	10	とびらのかぎをはずす	とびらのかぎをはずす	
194:$49B3	220:$72D4	5	おとしあな	おとしあな	
194:$49B9	220:$72DA	10	すいしょうがこわれる	すいしょうがこわれる	
194:$49C4	220:$72E5	4	らくせき	らくせき	
194:$49C9	220:$72EA	8	ザガンのでんげき	ザガンのでんげき	
194:$49D2	220:$72F3	9	サチのやくそうなげ	サチのやくそうなげ	
194:$49DC	220:$72FD	10	まじょうのいなびかり	まじょうのいなびかり	
194:$49E7	220:$7308	7	ふすまがひらく	ふすまがひらく	
194:$49EF	220:$7310	8	アテカのてかざし	アテカのてかざし	
194:$49F8	220:$7319	7	コッパたおれる	コッパたおれる	
194:$4A00	220:$7321	7	ザガンへんしん	ザガンへんしん	
194:$4A08	220:$7329	10	りょうしゅのでんげき	りょうしゅのでんげき	
194:$4A13	220:$7334	6	ザガンもえる	ザガンもえる	
194:$4A1A	220:$733B	9	りょうしゅのワープ	りょうしゅのワープ	
194:$4A24	220:$7345	11	じゃしんぞうがころがる	じゃしんぞうがころがる	
194:$4A30	220:$7351	11	おりゅうハデなめつぶし	おりゅうハデなめつぶし	
194:$4A3C	220:$735D	11	イベントようもちかえり	イベントようもちかえり	
194:$4A48	220:$7369	9	ペケジのシレンなげ	ペケジのシレンなげ	
194:$4A52	220:$7373	10	ペケジのシレンゆすり	ペケジのシレンゆすり	
194:$4A5D	220:$737E	7	ドンデンがえし	ドンデンがえし	
194:$4A65	220:$7386	9	おりゅうのジャンプ	おりゅうのジャンプ	
194:$4A6F	220:$7390	9	じゃしんぞうひかる	じゃしんぞうひかる	
194:$4A79	220:$739A	11	りょうしゅのでんきだま	りょうしゅのでんきだま	
194:$4A85	220:$73A6	8	でんきだましょう	でんきだましょう	
194:$4A8E	220:$73AF	8	ほうぎょくなげる	ほうぎょくなげる	
194:$4A97	220:$73B8	9	ほうぎょくキャッチ	ほうぎょくキャッチ	
194:$4AA1	220:$73C2	9	ほうぎょくのこうか	ほうぎょくのこうか	
194:$4AAB	220:$73CC	5	けんをぬく	けんをぬく	
194:$4AB1	220:$73D2	9	けんとけんがあたる	けんとけんがあたる	
194:$4ABB	220:$73DC	8	ローソクがきえる	ローソクがきえる	
194:$4AC4	220:$73E5	10	ローソクぜんぶきえる	ローソクぜんぶきえる	
194:$4ACF	220:$73F0	8	キュラスとびさる	キュラスとびさる	
194:$4AD8	220:$73F9	7	ひかりのはしら	ひかりのはしら	
194:$4AE0	220:$7401	8	カミナリごろごろ	カミナリごろごろ	
194:$4AE9	220:$740A	7	カミナリずどん	カミナリずどん	
194:$4AF1	220:$7412	10	オババのたまのひかり	オババのたまのひかり	
194:$4AFC	220:$741D	7	すなのりゅうき	すなのりゅうき	
194:$4B04	220:$7425	7	とおいかみなり	とおいかみなり	
194:$4B0C	220:$742D	10	すなにんげんラスター	すなにんげんラスター	
194:$4B17	220:$7438	9	すなにんげんのうで	すなにんげんのうで	
194:$4B21	220:$7442	10	すなにんげんあしおと	すなにんげんあしおと	
194:$4B2C	220:$744D	13	すなにんげんあしおとしょう	すなにんげんあしおとしょう	
194:$4B3A	220:$745B	10	じゃしんぞうてんめつ	じゃしんぞうてんめつ	
194:$4B45	220:$7466	8	キュラスふりむく	キュラスふりむく	
194:$4B4E	220:$746F	10	キュラスやみのはどう	キュラスやみのはどう	
194:$4B59	220:$747A	9	キュラスしょうめつ	キュラスしょうめつ	
194:$4B63	220:$7484	13	じゃしんぞうてんめつはやい	じゃしんぞうてんめつはやい	
194:$4B71	220:$7492	13	じゃしんぞうてんめつe22	じゃしんぞうてんめつe22	
194:$4B7F	220:$74A0	10	すなにんげんのはかい	すなにんげんのはかい	
194:$4B8A	220:$74AB	9	じゃしんしゅつげん	じゃしんしゅつげん	
194:$4B94	220:$74B5	11	エンディングのいなずま	エンディングのいなずま	
194:$4BA0	220:$74C1	8	ンフーたんじょう	ンフーたんじょう	
194:$4BA9	220:$74CA	7	ンフーのひこう	ンフーのひこう	
194:$4BB1	220:$74D2	7	ンフーたまごに	ンフーたまごに	
194:$4BB9	220:$74DA	8	ンフーたまごゆれ	ンフーたまごゆれ	
194:$4BC2	220:$74E3	10	ンフーたまごジャンプ	ンフーたまごジャンプ	
194:$4BCD	220:$74EE	5	ンフーふか	ンフーふか	
194:$4BD3	220:$74F4	4	かんせい	かんせい	
194:$4BD8	220:$74F9	6	だいかんせい	だいかんせい	
194:$4BDF	220:$7500	9	かじんふうまゲット	かじんふうまゲット	
194:$4BE9	220:$750A	8	かけじくをめくる	かけじくをめくる	
194:$4BF2	220:$7513	8	ツボダンあらわる	ツボダンあらわる	
194:$4BFB	220:$751C	8	たからばこピカー	たからばこピカー	
194:$4C04	220:$7525	13	ペケジとコッパのけんかイン	ペケジとコッパのけんかイン	
194:$4C12	220:$7533	14	ペケジとコッパのけんかアウト	ペケジとコッパのけんかアウト	
194:$4C21	220:$7542	9	ケンカながいアウト	ケンカながいアウト	
194:$4C2B	220:$754C	9	マーモリシューノー	マーモリシューノー	
194:$4C35	220:$7556	7	マーモリひかる	マーモリひかる	
194:$4C3D	220:$755E	9	うごけゼンマイガー	うごけゼンマイガー	
194:$4C47	220:$7568	8	かじやひであぶる	かじやひであぶる	
194:$4C50	220:$7571	7	かじやきたえる	かじやきたえる	
194:$4C58	220:$7579	9	かじやみずにつける	かじやみずにつける	
194:$4C62	220:$7583	6	モアイひかる	モアイひかる	
194:$4C69	220:$758A	5	モアイさる	モアイさる	
194:$4CEB	219:$6F2E	26	なにものかにたおされた	Defeated by an unknown foe	
194:$4CF7	219:$6F49	12	<lookup:19:C5>にたおされた	Lost to <lookup:19:C5>	
194:$4D02	219:$6F56	19	どくによってたおれた	Succumbed to poison	
194:$4D0D	219:$6F6A	25	毒ふくでたおれた	Defeated by poison breath	
194:$4D17	219:$6F84	21	そんざいをふういんされた	Erased from existence	
194:$4D24	219:$6F9A	28	たいほうのタマがバクハツした	Caught in a cannonball blast	
194:$4D33	219:$6FB7	14	<lookup:19:C5>が<cF3>バクハツした	<lookup:19:C5><cF3> exploded	
194:$4D40	219:$6FC6	27	地雷がバクハツした	Caught in a Land Mine blast	
194:$4D4C	219:$6FE2	19	落とし穴に落ちた	Fell into a Pitfall	
194:$4D58	219:$6FF6	21	落石にあたった	Hit by a falling rock	
194:$4D62	219:$700C	19	石につまずいた	Tripped over a rock	
194:$4D6B	219:$7020	21	木の矢がとんできた	Hit by a Wooden Arrow	
194:$4D77	219:$7036	20	鉄の矢がとんできた	Hit by an Iron Arrow	
194:$4D83	219:$704B	21	どく矢がとんできた	Hit by a Poison Arrow	
194:$4D8E	219:$7061	19	丸太にふきとばされた	Blown away by a log	
194:$4D9B	219:$7075	15	hpを0にされた	HP reduced to 0	
194:$4DA4	219:$7085	26	ドラゴンの炎でもえつきた	Incinerated by Dragon fire	
194:$4DB2	219:$70A0	11	<lookup:19:C5>がふっとんできた	Hit by <lookup:19:C5>	
194:$4DBF	219:$70AC	23	ころんであたまをうった	Fell and hit their head	
194:$4DCB	219:$70C4	20	おにぎりがのどにつまった	Choked on an Onigiri	
194:$4DD8	219:$70D9	18	いかすしとなった	Became Squid Sushi	
194:$4DE1	219:$70EC	22	やきおにぎりになった	Became Grilled Onigiri	
194:$4DEC	219:$7103	23	まずそうなおにぎりになった	Became a Rotten Onigiri	
194:$4DFA	219:$711B	24	邪神にたおされた	Defeated by the Evil God	
194:$4E05	219:$7134	14	ンフーがちからつきた	Nfuu collapsed	
194:$4E10	219:$7143	24	おにぎりではらをこわした	Got sick from an Onigiri	
194:$4E1D	219:$715C	26	こうかをダメージにかえてたおれた	Effect converted to damage	
194:$4E2E	219:$7177	17	おにぎりでおなかをこわした	Sick from Onigiri	
194:$4E3C	219:$7189	20	なにかアイテムがとんできた	Hit by a flying item	
194:$4E4A	219:$719E	24	かべの中でちっそくした	Suffocated inside a wall	
194:$4E57	219:$71B7	20	とっぷうにふきとばされた	Blown away by a gust	
194:$4E64	219:$71CC	21	もちかえりの巻物でもどってきた	Used an Escape Scroll	
194:$4E76	219:$71E2	22	古代遺跡クリア！	Ancient Ruins cleared!	
194:$4E83	219:$71F9	21	魔城東小天守クリア！	Castle Tower cleared!	
194:$4E94	219:$720F	20	魔城大天守閣クリア！	Castle Keep cleared!	
194:$4EA5	219:$7224	24	ジャハンナムの扉クリア！	Jahannam's Gate cleared!	
194:$4EB3	219:$723D	23	奈落の果てクリア！	Abyssal Depths cleared!	
194:$4EC0	219:$7255	22	トンファンの穴クリア！	Tonfan's Hole cleared!	
194:$4ECD	219:$726C	26	天下一ワナ道会クリア！	Wanado Tournament cleared!	
194:$4EDE	219:$7287	22	鍛冶屋のかまどクリア！	Smith's Forge cleared!	
194:$4EED	219:$729E	17	壺の洞窟クリア！	Pot Cave cleared!	
194:$4EF9	219:$72B0	1	位	.	
194:$4EFC	219:$72B2	71	aボタン<hspace:07><27>町にもどる<br>select<27>助けを待つ<br>start<hspace:05><27>番付にメモをのこす	A Button: Return to Town<br>Select: Await Rescue<br>Start: Leave Ranking Note	
194:$4F2D	219:$72FA	45	aボタン<hspace:07><27>町にもどる<br>select<27>助けを待つ	A Button: Return to Town<br>Select: Await Rescue	
194:$4F4A	219:$7328	50	aボタン<hspace:07><27>町にもどる<br>start<hspace:05><27>番付にメモをのこす	A Button: Return to Town<br>Start: Leave Ranking Note	
194:$4F6C	219:$735B	24	aボタン<hspace:07><27>町にもどる	A Button: Return to Town	
194:$4F7A	219:$7374	2	lv	Lv	
194:$4F7D	219:$7377	1	<EC>	<EC>	
194:$4F7F	219:$7379	3	助	SOS	
194:$4F82	219:$737D	15	ジャハンナムの扉	Jahannam's Gate	
194:$4F8C	219:$738D	6	天下一ワナ道会	Wanado	
194:$4F99	219:$7394	13	トンファンの穴	Tonfan's Hole	
194:$4FA2	219:$73A2	14	奈落の果て	Abyssal Depths	
194:$4FAB	219:$73B1	13	鍛冶屋のかまど	Smith's Forge	
194:$4FB6	219:$73BF	27	終りょうちょく前のメッセージをみる	View pre-completion message	
194:$4FCA	219:$73DB	5	ターン	Turns	
194:$4FCE	219:$73E1	12	<copy:02:19:C5>名救助	<copy:02:19:C5> Rescued	
194:$4FD9	219:$73EE	6	最大hp	Max HP	
194:$4FE0	219:$73F5	7	力最大	Max Str	
194:$4FE7	219:$73FD	10	すで	Bare Hands	
194:$4FEA	219:$7408	4	なし	None	
194:$4FED	219:$740D	8	ランキング外	Unranked	
194:$5037	218:$782C	4	ない	None	
194:$503A	218:$7831	6	風来のシレン	Shiren	
194:$5043	218:$7838	26	砂漠の魔城	Magic Castle in the Desert	
194:$504D	218:$7853	9	満月	Full Moon	
194:$5052	218:$785D	14	アテカ姫	Princess Ateka	
194:$5058	218:$786C	16	ほぞんの壺	Preservation Pot	
194:$505F	218:$787D	9	あなぐらマムル	Pit Mamel	
194:$5067	218:$7887	4	ふる	Wave	
194:$506A	218:$788C	5	投げる	Throw	
194:$506F	218:$7892	231	ペケジ<speaker><D2><D2><D2>けど<D0>だいたいアニキはいっつもひでえよな<EE>。<page><box>かならずオレのこと置いてどっかいっちまうんだもんな<EE><speakerEnd><box>コッパ<speaker>ちぇ<D0>おめえがかってについて来れないだけじゃないか。<page><box><speaker>アニキ<EE><D0>はらへった<EE><speakerEnd>とかいっちゃってさ。<page>で<D0>ペケジこそなんでここに？<speakerEnd>	"Pekeji: But Bro's<br>always so mean to me.<page><box>Pekeji: He always<br>leaves me behind and<br>goes off somewhere.<box>Koppa: Tch. That's<br>because you can't keep up.<page><box>Koppa: You're always<br>saying, ""Bro, I'm hungry!""<page><box>Koppa: So why are<br>you here, Pekeji?"	
194:$50FA	218:$797A	121	サチ<speaker>ふうん。かわいいワね。<page><box>わたしは<D0>サチ。<page>このみせでいつもおとうさんのてつだいをしているの。<page><box>よろしくね<speakerEnd>	Sachi: Hmm. You're cute.<page><box>Sachi: I'm Sachi.<page><box>Sachi: I always help my<br>father at this restaurant.<page><box>Sachi: Nice to meet you.	
194:$5137	218:$79F4	108	コッパ<speaker>へ？<page>またあのなかに？<page>ジョウダンじゃないよ！<page><box>たすけてくれたヒトがいたからいいようなもののさあ<D2><D2>	Koppa: Huh?<page><box>Koppa: Back in there?<page><box>Koppa: No way!<page><box>Koppa: We only made it out<br>because someone rescued us...	
194:$5170	218:$7A61	9	はにゃにゃ	Hanyanya!	
194:$5176	218:$7A6B	11	<speaker>はやくにげて<D2><D2><D2><speakerEnd>	Hurry! Run!	
194:$5184	218:$7A77	30	おはらいオババ<speaker><D2><D2><D2>して<D0>やまいはどなたかの？<speakerEnd>	Obaba: So, who is the patient?	
194:$51A0	218:$7A96	95	おはらいオババ<speaker>では<D0>はじめるぞい。<page>てんちのひかりよ。あんこくのじゃきをおいはらわんことを<D2><D2><speakerEnd>	Obaba: Then let us begin.<page><box>Obaba: O light of heaven<br>and earth, drive away<br>this evil darkness...	
194:$51D4	218:$7AF6	66	ペケジ<speaker>しかたねえ。アニキたちはアニキたちで<D0>すすんでくれよ。<page><box>おれもしばらくしたらいくからサ<D2><D2><speakerEnd>	Pekeji: No choice.<br>You two go on ahead.<page><box>Pekeji: I'll follow soon.	
194:$520A	218:$7B39	42	<speaker>今回はダレかさんのせいでたいへんだったけどね<speakerEnd>	It was rough this time,<br>thanks to someone.	
194:$5275	218:$7B64	28	つよい風が ふいてきた。	A strong wind began to blow.	
194:$5283	218:$7B81	24	しかし たいしたことはなかった。<page>	But it was no big deal.<page>	
194:$5295	218:$7B9A	45	かなり つよくて とばされそうだ！<page>	The wind is so strong,<br>it may blow you away!<page>	
194:$52A8	218:$7BC8	30	だめだ！ とばされる！<page>	No! You are being blown<br>away!<page>	
194:$52B5	218:$7BE7	64	ゲームを ちゅうだんします。<page><br>でんげんスイッチを きっても<br>つづきから あそべます。<page>	Game suspended.<page><br>You may turn off the power<br>and continue later.<page>	
194:$52E2	218:$7C28	0		<empty>	
194:$52E3	218:$7C29	0		<empty>	
194:$52E4	218:$7C2A	0		<empty>	
194:$52E5	218:$7C2B	0		<empty>	
194:$52E6	218:$7C2C	0		<empty>	
194:$52E7	218:$7C2D	25	ここには おけない。	You cannot place it here.	
194:$52F2	218:$7C47	0		<empty>	
194:$52F3	218:$7C48	26	もう もてない。	You cannot carry any more.	
194:$52FC	218:$7C63	0		<empty>	
194:$52FD	218:$7C64	0		<empty>	
194:$52FE	218:$7C65	0		<empty>	
194:$52FF	218:$7C66	0		<empty>	
194:$5300	218:$7C67	0		<empty>	
194:$5301	218:$7C68	0		<empty>	
194:$5302	218:$7C69	0		<empty>	
194:$5303	218:$7C6A	15	createbydbc	Created by DBC.	
194:$530F	218:$7C7A	27	前が毒いていません	The way ahead is not clear.	
194:$531B	218:$7C96	19	annihilatedbydbc	Annihilated by DBC.	
194:$532C	218:$7CAA	21	levelmaxbydbc	Maximum level by DBC.	
194:$533A	218:$7CC0	0		<empty>	
194:$533B	218:$7CC1	34	ハラペコで 目がまわってきた、、。	Hunger is making<br>your head spin...	
194:$534E	218:$7CE4	95	だめだ！ もうたおれそうだ！<page><box>はやく、、なにか食べないと、、。<page><br>うえじにしてしまう！<page>	No! You are about to<br>collapse!<page><box>Quick... You have<br>to eat something...<page><box>You'll starve to death!<page>	
194:$537D	218:$7D44	26	ななめには ほれない。	You cannot dig diagonally.	
194:$5389	218:$7D5F	31	ゆかには なにもない。	There is nothing<br>on the ground.	
194:$5395	218:$7D7F	24	それは ひろえない。	You cannot pick that up.	
194:$53A0	218:$7D98	34	これいじょう 合成できない。	You cannot Synthesize<br>any further.	
194:$53B1	218:$7DBB	28	これいじょう ひろえない。	You cannot pick up any more.	
194:$53BF	218:$7DD8	20	ぬすめない。	You cannot steal it.	
194:$53C6	218:$7DED	28	そうびがぜんぶ はずれてしまった！	All your equipment came off!	
194:$53D8	218:$7E0A	29	ねているモンスターがおきてしまった！	The sleeping monster woke up!	
194:$53EB	218:$7E28	31	すべての おにぎりが<br>デロデロになってしまった！	All your Onigiri<br>turned rotten!	
194:$5404	218:$7E48	21	しかし なんともなかった。	But nothing happened.	
194:$5412	218:$7E5E	31	グウッ！ おなかがなっている！	Grrr! Your stomach<br>is growling!	
194:$5422	218:$7E7E	33	見えないものが 見えるようになった！	You can now see<br>invisible things!	
194:$558B	218:$7EA0	10	腕輪<27>	Bracelet:<24>	
194:$5591	218:$7EAB	7	草<27>	Grass:<24>	
194:$5595	218:$7EB3	8	巻物<27>	Scroll:<24>	
194:$559B	218:$7EBC	7	杖<27>	Staff:<24>	
194:$559F	218:$7EC4	5	壺<27>	Pot:<24>	
194:$55A3	218:$7ECA	0		<empty>	
194:$55A4	218:$7ECB	4	の壺	 Pot	
194:$55A8	218:$7ED0	5	の肉	 Meat	
194:$55AC	218:$7ED6	10	のとくぎ	's Ability	
194:$55B1	218:$7EE1	21	しかし なにもおきなかった。	But nothing happened.	
194:$55C0	218:$7EF7	21	しかし こうかがなかった。	But it had no effect.	
194:$55CE	218:$7F0D	44	これは おいてつかうもののようだ。	It looks like this must be<br>placed to use it.	
194:$55E0	218:$7F3A	44	これは なげてつかうもののようだ。	It looks like this must be<br>thrown to use it.	
194:$55F2	218:$7F67	27	しかし バクハツはおこらなかった。	But there was no explosion.	
194:$5604	218:$7F83	15	<number:19:C5>は <cF3><lookup:1A:C5>にあたった。	<number:19:C5> <cF3>hit <lookup:1A:C5>.	
194:$5616	218:$7F93	13	<number:19:C5>は <cF3>はずれた。	<number:19:C5> <cF3>missed.	
194:$5623	218:$7FA1	15	<number:19:C5>を <cF3>そうびした。	Equipped <cF3><number:19:C5>.	
194:$5631	218:$7FB1	14	<number:19:C5>を <cF3>はずした。	Removed <cF3><number:19:C5>.	
194:$563E	219:$4000	69	<box>そうびが きょうめいしだした！<br>なにか こうかが あるようだ。<page>	<box>Your equipment began to<br>resonate! Something seems to<br>have happened.<page>	
194:$5660	219:$4046	12	<number:19:C5>を <cF3>ふった。	Waved <cF3><number:19:C5>.	
194:$566C	219:$4053	11	<number:19:C5>を <cF3>読んだ。	Read <cF3><number:19:C5>.	
194:$5679	219:$405F	42	<number:19:C5>を <cF3>くすりにして飲んだ。	Made <number:19:C5> <cF3>into medicine <cF3>and consumed it.	
194:$568C	219:$408A	13	<number:19:C5>を おした。	Pushed <cF3><number:19:C5>.	
194:$5697	219:$4098	10	<number:19:C5>を <cF3>食べた。	Ate <cF3><number:19:C5>.	
194:$56A4	219:$40A3	19	hpが <cF3><copy:01:19:C5>ポイントかいふくした。	Recovered <cF3><copy:01:19:C5> HP.	
194:$56B9	219:$40B7	26	<box>さいだいhpが<br><copy:01:19:C5>ポイント上がった。	<box>Max HP increased by <copy:01:19:C5>.	
194:$56D1	219:$40D2	25	すこし おなかが ふくれた。	You feel a little fuller.	
194:$56E0	219:$40EC	19	おなかが いっぱいになった。	Your belly is full!	
194:$56EF	219:$4100	22	<lookup:19:C5>は のどに<cF3><number:1B:C5>を つまらせた。	<lookup:19:C5> <cF3>choked on <cF3><number:1B:C5>.	
194:$5706	219:$4117	40	<lookup:19:C5>は <cF3>いかすしに なってしまった。	<lookup:19:C5> <cF3>turned into a <cF3>Squid Sushi Scroll.	
194:$571C	219:$4140	23	hpが ぜんかいした！<page>	HP was fully restored!<page>	
194:$5729	219:$4158	56	<box>ねむけスッキリで しばらく<br>ねむくなる気がしないぞ！<page>	<box>You feel wide awake. You won't<br>get sleepy for a while!<page>	
194:$5747	219:$4191	61	<box>ハラもちがいいので しばらく<br>おなかが すく気がしないぞ！<page>	<box>You feel pleasantly full. You<br>won't get hungry for a while!<page>	
194:$5768	219:$41CF	59	<box>からだが かろやかになって<br>おとをたてずに歩けるようになった！<page>	<box>Your body feels light. You can<br>walk silently for a while!<page>	
194:$578B	219:$420B	60	<box>あたまスッキリで アイテムを<br>みわけられるようになった！<page>	<box>Your mind feels crystal clear.<br>You can identify items now!<page>	
194:$57AA	219:$4248	28	アイテムを<br>みわけられるようになった！<page>	You can now identify items!<page>	
194:$57BF	219:$4265	17	<box><number:19:C5>は <cF3>のろわれている！	<box><number:19:C5> is <cF3>cursed!	
194:$57D0	219:$4277	34	<number:19:C5>は<br>のろいのせいで はずれない！	<number:19:C5> is<br>cursed and won't come off!	
194:$57E5	219:$429A	34	<number:19:C5>は<br>のろいのせいで うてない！	<number:19:C5> is<br>cursed and cannot be shot!	
194:$57F9	219:$42BD	35	<number:19:C5>は<br>のろいのせいで食べられない！	<number:19:C5> is<br>cursed and cannot be eaten!	
194:$580F	219:$42E1	40	<number:19:C5>は<br>のろいのせいで まほうがでない！	<number:19:C5> is<br>cursed, so its magic won't<br>work!	
194:$5826	219:$430A	34	<number:19:C5>は<br>のろいのせいで読めない！	<number:19:C5> is<br>cursed and cannot be read!	
194:$583A	219:$432D	40	<number:19:C5>は<br>のろいのせいで かきこめない！	<number:19:C5> is<br>cursed and cannot be written<br>on!	
194:$5850	219:$4356	45	<number:19:C5>は<br>のろいのせいで いれられない！	<number:19:C5> is<br>cursed, so nothing can be put<br>inside!	
194:$5866	219:$4384	44	<number:19:C5>は<br>のろいのせいで だせない！	<number:19:C5> is<br>cursed, so nothing can be<br>taken out!	
194:$587A	219:$43B1	36	<number:19:C5>は<br>のろいのせいで おせない！	<number:19:C5> is<br>cursed and cannot be pushed!	
194:$588E	219:$43D6	36	<number:19:C5>は<br>のろいのせいで すえない！	<number:19:C5> is<br>cursed and cannot be placed!	
194:$58A2	219:$43FB	37	<number:19:C5>は<br>のろいのせいで くめない！	<number:19:C5> is<br>cursed and cannot draw water!	
194:$58B6	219:$4421	15	<number:19:C5>は <cF3><number:1A:C5>だった。	<number:19:C5> was <cF3><number:1A:C5>.	
194:$58C6	219:$4431	19	これは<number:19:C5>に<cF3>まちがいない！	This must be <cF3><number:19:C5>!	
194:$58D7	219:$4445	19	なんと！ <cF3><number:19:C5>だった。	What! It was <cF3><number:19:C5>.	
194:$58E6	219:$4459	14	これは <cF3><number:19:C5>だ！	This is <cF3><number:19:C5>!	
194:$58F2	219:$4468	39	<box>さいだいまんぷくどが<br><copy:01:19:C5>%上がった。	<box>Max Fullness increased by <copy:01:19:C5><br>points.	
194:$590B	219:$4490	39	<box>さいだいまんぷくどが<br><copy:01:19:C5>%下がった。	<box>Max Fullness decreased by <copy:01:19:C5><br>points.	
194:$5924	219:$44B8	20	<number:19:C5>は <cF3>強くなった。	<number:19:C5> <cF3>grew stronger.	
194:$5933	219:$44CD	30	<box><number:19:C5>は <cF3>さびてよわくなった。	<box><number:19:C5> <cF3>rusted and grew weaker.	
194:$5946	219:$44EC	20	<box><number:19:C5>は <cF3>さびなかった。	<box><number:19:C5> <cF3>did not rust.	
194:$5956	219:$4501	21	なんと <number:19:C5>は<cF3><lookup:1A:C5>だった！	What! <number:19:C5> <cF3>was <lookup:1A:C5>!	
194:$5969	219:$4517	23	<lookup:19:C5>は <cF3>でるのにしっぱいした。	<lookup:19:C5> <cF3>failed to emerge.	
194:$597C	219:$452F	26	<number:1A:C5>を <cF3>壺から出した。	Took <number:1A:C5> <cF3>out of the Pot.	
194:$598D	219:$454A	22	<number:19:C5>から<br><copy:01:1A:C5>このアイテムをだした。	Took <copy:01:1A:C5> out of<br><number:19:C5>.	
194:$59A4	219:$4561	52	もちものがいっぱいで出せなかった。	Your pack is full, so the item<br>could not be removed.	
194:$59B7	219:$4596	23	<number:1A:C5>を <cF3>壺の中にいれた。	Put <number:1A:C5> <cF3>into the Pot.	
194:$59C9	219:$45AE	19	<number:19:C5>に<br><copy:01:1A:C5>このアイテムをいれた。	Put <copy:01:1A:C5> into<br><number:19:C5>.	
194:$59DF	219:$45C2	28	<lookup:19:C5>は<number:1B:C5>に<cF3>すいこまれた。	<lookup:19:C5> was <cF3>sucked into <cF3><number:1B:C5>.	
194:$59F2	219:$45DF	29	壺の中に 壺は いれられない。	A Pot cannot go inside a Pot.	
194:$5A05	219:$45FD	39	壺の中は いっぱいで<br>もう はいらない。	The Pot is full. Nothing else<br>will fit.	
194:$5A1C	219:$4625	16	<number:19:C5>は <cF3>カラッポだった。	<number:19:C5> was <cF3>empty.	
194:$5A2C	219:$4636	12	<number:19:C5>が <cF3>われた。	<number:19:C5> <cF3>broke.	
194:$5A38	219:$4643	19	<box><number:19:C5>は <cF3>大きくなった。	<box><number:19:C5> <cF3>grew larger.	
194:$5A49	219:$4657	28	<number:19:C5>は<br>これいじょう大きくならない。	<number:19:C5> cannot<br>grow any larger.	
194:$5A5F	219:$4674	19	<number:19:C5>は <cF3>ちいさくなった。	<number:19:C5> <cF3>grew smaller.	
194:$5A6F	219:$4688	29	<number:19:C5>は<br>これいじょう ちいさくならない。	<number:19:C5> cannot<br>grow any smaller.	
194:$5A86	219:$46A6	25	<number:19:C5>は<cF3>われなくなった。	<number:19:C5> <cF3>became unbreakable.	
194:$5A95	219:$46C0	25	<number:19:C5>に <cF3>水をくんだ。	Filled <cF3><number:19:C5> <cF3>with water.	
194:$5AA4	219:$46DA	27	ここでは 水をくめない！	You cannot draw water here!	
194:$5AB2	219:$46F6	30	これいじょう 水は はいらない！	It cannot hold any more<br>water!	
194:$5AC4	219:$4715	21	<lookup:19:C5>は <cF3>水をまいた。	<lookup:19:C5> <cF3>splashed water.	
194:$5AD3	219:$472B	32	しかし なにも すいこめなかった。	But there was nothing to<br>absorb.	
194:$5AE5	219:$474C	15	<number:19:C5>を <cF3>すいこんだ。	Absorbed <cF3><number:19:C5>.	
194:$5AF3	219:$475C	28	<number:19:C5>には<br>ちいさすぎて はいれなかった。	<number:19:C5> was<br>too small to enter.	
194:$5B0A	219:$4779	18	<number:19:C5>は <cF3>いなくなった。	<number:19:C5> <cF3>disappeared.	
194:$5B19	219:$478C	20	ここは ほれない！	You cannot dig here!	
194:$5B23	219:$47A1	10	<number:19:C5>を <cF3>ひろった。	Got <cF3><number:19:C5>.	
194:$5B30	219:$47AC	15	<number:19:C5>を <cF3>おいた。	Put down <cF3><number:19:C5>.	
194:$5B3C	219:$47BC	16	<number:19:C5>を <cF3>すてた。	Discarded <cF3><number:19:C5>.	
194:$5B48	219:$47CD	19	<number:19:C5>の <cF3>上にのった。	Stepped onto <cF3><number:19:C5>.	
194:$5B57	219:$47E1	50	もちものが いっぱいで<br>これいじょう持てない。	Your pack is full. You cannot<br>carry anything else.	
194:$5B70	219:$4814	22	<number:19:C5>は<cF3>つかいものにならなくなった。	<number:19:C5> <cF3>became unusable.	
194:$5B85	219:$482B	19	ちからが かいふくした。	Strength recovered.	
194:$5B92	219:$483F	27	ちからが <copy:01:19:C5>ポイント上がった。	Strength increased by <copy:01:19:C5>.	
194:$5BA6	219:$485B	27	ちからが <copy:01:19:C5>ポイント下がった。	Strength decreased by <copy:01:19:C5>.	
194:$5BBA	219:$4877	32	<box>ちからの さいだいちが<br><copy:01:19:C5>ポイント上がった。	<box>Max Strength increased by<br><copy:01:19:C5>.	
194:$5BD6	219:$4898	32	<box>ちからの さいだいちが<br><copy:01:19:C5>ポイント下がった。	<box>Max Strength decreased by<br><copy:01:19:C5>.	
194:$5BF2	219:$48B9	33	見えないものが見えるようになった。	You can now see invisible<br>things.	
194:$5C06	219:$48DB	33	フロアぜんたいが<br>見わたせるようになった。	You can now see the entire<br>floor.	
194:$5C1D	219:$48FD	21	<name>は 口がつかえない！	<name>'s mouth is sealed!	
194:$5C2B	219:$4913	26	<name>は すこし強くなった！	<name> grew a little<br>stronger!	
194:$5C3A	219:$492E	34	<name>は ものをひろえなくなった。	<name> became unable to<br>pick up items.	
194:$5C4B	219:$4951	24	<name>は ものをひろえない！	<name> cannot pick up<br>items!	
194:$5C59	219:$496A	46	ラッキー！<br>もちものがぜんぶ しきべつされた。	Lucky! Everything in your pack<br>was identified.	
194:$5C71	219:$4999	33	モンスターの動きが はやくなった。	The monsters began moving<br>faster.	
194:$5C84	219:$49BB	31	ダンジョンから<br><lookup:19:C5>のけはいがきえた！	<lookup:19:C5> vanished<br>from the dungeon!	
194:$5C9A	219:$49DB	37	もちものの のろいがとけた。	The curses on your items were<br>lifted.	
194:$5CA9	219:$4A01	34	フロア中に ワナがたくさんできた。	Traps appeared all over the<br>floor.	
194:$5CBC	219:$4A24	33	<number:19:C5>は<br>はりついていて はがれない！	<number:19:C5> is<br>stuck and won't come off!	
194:$5CD1	219:$4A46	32	フロア内のワナは すべてなくなった。	All traps on the floor<br>vanished.	
194:$5CE5	219:$4A67	25	しかし 巻物は はくしだった。	But the Scroll was blank.	
194:$5CF7	219:$4A81	64	巻物に じゅもんを かきこんだが<br>すぐに もじが きえてしまった。	You wrote a spell on the<br>Scroll, but the words quickly<br>vanished.	
194:$5D1B	219:$4AC2	19	<number:19:C5>は<cF3><number:1A:C5>になった。	<number:19:C5> <cF3>became <cF3><number:1A:C5>.	
194:$5D2B	219:$4AD6	53	巻物を ひらいたら こめつぶで<br>手が ベトベトになってしまった。	Opening the Scroll covered<br>your hands in sticky rice!	
194:$5D4F	219:$4B0C	30	しかし なかまは よべなかった。	But no ally could be summoned.	
194:$5D60	219:$4B2B	24	なかまを ひきよせた。	Pulled your ally closer.	
194:$5D6C	219:$4B44	41	フロア中のモンスターを ひきよせた。	Pulled every monster on the<br>floor closer.	
194:$5D80	219:$4B6E	38	フロア中のアイテムを ひきよせた。	Pulled every item on the floor<br>closer.	
194:$5D93	219:$4B95	37	しかし なにも ひきよせなかった。	But there was nothing to pull<br>closer.	
194:$5DA5	219:$4BBB	18	<box><number:19:C5>は <cF3>メッキされた！	<box><number:19:C5> was <cF3>plated!	
194:$5DB5	219:$4BCE	33	<number:19:C5>の <cF3>ヒビがなおった！	The crack in <cF3><number:19:C5> was <cF3>repaired!	
194:$5DC5	219:$4BF0	14	<number:19:C5>に <cF3>ヒビがはいった。	<number:19:C5> <cF3>cracked.	
194:$5DD5	219:$4BFF	16	<number:19:C5>は <cF3>もえてしまった。	<number:19:C5> <cF3>burned up.	
194:$5DE5	219:$4C10	13	<number:19:C5>は <cF3>こわれてしまった。<page>	<number:19:C5><br><cF3>broke.<page>	
194:$5DF7	219:$4C1E	24	<number:19:C5>に <cF3>ちからが みなぎった！	<number:19:C5> <cF3>surged with power!	
194:$5E0A	219:$4C37	30	<number:19:C5>は <cF3>あやしい光を はなった。	<number:19:C5> <cF3>emitted a strange light.	
194:$5E1F	219:$4C56	19	<number:19:C5>を <cF3>はじいた！	Knocked <cF3><number:19:C5> away!	
194:$5E2C	219:$4C6A	32	<lookup:19:C5>は <cF3>なにも持っていなかった。	<lookup:19:C5> was not <cF3>carrying anything.	
194:$5E41	219:$4C8B	29	<number:19:C5>は <cF3>大きなおにぎりに なってしまった！	<number:19:C5> <cF3>became a Large Onigiri!	
194:$5E5B	219:$4CA9	27	<number:19:C5>の<cF3>メッキが はがれてしまった！	<number:19:C5>'s <cF3>plating peeled off!	
194:$5E70	219:$4CC5	17	<number:19:C5>は <cF3>のろわれた！	<number:19:C5> was <cF3>cursed!	
194:$5E7E	219:$4CD7	18	<number:19:C5>は <cF3>しゅくふくされた！	<number:19:C5> was <cF3>blessed!	
194:$5E8F	219:$4CEA	26	<number:19:C5>の <cF3>しゅくふくこうかは なくなった。	<number:19:C5>'s <cF3>blessing wore off.	
194:$5EA7	219:$4D05	24	しかし <number:19:C5>は<br>のろわれなかった！	But <number:19:C5><br>was not cursed!	
194:$5EBB	219:$4D1E	30	炎のいきが <cF3><lookup:19:C5>をこがす！	A fiery breath scorched <cF3><lookup:19:C5>!	
194:$5ECD	219:$4D3D	26	バクハツできなくなった！	You can no longer explode!	
194:$5EDA	219:$4D58	27	ここには ワナを しかけられない！	You cannot set a trap here!	
194:$5EEC	219:$4D74	26	じめんに<br><lookup:19:C5>を しかけた。	Placed <lookup:19:C5> on<br>the ground.	
194:$5EFD	219:$4D8F	25	<lookup:19:C5>を かいぞうして <cF3><lookup:1B:C5>にした。	Modified <lookup:19:C5> <cF3>into <lookup:1B:C5>.	
194:$5F14	219:$4DA9	29	<lookup:19:C5>を<br>ワナのもとにして ひろった。	Picked up <lookup:19:C5><br>as Trap Parts.	
194:$5F29	219:$4DC7	21	<lookup:19:C5>は <cF3>しかけられている。	<lookup:19:C5> is already <cF3>set.	
194:$5F3A	219:$4DDD	29	このワナは かいぞうできない。	This trap cannot be modified.	
194:$5F4A	219:$4DFB	39	ワナのもとに ならなかった。	It could not be salvaged as<br>Trap Parts.	
194:$5F59	219:$4E23	24	<lookup:19:C5>は しけてこわれた。	<lookup:19:C5> got damp<br>and broke.	
194:$5F68	219:$4E3C	11	<lookup:19:C5>を こわした。	Broke <lookup:19:C5>.	
194:$5F74	219:$4E48	31	ワナのもとは こうかんできない。	Trap Parts cannot be<br>exchanged.	
194:$5F85	219:$4E68	23	<number:19:C5>が<number:1A:C5>の<cF3>中に はいった！	<number:19:C5> went <cF3>inside <number:1A:C5>!	
194:$5F9A	219:$4E80	31	盾のこうかで のろわれなかった。	The Shield prevented the<br>curse.	
194:$5FAC	219:$4EA0	33	腕輪のこうかで のろわれなかった。	The Bracelet prevented the<br>curse.	
194:$5FC0	219:$4EC2	48	腕輪のこうかで<br>レベルは下がらなかった。	The Bracelet prevented your<br>level from dropping.	
194:$5FD8	219:$4EF3	51	腕輪のこうかで<br>ちからは下がらなかった。	The Bracelet prevented your<br>Strength from dropping.	
194:$5FF0	219:$4F27	55	腕輪のこうかで ちからの<br>さいだいちは下がらなかった。	The Bracelet prevented your<br>Max Strength from dropping.	
194:$600F	219:$4F5F	27	腕輪のこうかで<br>なんともなかった。	The Bracelet protected you.	
194:$6023	219:$4F7B	51	腕輪のこうかで<br>まんぷくどは下がらなかった。	The Bracelet prevented your<br>Fullness from dropping.	
194:$603D	219:$4FAF	43	そうびひんの こうかで<br>目は つぶされなかった。	Your equipment kept you from<br>being blinded.	
194:$6057	219:$4FDB	42	めぐすり草の こうかで<br>目は つぶされなかった。	Seewell Grass kept you from<br>being blinded.	
194:$6072	219:$5006	30	しかし ふっかつ草のおかげで<br>ふっかつした！	But Revival Grass revived you!	
194:$608A	219:$5025	33	しかし きゅうじょたいのおかげで<br>ふっかつした！	But the rescue party revived<br>you!	
194:$60A3	219:$5047	24	マーモ<speaker>オモワーズ<br><number:19:C5>ヲシューノー！	Mamo: AUTO-STORING<br><number:19:C5>!	
194:$60BA	219:$5060	28	しかし まほうは かきけされた！	But the magic was nullified!	
194:$60CB	219:$507D	34	<number:19:C5>は<br>邪神に きゅうしゅうされた。	<number:19:C5> was<br>absorbed by the Evil God.	
194:$60E2	219:$50A0	39	まほうは<br>邪神に きゅうしゅうされた。	The magic was absorbed by the<br>Evil God.	
194:$61EE	219:$50C8	9	つうか	Waterwalk	
194:$61F2	219:$50D2	9	ワナし	Trapper's	
194:$61F6	219:$50DC	7	かいふく	Healing	
194:$61FB	219:$50E4	7	つうこん	Dreaded	
194:$6200	219:$50EC	10	のろいよけ	Cursebreak	
194:$6206	219:$50F7	12	えんとう	Far-throwing	
194:$620B	219:$5104	11	たれながし	Item-losing	
194:$6211	219:$5110	11	とうし	Clairvoyant	
194:$6215	219:$511C	8	こんらんよけ	Focusing	
194:$621C	219:$5125	8	ちから	Strength	
194:$6220	219:$512E	7	たかとび	Leaping	
194:$6225	219:$5136	9	ハラヘラズ	No Hunger	
194:$622B	219:$5140	6	ハラヘリ	Hunger	
194:$6230	219:$5147	6	よくみえ	Vision	
194:$6235	219:$514E	8	ドレインよけ	No Drain	
194:$623C	219:$5157	5	めざまし	Alarm	
194:$6241	219:$515D	4	まがり	Bend	
194:$6245	219:$5162	10	かみひとえ	Paper Thin	
194:$624B	219:$516D	8	バクハツ	Blasting	
194:$6250	219:$5176	7	あたらず	Bad-aim	
194:$6255	219:$517E	9	ワナあて	Trap Seek	
194:$625A	219:$5188	8	きょうだ	Critical	
194:$625F	219:$5191	10	ノーコン	No Control	
194:$6264	219:$519C	9	よわらず	Cleansing	
194:$6269	219:$51A6	6	がんじょう	Sturdy	
194:$626F	219:$51AD	4	きん	Gold	
194:$6272	219:$51B2	4	んふう	Nfuu	
194:$6276	219:$51B7	4	やくそう	Herb	
194:$627B	219:$51BC	10	おとぎり	Otogirisou	
194:$6280	219:$51C7	7	めぐすり	Seewell	
194:$6285	219:$51CF	6	ドラゴン	Dragon	
194:$628A	219:$51D6	7	ふっかつ	Revival	
194:$628F	219:$51DE	4	いのち	Life	
194:$6293	219:$51E3	11	いかくちょう	Bellyexpand	
194:$629A	219:$51EF	11	いしゅくしょう	Bellyshrink	
194:$62A2	219:$51FB	7	しあわせ	Fortune	
194:$62A7	219:$5203	5	てんし	Angel	
194:$62AB	219:$5209	7	ふこう	Unlucky	
194:$62AF	219:$5211	8	どくけし	Antidote	
194:$62B4	219:$521A	8	ちから	Strength	
194:$62B8	219:$5223	6	どく	Poison	
194:$62BB	219:$522A	9	こんらん	Confusion	
194:$62C0	219:$5234	8	すいみん	Sedating	
194:$62C5	219:$523D	5	ざっそう	Weeds	
194:$62CA	219:$5243	7	たかとび	Leaping	
194:$62CF	219:$524B	5	すばやさ	Swift	
194:$62D4	219:$5251	6	ランザン	Ranzan	
194:$62D9	219:$5258	10	しきべつ	Identifier	
194:$62DE	219:$5263	7	あかり	Mapping	
194:$62E2	219:$526B	10	つぼぞうだい	Pot-upsize	
194:$62E9	219:$5276	9	しんくうぎり	Windblade	
194:$62F0	219:$5280	6	くちなし	Muzzle	
194:$62F5	219:$5287	9	ばいそく	Swift Foe	
194:$62FA	219:$5291	7	バクスイ	Slumber	
194:$62FF	219:$5299	8	パワーアップ	Power Up	
194:$6306	219:$52A2	6	ジバク	Bomber	
194:$630A	219:$52A9	9	おおべや	Wall-less	
194:$630F	219:$52B3	7	モンスター	Monster	
194:$6315	219:$52BB	9	こんらん	Confusion	
194:$631A	219:$52C5	11	ねだやし	Eradication	
194:$631F	219:$52D1	4	ゾワゾワ	Fear	
194:$6324	219:$52D6	10	すいだし	Extraction	
194:$6329	219:$52E1	9	ひろえず	Carry-ban	
194:$632E	219:$52EB	8	おはらい	Exorcism	
194:$6333	219:$52F4	8	てんのめぐみ	Heavenly	
194:$633A	219:$52FD	7	ちのめぐみ	Earthly	
194:$6340	219:$5305	7	メッキ	Plating	
194:$6344	219:$530D	6	もちかえり	Escape	
194:$634A	219:$5314	4	ワナ	Trap	
194:$634D	219:$5319	6	xはくし	XBlank	
194:$6352	219:$5320	9	せいいき	Sanctuary	
194:$6357	219:$532A	10	へっぴりごし	Inaccurate	
194:$635E	219:$5335	11	ワナけし	Trap-eraser	
194:$6363	219:$5341	10	つぼわれず	Sturdy Pot	
194:$6369	219:$534C	7	しいれなおし	Restock	
194:$6370	219:$5354	10	ひきよせ	Attraction	
194:$6375	219:$535F	8	たにんかいふく	Altruism	
194:$637D	219:$5368	9	ダイバクハツ	Explosion	
194:$6384	219:$5372	4	ふはつ	Damp	
194:$6388	219:$5377	9	xスメラギ	XSumeragi	
194:$638E	219:$5381	11	いかすし	Squid Sushi	
194:$6393	219:$538D	9	ふきとばし	Knockback	
194:$6399	219:$5397	7	しあわせ	Fortune	
194:$639E	219:$539F	7	ふこう	Unlucky	
194:$63A2	219:$53A7	10	みがわり	Disguising	
194:$63A7	219:$53B2	9	ばしょがえ	Switching	
194:$63AD	219:$53BC	12	まどう	Skull Mage's	
194:$63B1	219:$53C9	10	かなしばり	Paralyzing	
194:$63B7	219:$53D4	13	いちじしのぎ	Narrow-escape	
194:$63BE	219:$53E2	10	いたみわけ	Empathetic	
194:$63C4	219:$53ED	7	ふういん	Sealing	
194:$63C9	219:$53F5	6	へんげ	Presto	
194:$63CD	219:$53FC	4	からぶり	Miss	
194:$63D2	219:$5401	12	くさなげ	Grass Tosser	
194:$63D7	219:$540E	12	くさうけ	Grass Gainer	
194:$63DC	219:$541B	9	トンネル	Burrowing	
194:$63E1	219:$5425	7	ころばぬさき	Balance	
194:$63E8	219:$542D	9	とうめい	Invisible	
194:$63ED	219:$5437	7	クオーター	Quarter	
194:$63F3	219:$543F	4	ひきよせ	Pull	
194:$63F8	219:$5444	6	ブフー	Bufu's	
194:$63FC	219:$544B	4	イカリ	Rage	
194:$6400	219:$5450	5	ばいそく	Swift	
194:$6405	219:$5456	8	とびつき	Vaulting	
194:$640A	219:$545F	10	せんこうだん	Flash Bomb	
194:$6411	219:$546A	6	テンジン	Tenjin	
194:$6416	219:$5471	10	ゆうじょう	Friendship	
194:$641C	219:$547C	12	ほぞん	Preservation	
194:$6420	219:$5489	9	きょうか	Upgrading	
194:$6425	219:$5493	10	しきべつ	Identifier	
194:$642A	219:$549E	4	かいふく	Heal	
194:$642F	219:$54A3	9	じゃっか	Degrading	
194:$6434	219:$54AD	13	へんげ	Transmutation	
194:$6438	219:$54BB	9	ごうせい	Synthesis	
194:$643D	219:$54C5	9	xとじこめ	XImprison	
194:$6443	219:$54CF	6	きゅうしゅう	Absorb	
194:$644A	219:$54D6	6	たいほう	Cannon	
194:$644F	219:$54DD	5	みずがめ	Water	
194:$6454	219:$54E3	5	のろい	Curse	
194:$6458	219:$54E9	8	しゅくふく	Blessing	
194:$645E	219:$54F2	8	くうかんいどう	Teleport	
194:$6466	219:$54FB	9	xふつう	XOrdinary	
194:$646B	219:$5505	1	ギ	G	
194:$6633	219:$5507	13	0すすけたマーモいるべき？	0すすけたマーモいるべき？	
194:$6641	219:$5515	11	1タンスs1からs2へ	1タンスs1からs2へ	
194:$664D	219:$5521	15	2人形パワーアップするよ！	2人形パワーアップするよ！	
194:$665D	219:$5531	16	3人形パワーアップあたまうち	3人形パワーアップあたまうち	
194:$666E	219:$5542	4	4<D6><D7><D8>	4<D6><D7><D8>	
194:$6673	219:$5547	4	5<D6><D7><D8>	5<D6><D7><D8>	
194:$6678	219:$554C	4	6<D6><D7><D8>	6<D6><D7><D8>	
194:$667D	219:$5551	4	7<D6><D7><D8>	7<D6><D7><D8>	
194:$6682	219:$5556	4	8<D6><D7><D8>	8<D6><D7><D8>	
194:$6687	219:$555B	4	9<D6><D7><D8>	9<D6><D7><D8>	
194:$668C	219:$5560	5	10<D6><D7><D8>	10<D6><D7><D8>	
194:$6692	219:$5566	5	11<D6><D7><D8>	11<D6><D7><D8>	
194:$6698	219:$556C	5	12<D6><D7><D8>	12<D6><D7><D8>	
194:$669E	219:$5572	5	13<D6><D7><D8>	13<D6><D7><D8>	
194:$66A4	219:$5578	5	14<D6><D7><D8>	14<D6><D7><D8>	
194:$66AA	219:$557E	5	15<D6><D7><D8>	15<D6><D7><D8>	
194:$66B0	219:$5584	5	16<D6><D7><D8>	16<D6><D7><D8>	
194:$66B6	219:$558A	5	17<D6><D7><D8>	17<D6><D7><D8>	
194:$66BC	219:$5590	5	18<D6><D7><D8>	18<D6><D7><D8>	
194:$66C2	219:$5596	5	19<D6><D7><D8>	19<D6><D7><D8>	
194:$66C8	219:$559C	5	20<D6><D7><D8>	20<D6><D7><D8>	
194:$66CE	219:$55A2	5	21<D6><D7><D8>	21<D6><D7><D8>	
194:$66D4	219:$55A8	5	22<D6><D7><D8>	22<D6><D7><D8>	
194:$66DA	219:$55AE	5	23<D6><D7><D8>	23<D6><D7><D8>	
194:$66E0	219:$55B4	5	24<D6><D7><D8>	24<D6><D7><D8>	
194:$66E6	219:$55BA	5	25<D6><D7><D8>	25<D6><D7><D8>	
194:$66EC	219:$55C0	5	26<D6><D7><D8>	26<D6><D7><D8>	
194:$66F2	219:$55C6	5	27<D6><D7><D8>	27<D6><D7><D8>	
194:$66F8	219:$55CC	5	28<D6><D7><D8>	28<D6><D7><D8>	
194:$66FE	219:$55D2	5	29<D6><D7><D8>	29<D6><D7><D8>	
194:$6704	219:$55D8	5	30<D6><D7><D8>	30<D6><D7><D8>	
194:$670A	219:$55DE	5	31<D6><D7><D8>	31<D6><D7><D8>	
194:$6710	219:$55E4	5	32<D6><D7><D8>	32<D6><D7><D8>	
194:$6716	219:$55EA	5	33<D6><D7><D8>	33<D6><D7><D8>	
194:$671C	219:$55F0	5	34<D6><D7><D8>	34<D6><D7><D8>	
194:$6722	219:$55F6	5	35<D6><D7><D8>	35<D6><D7><D8>	
194:$6728	219:$55FC	5	36<D6><D7><D8>	36<D6><D7><D8>	
194:$672E	219:$5602	5	37<D6><D7><D8>	37<D6><D7><D8>	
194:$6734	219:$5608	5	38<D6><D7><D8>	38<D6><D7><D8>	
194:$673A	219:$560E	5	39<D6><D7><D8>	39<D6><D7><D8>	
194:$6740	219:$5614	5	40<D6><D7><D8>	40<D6><D7><D8>	
194:$6746	219:$561A	5	41<D6><D7><D8>	41<D6><D7><D8>	
194:$674C	219:$5620	5	42<D6><D7><D8>	42<D6><D7><D8>	
194:$6752	219:$5626	5	43<D6><D7><D8>	43<D6><D7><D8>	
194:$6758	219:$562C	5	44<D6><D7><D8>	44<D6><D7><D8>	
194:$675E	219:$5632	5	45<D6><D7><D8>	45<D6><D7><D8>	
194:$6764	219:$5638	5	46<D6><D7><D8>	46<D6><D7><D8>	
194:$676A	219:$563E	5	47<D6><D7><D8>	47<D6><D7><D8>	
194:$6770	219:$5644	5	48<D6><D7><D8>	48<D6><D7><D8>	
194:$6776	219:$564A	5	49<D6><D7><D8>	49<D6><D7><D8>	
194:$677C	219:$5650	5	50<D6><D7><D8>	50<D6><D7><D8>	
194:$6782	219:$5656	5	51<D6><D7><D8>	51<D6><D7><D8>	
194:$6788	219:$565C	5	52<D6><D7><D8>	52<D6><D7><D8>	
194:$678E	219:$5662	5	53<D6><D7><D8>	53<D6><D7><D8>	
194:$6794	219:$5668	5	54<D6><D7><D8>	54<D6><D7><D8>	
194:$679A	219:$566E	5	55<D6><D7><D8>	55<D6><D7><D8>	
194:$67A0	219:$5674	5	56<D6><D7><D8>	56<D6><D7><D8>	
194:$67A6	219:$567A	5	57<D6><D7><D8>	57<D6><D7><D8>	
194:$67AC	219:$5680	9	58さいごのしぼう	58さいごのしぼう	
194:$67B6	219:$568A	11	59ためしぎりひらいた	59ためしぎりひらいた	
194:$67C2	219:$5696	10	60ためしぎりクリア	60ためしぎりクリア	
194:$67CD	219:$56A1	12	61ためしぎりまたクリア	61ためしぎりまたクリア	
194:$67DA	219:$56AE	12	62マーモなかまはじめて	62マーモなかまはじめて	
194:$67E7	219:$56BB	13	63マーモなかまはじめて2	63マーモなかまはじめて2	
194:$67F5	219:$56C9	12	64マーモなかま2かいめ	64マーモなかま2かいめ	
194:$6802	219:$56D6	10	65ひとがたはじめて	65ひとがたはじめて	
194:$680D	219:$56E1	11	66ひとがたはじめて2	66ひとがたはじめて2	
194:$6819	219:$56ED	10	67ひとがた2かいめ	67ひとがた2かいめ	
194:$6824	219:$56F8	13	68ひとがた3かいめいこう	68ひとがた3かいめいこう	
194:$6832	219:$5706	12	69ひとがたパワーアップ	69ひとがたパワーアップ	
194:$683F	219:$5713	12	70にんぎょうキャンセル	70にんぎょうキャンセル	
194:$684C	219:$5720	11	71にんぎょうわかれた	71にんぎょうわかれた	
194:$6858	219:$572C	13	72おまじないを となえた	72おまじないを となえた	
194:$6866	219:$573A	14	73アナでモアイと はなした	73アナでモアイと はなした	
194:$6875	219:$5749	12	74町のモアイはさった	74町のモアイはさった	
194:$6882	219:$5756	8	75ダンジョン？	75ダンジョン？	
194:$688B	219:$575F	6	76ぬけあな	76ぬけあな	
194:$6892	219:$5766	9	77ひとがたいる？	77ひとがたいる？	
194:$689C	219:$5770	8	78マーモいる？	78マーモいる？	
194:$68A5	219:$5779	8	79ゾーマいる？	79ゾーマいる？	
194:$68AE	219:$5782	8	80コッパいる？	80コッパいる？	
194:$68B7	219:$578B	8	81ペケジいる？	81ペケジいる？	
194:$68C0	219:$5794	8	82お竜いる？	82お竜いる？	
194:$68C9	219:$579D	13	83町人3人にウワサ	83町人3人にウワサ	
194:$68D7	219:$57AB	5	84<D6><D7><D8>	84<D6><D7><D8>	
194:$68DD	219:$57B1	9	85ぶきをきたえた	85ぶきをきたえた	
194:$68E7	219:$57BB	10	86くんれん1おわり	86くんれん1おわり	
194:$68F2	219:$57C6	10	87くんれん2おわり	87くんれん2おわり	
194:$68FD	219:$57D1	10	88くんれん3おわり	88くんれん3おわり	
194:$6908	219:$57DC	10	89くんれん4おわり	89くんれん4おわり	
194:$6913	219:$57E7	10	90くんれん5おわり	90くんれん5おわり	
194:$691E	219:$57F2	10	91つうしんでget	91つうしんでget	
194:$6929	219:$57FD	12	92くんれんけいけんあり	92くんれんけいけんあり	
194:$6936	219:$580A	8	93d1はいった	93d1はいった	
194:$693F	219:$5813	8	94d2はいった	94d2はいった	
194:$6948	219:$581C	8	95d3はいった	95d3はいった	
194:$6951	219:$5825	8	96d4はいった	96d4はいった	
194:$695A	219:$582E	8	97d5はいった	97d5はいった	
194:$6963	219:$5837	8	98d6はいった	98d6はいった	
194:$696C	219:$5840	8	99d7はいいた	99d7はいいた	
194:$6975	219:$5849	9	100d8はいった	100d8はいった	
194:$697F	219:$5853	9	101d9はいった	101d9はいった	
194:$6989	219:$585D	10	102d10はいった	102d10はいった	
194:$6994	219:$5868	14	103ひとがたはじめてなかま	103ひとがたはじめてなかま	
194:$69A3	219:$5877	10	104ひとがたしんだ	104ひとがたしんだ	
194:$69AE	219:$5882	11	105ひとがたダンクリ	105ひとがたダンクリ	
194:$69BA	219:$588E	14	106風来つうしんget	106風来つうしんget	
194:$69C9	219:$589D	13	107せいこうのこえget	107せいこうのこえget	
194:$69D7	219:$58AB	12	108おれいのこえget	108おれいのこえget	
194:$69E4	219:$58B8	12	109タンスnpcいる？	109タンスnpcいる？	
194:$69F1	219:$58C5	16	110コッパ とくべつにいいたい	110コッパ とくべつにいいたい	
194:$6A02	219:$58D6	15	111にんぎょう パワーアップ	111にんぎょう パワーアップ	
194:$6A12	219:$58E6	6	112<D6><D7><D8>	112<D6><D7><D8>	
194:$6A19	219:$58ED	6	113<D6><D7><D8>	113<D6><D7><D8>	
194:$6A20	219:$58F4	6	114<D6><D7><D8>	114<D6><D7><D8>	
194:$6A27	219:$58FB	6	115<D6><D7><D8>	115<D6><D7><D8>	
194:$6A2E	219:$5902	6	116<D6><D7><D8>	116<D6><D7><D8>	
194:$6A35	219:$5909	6	117<D6><D7><D8>	117<D6><D7><D8>	
194:$6A3C	219:$5910	6	118<D6><D7><D8>	118<D6><D7><D8>	
194:$6A43	219:$5917	6	119<D6><D7><D8>	119<D6><D7><D8>	
194:$6A4A	219:$591E	6	120<D6><D7><D8>	120<D6><D7><D8>	
194:$6A51	219:$5925	10	121はんようフラグ	121はんようフラグ	
194:$6A5C	219:$5930	6	122<D6><D7><D8>	122<D6><D7><D8>	
194:$6A63	219:$5937	6	123<D6><D7><D8>	123<D6><D7><D8>	
194:$6A6A	219:$593E	14	124げんざいお助けちゅう	124げんざいお助けちゅう	
194:$6A79	219:$594D	14	125げんざいくんれんちゅう	125げんざいくんれんちゅう	
194:$6A88	219:$595C	13	まじない1 ためぜつ	Spell 1: S001	
194:$6A93	219:$596A	13	まじない2 だけのお	Spell 2: S002	
194:$6A9E	219:$5978	13	まじない3 みばぶど	Spell 3: S003	
194:$6AA9	219:$5986	13	まじない4 ぜへがし	Spell 4: S004	
194:$6AB4	219:$5994	13	まじない5 だてえり	Spell 5: S005	
194:$6ABF	219:$59A2	13	まじない6 くろらと	Spell 6: S006	
194:$6ACA	219:$59B0	13	まじない7 ぎまのの	Spell 7: S007	
194:$6AD5	219:$59BE	13	まじない8 ぬわあう	Spell 8: S008	
194:$6AE0	219:$59CC	13	まじない9 きはきよ	Spell 9: S009	
194:$6AEB	219:$59DA	14	まじない10 すもぞふ	Spell 10: S010	
194:$6AF7	219:$59E9	14	まじない11 だにりろ	Spell 11: S011	
194:$6B03	219:$59F8	14	まじない12 んろゆば	Spell 12: S012	
194:$6B0F	219:$5A07	14	まじない13 てげむぬ	Spell 13: S013	
194:$6B1B	219:$5A16	14	まじない14 がほあじ	Spell 14: S014	
194:$6B27	219:$5A25	14	まじない15 ちはれわ	Spell 15: S015	
194:$6B33	219:$5A34	14	まじない16 ぬれあほ	Spell 16: S016	
194:$6B3F	219:$5A43	14	まじない17 なきなむ	Spell 17: S017	
194:$6B4B	219:$5A52	14	まじない18 れるつた	Spell 18: S018	
194:$6B57	219:$5A61	14	まじない19 てざじて	Spell 19: S019	
194:$6B63	219:$5A70	14	まじない20 たりすね	Spell 20: S020	
194:$6B6F	219:$5A7F	14	まじない21 ぬせりを	Spell 21: S021	
194:$6B7B	219:$5A8E	14	まじない22 らやれて	Spell 22: S022	
194:$6B87	219:$5A9D	14	まじない23 まれきせ	Spell 23: S023	
194:$6B93	219:$5AAC	14	まじない24 うふかわ	Spell 24: S024	
194:$6B9F	219:$5ABB	14	まじない25 にどずん	Spell 25: S025	
194:$6BAB	219:$5ACA	14	まじない26 やびつき	Spell 26: S026	
194:$6BB7	219:$5AD9	14	まじない27 ておゆあ	Spell 27: S027	
194:$6BC3	219:$5AE8	14	まじない28 ぜぼをさ	Spell 28: S028	
194:$6BCF	219:$5AF7	14	まじない29 ねるばじ	Spell 29: S029	
194:$6BDB	219:$5B06	14	まじない30 ゆむふら	Spell 30: S030	
194:$6BE7	219:$5B15	14	まじない31 さげわお	Spell 31: S031	
194:$6BF3	219:$5B24	14	まじない32 りぞがみ	Spell 32: S032	
194:$6BFF	219:$5B33	14	まじない33 れをえぞ	Spell 33: S033	
194:$6C0B	219:$5B42	14	まじない34 えりぞち	Spell 34: S034	
194:$6C17	219:$5B51	14	まじない35 へぜへこ	Spell 35: S035	
194:$6C23	219:$5B60	14	まじない36 すじねく	Spell 36: S036	
194:$6C2F	219:$5B6F	14	まじない37 けげあぬ	Spell 37: S037	
194:$6C3B	219:$5B7E	14	まじない38 れゆなぎ	Spell 38: S038	
194:$6C47	219:$5B8D	14	まじない39 おださわ	Spell 39: S039	
194:$6C53	219:$5B9C	14	まじない40 ゆちぼむ	Spell 40: S040	
194:$6C5F	219:$5BAB	14	まじない41 ためがて	Spell 41: S041	
194:$6C6B	219:$5BBA	14	まじない42 ぶぬゆぜ	Spell 42: S042	
194:$6C77	219:$5BC9	14	まじない43 るどのぐ	Spell 43: S043	
194:$6C83	219:$5BD8	14	まじない44 ゆがそを	Spell 44: S044	
194:$6C8F	219:$5BE7	14	まじない45 ぞざなざ	Spell 45: S045	
194:$6C9B	219:$5BF6	14	まじない46 ぎえでさ	Spell 46: S046	
194:$6CA7	219:$5C05	14	まじない47 なぼぐぜ	Spell 47: S047	
194:$6CB3	219:$5C14	14	まじない48 がろがぬ	Spell 48: S048	
194:$6CBF	219:$5C23	14	まじない49 ぼじんて	Spell 49: S049	
194:$6CCB	219:$5C32	14	まじない50 らゆめめ	Spell 50: S050	
194:$6CD7	219:$5C41	14	まじない51 ずたんげ	Spell 51: S051	
194:$6CE3	219:$5C50	14	まじない52 ねせぎろ	Spell 52: S052	
194:$6CEF	219:$5C5F	14	まじない53 ひぶしむ	Spell 53: S053	
194:$6CFB	219:$5C6E	14	まじない54 でげへへ	Spell 54: S054	
194:$6D07	219:$5C7D	14	まじない55 がもげり	Spell 55: S055	
194:$6D13	219:$5C8C	14	まじない56 こげずい	Spell 56: S056	
194:$6D1F	219:$5C9B	14	まじない57 えがもち	Spell 57: S057	
194:$6D2B	219:$5CAA	14	まじない58 ねもひけ	Spell 58: S058	
194:$6D37	219:$5CB9	14	まじない59 きめかべ	Spell 59: S059	
194:$6D43	219:$5CC8	14	まじない60 どずどす	Spell 60: S060	
194:$6D4F	219:$5CD7	14	まじない61 きなぬの	Spell 61: S061	
194:$6D5B	219:$5CE6	14	まじない62 ぼぐさり	Spell 62: S062	
194:$6D67	219:$5CF5	14	まじない63 けやんう	Spell 63: S063	
194:$6D73	219:$5D04	14	まじない64 ほけぎぶ	Spell 64: S064	
194:$6D7F	219:$5D13	14	まじない65 そあくよ	Spell 65: S065	
194:$6D8B	219:$5D22	14	まじない66 もぼあれ	Spell 66: S066	
194:$6D97	219:$5D31	14	まじない67 にかへえ	Spell 67: S067	
194:$6DA3	219:$5D40	14	まじない68 てこざに	Spell 68: S068	
194:$6DAF	219:$5D4F	14	まじない69 おぞそお	Spell 69: S069	
194:$6DBB	219:$5D5E	14	まじない70 やかこで	Spell 70: S070	
194:$6DC7	219:$5D6D	14	まじない71 こちぐな	Spell 71: S071	
194:$6DD3	219:$5D7C	14	まじない72 ちざたさ	Spell 72: S072	
194:$6DDF	219:$5D8B	14	まじない73 おたがは	Spell 73: S073	
194:$6DEB	219:$5D9A	14	まじない74 でもへれ	Spell 74: S074	
194:$6DF7	219:$5DA9	14	まじない75 わをだふ	Spell 75: S075	
194:$6E03	219:$5DB8	14	まじない76 やはうり	Spell 76: S076	
194:$6E0F	219:$5DC7	14	まじない77 をじをも	Spell 77: S077	
194:$6E1B	219:$5DD6	14	まじない78 つぐそへ	Spell 78: S078	
194:$6E27	219:$5DE5	14	まじない79 ひどぎい	Spell 79: S079	
194:$6E33	219:$5DF4	14	まじない80 うなまし	Spell 80: S080	
194:$6E3F	219:$5E03	14	まじない81 んつどだ	Spell 81: S081	
194:$6E4B	219:$5E12	14	まじない82 さがちげ	Spell 82: S082	
194:$6E57	219:$5E21	14	まじない83 けらやわ	Spell 83: S083	
194:$6E63	219:$5E30	14	まじない84 でよゆだ	Spell 84: S084	
194:$6E6F	219:$5E3F	14	まじない85 げやせふ	Spell 85: S085	
194:$6E7B	219:$5E4E	14	まじない86 いのせふ	Spell 86: S086	
194:$6E87	219:$5E5D	14	まじない87 きだほろ	Spell 87: S087	
194:$6E93	219:$5E6C	14	まじない88 えれやう	Spell 88: S088	
194:$6E9F	219:$5E7B	14	まじない89 ずずなは	Spell 89: S089	
194:$6EAB	219:$5E8A	14	まじない90 どれめふ	Spell 90: S090	
194:$6EB7	219:$5E99	14	まじない91 もふはそ	Spell 91: S091	
194:$6EC3	219:$5EA8	14	まじない92 どとみぶ	Spell 92: S092	
194:$6ECF	219:$5EB7	14	まじない93 せえずざ	Spell 93: S093	
194:$6EDB	219:$5EC6	14	まじない94 まじない	Spell 94: WISH	
194:$6EE7	219:$5ED5	14	まじない95 らぬめせ	Spell 95: RANU	
194:$6EF3	219:$5EE4	14	まじない96 ばでぜく	Spell 96: BADE	
194:$6EFF	219:$5EF3	14	まじない97 すぎくぶ	Spell 97: SUGI	
194:$6F0B	219:$5F02	14	まじない98 つべゆわ	Spell 98: TSUB	
194:$6F17	219:$5F11	14	まじない99 ままいす	Spell 99: MAMA	
194:$6F23	219:$5F20	15	まじない100 ほよけた	Spell 100: HOYO	
194:$6F7E	219:$5F30	12	町0<26>1<27>オープニング	町0<26>1<27>オープニング	
194:$6F8B	219:$5F3D	11	町1<26>1<27>ちかろう！	町1<26>1<27>ちかろう！	
194:$6F97	219:$5F49	15	町1<26>2<27>ふたたびちかろう！	町1<26>2<27>ふたたびちかろう！	
194:$6FA7	219:$5F59	12	町2<26>1<27>だっしゅつ！	町2<26>1<27>だっしゅつ！	
194:$6FB4	219:$5F66	19	町2<26>1<26>5<27>りょうしゅのうわさ ご	町2<26>1<26>5<27>りょうしゅのうわさ ご	
194:$6FC8	219:$5F7A	16	町2<26>2<27>ペケジとさいかいした	町2<26>2<27>ペケジとさいかいした	
194:$6FD9	219:$5F8B	16	町2<26>3<27>いせきではつじにした	町2<26>3<27>いせきではつじにした	
194:$6FEA	219:$5F9C	16	町2<26>4<27>いせきでさいどしんだ	町2<26>4<27>いせきでさいどしんだ	
194:$6FFB	219:$5FAD	16	町3<26>1<27>うなされるペケジ ご	町3<26>1<27>うなされるペケジ ご	
194:$700C	219:$5FBE	15	町3<26>2<27>ひろがるさばく ご	町3<26>2<27>ひろがるさばく ご	
194:$701C	219:$5FCE	15	町3<26>3<27>りょうしゅとザガン	町3<26>3<27>りょうしゅとザガン	
194:$702C	219:$5FDE	10	町3<26>4<27>さいかい	町3<26>4<27>さいかい	
194:$7037	219:$5FE9	14	町3<26>5<27>ザガンとたいけつ	町3<26>5<27>ザガンとたいけつ	
194:$7046	219:$5FF8	14	町4<26>1<27>たたかいのすえに	町4<26>1<27>たたかいのすえに	
194:$7055	219:$6007	15	町4<26>2<27>さばくのたみのこえ	町4<26>2<27>さばくのたみのこえ	
194:$7065	219:$6017	12	町4<26>3<27>まちのウワサ	町4<26>3<27>まちのウワサ	
194:$7072	219:$6024	15	町4<26>3<26>2<27>ひめのしんじつ	町4<26>3<26>2<27>ひめのしんじつ	
194:$7082	219:$6034	14	町4<26>4<27>だいてんしゅかく	町4<26>4<27>だいてんしゅかく	
194:$7091	219:$6043	14	町4<26>5<27>アテカとおりゅう	町4<26>5<27>アテカとおりゅう	
194:$70A0	219:$6052	11	町4<26>6<27>けっせん！	町4<26>6<27>けっせん！	
194:$70AC	219:$605E	11	町5<26>1<27>らくじょう	町5<26>1<27>らくじょう	
194:$70B8	219:$606A	14	町5<26>2<27>まじょうのひみつ	町5<26>2<27>まじょうのひみつ	
194:$70C7	219:$6079	16	町5<26>3<27>ジャハンナムのとびら	町5<26>3<27>ジャハンナムのとびら	
194:$70D8	219:$608A	11	町5<26>4<27>せっきん！	町5<26>4<27>せっきん！	
194:$70E4	219:$6096	16	町5<26>5<27>キュラスとたいけつ！	町5<26>5<27>キュラスとたいけつ！	
194:$70F5	219:$60A7	14	町5<26>6<27>さいごのたたかい	町5<26>6<27>さいごのたたかい	
194:$7104	219:$60B6	12	町6<26>1<27>エンディング	町6<26>1<27>エンディング	
194:$7111	219:$60C3	14	町7<26>1<27>スタッフテロップ	町7<26>1<27>スタッフテロップ	
194:$7120	219:$60D2	15	町7<26>2<27>ンフーのたのみごと	町7<26>2<27>ンフーのたのみごと	
194:$7130	219:$60E2	15	町7<26>3<27>肉ダンはつクリア	町7<26>3<27>肉ダンはつクリア	
194:$7140	219:$60F2	12	町7<26>4<27>サチのおれい	町7<26>4<27>サチのおれい	
194:$714D	219:$60FF	17	町7<26>5<27>てんかいちワナどうかい	町7<26>5<27>てんかいちワナどうかい	
194:$715F	219:$6111	17	町7<26>6<27>タイムアタック2いいか	町7<26>6<27>タイムアタック2いいか	
194:$7171	219:$6123	16	町7<26>7<27>ワナダンジョンクリア	町7<26>7<27>ワナダンジョンクリア	
194:$7182	219:$6134	14	町7<26>8<27>壺ダンジョンへ	町7<26>8<27>壺ダンジョンへ	
194:$7191	219:$6143	18	町7<26>9<27>壺ダンジョンクリアした	町7<26>9<27>壺ダンジョンクリアした	
194:$71A4	219:$6156	16	町7<26>9<26>5<27>ならくがひらいた	町7<26>9<26>5<27>ならくがひらいた	
194:$71B5	219:$6167	15	町7<26>10<27>ならくにはいった	町7<26>10<27>ならくにはいった	
194:$71C5	219:$6177	19	町7<26>11<27>アテカ姫きゅうしゅつ！	町7<26>11<27>アテカ姫きゅうしゅつ！	
194:$7263	219:$618B	24	<EC>ドラゴンけいに ダメージ大	<EC>Strong vs. Dragon types	
194:$7273	219:$61A4	23	<EC>ゴーストけいに ダメージ大	<EC>Strong vs. Ghost types	
194:$7283	219:$61BC	23	<EC>ドレインけいに ダメージ大	<EC>Strong vs. Drain types	
194:$7293	219:$61D4	25	<EC>一ツ目けいに ダメージ大	<EC>Strong vs. Cyclops types	
194:$72A4	219:$61EE	27	<EC>ばくだんけいに ダメージ大	<EC>Strong vs. Exploding types	
194:$72B4	219:$620A	26	<EC>ふゆうけいに ダメージ大	<EC>Strong vs. Floating types	
194:$72C3	219:$6225	17	<EC>モンスターにダメージをあたえる	<EC>Damages monsters	
194:$72D4	219:$6237	26	<EC>必ずこうげきが当たる	<EC>Normal attacks always hit	
194:$72E2	219:$6252	24	<EC>3方向こうげきできる	<EC>Attacks in 3 directions	
194:$72F0	219:$626B	29	<EC>2マスかんつうする	<EC>Attacks pierce 2 tiles ahead	
194:$72FB	219:$6289	28	<EC>会心のいちげきが出やすい	<EC>More frequent critical hits	
194:$730C	219:$62A6	24	<EC>こうげきするとhpかいふく	<EC>Attacks restore some HP	
194:$731B	219:$62BF	26	<EC>からぶりでパワーがたまる	<EC>Misses build attack power	
194:$7329	219:$62DA	28	<EC>hpをすって剣を強くするがこわれる	<EC>Costs HP to grow, may break	
194:$733E	219:$62F7	29	<EC>こうげきすると1マスさがる	<EC>Attacks push you back 1 tile	
194:$734D	219:$6315	27	<EC>ときどきアイテムをはじく	<EC>May knock away enemy items	
194:$735B	219:$6331	26	<EC>ときどき ねむり または こんらん	<EC>May confuse or sleep foes	
194:$736E	219:$634C	25	<EC>ときどき肉にするが こわれる	<EC>May make Meat, may break	
194:$737F	219:$6366	26	<EC>カベがほれるが たまにこわれる	<EC>Digs walls, but may break	
194:$7390	219:$6381	28	<EC>カベがほれるし こわれない	<EC>Digs walls and never breaks	
194:$739F	219:$639E	28	<EC>ワナをこわせるが たまにこわれる	<EC>Breaks traps, but may break	
194:$73B1	219:$63BB	24	<EC>こうげきするたびに よわくなる	<EC>Loses 1 Upgrade per hit	
194:$73C2	219:$63D4	26	<EC>おなかが へりにくくなる	<EC>Halves Fullness depletion	
194:$73D0	219:$63EF	27	<EC>おなかが へりやすくなる	<EC>Doubles Fullness depletion	
194:$73DE	219:$640B	26	<EC>はらをなくして ハラヘラズ	<EC>No hunger, Max Fullness 0	
194:$73ED	219:$6426	20	<EC>炎のダメージが へる	<EC>Reduces fire damage	
194:$73FA	219:$643B	25	<EC>バクハツのダメージが へる	<EC>Reduces explosion damage	
194:$7409	219:$6455	24	<EC>ダメージを へらす	<EC>Reduces damage received	
194:$7414	219:$646E	21	<EC>ダメージが へらす	<EC>You take less damage	
194:$741F	219:$6484	21	<EC>ダメージが へらす	<EC>You take less damage	
194:$742A	219:$649A	27	<EC>ダメージのいちぶを はねかえす	<EC>Reflects some damage taken	
194:$743B	219:$64B6	26	<EC>こうげきを かわしやすい	<EC>Evades attacks more often	
194:$7449	219:$64D1	14	<EC>さびない	<EC>Prevents rust	
194:$744F	219:$64E0	27	<EC>ぬすまれなくなる	<EC>Stops item and Gitan theft	
194:$7459	219:$64FC	24	<EC>のろわれなくなる	<EC>Protects against curses	
194:$7463	219:$6515	27	<EC>ワナに かからなくなる	<EC>Prevents traps you step on	
194:$7470	219:$6531	27	<EC>とんできたアイテムをよける	<EC>Dodges most incoming items	
194:$747F	219:$654D	23	<EC>まほうを はねかえす	<EC>Reflects magic attacks	
194:$748B	219:$6565	26	<EC>とんできたアイテムを はねかえす	<EC>Reflects most projectiles	
194:$749D	219:$6580	25	<EC>ダメージうけると経験値がふえる	<EC>Damage grants Experience	
194:$74B1	219:$659A	27	<EC>ダメージうけるとギタンがもらえる	<EC>Taking damage grants Gitan	
194:$74C3	219:$65B6	24	<EC>とくしゅこうげきをダメージにかえる	<EC>Specials deal 10 damage	
194:$74D6	219:$65CF	25	<EC>こうげきをうけると よわくなる	<EC>Loses 1 Upgrade when hit	
194:$74E7	219:$65E9	25	<EC>こうげきりょくも上がる	<EC>Also raises attack power	
194:$74F5	219:$6603	19	<EC>こうげきをうけると たまにこわれる	<EC>May break when hit	
194:$7508	219:$6617	27	<EC>のろわれなくなる	<EC>Protects items from curses	
194:$7512	219:$6633	25	<EC>こんらん しなくなる	<EC>Prevents Confused status	
194:$751E	219:$664D	23	<EC>ちからが下がらなくなる	<EC>Prevents Strength loss	
194:$752C	219:$6665	26	<EC>ドレインけいの こうげきをふせぐ	<EC>Blocks stat drain attacks	
194:$753E	219:$6680	25	<EC>おなかが へらなくなる	<EC>Stops Fullness depletion	
194:$754B	219:$669A	27	<EC>おなかが へりやすくなる	<EC>Doubles Fullness depletion	
194:$7559	219:$66B6	24	<EC>投げたものが かんつうする	<EC>Thrown items pierce all	
194:$7569	219:$66CF	28	<EC>投げたものが まがる	<EC>Throws curve around corners	
194:$7576	219:$66EC	25	<EC>投げたものが当たらなくなる	<EC>Thrown items always miss	
194:$7587	219:$6706	26	<EC>思うように投げられない	<EC>Thrown items fly randomly	
194:$7596	219:$6721	25	<EC>投げたものがワナにとんでいく	<EC>Throws seek nearby traps	
194:$75A7	219:$673B	24	<EC>つうこんのいちげきを うけやすい	<EC>Take more critical hits	
194:$75B9	219:$6754	21	<EC>ちからが上がる	<EC>Raises Strength by 3	
194:$75C3	219:$676A	27	<EC>遠くまで見わたせるようになる	<EC>Reveals items and monsters	
194:$75D5	219:$6786	25	<EC>見えないものが見えるようになる	<EC>Reveals invisible things	
194:$75E8	219:$67A0	20	<EC>モンスターを おこしてしまう	<EC>Wakes every monster	
194:$75F8	219:$67B5	29	<EC>hpのかいふくとハラヘリがはやい	<EC>Heals fast, gets hungry fast	
194:$760A	219:$67D3	28	<EC>こうげきを よけやすいが もえる	<EC>Evade more, but can burn up	
194:$761C	219:$67F0	28	<EC>こうげきが強くなるが こわれる	<EC>Critical attacks, may break	
194:$762E	219:$680D	23	<EC>水の上を歩くことができる	<EC>Lets you walk on water	
194:$763F	219:$6825	29	<EC>アイテムをおとしてしまう	<EC>May drop items while walking	
194:$764D	219:$6843	23	<EC>ときどき ワープしてしまう	<EC>May warp while walking	
194:$765C	219:$685B	26	<EC>ときどき バクハツしてしまう	<EC>May explode while walking	
194:$766C	219:$6876	22	<EC>ワナのあつかいが うまくなる	<EC>Grants Trapper status	
195:$4200	220:$5FB4	6	bgmていし	bgmていし	
195:$4207	220:$5FBB	6	なにもしない	なにもしない	
195:$420E	220:$5FC2	4	タイトル	タイトル	
195:$4213	220:$5FC7	7	メニューがめん	メニューがめん	
195:$421B	220:$5FCF	7	イルパメジャー	イルパメジャー	
195:$4223	220:$5FD7	7	イルパマイナー	イルパマイナー	
195:$422B	220:$5FDF	6	みはらしだい	みはらしだい	
195:$4232	220:$5FE6	12	チュートリアルダンジョン	チュートリアルダンジョン	
195:$423F	220:$5FF3	7	ダンジョン1a	ダンジョン1a	
195:$4247	220:$5FFB	7	ダンジョン1b	ダンジョン1b	
195:$424F	220:$6003	7	ダンジョン2a	ダンジョン2a	
195:$4257	220:$600B	7	ダンジョン2b	ダンジョン2b	
195:$425F	220:$6013	7	ダンジョン3a	ダンジョン3a	
195:$4267	220:$601B	7	ダンジョン3b	ダンジョン3b	
195:$426F	220:$6023	7	ダンジョン3c	ダンジョン3c	
195:$4277	220:$602B	7	ダンジョン4a	ダンジョン4a	
195:$427F	220:$6033	7	ダンジョン4b	ダンジョン4b	
195:$4287	220:$603B	7	ダンジョン4c	ダンジョン4c	
195:$428F	220:$6043	7	ダンジョン4d	ダンジョン4d	
195:$4297	220:$604B	8	モンスターハウス	モンスターハウス	
195:$42A0	220:$6054	7	とくべつハウス	とくべつハウス	
195:$42A8	220:$605C	4	どろぼう	どろぼう	
195:$42AD	220:$6061	2	みせ	みせ	
195:$42B0	220:$6064	5	ちゅうボス	ちゅうボス	
195:$42B6	220:$606A	10	じゃしんとのたたかい	じゃしんとのたたかい	
195:$42C1	220:$6075	6	アテカループ	アテカループ	
195:$42C8	220:$607C	12	アテカショートバージョン	アテカショートバージョン	
195:$42D5	220:$6089	14	アテカエンディングバージョン	アテカエンディングバージョン	
195:$42E4	220:$6098	7	まじょうループ	まじょうループ	
195:$42EC	220:$60A0	13	まじょうショートバージョン	まじょうショートバージョン	
195:$42FA	220:$60AE	6	じゃしんぞう	じゃしんぞう	
195:$4301	220:$60B5	7	ザガンのテーマ	ザガンのテーマ	
195:$4309	220:$60BD	4	せんりつ	せんりつ	
195:$430E	220:$60C2	3	ゆうき	ゆうき	
195:$4312	220:$60C6	4	コミカル	コミカル	
195:$4317	220:$60CB	6	くんれんじょ	くんれんじょ	
195:$431E	220:$60D2	6	エンディング	エンディング	
195:$4325	220:$60D9	6	おうごんとし	おうごんとし	
195:$432C	220:$60E0	7	スタッフロール	スタッフロール	
195:$4334	220:$60E8	11	オープニングのまじょう	オープニングのまじょう	
195:$4340	220:$60F4	11	はんようぶきみジングル	はんようぶきみジングル	
195:$434C	220:$6100	9	ふしぎけいジングル	ふしぎけいジングル	
195:$4356	220:$610A	8	おりゅうへんしん	おりゅうへんしん	
195:$435F	220:$6113	11	わなダンゆうしょうなど	わなダンゆうしょうなど	
195:$436B	220:$611F	3	じなり	じなり	
195:$436F	220:$6123	9	イベント16の02	イベント16の02	
195:$4379	220:$612D	9	イベント16の08	イベント16の08	
195:$4383	220:$6137	8	キュラスへんしん	キュラスへんしん	
195:$438C	220:$6140	8	キュラスほうこう	キュラスほうこう	
195:$4395	220:$6149	8	ボスせんイントロ	ボスせんイントロ	
195:$439E	220:$6152	9	じゃしんをたおした	じゃしんをたおした	
195:$43A8	220:$615C	10	ひかりのはしらbgm	ひかりのはしらbgm	
195:$43B3	220:$6167	10	キュラスやみのはどう	キュラスやみのはどう	
195:$43BE	220:$6172	9	じゃしんぞうはかい	じゃしんぞうはかい	
195:$43C8	220:$617C	9	イベント23の07	イベント23の07	
195:$43D2	220:$6186	9	イベント23の12	イベント23の12	
195:$43DC	220:$6190	8	じゃしんふっかつ	じゃしんふっかつ	
195:$43E5	220:$6199	6	イベントよる	イベントよる	
195:$43EC	220:$61A0	2	ふえ	ふえ	
195:$43EF	220:$61A3	5	ちゅうだん	ちゅうだん	
195:$43F5	220:$61A9	12	じゅうようアイテムゲット	じゅうようアイテムゲット	
195:$4402	220:$61B6	4	ばんづけ	ばんづけ	
195:$4407	220:$61BB	6	かぜさいだい	かぜさいだい	
195:$440E	220:$61C2	3	テスト	テスト	
195:$4412	220:$61C6	6	レベルアップ	レベルアップ	
195:$4419	220:$61CD	11	モンスターレベルアップ	モンスターレベルアップ	
195:$4425	220:$61D9	5	なかまいり	なかまいり	
195:$442B	220:$61DF	5	かぜちゅう	かぜちゅう	
195:$4431	220:$61E5	5	かぜしょう	かぜしょう	
195:$4437	220:$61EB	5	seていし	seていし	
195:$443D	220:$61F1	6	なにもしない	なにもしない	
195:$4444	220:$61F8	9	メッセージいつもの	メッセージいつもの	
195:$444E	220:$6202	4	けってい	けってい	
195:$4453	220:$6207	5	キャンセル	キャンセル	
195:$4459	220:$620D	4	カーソル	カーソル	
195:$445E	220:$6212	5	ウィンドウ	ウィンドウ	
195:$4464	220:$6218	8	2たくウィンドウ	2たくウィンドウ	
195:$446D	220:$6221	8	アイテムせいとん	アイテムせいとん	
195:$4476	220:$622A	8	ほうこうやじるし	ほうこうやじるし	
195:$447F	220:$6233	3	たべる	たべる	
195:$4483	220:$6237	7	くさたねたべる	くさたねたべる	
195:$448B	220:$623F	7	まきものをよむ	まきものをよむ	
195:$4493	220:$6247	5	つえをふる	つえをふる	
195:$4499	220:$624D	3	なげる	なげる	
195:$449D	220:$6251	5	ぶきそうび	ぶきそうび	
195:$44A3	220:$6257	7	そうびかいじょ	そうびかいじょ	
195:$44AB	220:$625F	6	うでわそうび	うでわそうび	
195:$44B2	220:$6266	6	うでわにヒビ	うでわにヒビ	
195:$44B9	220:$626D	8	うでわがこわれる	うでわがこわれる	
195:$44C2	220:$6276	5	ワナをふむ	ワナをふむ	
195:$44C8	220:$627C	4	かいだん	かいだん	
195:$44CD	220:$6281	8	アイテムをひろう	アイテムをひろう	
195:$44D6	220:$628A	7	ギタンをひろう	ギタンをひろう	
195:$44DE	220:$6292	6	ワナをひろう	ワナをひろう	
195:$44E5	220:$6299	8	ワナをセットする	ワナをセットする	
195:$44EE	220:$62A2	9	ワナをかいぞうする	ワナをかいぞうする	
195:$44F8	220:$62AC	6	ツボにいれる	ツボにいれる	
195:$44FF	220:$62B3	6	ツボからだす	ツボからだす	
195:$4506	220:$62BA	6	ツボがわれた	ツボがわれた	
195:$450D	220:$62C1	5	のろわれた	のろわれた	
195:$4513	220:$62C7	4	おはらい	おはらい	
195:$4518	220:$62CC	7	カベがこわれた	カベがこわれた	
195:$4520	220:$62D4	7	くさがあたった	くさがあたった	
195:$4528	220:$62DC	8	つるはしこわれた	つるはしこわれた	
195:$4531	220:$62E5	7	シレンのはじき	シレンのはじき	
195:$4539	220:$62ED	7	こんとんのおの	こんとんのおの	
195:$4541	220:$62F5	12	アイテムくみあわせこうか	アイテムくみあわせこうか	
195:$454E	220:$6302	5	シレンミス	シレンミス	
195:$4554	220:$6308	7	シレンダメージ	シレンダメージ	
195:$455C	220:$6310	2	すで	すで	
195:$455F	220:$6313	5	すでヒット	すでヒット	
195:$4565	220:$6319	4	すでミス	すでミス	
195:$456A	220:$631E	6	こんぼうなど	こんぼうなど	
195:$4571	220:$6325	7	こんぼうヒット	こんぼうヒット	
195:$4579	220:$632D	6	こんぼうミス	こんぼうミス	
195:$4580	220:$6334	5	カタナなど	カタナなど	
195:$4586	220:$633A	6	カタナヒット	カタナヒット	
195:$458D	220:$6341	5	カタナミス	カタナミス	
195:$4593	220:$6347	7	にょいぼうなど	にょいぼうなど	
195:$459B	220:$634F	8	にょいぼうヒット	にょいぼうヒット	
195:$45A4	220:$6358	7	にょいぼうミス	にょいぼうミス	
195:$45AC	220:$6360	4	やりなど	やりなど	
195:$45B1	220:$6365	5	やりヒット	やりヒット	
195:$45B7	220:$636B	4	やりミス	やりミス	
195:$45BC	220:$6370	1	や	や	
195:$45BE	220:$6372	4	すいみん	すいみん	
195:$45C3	220:$6377	5	かなしばり	かなしばり	
195:$45C9	220:$637D	4	こんらん	こんらん	
195:$45CE	220:$6382	4	めつぶし	めつぶし	
195:$45D3	220:$6387	4	どんそく	どんそく	
195:$45D8	220:$638C	4	ばいそく	ばいそく	
195:$45DD	220:$6391	6	ハラがへった	ハラがへった	
195:$45E4	220:$6398	6	レベルダウン	レベルダウン	
195:$45EB	220:$639F	4	しきべつ	しきべつ	
195:$45F0	220:$63A4	3	あかり	あかり	
195:$45F4	220:$63A8	6	ツボぞうだい	ツボぞうだい	
195:$45FB	220:$63AF	6	しんくうぎり	しんくうぎり	
195:$4602	220:$63B6	4	くちなし	くちなし	
195:$4607	220:$63BB	6	てきばいそく	てきばいそく	
195:$460E	220:$63C2	4	バクスイ	バクスイ	
195:$4613	220:$63C7	6	パワーアップ	パワーアップ	
195:$461A	220:$63CE	3	じばく	じばく	
195:$461E	220:$63D2	4	おおべや	おおべや	
195:$4623	220:$63D7	7	モンスタハウス	モンスタハウス	
195:$462B	220:$63DF	4	こんらん	こんらん	
195:$4630	220:$63E4	4	ねだやし	ねだやし	
195:$4635	220:$63E9	4	ぞわぞわ	ぞわぞわ	
195:$463A	220:$63EE	4	すいだし	すいだし	
195:$463F	220:$63F3	4	ひろえず	ひろえず	
195:$4644	220:$63F8	4	おはらい	おはらい	
195:$4649	220:$63FD	6	てんのめぐみ	てんのめぐみ	
195:$4650	220:$6404	5	ちのめぐみ	ちのめぐみ	
195:$4656	220:$640A	3	メッキ	メッキ	
195:$465A	220:$640E	5	もちかえり	もちかえり	
195:$4660	220:$6414	2	ワナ	ワナ	
195:$4663	220:$6417	3	はくし	はくし	
195:$4667	220:$641B	4	せいいき	せいいき	
195:$466C	220:$6420	6	へっぴりごし	へっぴりごし	
195:$4673	220:$6427	4	ワナけし	ワナけし	
195:$4678	220:$642C	5	ツボわれず	ツボわれず	
195:$467E	220:$6432	6	しいれなおし	しいれなおし	
195:$4685	220:$6439	7	npcひきよせ	npcひきよせ	
195:$468D	220:$6441	6	てきかいふく	てきかいふく	
195:$4694	220:$6448	6	だいばくはつ	だいばくはつ	
195:$469B	220:$644F	3	ふはつ	ふはつ	
195:$469F	220:$6453	10	しんくうぎりイントロ	しんくうぎりイントロ	
195:$46AA	220:$645E	4	やくそう	やくそう	
195:$46AF	220:$6463	6	おとぎりそう	おとぎりそう	
195:$46B6	220:$646A	6	めぐすりそう	めぐすりそう	
195:$46BD	220:$6471	6	ドラゴンそう	ドラゴンそう	
195:$46C4	220:$6478	6	ふっかつそう	ふっかつそう	
195:$46CB	220:$647F	6	いのちのくさ	いのちのくさ	
195:$46D2	220:$6486	6	いかくちょう	いかくちょう	
195:$46D9	220:$648D	7	いしゅくしょう	いしゅくしょう	
195:$46E1	220:$6495	6	どくけしそう	どくけしそう	
195:$46E8	220:$649C	6	ちからのたね	ちからのたね	
195:$46EF	220:$64A3	4	どくそう	どくそう	
195:$46F4	220:$64A8	6	たかとびそう	たかとびそう	
195:$46FB	220:$64AF	6	どくやのワナ	どくやのワナ	
195:$4702	220:$64B6	5	おとしあな	おとしあな	
195:$4708	220:$64BC	5	トラバサミ	トラバサミ	
195:$470E	220:$64C2	5	テレポート	テレポート	
195:$4714	220:$64C8	5	ころびいし	ころびいし	
195:$471A	220:$64CE	4	さびワナ	さびワナ	
195:$471F	220:$64D3	7	けいほうそうち	けいほうそうち	
195:$4727	220:$64DB	5	しょうかん	しょうかん	
195:$472D	220:$64E1	6	そうびはずし	そうびはずし	
195:$4734	220:$64E8	4	らくせき	らくせき	
195:$4739	220:$64ED	4	ハラヘリ	ハラヘリ	
195:$473E	220:$64F2	4	ぬるまゆ	ぬるまゆ	
195:$4743	220:$64F7	6	かいてんばん	かいてんばん	
195:$474A	220:$64FE	3	じらい	じらい	
195:$474E	220:$6502	7	おおがたじらい	おおがたじらい	
195:$4756	220:$650A	6	どんそくワナ	どんそくワナ	
195:$475D	220:$6511	6	すいみんワナ	すいみんワナ	
195:$4764	220:$6518	4	やのワナ	やのワナ	
195:$4769	220:$651D	6	まるたのワナ	まるたのワナ	
195:$4770	220:$6524	6	てつのやワナ	てつのやワナ	
195:$4777	220:$652B	6	いかりのワナ	いかりのワナ	
195:$477E	220:$6532	7	みずがめいれる	みずがめいれる	
195:$4786	220:$653A	6	みずがめだす	みずがめだす	
195:$478D	220:$6541	7	たいほうのツボ	たいほうのツボ	
195:$4795	220:$6549	6	ワープのツボ	ワープのツボ	
195:$479C	220:$6550	11	はんようばくはつしょう	はんようばくはつしょう	
195:$47A8	220:$655C	10	はんようばくはつだい	はんようばくはつだい	
195:$47B3	220:$6567	7	はんようけむり	はんようけむり	
195:$47BB	220:$656F	9	はんようファイヤー	はんようファイヤー	
195:$47C5	220:$6579	8	はんようばらまき	はんようばらまき	
195:$47CE	220:$6582	13	はんようつうじょうこうげき	はんようつうじょうこうげき	
195:$47DC	220:$6590	8	はんようダメージ	はんようダメージ	
195:$47E5	220:$6599	12	モンスターのこうげきミス	モンスターのこうげきミス	
195:$47F2	220:$65A6	8	マムルつうじょう	マムルつうじょう	
195:$47FB	220:$65AF	9	ボウヤーつうじょう	ボウヤーつうじょう	
195:$4805	220:$65B9	9	タウロスつうじょう	タウロスつうじょう	
195:$480F	220:$65C3	11	いやしウサギつうじょう	いやしウサギつうじょう	
195:$481B	220:$65CF	11	きめんむしゃつうじょう	きめんむしゃつうじょう	
195:$4827	220:$65DB	12	ぼうれいむしゃつうじょう	ぼうれいむしゃつうじょう	
195:$4834	220:$65E8	9	ぴーたんつうじょう	ぴーたんつうじょう	
195:$483E	220:$65F2	10	シューベルつうじょう	シューベルつうじょう	
195:$4849	220:$65FD	12	とおせんりゅうつうじょう	とおせんりゅうつうじょう	
195:$4856	220:$660A	11	パコレプキンつうじょう	パコレプキンつうじょう	
195:$4862	220:$6616	12	オヤジせんしゃつうじょう	オヤジせんしゃつうじょう	
195:$486F	220:$6623	11	にぎりへんげつうじょう	にぎりへんげつうじょう	
195:$487B	220:$662F	10	ノロージョつうじょう	ノロージョつうじょう	
195:$4886	220:$663A	8	ゲイズつうじょう	ゲイズつうじょう	
195:$488F	220:$6643	13	かっとびイノシシつうじょう	かっとびイノシシつうじょう	
195:$489D	220:$6651	12	コドモせんしゃつうじょう	コドモせんしゃつうじょう	
195:$48AA	220:$665E	8	ゲドロつうじょう	ゲドロつうじょう	
195:$48B3	220:$6667	9	デブータつうじょう	デブータつうじょう	
195:$48BD	220:$6671	9	ドラゴンつうじょう	ドラゴンつうじょう	
195:$48C7	220:$667B	11	セルアーマーつうじょう	セルアーマーつうじょう	
195:$48D3	220:$6687	10	しのつかいつうじょう	しのつかいつうじょう	
195:$48DE	220:$6692	8	ガマラつうじょう	ガマラつうじょう	
195:$48E7	220:$669B	12	おばけだいこんつうじょう	おばけだいこんつうじょう	
195:$48F4	220:$66A8	9	ヒャクメつうじょう	ヒャクメつうじょう	
195:$48FE	220:$66B2	12	まどろみつかいつうじょう	まどろみつかいつうじょう	
195:$490B	220:$66BF	10	ぬすっトドつうじょう	ぬすっトドつうじょう	
195:$4916	220:$66CA	13	きゅういんちゅうつうじょう	きゅういんちゅうつうじょう	
195:$4924	220:$66D8	10	かさタヌキつうじょう	かさタヌキつうじょう	
195:$492F	220:$66E3	12	エーテルデビルつうじょう	エーテルデビルつうじょう	
195:$493C	220:$66F0	11	へいたいアリつうじょう	へいたいアリつうじょう	
195:$4948	220:$66FC	12	ガイコツまどうつうじょう	ガイコツまどうつうじょう	
195:$4955	220:$6709	11	じんめんいわつうじょう	じんめんいわつうじょう	
195:$4961	220:$6715	12	ちょうちんフグつうじょう	ちょうちんフグつうじょう	
195:$496E	220:$6722	11	ばくだんうにつうじょう	ばくだんうにつうじょう	
195:$497A	220:$672E	11	カラスてんぐつうじょう	カラスてんぐつうじょう	
195:$4986	220:$673A	10	ウルロイドつうじょう	ウルロイドつうじょう	
195:$4991	220:$6745	12	アイアンヘッドつうじょう	アイアンヘッドつうじょう	
195:$499E	220:$6752	13	バットカンガルーつうじょう	バットカンガルーつうじょう	
195:$49AC	220:$6760	9	マゼルンつうじょう	マゼルンつうじょう	
195:$49B6	220:$676A	11	タベラレルーつうじょう	タベラレルーつうじょう	
195:$49C2	220:$6776	9	ジライヤつうじょう	ジライヤつうじょう	
195:$49CC	220:$6780	10	ひまガッパつうじょう	ひまガッパつうじょう	
195:$49D7	220:$678B	12	ヒツジしんかんつうじょう	ヒツジしんかんつうじょう	
195:$49E4	220:$6798	12	クーワガッターつうじょう	クーワガッターつうじょう	
195:$49F1	220:$67A5	9	ギャドンつうじょう	ギャドンつうじょう	
195:$4BFB	220:$67AF	11	あしがるどんつうじょう	あしがるどんつうじょう	
195:$4C07	220:$67BB	11	きょだいイカつうじょう	きょだいイカつうじょう	
195:$4C13	220:$67C7	12	つえふりわらべつうじょう	つえふりわらべつうじょう	
195:$4C20	220:$67D4	11	うつぼカズラつうじょう	うつぼカズラつうじょう	
195:$4C2C	220:$67E0	11	けいほうバエつうじょう	けいほうバエつうじょう	
195:$4C38	220:$67EC	11	はじきコガネつうじょう	はじきコガネつうじょう	
195:$4C44	220:$67F8	10	ゴーグラーつうじょう	ゴーグラーつうじょう	
195:$4C4F	220:$6803	10	やみかむろつうじょう	やみかむろつうじょう	
195:$4C5A	220:$680E	13	からぶりせんにんつうじょう	からぶりせんにんつうじょう	
195:$4C68	220:$681C	13	いねむりせんにんつうじょう	いねむりせんにんつうじょう	
195:$4C76	220:$682A	12	ツボつりジジイつうじょう	ツボつりジジイつうじょう	
195:$4C83	220:$6837	12	ジャンガリガンつうじょう	ジャンガリガンつうじょう	
195:$4C90	220:$6844	9	ギャザーつうじょう	ギャザーつうじょう	
195:$4C9A	220:$684E	11	ヤミウッチーつうじょう	ヤミウッチーつうじょう	
195:$4CA6	220:$685A	9	モラビーつうじょう	モラビーつうじょう	
195:$4CB0	220:$6864	10	にらみヘビつうじょう	にらみヘビつうじょう	
195:$4CBB	220:$686F	11	ねずみこぶんつうじょう	ねずみこぶんつうじょう	
195:$4CC7	220:$687B	7	カラカイおさる	カラカイおさる	
195:$4CCF	220:$6883	9	チンタラつうじょう	チンタラつうじょう	
195:$4CD9	220:$688D	9	パオーンつうじょう	パオーンつうじょう	
195:$4CE3	220:$6897	12	くねくねハニーつうじょう	くねくねハニーつうじょう	
195:$4CF0	220:$68A4	12	マスターチキンつうじょう	マスターチキンつうじょう	
195:$4CFD	220:$68B1	8	チキンつうじょう	チキンつうじょう	
195:$4D06	220:$68BA	13	あくまだんしゃくつうじょう	あくまだんしゃくつうじょう	
195:$4D14	220:$68C8	9	ダギャンつうじょう	ダギャンつうじょう	
195:$4D1E	220:$68D2	11	ざぜんどうしつうじょう	ざぜんどうしつうじょう	
195:$4D2A	220:$68DE	13	あやしいひとだまつうじょう	あやしいひとだまつうじょう	
195:$4D38	220:$68EC	11	みのせんにんつうじょう	みのせんにんつうじょう	
195:$4D44	220:$68F8	3	ザガン	ザガン	
195:$4D48	220:$68FC	10	ザガン（ダミー）	ザガン（ダミー）	
195:$4D53	220:$6907	10	りょうしゅつうじょう	りょうしゅつうじょう	
195:$4D5E	220:$6912	17	りょうしゅつうじょう（ダミー）	りょうしゅつうじょう（ダミー）	
195:$4D70	220:$6924	9	キュラスつうじょう	キュラスつうじょう	
195:$4D7A	220:$692E	9	キュラスイベント1	キュラスイベント1	
195:$4D84	220:$6938	10	じゃしんコアダメージ	じゃしんコアダメージ	
195:$4D8F	220:$6943	11	ゼンマイガーつうじょう	ゼンマイガーつうじょう	
195:$4D9B	220:$694F	8	タンスつうじょう	タンスつうじょう	
195:$4DA4	220:$6958	8	ンフーつうじょう	ンフーつうじょう	
195:$4DAD	220:$6961	10	ンフーよびつうじょう	ンフーよびつうじょう	
195:$4DB8	220:$696C	10	ニセシレンつうじょう	ニセシレンつうじょう	
195:$4DC3	220:$6977	9	おにぎりつうじょう	おにぎりつうじょう	
195:$4DCD	220:$6981	10	やりすごしつうじょう	やりすごしつうじょう	
195:$4DD8	220:$698C	11	とうぞくばんつうじょう	とうぞくばんつうじょう	
195:$4DE4	220:$6998	9	ばんけんつうじょう	ばんけんつうじょう	
195:$4DEE	220:$69A2	9	てんしゅつうじょう	てんしゅつうじょう	
195:$4DF8	220:$69AC	8	コッパつうじょう	コッパつうじょう	
195:$4E01	220:$69B5	7	コッパイベント	コッパイベント	
195:$4E09	220:$69BD	8	ペケジつうじょう	ペケジつうじょう	
195:$4E12	220:$69C6	7	ペケジイベント	ペケジイベント	
195:$4E1A	220:$69CE	9	おリュウつうじょう	おリュウつうじょう	
195:$4E24	220:$69D8	7	おリュウダミー	おリュウダミー	
195:$4E2C	220:$69E0	5	アテカひめ	アテカひめ	
195:$4E32	220:$69E6	2	サチ	サチ	
195:$4E35	220:$69E9	6	まじょうへい	まじょうへい	
195:$4E3C	220:$69F0	9	まじょうへいダミー	まじょうへいダミー	
195:$4E46	220:$69FA	7	もぐらでてくる	もぐらでてくる	
195:$4E4E	220:$6A02	6	マムルあたり	マムルあたり	
195:$4E55	220:$6A09	5	マムルミス	マムルミス	
195:$4E5B	220:$6A0F	6	ボウヤーミス	ボウヤーミス	
195:$4E62	220:$6A16	6	タウロスミス	タウロスミス	
195:$4E69	220:$6A1D	8	いやしウサギミス	いやしウサギミス	
195:$4E72	220:$6A26	8	きめんむしゃミス	きめんむしゃミス	
195:$4E7B	220:$6A2F	9	ぼうれいむしゃミス	ぼうれいむしゃミス	
195:$4E85	220:$6A39	6	ぴーたんミス	ぴーたんミス	
195:$4E8C	220:$6A40	7	シューベルミス	シューベルミス	
195:$4E94	220:$6A48	9	とおせんりゅうミス	とおせんりゅうミス	
195:$4E9E	220:$6A52	8	パコレプキンミス	パコレプキンミス	
195:$4EA7	220:$6A5B	9	オヤジせんしゃミス	オヤジせんしゃミス	
195:$4EB1	220:$6A65	8	にぎりへんげミス	にぎりへんげミス	
195:$4EBA	220:$6A6E	7	ノロージョミス	ノロージョミス	
195:$4EC2	220:$6A76	5	ゲイズミス	ゲイズミス	
195:$4EC8	220:$6A7C	10	かっとびイノシシミス	かっとびイノシシミス	
195:$4ED3	220:$6A87	9	コドモせんしゃミス	コドモせんしゃミス	
195:$4EDD	220:$6A91	5	ゲドロミス	ゲドロミス	
195:$4EE3	220:$6A97	6	デブータミス	デブータミス	
195:$4EEA	220:$6A9E	6	ドラゴンミス	ドラゴンミス	
195:$4EF1	220:$6AA5	8	セルアーマーミス	セルアーマーミス	
195:$4EFA	220:$6AAE	7	しのつかいミス	しのつかいミス	
195:$4F02	220:$6AB6	5	ガマラミス	ガマラミス	
195:$4F08	220:$6ABC	9	おばけだいこんミス	おばけだいこんミス	
195:$4F12	220:$6AC6	6	ヒャクメミス	ヒャクメミス	
195:$4F19	220:$6ACD	9	まどろみつかいミス	まどろみつかいミス	
195:$4F23	220:$6AD7	7	ぬすっトドミス	ぬすっトドミス	
195:$4F2B	220:$6ADF	10	きゅういんちゅうミス	きゅういんちゅうミス	
195:$4F36	220:$6AEA	7	かさタヌキミス	かさタヌキミス	
195:$4F3E	220:$6AF2	9	エーテルデビルミス	エーテルデビルミス	
195:$4F48	220:$6AFC	8	へいたいアリミス	へいたいアリミス	
195:$4F51	220:$6B05	9	ガイコツまどうミス	ガイコツまどうミス	
195:$4F5B	220:$6B0F	8	じんめんいわミス	じんめんいわミス	
195:$4F64	220:$6B18	9	ちょうちんフグミス	ちょうちんフグミス	
195:$4F6E	220:$6B22	8	ばくだんうにミス	ばくだんうにミス	
195:$4F77	220:$6B2B	8	カラスてんぐミス	カラスてんぐミス	
195:$4F80	220:$6B34	7	ウルロイドミス	ウルロイドミス	
195:$4F88	220:$6B3C	9	アイアンヘッドミス	アイアンヘッドミス	
195:$4F92	220:$6B46	10	バットカンガルーミス	バットカンガルーミス	
195:$4F9D	220:$6B51	6	マゼルンミス	マゼルンミス	
195:$4FA4	220:$6B58	8	タベラレルーミス	タベラレルーミス	
195:$4FAD	220:$6B61	6	ジライヤミス	ジライヤミス	
195:$4FB4	220:$6B68	7	ひまガッパミス	ひまガッパミス	
195:$4FBC	220:$6B70	9	ヒツジしんかんミス	ヒツジしんかんミス	
195:$4FC6	220:$6B7A	9	クーワガッターミス	クーワガッターミス	
195:$4FD0	220:$6B84	6	ギャドンミス	ギャドンミス	
195:$4FD7	220:$6B8B	8	あしがるどんミス	あしがるどんミス	
195:$4FE0	220:$6B94	8	きょだいイカミス	きょだいイカミス	
195:$4FE9	220:$6B9D	9	つえふりわらべミス	つえふりわらべミス	
195:$4FF3	220:$6BA7	8	うつぼカズラミス	うつぼカズラミス	
195:$4FFC	220:$6BB0	8	けいほうバエミス	けいほうバエミス	
195:$5005	220:$6BB9	8	はじきコガネミス	はじきコガネミス	
195:$500E	220:$6BC2	7	ゴーグラーミス	ゴーグラーミス	
195:$5016	220:$6BCA	7	やみかむろミス	やみかむろミス	
195:$501E	220:$6BD2	10	からぶりせんにんミス	からぶりせんにんミス	
195:$5029	220:$6BDD	10	いねむりせんにんミス	いねむりせんにんミス	
195:$5034	220:$6BE8	9	ツボつりジジイミス	ツボつりジジイミス	
195:$503E	220:$6BF2	9	ジャンガリガンミス	ジャンガリガンミス	
195:$5048	220:$6BFC	6	ギャザーミス	ギャザーミス	
195:$504F	220:$6C03	8	ヤミウッチーミス	ヤミウッチーミス	
195:$5058	220:$6C0C	6	モラビーミス	モラビーミス	
195:$505F	220:$6C13	7	にらみヘビミス	にらみヘビミス	
195:$5067	220:$6C1B	8	ねずみこぶんミス	ねずみこぶんミス	
195:$5070	220:$6C24	7	カラカイおさる	カラカイおさる	
195:$5078	220:$6C2C	6	チンタラミス	チンタラミス	
195:$507F	220:$6C33	6	パオーンミス	パオーンミス	
195:$5086	220:$6C3A	9	くねくねハニーミス	くねくねハニーミス	
195:$5090	220:$6C44	9	マスターチキンミス	マスターチキンミス	
195:$509A	220:$6C4E	5	チキンミス	チキンミス	
195:$50A0	220:$6C54	10	あくまだんしゃくミス	あくまだんしゃくミス	
195:$50AB	220:$6C5F	6	ダギャンミス	ダギャンミス	
195:$50B2	220:$6C66	8	ざぜんどうしミス	ざぜんどうしミス	
195:$50BB	220:$6C6F	10	あやしいひとだまミス	あやしいひとだまミス	
195:$50C6	220:$6C7A	8	みのせんにんミス	みのせんにんミス	
195:$50CF	220:$6C83	3	ザガン	ザガン	
195:$50D3	220:$6C87	10	ザガン（ダミー）	ザガン（ダミー）	
195:$50DE	220:$6C92	7	りょうしゅミス	りょうしゅミス	
195:$50E6	220:$6C9A	14	りょうしゅミス（ダミー）	りょうしゅミス（ダミー）	
195:$50F5	220:$6CA9	6	キュラスミス	キュラスミス	
195:$50FC	220:$6CB0	9	キュラスイベント1	キュラスイベント1	
195:$5106	220:$6CBA	10	じゃしんコアダメージ	じゃしんコアダメージ	
195:$5111	220:$6CC5	8	ゼンマイガーミス	ゼンマイガーミス	
195:$511A	220:$6CCE	5	タンスミス	タンスミス	
195:$5120	220:$6CD4	5	ンフーミス	ンフーミス	
195:$5126	220:$6CDA	7	ンフーよびミス	ンフーよびミス	
195:$512E	220:$6CE2	7	ニセシレンミス	ニセシレンミス	
195:$5136	220:$6CEA	6	おにぎりミス	おにぎりミス	
195:$513D	220:$6CF1	7	やりすごしミス	やりすごしミス	
195:$5145	220:$6CF9	8	とうぞくばんミス	とうぞくばんミス	
195:$514E	220:$6D02	6	ばんけんミス	ばんけんミス	
195:$5155	220:$6D09	6	てんしゅミス	てんしゅミス	
195:$515C	220:$6D10	5	コッパミス	コッパミス	
195:$5162	220:$6D16	7	コッパイベント	コッパイベント	
195:$516A	220:$6D1E	5	ペケジミス	ペケジミス	
195:$5170	220:$6D24	7	ペケジイベント	ペケジイベント	
195:$5178	220:$6D2C	6	おリュウミス	おリュウミス	
195:$517F	220:$6D33	7	おリュウダミー	おリュウダミー	
195:$5187	220:$6D3B	5	アテカひめ	アテカひめ	
195:$518D	220:$6D41	2	サチ	サチ	
195:$5190	220:$6D44	6	まじょうへい	まじょうへい	
195:$5197	220:$6D4B	7	マムルとくしゅ	マムルとくしゅ	
195:$519F	220:$6D53	8	ボウヤーとくしゅ	ボウヤーとくしゅ	
195:$51A8	220:$6D5C	8	タウロスとくしゅ	タウロスとくしゅ	
195:$51B1	220:$6D65	10	いやしウサギとくしゅ	いやしウサギとくしゅ	
195:$51BC	220:$6D70	9	きめんむしゃくしゅ	きめんむしゃくしゅ	
195:$51C6	220:$6D7A	11	ぼうれいむしゃとくしゅ	ぼうれいむしゃとくしゅ	
195:$51D2	220:$6D86	8	ぴーたんとくしゅ	ぴーたんとくしゅ	
195:$51DB	220:$6D8F	9	シューベルとくしゅ	シューベルとくしゅ	
195:$51E5	220:$6D99	11	とおせんりゅうとくしゅ	とおせんりゅうとくしゅ	
195:$51F1	220:$6DA5	10	パコレプキンとくしゅ	パコレプキンとくしゅ	
195:$51FC	220:$6DB0	11	オヤジせんしゃとくしゅ	オヤジせんしゃとくしゅ	
195:$5208	220:$6DBC	10	にぎりへんげとくしゅ	にぎりへんげとくしゅ	
195:$5213	220:$6DC7	9	ノロージョとくしゅ	ノロージョとくしゅ	
195:$521D	220:$6DD1	7	ゲイズとくしゅ	ゲイズとくしゅ	
195:$5225	220:$6DD9	12	かっとびイノシイとくしゅ	かっとびイノシイとくしゅ	
195:$5232	220:$6DE6	11	コドモせんしゃとくしゅ	コドモせんしゃとくしゅ	
195:$523E	220:$6DF2	7	ゲドロとくしゅ	ゲドロとくしゅ	
195:$5246	220:$6DFA	8	デブータとくしゅ	デブータとくしゅ	
195:$524F	220:$6E03	8	ドラゴンとくしゅ	ドラゴンとくしゅ	
195:$5258	220:$6E0C	10	セルアーマーとくしゅ	セルアーマーとくしゅ	
195:$5263	220:$6E17	9	しのつかいとくしゅ	しのつかいとくしゅ	
195:$526D	220:$6E21	7	ガマラとくしゅ	ガマラとくしゅ	
195:$5275	220:$6E29	11	おばけだいこんとくしゅ	おばけだいこんとくしゅ	
195:$5281	220:$6E35	8	ヒャクメとくしゅ	ヒャクメとくしゅ	
195:$528A	220:$6E3E	11	まどろみつかいとくしゅ	まどろみつかいとくしゅ	
195:$5296	220:$6E4A	9	ぬすっトドとくしゅ	ぬすっトドとくしゅ	
195:$52A0	220:$6E54	12	きゅういんちゅうとくしゅ	きゅういんちゅうとくしゅ	
195:$52AD	220:$6E61	9	かさタヌキとくしゅ	かさタヌキとくしゅ	
195:$52B7	220:$6E6B	11	エーテルデビルとくしゅ	エーテルデビルとくしゅ	
195:$52C3	220:$6E77	10	へいたいアリとくしゅ	へいたいアリとくしゅ	
195:$52CE	220:$6E82	11	ガイコツまどうとくしゅ	ガイコツまどうとくしゅ	
195:$52DA	220:$6E8E	10	じんめんいわとくしゅ	じんめんいわとくしゅ	
195:$52E5	220:$6E99	11	ちょうちんフグとくしゅ	ちょうちんフグとくしゅ	
195:$52F1	220:$6EA5	10	ばくだんうにとくしゅ	ばくだんうにとくしゅ	
195:$52FC	220:$6EB0	10	カラスてんぐとくしゅ	カラスてんぐとくしゅ	
195:$5307	220:$6EBB	9	ウルロイドとくしゅ	ウルロイドとくしゅ	
195:$5311	220:$6EC5	11	アイアンヘッドとくしゅ	アイアンヘッドとくしゅ	
195:$531D	220:$6ED1	12	バットカンガルーとくしゅ	バットカンガルーとくしゅ	
195:$532A	220:$6EDE	8	マゼルンとくしゅ	マゼルンとくしゅ	
195:$5333	220:$6EE7	10	タベラレルーとくしゅ	タベラレルーとくしゅ	
195:$533E	220:$6EF2	8	ジライヤとくしゅ	ジライヤとくしゅ	
195:$5347	220:$6EFB	9	ひまガッパとくしゅ	ひまガッパとくしゅ	
195:$5351	220:$6F05	11	ヒツジしんかんとくしゅ	ヒツジしんかんとくしゅ	
195:$535D	220:$6F11	11	クーワガッターとくしゅ	クーワガッターとくしゅ	
195:$5369	220:$6F1D	8	ギャドンとくしゅ	ギャドンとくしゅ	
195:$5372	220:$6F26	10	あしがるどんとくしゅ	あしがるどんとくしゅ	
195:$537D	220:$6F31	10	きょだいイカとくしゅ	きょだいイカとくしゅ	
195:$5388	220:$6F3C	11	つえふりわらべとくしゅ	つえふりわらべとくしゅ	
195:$5394	220:$6F48	10	うつぼカズラとくしゅ	うつぼカズラとくしゅ	
195:$539F	220:$6F53	10	けいほうバエとくしゅ	けいほうバエとくしゅ	
195:$53AA	220:$6F5E	10	はじきコガネとくしゅ	はじきコガネとくしゅ	
195:$53B5	220:$6F69	9	ゴーグラーとくしゅ	ゴーグラーとくしゅ	
195:$53BF	220:$6F73	9	やみかむろとくしゅ	やみかむろとくしゅ	
195:$53C9	220:$6F7D	12	からぶりせんにんとくしゅ	からぶりせんにんとくしゅ	
195:$53D6	220:$6F8A	12	いねむりせんにんとくしゅ	いねむりせんにんとくしゅ	
195:$53E3	220:$6F97	11	ツボつりジジイとくしゅ	ツボつりジジイとくしゅ	
195:$53EF	220:$6FA3	11	ジャンガリガンとくしゅ	ジャンガリガンとくしゅ	
195:$53FB	220:$6FAF	8	ギャザーとくしゅ	ギャザーとくしゅ	
195:$5404	220:$6FB8	10	ヤミウッチーとくしゅ	ヤミウッチーとくしゅ	
195:$540F	220:$6FC3	8	モラビーとくしゅ	モラビーとくしゅ	
195:$5418	220:$6FCC	9	にらみヘビとくしゅ	にらみヘビとくしゅ	
195:$5422	220:$6FD6	10	ねずみこぶんとくしゅ	ねずみこぶんとくしゅ	
195:$542D	220:$6FE1	7	カラカイおさる	カラカイおさる	
195:$5435	220:$6FE9	8	チンタラとくしゅ	チンタラとくしゅ	
195:$543E	220:$6FF2	8	パオーンとくしゅ	パオーンとくしゅ	
195:$5447	220:$6FFB	11	くねくねハニーとくしゅ	くねくねハニーとくしゅ	
195:$5453	220:$7007	11	マスターチキンとくしゅ	マスターチキンとくしゅ	
195:$545F	220:$7013	7	チキンとくしゅ	チキンとくしゅ	
195:$5467	220:$701B	12	あくまだんしゃくとくしゅ	あくまだんしゃくとくしゅ	
195:$5474	220:$7028	8	ダギャンとくしゅ	ダギャンとくしゅ	
195:$547D	220:$7031	10	ざぜんどうしとくしゅ	ざぜんどうしとくしゅ	
195:$5488	220:$703C	12	あやしいひとだまとくしゅ	あやしいひとだまとくしゅ	
195:$5495	220:$7049	10	みのせんにんとくしゅ	みのせんにんとくしゅ	
195:$54A0	220:$7054	3	ザガン	ザガン	
195:$54A4	220:$7058	10	ザガン（ダミー）	ザガン（ダミー）	
195:$54AF	220:$7063	5	りょうしゅ	りょうしゅ	
195:$54B5	220:$7069	9	りょうしゅとくしゅ	りょうしゅとくしゅ	
195:$54BF	220:$7073	8	キュラスとくしゅ	キュラスとくしゅ	
195:$54C8	220:$707C	9	キュラスイベント1	キュラスイベント1	
195:$54D2	220:$7086	10	じゃしんコアこわれる	じゃしんコアこわれる	
195:$54DD	220:$7091	10	ゼンマイガーとくしゅ	ゼンマイガーとくしゅ	
195:$54E8	220:$709C	7	タンスとくしゅ	タンスとくしゅ	
195:$54F0	220:$70A4	7	ンフーとくしゅ	ンフーとくしゅ	
195:$54F8	220:$70AC	9	ンフーよびとくしゅ	ンフーよびとくしゅ	
195:$5502	220:$70B6	9	ニセシレンとくしゅ	ニセシレンとくしゅ	
195:$550C	220:$70C0	8	おにぎりとくしゅ	おにぎりとくしゅ	
195:$5515	220:$70C9	9	やりすごしとくしゅ	やりすごしとくしゅ	
195:$551F	220:$70D3	10	とうぞくばんとくしゅ	とうぞくばんとくしゅ	
195:$552A	220:$70DE	8	ばんけんとくしゅ	ばんけんとくしゅ	
195:$5533	220:$70E7	8	てんしゅとくしゅ	てんしゅとくしゅ	
195:$553C	220:$70F0	7	コッパとくしゅ	コッパとくしゅ	
195:$5544	220:$70F8	7	コッパイベント	コッパイベント	
195:$554C	220:$7100	7	ペケジとくしゅ	ペケジとくしゅ	
195:$5554	220:$7108	7	ペケジイベント	ペケジイベント	
195:$555C	220:$7110	8	おリュウとくしゅ	おリュウとくしゅ	
195:$5565	220:$7119	7	おリュウダミー	おリュウダミー	
195:$556D	220:$7121	5	アテカひめ	アテカひめ	
195:$5573	220:$7127	2	サチ	サチ	
195:$5576	220:$712A	6	まじょうへい	まじょうへい	
195:$557D	220:$7131	9	まじょうへいダミー	まじょうへいダミー	
195:$5593	222:$4118	117	コッパ<speaker>ううっ やっぱり まわりみち<br> したほうが よかったのかなぁ、、。<delay:60><box>コッパ<speaker>はやいとこ ぬけないと、、	Koppa: Ugh... Maybe we<br>should've taken the long<br>way around after all...<delay:60><box>Koppa: We need to get<br>through here, fast...	
195:$55CF	222:$418E	12	コッパ<speaker>ウワ！	Koppa: Whoa!	
195:$55D8	222:$419B	47	コッパ<speaker>げほっ ぺっ<br> ひでえ すなあらし、、。	Koppa: Cough! Ptooey!<br>What a nasty sandstorm...	
195:$55F2	222:$41CB	1	<box>	<box>	
195:$55F4	222:$41CD	35	コッパ<speaker>おい、<delay:1E><br> <name>、<delay:1E>しっかりしろよ<delay:3C>	Koppa: Hey!<delay:1E><br><name>!<delay:1E> Stay with me!<delay:3C>	
195:$560F	222:$41F1	35	コッパ<speaker>おい、しっか、、<delay:1E>り、、。	Koppa: Hey... Hang...<delay:1E> in there...	
195:$562F	222:$4215	269	魔城竜兵<speaker>砂漠で いきだおれに<br> なったものを とらえたとの<br> ほうこくが あったが、<page><box>魔城竜兵<speaker>どうだ？<br> そのごの ようすは？<page><box><delay:1E>魔城兵<speaker>とくに かわりは。<page><box><delay:1E>魔城竜兵<speaker>たいしたヤツではないと<br> 思うが ねんのためだ。<page><br> しっかり みはっとけよ。<page><box><delay:1E>魔城兵<speaker>はっ！<page><box>	Dragon Guard: I heard<br>you captured someone who<br>collapsed in the desert.<page><box>Dragon Guard: How<br>are they doing?<page><box><delay:1E>Rookie Guard: No change.<page><box><delay:1E>Dragon Guard: I doubt<br>they're much of a threat,<br>but let's be safe.<page><box>Dragon Guard: Keep<br>a close eye on them.<page><box><delay:1E>Rookie Guard: Sir!<page><box>	
195:$56DA	222:$4323	78	コッパ<speaker>こんなもん<br> つけやがって、、<page>アイツら<br> なんなんだよ。ちくしょう。<page><box>	Koppa: They put<br>these things on us...<page><box>Who the heck are<br>those guys? Damn it!<page><box>	
195:$5705	222:$4372	38	コッパ<speaker>ダメだ。とれやしねえ。<page><box>	Koppa: No good. They<br>won't come off.<page><box>	
195:$5718	222:$4399	22	<D5><speaker>はやく にげて、、。<page><box>	???: Hurry... Run...<page><box>	
195:$5728	222:$43B0	30	コッパ<speaker>なんだろう、、<br> あのコ、、。<page><box>	Koppa: Who was that girl...?<page><box>	
195:$573F	222:$43CF	52	コッパ<speaker>、、とにかく ここから<br> はやく にげた方が よさそうだな。<br> <name>！<page><box>	Koppa: ...Anyway, we'd better<br>get out of here. <name>!<page><box>	
195:$576D	222:$4404	47	魔城兵<speaker>にどと<br> にげようなんて 思うなよっ！<page><box>	Rookie Guard: Don't ever<br>try to escape again!<page><box>	
195:$5794	222:$4434	156	<D5><speaker>にげられてしまうか、、。<page><box><D5><speaker>ウデのたつ男は なるべく<br> りようしたかったが、、。<page><box><delay:1E><D5><speaker>まあ よい。<page><br> もうひとり いる。<page><box><D5><speaker>あの男に かけてみるか、、。<page>	???: So, they escaped...<page><box>???: I had hoped to make<br>use of that skilled man...<page><box><delay:1E>???: No matter.<page><br>There is another.<page><box>???: I'll try my<br>luck with that man...<page>	
195:$57F2	222:$44D1	1	<box>	<box>	
195:$57F4	222:$44D3	39	コッパ<speaker>あれ？<page> あそこに<br> みえるの 町じゃないか？<page><box>	Koppa: Huh?<page><br>Is that a town up ahead?<page><box>	
195:$5814	222:$44FB	69	コッパ<speaker>あそこまで 行けば<br> にげきれるかもしれない。<page><br> 行こうぜ。<name>。<page><box>	Koppa: If we reach it, we<br>might be able to get away.<page><br>Let's go, <name>.<page><box>	
195:$5848	222:$4541	52	ライ<speaker>領主（りょうしゅ）さまは<br> さいきん 人が かわられた<br> ようだ、、。<page><box>	Rai: The Lord seems like<br>a different man lately...<page><box>	
195:$5877	222:$4576	39	メケレレ<speaker>むかしは<br> いい人だったのにな、、。<page><box>	Mekerere: He used<br>to be a good man...<page><box>	
195:$5893	222:$459E	160	ワンダ<speaker>領主さまが ヘンになって<br> からだよなあ。<page>城にも魔物が<br> すみつきはじめたのは、、。<page><box><delay:3C>ライ<speaker>まさか 領主さまが<br> 魔物を？、、。<page><box>	Wanda: It was after<br>the Lord changed.<page><box>Wanda: That's when monsters<br>began moving into the<br>castle...<page><box><delay:3C>Rai: You don't think the Lord<br>is behind the monsters...?<page><box>	
195:$58E9	222:$463F	116	メケレレ<speaker>魔物を よびよせて<br> いるのは 姫さまだってウワサも<br> あるぜ？<page> けど ホントかなあ。<page>	Mekerere: There's even a<br>rumor that the Princess<br>is summoning the monsters.<page><box>Mekerere: But can<br>that really be true?<page>	
195:$595C	222:$46B4	14	ペケジ<speaker>アニキ？<page><box>	Pekeji: Bro?<page><box>	
195:$5968	222:$46C3	58	ペケジ<speaker>アニキじゃないか！<br> なんで こんなところに？！<page><box>	Pekeji: Bro! It really is you!<br>What are you doing here?!<page><box>	
195:$5988	222:$46FE	67	ペケジ<speaker>とりあえず<br> 立ち話も ナンだし<br> そこで メシでも くおうよ。<page><box>	Pekeji: Let's not stand<br>around talking. Come<br>grab a bite with me.<page><box>	
195:$59B2	222:$4742	255	<D5><speaker>はい。ついかの五人前。<page><br> しかし あいかわらず よく<br> 食べるわねえ。<page><box>ペケジ<speaker>へへっ、、今のうち<br> 体力をつけとかないとさあ<br> しごとに なんないし。<page><box><D5><speaker>しごとって？、、<page><br> いつも この店に いりびたりで<br> なにも してないじゃないの。<page><box>ペケジ<speaker>これから するんだってば。<page><box>	???: Here you go.<br>Five more servings.<page><box>???: You sure can<br>eat, same as ever.<page><box>Pekeji: Heh heh... I need to<br>build up my strength, or I'll<br>never get any work done.<page><box>???: Work...?<page><br>All you ever do is hang<br>around this restaurant.<page><box>Pekeji: I'm about to start!<page><box>	
195:$5A52	222:$4842	56	ペケジ<speaker>あっ アニキ。しょうかい<br> しとくよ。<page>この子は サッちゃん。<page><box>	Pekeji: Oh, Bro. Let<br>me introduce you.<page><br>This is Sachi.<page><box>	
195:$5A7A	222:$487B	70	ペケジ<speaker>店の<hspace:04>かんばんムスメなんだ。<br> へへっ カワイイだろ？<page><box>	Pekeji: She's the<hspace:04>restaurant's<br>star waitress. Heh<br>heh... Cute, huh?<page><box>	
195:$5A9F	222:$48C2	25	ペケジ<speaker>これ オレのアニキ。<page><box>	Pekeji: This is my bro.<page><box>	
195:$5AB1	222:$48DC	34	ペケジ<speaker>で こっちのスカンクが<br> コッパ。<page><box>	Pekeji: And this<br>skunk is Koppa.<page><box>	
195:$5ACA	222:$48FF	39	コッパ<speaker>オイラ スカンクじゃねえ。<br> イタチだぞ！<page><box>	Koppa: I'm not a<br>skunk! I'm a weasel!<page><box>	
195:$5AE7	222:$4927	26	サチ<speaker>ふうん。かわいいワね。<page><box>	Sachi: Aww, you're cute.<page><box>	
195:$5AF9	222:$4942	62	サチ<speaker>わたしは サチ。<page>この店で<br> いつも お父さんの てつだいを<br> しているの。<page>よろしくね。<page><box>	Sachi: I'm Sachi.<page><br>I help my father here.<page><br>Nice to meet you.<page><box>	
195:$5B2F	222:$4981	41	サチ<speaker>じゃ わたしは しごとに<br> もどるから。<page><box>	Sachi: Well, I should<br>get back to work.<page><box>	
195:$5B4A	222:$49AB	32	サチ<speaker>ふたりとも<br> ゆっくりしていってね。<page><box>	Sachi: You two take your<br>time.<page><box>	
195:$5B63	222:$49CC	66	ペケジ<speaker>しかし アニキも この町に<br> きてたとはなあ、、。<page><box>	Pekeji: Still, I never<br>expected to find you<br>in this town, Bro...<page><box>	
195:$5B85	222:$4A0F	56	ペケジ<speaker>、、けど だいたいアニキは<br> いっつも ひでえよな<EE>。<page><box>	Pekeji: But man, Bro... You<br>always treat me like dirt!<page><box>	
195:$5BA8	222:$4A48	202	ペケジ<speaker>かならず オレのこと おいて<br> どっか いっちまうんだもんな<EE>。<page><box><delay:1E>コッパ<speaker>ちぇ オメエが かってに<br> ついてこれないだけじゃないか。<page><box>コッパ<speaker><quoteOpen>アニキ<EE> はらへった<EE><quoteClose><br> とか いっちゃってさ。<page><br> で ペケジこそ なんでここに？<page><box>	Pekeji: You always leave<br>me behind and run off<br>somewhere!<page><box><delay:1E>Koppa: Tch. You're the<br>one who can't keep up!<page><box>Koppa: 'Bro! I'm hungry!'<br>That's all you ever say.<page><box>Koppa: So what brought<br>you here, Pekeji?<page><box>	
195:$5C2B	222:$4B13	188	ペケジ<speaker>へへっ、、じつはさあ<page><br> この町には 財宝（ざいほう）の<br> ウワサがあってね、、。<page><box><delay:1E>コッパ<speaker>ザイホウ？<page><box><delay:1E>ペケジ<speaker>うん。<page>アニキも ここへ<br> くるとき 魔城（まじょう）を<br> 見ただろ？<page><box>	Pekeji: Heh heh...<br>The truth is...<page><box>Pekeji: There's a rumor about<br>some treasure in this town.<page><box><delay:1E>Koppa: Treasure?<page><box><delay:1E>Pekeji: Yeah.<page><br>You saw the Magic Castle on<br>your way here, right, Bro?<page><box>	
195:$5CA0	222:$4BD0	57	ペケジ<speaker>あの魔城の下には<br> いせきが あるんだけど<page><box>	Pekeji: There are some ruins<br>beneath that Magic Castle.<page><box>	
195:$5CC0	222:$4C0A	71	ペケジ<speaker>その地下に じつは<br> ものすごい財宝が<br> ねむっているって 話なんだ。<page><box>	Pekeji: They say an<br>incredible treasure lies<br>buried deep underground.<page><box>	
195:$5CF0	222:$4C52	130	ペケジ<speaker>今は みんな こわがって<br> だれも 近づきやしねえ。<page><box>ペケジ<speaker>アニキとふたりで やりゃあ<br> 財宝なんか かんたんに<br> ブンどってこれるぜ。<page><box>	Pekeji: Everyone's too scared<br>to go near the place now.<page><box>Pekeji: But you and me,<br>Bro? We could waltz in<br>and swipe that treasure!<page><box>	
195:$5D43	222:$4CD5	33	ペケジ<speaker>な？<page> おいしい話だろ？<page><box>	Pekeji: Well?<page> Tempting,<br>right?<page><box>	
195:$5D58	222:$4CF7	61	ペケジ<speaker>そんな顔してないでさぁ、、<br> たのむよぉ アニキィ。<page><box>	Pekeji: Don't look at me like<br>that... Come on, Bro. Please?<page><box>	
195:$5D7B	222:$4D35	193	コッパ<speaker>うさんくさいンだよな。<page><br> だいたい どっから<br> はいるんだよ？<page><box><delay:1E>ペケジ<speaker>魔城の中。<page><box><delay:1E>コッパ<speaker>へ？<page> また あの中に？<page><br> ジョウダンじゃ ないよ！<page><box><delay:1E>コッパ<speaker>助けてくれた人がいたから<br> いいようなもののさあ、、<page><box>	Koppa: Sounds fishy.<page><br>How do we even get in?<page><box><delay:1E>Pekeji: Through<br>the Magic Castle.<page><box><delay:1E>Koppa: Huh?<page> Back in there?!<page><br>You've gotta be kidding!<page><box><delay:1E>Koppa: We were lucky<br>someone helped us escape...<page><box>	
195:$5DFE	222:$4DF7	22	<D5><speaker>はやく にげて、、。<page><box>	???: Hurry... Run...<page><box>	
195:$5E0E	222:$4E0E	41	コッパ<speaker>オイラたちは あそこから<br> にげてきたんだゾ！<page><box>	Koppa: We just escaped<br>from that place!<page><box>	
195:$5E2D	222:$4E38	52	コッパ<speaker>ワザワザいくやつが どこに<br> なあ <name>、、	Koppa: Who'd go back there on<br>purpose? Right, <name>...?	
195:$5E49	222:$4E6D	82	コッパ<speaker>あれ？<page><box><delay:1E>ペケジ<speaker>アニキ？！<page> もしかして、、。<page><box><delay:1E>コッパ<speaker>ホンキかよ？！<page><box>	Koppa: Huh?<page><box><delay:1E>Pekeji: Bro?!<page><br>You're not actually...?<page><box><delay:1E>Koppa: You're serious?!<page><box>	
195:$5E7C	222:$4EC0	59	ペケジ<speaker>アニキ いく気なんだな！<page><br> さすがあ！ そうでなくっちゃあ！<page><box>	Pekeji: You're up for it, Bro!<page><br>I knew it! That's my bro!<page><box>	
195:$5EA4	222:$4EFC	54	コッパ<speaker>ちぇっ、、<page>ペケジ。ちゃんと<br> 下しらべは できてンだろうな？<page><box>	Koppa: Tch...<page><br>Pekeji, you did some<br>scouting, right?<page><box>	
195:$5ECC	222:$4F33	277	ペケジ<speaker>魔城の ウラがわにある<br> 通路。<page>そこが財宝のばしょに<br> 通じてる。<page><box>コッパ<speaker>首尾（しゅび）は？<page><box>ペケジ<speaker>門にかかる じょうまえ。<page><br> これがちょっと はずれなくて<br> さあ。<page><box>コッパ<speaker>決行（けっこう）は？<page><box>ペケジ<speaker>こんばん。ブフーのこく。<page><box><delay:3C>コッパ<speaker>しかたねえ。<br> いっちょ やったるか！<page><box>	Pekeji: There's a passage<br>behind the Magic Castle.<page><br>It leads to the treasure.<page><box>Koppa: What's the holdup?<page><box>Pekeji: The padlock<br>on the gate.<page><box>Pekeji: I haven't been<br>able to get it off.<page><box>Koppa: When do we go?<page><box>Pekeji: Tonight, at<br>the Hour of Bufu.<page><box><delay:3C>Koppa: Fine. Let's do this!<page><box>	
195:$5F91	222:$5049	14	ペケジ<speaker>あれ？<page><box>	Pekeji: Huh?<page><box>	
195:$5F9C	222:$5058	22	コッパ<speaker>どうした？<page><box>	Koppa: What's wrong?<page><box>	
195:$5FA9	222:$506F	182	ペケジ<speaker>じょうまえが こわれてる！<page><br> あんな がんじょうに かかって<br> いたのに、、<page>いったい だれが？<page><box>コッパ<speaker>古くて しぜんに<br> こわれちまったンじゃないの？<page><box>コッパ<speaker>ま ラッキーなことじゃないか。<br> さっさと 中に入ろうぜ。<page><box>	Pekeji: The padlock's broken!<page><br>But it was so sturdy...<page><br>Who could have done this?<page><box>Koppa: Maybe it was old<br>and broke on its own.<page><box>Koppa: Either way, we got<br>lucky. Let's get inside.<page><box>	
195:$6028	222:$5126	14	<D5><speaker><name>？！、、。<page><box>	???: <name>?!...<page><box>	
195:$6035	222:$5135	31	ペケジ<speaker>、、やっぱり。<page><box>	Pekeji: ...Just as I thought.<page><box>	
195:$6044	222:$5155	30	コッパ<speaker>どうしたんだよ？ ペケジ。<page><box>	Koppa: What's wrong, Pekeji?<page><box>	
195:$6059	222:$5174	216	ペケジ<speaker>やっぱり<br> ふしぎのダンジョンだよ。ここは。<page><box>ペケジ<speaker>モンスターが ウヨウヨいるし<br> たおれると みぐるみ はがされて<br> おいだされるという、、。<page><box>ペケジ<speaker>気をつけていこうぜ。<br> アニキ！<page><box>	Pekeji: Just as I thought.<br>This is a Mystery Dungeon.<page><box>Pekeji: This place is<br>crawling with monsters.<page><box>Pekeji: If you collapse,<br>they'll take everything you've<br>got and throw you out...<page><box>Pekeji: Let's be careful, Bro!<page><box>	
195:$60C4	222:$524D	16	ペケジ<speaker>うわ<EF><EF><EF><hspace:01>っ！<page><box>	Pekeji: Waaah!<page><box>	
195:$60D5	222:$525E	327	ペケジ<speaker>イタタタ、、。<page><box>コッパ<speaker>オーイ だいじょうぶかァ？<page><box>ペケジ<speaker>う うん。平気。<page><br> 足が ちょっとシビレてて、、。<br> イタタ まいったなあ。<page><box>コッパ<speaker>どうするンだよ？<br> これから。<page><box>ペケジ<speaker>しかたねえ。アニキたちは<br> アニキたちで すすんでくれよ。<page><box>ペケジ<speaker>オレも しばらくしたら<br> いくからサ、、。<page><box>コッパ<speaker>財宝がある ばしょで<br> おちあうンだな。わかった。<page><box>	Pekeji: Ow, ow, ow...<page><box>Koppa: Hey! Are you okay?<page><box>Pekeji: Y-Yeah. I'm fine.<page><br>My leg's just a little numb...<br>Ow... What lousy timing.<page><box>Koppa: What do we do now?<page><box>Pekeji: No choice, Bro.<br>You two will have<br>to go on without me.<page><box>Pekeji: I'll catch up once<br>I've rested a little...<page><box>Koppa: We'll meet at the<br>treasure, then. Got it.<page><box>	
195:$61B1	222:$53A6	24	サチ<speaker>だいじょうぶ？、、。<page>	Sachi: Are you okay...?<page>	
195:$61C1	222:$53BF	26	コッパ<speaker>あっ！ おきた！<page><box>	Koppa: Oh! You're awake!<page><box>	
195:$61D1	222:$53DA	268	サチ<speaker>ビックリしたわよ。<page><br> 町の入口で たおれてる<br> ンだもん。<page><box>コッパ<speaker>町の人たちが オイラたちを<br> はこんでくれた みたいなんだ。<page><box>コッパ<speaker>、、ていう オイラも<br> じつは さっき おきたばっかりで<br> はじめて知ったンだけどよォ、、。<page><box>サチ<speaker>まあ だいじょうぶそうで<br> なによりだけど、、。<page><box>	Sachi: You really scared me.<page><box>Sachi: You were both<br>lying unconscious at<br>the town entrance.<page><box>Koppa: Looks like some<br>townspeople carried us here.<page><box>Koppa: Actually, I just<br>woke up myself, so I only<br>found out a minute ago...<page><box>Sachi: Well, you both<br>seem okay, at least...<page><box>	
195:$6274	222:$54E7	41	サチ<speaker>アンタたち いったい<br> なにをしていたの？<page><box>	Sachi: What exactly<br>were you two doing?<page><box>	
195:$6290	222:$5511	220	コッパ<speaker>え？<page> え ええ<EE>と、、。<page><box>コッパ<speaker>う<EE>ん なんだろ？<page><br> ご 五目ならべかなあ？<page><box>サチ<speaker>砂漠で 五目ならべして<br> 気ぜつするワケ？<page> へンなの。<page><box>サチ<speaker>それに ペケジは？<page><br> いっしょだったんじゃ ないの？<page><box>コッパ<speaker>え？ ペケジ？<page><box>	Koppa: Huh?<page><br>Uh, well...<page><box>Koppa: Um... What was it?<page><br>M-Maybe five-in-a-row?<page><box>Sachi: You passed out playing<br>five-in-a-row in a desert?<page><br>That's weird.<page><box>Sachi: And where's Pekeji?<page><br>Wasn't he with you?<page><box>Koppa: Huh? Pekeji?<page><box>	
195:$631B	222:$55EE	96	コッパ<speaker>、、ほ ほんとだ。<br> ど どこ いっちゃったンだろ？<page><box>コッパ<speaker>ありがとう！ さよーならー！<br> <name>！ ちょっと きてー！	Koppa: ...O-Oh, you're right.<br>W-Where could he have gone?<page><box>Koppa: Thanks! Bye!<br><name>! Come with me!	
195:$635F	222:$564F	28	サチ<speaker>なんか あやしいなー。<page>	Sachi: Something's fishy...<page>	
195:$6370	222:$566C	244	コッパ<speaker>ハアハア、、<br> あー ビックリした！<page><box>コッパ<speaker>イキナリだったんで<br> オイラ つい ウソいっちゃったよ。<page><box>コッパ<speaker>けど ペケジのヤツ<br> だけは まだ 魔城の地下に<br> いるみたいだな。<page><box>コッパ<speaker>ころあいを みはからって<br> オイラたちも 魔城の地下へ<br> 行こうぜ。<page><box>	Koppa: Pant, pant...<br>Man, that scared me!<page><box>Koppa: She caught me off<br>guard, so I blurted out a<br>lie.<page><box>Koppa: But it looks<br>like Pekeji is still<br>under the Magic Castle.<page><box>Koppa: Let's wait for the<br>right time, then head back<br>under the Magic Castle.<page><box>	
195:$640C	222:$5761	112	コッパ<speaker><name><br> ちょっと まって。<page><box>コッパ<speaker>今 ここを<br> 出ると めだっちゃうよ。<page><box>コッパ<speaker>夜に なるのを<br> まってから 行こうぜ。<page><box>	Koppa: <name>, wait a<br>sec.<page><box>Koppa: If we leave now,<br>we'll draw attention.<page><box>Koppa: Let's wait<br>until night, then go.<page><box>	
195:$645A	222:$57D2	39	コッパ<speaker>よし だれもいなくなったぞ。<br> さあ いこう。<page><box>	Koppa: No one's around now.<br>Let's go.<page><box>	
195:$64A3	222:$57FA	16	ペケジ<speaker>アニキ<EF><EF><hspace:01>！<page><box>	Pekeji: Brooo!<page><box>	
195:$64B3	222:$580B	68	ペケジ<speaker>ハァハァ、、<page><br> アニキも 今ついたのかい。<br> ちょうどよかった。<page><box>	Pekeji: Huff, huff...<page><br>You just got here too, Bro?<br>Perfect timing.<page><box>	
195:$64DD	222:$5850	85	ペケジ<speaker>ここだ。<br> ここに まちがいない。<page><br> 財宝のばしょだよ。アニキィ。<page><box>	Pekeji: This is it.<br>No doubt about it.<page><box>Pekeji: This is where the<br>treasure is, Bro.<page><box>	
195:$6509	222:$58A6	204	ペケジ<speaker>あれが 財宝、、<page>かな？<page><box>コッパ<speaker>気持ちのわるい<br> ちょう像（ぞう）が ポツンと<br> あるだけだぞ、、。<page><box><delay:1E>ペケジ<speaker>でも 見わたしても ここに<br> あるのは あの像だけだし、、。<page><br> やっぱ あれが 財宝なんだよ。<page><box>	Pekeji: Is that<br>the treasure...?<page> Maybe?<page><box>Koppa: It's just a<br>creepy statue sitting<br>there all alone...<page><box><delay:1E>Pekeji: But look around.<br>That statue's the<br>only thing here...<page><box>Pekeji: It has to<br>be the treasure.<page><box>	
195:$658A	222:$5973	23	<D5><speaker>とらないで、、。<page><box>	???: Don't take it...<page><box>	
195:$6598	222:$598B	23	コッパ<speaker><name>！ あのコ！<page><box>	Koppa: <name>! That girl!<page><box>	
195:$65A8	222:$59A3	39	ペケジ<speaker>、、。<page>いいや。とっちゃえ！<page><box>	Pekeji: ...<page><br>Forget it. Just take it!<page><box>	
195:$65BE	222:$59CB	33	ペケジ<speaker>ワワ！ ゆ ゆれてるゥ！<page><box>	Pekeji: W-Whoa! I-It's<br>shaking!<page><box>	
195:$65D2	222:$59ED	28	コッパ<speaker>はやく そとに！<page><box>	Koppa: Hurry! Get outside!<page><box>	
195:$65E2	222:$5A0A	30	ペケジ<speaker>やったー！ 出口だー！	Pekeji: Yes! There's the exit!	
195:$65F5	222:$5A29	1	<box>	<box>	
195:$65F7	222:$5A2B	13	ペケジ<speaker>ぎゃっ！	Pekeji: Aagh!	
195:$6601	222:$5A39	169	フードの男<speaker>フフ、、。<delay:1E>これが<br> 邪神像（じゃしんぞう）か。<page><box>フードの男<speaker><quoteOpen>99人目が<br> おとずれし時 そのふういんは<br> とかれる、、<quoteClose><page><box>フードの男<speaker>言いつたえは<br> ほんとうだったな。<page><box>	Hooded Man: Heh heh...<delay:1E><br>So this is the<br>Evil God Statue.<page><box>Hooded Man: 'When the<br>99th visitor arrives, the<br>seal shall be broken...'<page><box>Hooded Man: So the<br>legend was true.<page><box>	
195:$6674	222:$5AE3	17	ペケジ<speaker>オ オメエは？！<page><box>	Pekeji: Y-You?!<page><box>	
195:$6684	222:$5AF5	53	フードの男<speaker>ごくろうであった。<page><br> おまえに もう ようはない。<page><box>	Hooded Man: Well done.<page><br>I have no more use for you.<page><box>	
195:$66A9	222:$5B2B	25	ペケジ<speaker>ダ ダマしたなあ<EE>っ！	Pekeji: Y-You tricked me!	
195:$66BA	222:$5B45	86	ペケジ<speaker>ううっ、、。<page><box><delay:1E>フードの男<speaker>フフ 領主（りょうしゅ）<br> さまも きっと およろこびになるで<br> あろう。<page>ハハハハハ！！<page><box>	Pekeji: Ugh...<page><box><delay:1E>Hooded Man: Heh heh.<br>The Lord will be so pleased.<page><br>Ha ha ha ha ha!<page><box>	
195:$6705	222:$5B9C	24	コッパ<speaker><name:00> <name>！<page> ペケジが！<page><box>	Koppa: <name:00>-<name>!<page> Pekeji!<page><box>	
195:$671A	222:$5BB5	16	ペケジ<speaker>ううっ、、。<page><box>	Pekeji: Ugh...<page><box>	
195:$6728	222:$5BC6	31	コッパ<speaker>ペケジ！<page> しっかりしろ！<page>	Koppa: Pekeji!<page> Hang in there!<page>	
195:$673C	222:$5BE6	1	<box>	<box>	
195:$676A	222:$5BE8	16	ペケジ<speaker>うう、、。<page><box>	Pekeji: Ugh...<page><box>	
195:$6777	222:$5BF9	53	ペケジ<speaker>あ あれ？、、。<page><box><delay:1E>サチ<speaker>気を うしなっていたのよ。<page><box>	Pekeji: Wh-What...?<page><box><delay:1E>Sachi: You were unconscious.<page><box>	
195:$679D	222:$5C2F	87	サチ<speaker>、、で あんたたち。<page><br> いったい なにを やらかしたの？<page><box><delay:1E>コッパ<speaker>それは オレたちが<br> ききたいぐらいだよ。<page><box>	Sachi: And you two...<page><br>Just what did you do?<page><box><delay:1E>Koppa: That's what<br>we'd like to know.<page><box>	
195:$67DF	222:$5C87	164	コッパ<speaker>おい ペケジ！<page><box><delay:1E>ペケジ<speaker>、、。<page>すべては<br> アイツが いけねえんだ。<page><box>ペケジ<speaker>財宝とかいって<br> オレをそそのかしたあげく<br> さいごは うらぎりやがって。<page><box>ペケジ<speaker>あのフードを<br> かぶった男め、、。<page><box>	Koppa: Hey, Pekeji!<page><box><delay:1E>Pekeji: ...<page> This is all his<br>fault.<page><box>Pekeji: He lured me in with<br>talk of treasure, then<br>betrayed me in the end.<page><box>Pekeji: That hooded guy...<page><box>	
195:$6854	222:$5D2C	69	オロ<speaker>フードのオトコ？<page><br> 、、そいつぁ もしかして<br> ザガンのことじゃ、、。<page><box><delay:1E>コッパ<speaker>ザガン？<page><box>	Oro: A hooded man?<page><br>Could that have been<br>Zagan...?<page><box><delay:1E>Koppa: Zagan?<page><box>	
195:$688C	222:$5D72	76	サチ<speaker>領主さまの一番の<br> 家来なの。<page>けど なんで<br> そんな人が、、。<page><box>	Sachi: He's the Lord's<br>chief retainer.<page> But why would<br>someone like him...?<page><box>	
195:$68BA	222:$5DBF	98	ヌワンコ<speaker>おい！ たいへんだっ！！<page><box>ヌワンコ<speaker>砂漠が、、<page><br> 砂漠が急に広がって 町のまわり<br> まで すすんでいるンだよ！<page><box>	Nuwanko: Hey! Big trouble!!<page><box>Nuwanko: The desert...<page><br>It suddenly spread all<br>the way around town!<page><box>	
195:$6904	222:$5E22	130	オロ<speaker>急に？、、。<page><br> なンでだ？！<page><box><delay:1E>ワンダ<speaker>わからねえ、、。<page>けど<br> このままいったら そのうち<br> このイルパも 砂漠で、、。<page><box>	Oro: Suddenly...?<page><br>Why?!<page><box><delay:1E>Wanda: No idea...<page><box>Wanda: But at this rate,<br>before long even Ilpa will<br>be swallowed by the desert...<page><box>	
195:$694F	222:$5EA5	39	オロ<speaker>よし！ 見にいこう！<page><box>	Oro: All right! Let's<br>go take a look!<page><box>	
195:$6961	222:$5ECD	76	サチ<speaker>どうしたのかしら？、、。<page><br> 急に砂漠が広がるなんて<br> 今まで なかったのに、、。<page><box>	Sachi: What's going on...?<page><br>The desert has never<br>suddenly spread before...<page><box>	
195:$6996	222:$5F1A	251	ペケジ<speaker>、、も もしかして あの像を<br> とったことが げんいんで、、。<page><box><delay:1E>コッパ<speaker>まさか、、。<page><br> ぐうぜんだよ。そんなの。<page><box><delay:1E>ペケジ<speaker>けど あのフードの男、、。<page><br> あいつ<quoteOpen>ふういんが とかれる<quoteClose>とか<br> なんとか 言ってなかったか？<page><box>ペケジ<speaker>それに ホラ オレが 像を<br> とるまえに 見た、、。<page>	Pekeji: C-Could taking<br>that statue be what caused<br>this...?<page><box><delay:1E>Koppa: No way...<page><br>It must be a coincidence.<page><box><delay:1E>Pekeji: But that hooded guy...<page><br>Didn't he say something about<br>'the seal being broken'?<page><box>Pekeji: And I saw that...<br>before I took the statue...<page>	
195:$6A3C	222:$6016	22	<D5><speaker>とらないで、、。<page>	???: Don't take it...<page>	
195:$6A49	222:$602D	192	ペケジ<speaker>、、けど オレは<br> とってしまった、、。<page><br> そしたら こんなことに、、。<page><box><delay:1E>ペケジ<speaker>やっぱり とっちゃいけない<br> ものだったンだよ！ あれはっ！！<page><box>ペケジ<speaker>はやく とりかえさないと<br> この町も 砂漠に！！<page><box>	Pekeji: ...But I took it.<page><br>And then this happened...<page><box><delay:1E>Pekeji: We never should've<br>taken that thing!!<page><box>Pekeji: We have to get it back<br>fast, or this town will be<br>swallowed by the desert too!!<page><box>	
195:$6AC0	222:$60EE	12	コッパ<speaker><name>ッ！<page><box>	Koppa: <name>!<page><box>	
195:$6ACC	222:$60FB	66	サチ<speaker>ザガンは 魔城の中に、、。<page><br> 東の天守閣にいるわ。<page><box>	Sachi: Zagan is inside<br>the Magic Castle...<page><br>In the eastern keep.<page><box>	
195:$6AF4	222:$613E	30	ペケジ<speaker>ア アニキ！ オレもいく！	Pekeji: B-Bro! I'm coming too!	
195:$6B07	222:$615D	28	ペケジ<speaker>ぐっ、、イテテテテ。<page><box>	Pekeji: Ugh... It hurts...<page><box>	
195:$6B19	222:$617A	138	サチ<speaker>ダメよ アンタは。<page><br> まだ かんぜんに かいふくした<br> ワケじゃないし、、。<page><box>サチ<speaker>それに<br> アンタがいくと また話が<br> ややこしくなりそうだし。<page><box>	Sachi: No, you can't.<page><br>You haven't fully<br>recovered yet...<page><box>Sachi: Besides, if you come,<br>things will probably just<br>get complicated again.<page><box>	
195:$6B6D	222:$6205	28	ペケジ<speaker>ううっ、、。<br> アニキ。すまねえ。<page><box>	Pekeji: Ugh...<br>Sorry, Bro.<page><box>	
195:$6B86	222:$6222	10	サチ<speaker><name>さん。	Sachi: <name>.	
195:$6B90	222:$622D	15	サチ<speaker>とって！<page><box>	Sachi: Catch!<page><box>	
195:$6B9B	222:$623D	51	サチ<speaker>きっと 役に立つと<br> 思うから、、<page>ガンバってね！<page><box>	Sachi: I think it'll<br>come in handy...<page> Good luck!<page><box>	
195:$6BD2	222:$6271	20	<D5><speaker>たいへんだー！！<page><box>	???: Big trouble!!<page><box>	
195:$6BE0	222:$6286	24	ヌワンコ<speaker>たいへんだー！！<page><box>	Nuwanko: Big trouble!!<page><box>	
195:$6BF1	222:$629F	230	メケレレ<speaker>どうした？<page><br> オロといっしょに 砂漠を<br> しらべに いってたンだろ？<page><box>シズ<speaker>砂漠が また<br> どうかなっちゃったの？<page><box>ヌワンコ<speaker>砂漠じゃない！<page><br> 魔城のようすが ヘンなんだよ！<page><br> みんなァ 砂丘まで きてくれ！<page><box>	Mekerere: What happened?<page><br>Weren't you checking<br>the desert with Oro?<page><box>Shizu: Did something else<br>happen to the desert?<page><box>Nuwanko: It's not the desert!<page><br>Something's wrong<br>with the Magic Castle!<page><box>Nuwanko: Everyone,<br>come to the dunes!<page><box>	
195:$6C73	222:$6386	22	メケレレ<speaker>よし！<page><box>	Mekerere: All right!<page><box>	
195:$6C7F	222:$639D	40	コッパ<speaker><name>！<br> オイラたちも いってみようぜ！<page><box>	Koppa: <name>!<br>Let's go see for ourselves!<page><box>	
195:$6C9B	222:$63C6	40	ワンダ<speaker>おい！<br> 見ろ！ 魔城を！！<page><box>	Wanda: Hey!<br>Look at the Magic Castle!!<page><box>	
195:$6CB4	222:$63EF	43	ヌワンコ<speaker>どうなっちまってるンだ？！<br> いったい！<page><box>	Nuwanko: What in the<br>world is happening?!<page><box>	
195:$6CD1	222:$641B	52	ワンダ<speaker>砂漠が広がったのと<br> カンケイがあるのか？！<page><box>	Wanda: Is this connected<br>to the spreading desert?!<page><box>	
195:$6CF2	222:$6450	76	コッパ<speaker><name>、、。<page><box>コッパ<speaker>、、やっぱり<br> 邪神像が げんいんで、、。<page><box>	Koppa: <name>...<page><box>Koppa: It really was the<br>Evil God Statue that caused<br>this...<page><box>	
195:$6D1E	222:$649D	87	コッパ<speaker>いこう！ 魔城へ！<page><br> 邪神像を とりかえしに！<page><box>	Koppa: Let's go to<br>the Magic Castle!<page><box>Koppa: We have to get the<br>Evil God Statue back!<page><box>	
195:$6D57	222:$64F5	153	領主<speaker>やっと 手に入れたぞ！<br> 邪神像を！<page><br> てがらであったな ザガン！<page><box>ザガン<speaker>はっ！<page><box>領主<speaker>姫のようすは？<page><box>ザガン<speaker>とくに かわりは、、。<page><box>	Lord: At last, I have it!<br>The Evil God Statue!<page><br>Fine work, Zagan!<page><box>Zagan: Yes, my Lord!<page><box>Lord: How is the Princess?<page><box>Zagan: No change<br>in her condition.<page><box>	
195:$6DB3	222:$658F	91	領主<speaker>しんにゅうしゃは ぜったいに<br> ゆるしてはいかん。<page><box>ザガン<speaker>こころえておりまする。<br> では。<page><box>	Lord: Intruders must never<br>be allowed to escape.<page><box>Zagan: Understood.<br>If you'll excuse me.<page><box>	
195:$6DEC	222:$65EB	241	おつきのもの<speaker>あの、、領主さま。<br> この像は いったい？、、。<page><box>領主<speaker>これは われの ゆめを<br> かなえてくれる もの、、。<page><box>おつきのもの<speaker>領主さまの？、、。<page><box>領主<speaker>フフフ、、あとは<br> まん月の夜を 待つばかり。<page><br> ふっかつの日も 近い、、。<page><box>	Attendant: My Lord...<br>Just what is this statue...?<page><box>Lord: It will make<br>my dream come true...<page><box>Attendant: Your dream...?<page><box>Lord: Heh heh... All that<br>remains is to await the<br>night of the full moon.<page><box>Lord: The day of<br>resurrection draws near...<page><box>	
195:$6E7D	222:$66DD	121	<D5><speaker>、、それは、、<page><br> 、、はい、、、、。<page><box>姫<speaker>それでは、、。<page><box><D5><speaker>シッ、、だれか きます。<page><br> また のちほど、、。<page><box>	???: ...That is...<page><br>Yes... I understand...<page><box>Princess: Then...<page><box>???: Shh... Someone's coming.<page><br>We will continue later...<page><box>	
195:$6EC1	222:$6757	22	姫<speaker>だれ？<page><box>	Princess: Who is it?<page><box>	
195:$6ECB	222:$676E	51	ザガン<speaker>ザガンでございます。<br> 姫さま。<page><box>姫<speaker>入りなさい、、。<page><box>	Zagan: It is Zagan, Princess.<page><box>Princess: Enter...<page><box>	
195:$6EF3	222:$67A2	268	姫<speaker>どうしたのです？<page><box>ザガン<speaker>領主さまが<br> およびでございます。<page><box>姫<speaker>父上が？、、。<page><box>ザガン<speaker>はい。<page>しばらくしたら<br> くるように と、、。<page><box>姫<speaker>、、わかりました。<br> さがりなさい。<page><box>ザガン<speaker>、、アテカ姫。<page><box>アテカ<speaker>なんです？<page><box>ザガン<speaker>、、きくところによると<br> あのものたちを にがしたのは<br> 姫だとか、、。<page><box>	Princess: What is it?<page><box>Zagan: The Lord summons you.<page><box>Princess: Father...?<page><box>Zagan: Yes.<page> He asks that you<br>come shortly...<page><box>Princess: Understood.<br>You may go.<page><box>Zagan: ...Princess Ateka.<page><box>Ateka: What is it?<page><box>Zagan: I hear it was<br>you who allowed those<br>people to escape...<page><box>	
195:$6FA8	222:$68AF	111	アテカ<speaker>、、そなたには<br> かんけいのないこと。<page><box>ザガン<speaker>ほお、、<page>ところで さいきん<br> 領主さまの ぐあいなどは<br> いかがなものか？<page><box>	Ateka: That is none<br>of your concern.<page><box>Zagan: Oh...?<page><box>Zagan: By the way, how<br>has the Lord been feeling<br>lately?<page><box>	
195:$6FF2	222:$691F	194	アテカ<speaker>そ それは、、<page>そなたたちの<br> ほうが よくぞんじておろう！<page><box>ザガン<speaker>ククク、、領主さまは<br> だいじな お体、、。<page><box>ザガン<speaker>行動には くれぐれも<br> 気をつかいなさいませ。<page><br> では。<page><box>	Ateka: Y-You...<page><box>Ateka: You and the<br>others should know<br>that better than I do!<page><box>Zagan: Heh heh... The Lord's<br>health is most precious...<page><box>Zagan: Be especially<br>careful in your actions.<page><br>Farewell.<page><box>	
195:$705F	222:$69E2	19	アテカ<speaker>父上、、。<delay:78><box>	Ateka: Father...<delay:78><box>	
195:$7075	222:$69F6	22	サチ<speaker>だいじょうぶ？<page><box>	Sachi: Are you okay?<page><box>	
195:$7083	222:$6A0D	29	サチ<speaker><name>さん！ はい これ！<page><box>	Sachi: <name>!<br>Here, take this!<page><box>	
195:$7096	222:$6A2B	45	サチ<speaker>たいへんだけど<br> がんばってね！<page><box>	Sachi: I know this is<br>hard, but keep going!<page><box>	
195:$70C7	222:$6A59	92	コッパ<speaker>ちょっと 待って、。<page><box>コッパ<speaker>なんだか<br> イキぐるしくてサァ、、。<page><br> ダメだァ、、さきに すすめネェ。<page><box>	Koppa: Wait a second...<page><box>Koppa: It's getting<br>hard to breathe...<page><br>I can't go any farther...<page><box>	
195:$7106	222:$6AB6	72	コッパ<speaker>ハアハア、、どうしてだろ？<page><br> こんなところで ぐあいワルくなる<br> なんて、、。<page><box>	Koppa: Pant, pant... Why now?<page><br>Why would I suddenly<br>feel sick here...?<page><box>	
195:$7136	222:$6AFF	15	アテカ<speaker>あっ！、、。<page><box>	Ateka: Ah...!<page><box>	
195:$7144	222:$6B0F	77	コッパ<speaker>だれかを よびにいったのかも<br> しれない、、。<page>ここにいちゃ<br> マズイよ。<name>。<page><box>	Koppa: She may have<br>gone to call someone...<page><box>Koppa: We can't stay<br>here, <name>.<page><box>	
195:$7174	222:$6B5D	111	アテカ<speaker>、、やっぱり。<page>レイキに<br> おかされてたのね。<page>魔城の中は<br> とくに ひどいから、、。<page><box>	Ateka: I knew it.<page><box>Ateka: The evil<br>aura got to you.<page><box>Ateka: It's especially strong<br>inside the Magic Castle...<page><box>	
195:$71AA	222:$6BCD	133	アテカ<speaker>、、もうすこしで おわるから<br> ジッとしててね。<page><box><delay:3C>コッパ<speaker>、、よかった。<page><br> やっぱり アンタ<br> わるいヒトじゃ なさそうだ。<page><box><delay:1E>アテカ<speaker>え？<page><box><delay:1E>	Ateka: I'm almost<br>finished, so hold still.<page><box><delay:3C>Koppa: ...That's better.<page><br>I knew you didn't seem<br>like a bad person.<page><box><delay:1E>Ateka: What?<page><box><delay:1E>	
195:$7202	222:$6C53	118	コッパ<speaker>イルパの町じゃ いろいろな<br> ウワサが とび回ってるけど<br> そんなことない。<page><box>コッパ<speaker>このあいだだって にがして<br> くれたし、、。<page><box>	Koppa: All kinds of rumors<br>are going around Ilpa,<br>but they can't be true.<page><box>Koppa: You helped us<br>escape before too...<page><box>	
195:$724F	222:$6CCA	121	アテカ<speaker>、、あとは このやく草を<br> のんでおけば だいじょうぶ。<page><box>アテカ<speaker>しばらくすれば<br> うごけるように なるわ。<page><br> あと、、<page><box>	Ateka: Consume this Herb<br>and you'll be all right.<page><box>Ateka: You should be<br>able to move again soon.<page><br>And one more thing...<page><box>	
195:$7297	222:$6D44	104	アテカ<speaker>うごけるように なったら<br> すぐに ここから にげて。<page><box>アテカ<speaker>ここは すごくキケンな<br> ところだから、、<page>おねがい。<page><box>	Ateka: As soon as you can<br>move, get out of here.<page><box>Ateka: This place is<br>extremely dangerous...<page><br>Please.<page><box>	
195:$72DC	222:$6DAD	18	コッパ<speaker>あっ ちょっ、、	Koppa: Ah, wait...	
195:$72EA	222:$6DC0	1	<box>	<box>	
195:$72EC	222:$6DC2	90	コッパ<speaker>だよね、、いまさら<br> ひきかえせないよね。<page>あの像を<br> なんとか とりかえさなきゃ。<page><box>	Koppa: Right... We<br>can't turn back now.<page><box>Koppa: We have to get<br>that statue back somehow.<page><box>	
195:$731F	222:$6E1D	56	コッパ<speaker>、、うん。だいじょうぶ。<page><br> もう あるけるから、、いこう。<page><box>	Koppa: ...Yeah. I'm okay.<page><br>I can walk again. Let's go.<page><box>	
195:$7351	222:$6E56	38	コッパ<speaker><name>！ あそこに<br> おいてあるの、、そうじゃないか？<page><box>	Koppa: <name>!<br>Isn't that it over there?<page><box>	
195:$7373	222:$6E7D	97	コッパ<speaker>、、まちがいない。<page><br> フードの男が 邪神像って<br> よんでいた あの像だよ！<page><box>	Koppa: There's no mistake.<page><box>Koppa: That's the statue<br>the hooded man called<br>the Evil God Statue!<page><box>	
195:$73A6	222:$6EDF	12	コッパ<speaker>うわっ！	Koppa: Whoa!	
195:$73B0	222:$6EEC	55	ザガン<speaker>ワシのことかな？<br> フードの男とは。ククク。<page><box>	Zagan: I assume you mean<br>me by 'hooded man.' Heh heh.<page><box>	
195:$73CF	222:$6F24	98	ザガン<speaker>おまえたちは<br> あの時の、、。<page><box><delay:1E>ザガン<speaker>なるほど。邪神像を<br> とりかえしに きたというワケか。<page><box>	Zagan: You are the<br>ones from before...<page><box><delay:1E>Zagan: I see. You came to<br>reclaim the Evil God Statue.<page><box>	
195:$740E	222:$6F87	273	ザガン<speaker>、、ほお このワシを<br> たおしてでも とりかえすって<br> カオつきだな。<page><box><delay:3C>ザガン<speaker>よかろう。あいてに<br> なってやる。しかし ククク、、<page><br> フードの男、、ねえ。<page><box>ザガン<speaker>このワシが ほんとうにこんな<br> チンケな すがたを していると<br> 思っているのかねェ？！<page><box>ザガン<speaker>みせてやろう！<br> ワシの ほんとうのすがたを！！<br> ワハハハハ！！<page><box>	Zagan: Oh? You look ready<br>to defeat me if that's what<br>it takes to get it back.<page><box><delay:3C>Zagan: Very well. I'll<br>face you. But heh heh...<page><br>'Hooded man,' you say.<page><box>Zagan: Do you truly believe<br>this pathetic form is<br>my real appearance?!<page><box>Zagan: Behold!<br>My true form!!<br>Wah ha ha ha!!<page><box>	
195:$74CA	222:$7099	117	ザガン<speaker>こりずに またきたか。<br> ククク。<page><box>ザガン<speaker>なんど やっても<br> おなじだがな。<page><box>	Zagan: Back again? You<br>never learn. Heh heh.<page><box>Zagan: No matter how<br>many times you try, the<br>result will be the same.<page><box>	
195:$74FB	222:$710F	63	ザガン<speaker>たたきのめして やるワ！<br> もう にどと これないようにな！！<page><box>	Zagan: I'll crush you so badly<br>you'll never come back again!!<page><box>	
195:$7558	222:$714F	16	ザガン<speaker>グルルル、、。<page><box>	Zagan: Grrr...<page><box>	
195:$7567	222:$7160	84	コッパ<speaker>おい！ まだ<br> くたばるンじゃ ねえぞ！<page><box><delay:1E>コッパ<speaker>おまえには ききたいことが<br> たくさん あるんだ！<page><box>	Koppa: Hey! Don't<br>you die on us yet!<page><box><delay:1E>Koppa: We have a lot<br>of questions for you!<page><box>	
195:$75A5	222:$71B5	96	コッパ<speaker>邪神像って<br> いったい なんなんだ？！<page><box><delay:1E>コッパ<speaker>おまえら あれつかって<br> なにを たくらんで、、<page><box>	Koppa: What exactly is<br>the Evil God Statue?!<page><box><delay:1E>Koppa: What are you<br>planning to do with it...?<page><box>	
195:$75E4	222:$7216	14	コッパ<speaker>うわっ！<page><box>	Koppa: Whoa!<page><box>	
195:$75F0	222:$7225	34	ザガン<speaker>グオオッ、、<page><br> りょ 領主さま、、なぜ？<page><box>	Zagan: Guh...<page><br>M-My Lord... Why?<page><box>	
195:$760F	222:$7248	46	ザガン<speaker>、、領、、主、、<br> おのれ、、キュラス、、め、、。<page><box>	Zagan: ...My... Lord...<br>Damn you... Curas...<page><box>	
195:$7632	222:$7277	18	ザガン<speaker>グワワワッ！！<page><box>	Zagan: Graaagh!!<page><box>	
195:$7641	222:$728A	40	<D5><speaker>、、あまり役に立たない<br> ヤツだったな。<page><box>	???: He was not very<br>useful after all.<page><box>	
195:$765D	222:$72B3	76	領主<speaker>ワルイことは いわん。<br> 邪神像さえ かえせば<br> みのがして やろう。<page><box><delay:1E>	Lord: Take my advice.<br>Return the Evil God Statue,<br>and I will let you go.<page><box><delay:1E>	
195:$768E	222:$7300	71	コッパ<speaker>だれがっ、、かえすもンか！<page><box><delay:1E>領主<speaker>ならば しかたない、、。<page><box><delay:1E>	Koppa: Like heck<br>we'll return it!<page><box><delay:1E>Lord: Then I have no choice...<page><box><delay:1E>	
195:$76BB	222:$7348	16	コッパ<speaker><name:00> <name>！！<page><box>	Koppa: <name:00>-<name>!!<page><box>	
195:$76CA	222:$7359	79	領主<speaker>ザガンと おなじだと<br> 思うのか？！<page><box>コッパ<speaker><name>！！<br> だ だいじょうぶか？<page><box>	Lord: Do you think I am<br>no stronger than Zagan?!<page><box>Koppa: <name>!!<br>A-Are you okay?<page><box>	
195:$76FD	222:$73A9	45	コッパ<speaker>！、、<page>な なあ<br> うごいてくれ！ たのむよっ！！<page><box>	Koppa: ...!<page><box>Koppa: Come on, move!<br>Please!!<page><box>	
195:$771E	222:$73D7	19	コッパ<speaker>く、、くそっ！<page><box>	Koppa: D-Damn it!<page><box>	
195:$772D	222:$73EB	119	コッパ<speaker>ギャアアァァ！！<page><box><delay:1E>領主<speaker>フフフ、、バカめ！<br> すなおに わたしておれば<br> キズつかぬものを、、。<page><box><delay:1E>	Koppa: Aaaagh!!<page><box><delay:1E>Lord: Ha ha... You fool!<page><box>Lord: You would not have<br>been hurt if you had<br>simply handed it over...<page><box><delay:1E>	
195:$776D	222:$7463	15	コッパ<speaker>ぐおっ、、。<page><box>	Koppa: Ugh...<page><box>	
195:$777B	222:$7473	16	アテカ<speaker>あっ、、。<page><box><delay:1E>	Ateka: Ah...<page><box><delay:1E>	
195:$778A	222:$7484	66	コッパ<speaker>キミは！、、<page><box><delay:1E>コッパ<speaker>た たのむ、、その、、像を<br> オイラに、、。<page><box><delay:1E>	Koppa: You...!<page><box><delay:1E>Koppa: P-Please... Give<br>that statue to me...<page><box><delay:1E>	
195:$77BA	222:$74C7	110	コッパ<speaker>！！、、ど どうして？！<page><box>コッパ<speaker>た たのむよ、、<br> それをもっていかないと、、<br> 町が砂漠に うもれて、、。<page><box>	Koppa: Wh-Why?!<page><box>Koppa: Please...<page><box>Koppa: If we don't take<br>it back, the town will be<br>buried by the desert...<page><box>	
195:$77FE	222:$7536	14	コッパ<speaker>ああっ、、。<page><box>	Koppa: No...<page><box>	
195:$780C	222:$7545	67	領主<speaker>フハハハハハ！！<br> 姫よ。よくやった。<page><br> それでこそ わがむすめ。<page><box>	Lord: Ha ha ha ha ha!!<br>Well done, Princess.<page><br>That is my daughter.<page><box>	
195:$7838	222:$7589	17	コッパ<speaker><name:00> <name>！<page><box><delay:1E>	Koppa: <name:00>-<name>!<page><box><delay:1E>	
195:$7848	222:$759B	157	領主<speaker>フフフ、、わざわざ トドメを<br> さされに くるとはな。<page><br> それも よかろう、、。<page><box>領主<speaker>このわかものの たましいも<br> わが邪神への血とならん！！<page><box>	Lord: Heh heh... You<br>came all this way to<br>receive the final blow.<page><box>Lord: So be it...<page><box>Lord: This young man's<br>soul shall also become<br>blood for my Evil God!!<page><box>	
195:$78A1	222:$7639	8	ド<D6><D7><D7><D7><D7><D7><D7><D7><D7><D7><D8>ン！！	BOOOOM!!	
195:$78B1	222:$7642	74	領主<speaker>グワッ！<br> め<page> 目が 見えんっ！！<page><br> なにをしたっ！！<page><box>	Lord: Gah!<br>My...<page><box>Lord: My eyes! I cannot see!!<page><box>Lord: What did you do?!<page><box>	
195:$78D9	222:$768D	32	コッパ<speaker>！！、、お竜（リュウ）？！<br> なぜ ここに？！<br>	Koppa: Oryu?!<br>Why are you here?!	
195:$78FA	222:$76AE	25	お竜<speaker>話は あとでッ！！	Oryu: We can talk later!!	
196:$4026	222:$76C8	44	サチ<speaker>あ、、<page>気がついた。<page><br> だいじょうぶ？<page><box>	Sachi: Oh...<page> You're awake.<page><br>Are you okay?<page><box>	
196:$4042	222:$76F5	101	サチ<speaker>よかった、、いちじは<br> どうなるかと 思ったけど、、。<page><br> 三日も ねてたのよ。<page><box>	Sachi: Thank goodness...<br>I was afraid of<br>what might happen.<page><box>Sachi: You were<br>asleep for three days.<page><box>	
196:$4074	222:$775B	61	ペケジ<speaker>サッちゃん。やく草 かって<br> きたんだけど これでいい、、<page><box>	Pekeji: Sachi, I<br>bought the Herb.<br>Is this the right one...?<page><box>	
196:$409A	222:$7799	45	ペケジ<speaker>あっ！ ア アニキィッ！<page><br> 気がついたんだ！<br> うおおお<EF><EF><EF><EF><EF><EF><EF><hspace:01>っ！<page><box>	Pekeji: Ah! B-Bro!!<page><br>You're awake!<br>Waaaaah!<page><box>	
196:$40CB	222:$77C7	59	ペケジ<speaker>ホントに よかったあ！！<br> オレ てっきり もう<br> しんじまうんじゃないかと、、。<page><box>	Pekeji: I'm so glad!!<br>I was sure you<br>were going to die...<page><box>	
196:$40FC	222:$7803	78	サチ<speaker>バカッ！！ ダメよ！ いきなり<br> だきついちゃ！！<page> さっき おきた<br> ばっかりなのよ！<page><box>	Sachi: Idiot!! Don't hug<br>him all of a sudden!!<page><box>Sachi: He only just woke up!<page><box>	
196:$412F	222:$7852	54	ペケジ<speaker>えっ？<page><box>ペケジ<speaker>うわっ！！ ゴ ゴメン！！<br> だ だいじょうぶかい？<page><box>	Pekeji: Huh?<page><box>Pekeji: Whoa!! S-Sorry!!<br>Are you okay?<page><box>	
196:$415B	222:$7889	37	ペケジ<speaker>わ<D6><D8>っ！！ アニキーッ！！<br> なんとか いってくれ<D6><D8>っ！！<page><box>	Pekeji: Aah!! Bro!!<br>Say something!!<page><box>	
196:$4182	222:$78AF	20	ペケジ<speaker>アニキッ！ アニキーッ！！<page><box>	Pekeji: Bro! Bro!!<page><box>	
196:$4197	222:$78C4	18	ペケジ<speaker>ワ<D6><D7><D7><D7><D8>ッ！！<page><box>	Pekeji: Waaaah!!<page><box>	
196:$41A8	222:$78D7	18	ペケジ<speaker>ワ<D6><D7><D7><D7><D8>ッ！！<page><box>	Pekeji: Waaaah!!<page><box>	
196:$41B9	222:$78EA	293	ペケジ<speaker>め 目が さめたのか？、、<br> よかったァ、、。<page>ゴメンな アニキ。<br> だ だいじょうぶかい？<page><box>ペケジ<speaker>しかし お竜が<br> アニキたちを かついで 入ってきた<br> ときは ホント ビックリしたよ。<page><box>ペケジ<speaker>えっ？ お竜？<page><br> あとはたのむっていって すぐに<br> どっか いっちまったけど、、。<page><box>ペケジ<speaker>、、ま とにかく アニキが<br> 元気になってくれたから<br> よかったよ。<page><box>	Pekeji: Y-You're awake?<br>Thank goodness...<page> Sorry, Bro.<br>Are you okay?<page><box>Pekeji: I was really<br>shocked when Oryu carried<br>all of you in here.<page><box>Pekeji: Huh? Oryu?<page><box>Pekeji: She said, 'I'll<br>leave the rest to you,'<br>then took off somewhere...<page><box>Pekeji: Anyway, I'm just glad<br>you're feeling better, Bro.<page><box>	
196:$4282	222:$7A10	142	サチ<speaker>あとは このコね、、。<page><box><delay:1E>サチ<speaker>まだ いしきが ない<br> みたいなの。<page>どうして こんな<br> ひどい目に、、。<page><box>	Sachi: Now there's this girl...<page><box><delay:1E>Sachi: She still hasn't<br>regained consciousness.<page><box>Sachi: How did she end up in<br>such terrible condition...?<page><box>	
196:$42C2	222:$7A9F	26	サチ<speaker>で やく草は？<page><box>	Sachi: Where's the Herb?<page><box>	
196:$42D1	222:$7ABA	27	ペケジ<speaker>あっ！ そうだった！<page><box>	Pekeji: Oh! That's right!<page><box>	
196:$42E3	222:$7AD6	118	ペケジ<speaker>はい これ！<page><box><delay:1E>サチ<speaker>、、、、。<page><br> どく草 かってきて<br> どうすンのよ！<page> やりなおし！<page><box>	Pekeji: Here it is!<page><box><delay:1E>Sachi: ...<page><box>Sachi: What am I supposed<br>to do with Poison Grass?!<page><box>Sachi: Go get the right one!<page><box>	
196:$431C	222:$7B4D	17	<delay:1E>ペケジ<speaker>ひえ<EF><EF><EF><hspace:01>！！	<delay:1E>Pekeji: Yikes!!	
196:$432D	222:$7B5F	15	コッパ<speaker>ううっ、、。<page><box>	Koppa: Ugh...<page><box>	
196:$433B	222:$7B6F	251	サチ<speaker>だいじょうぶ？<page> 苦しい？<page><box><delay:3C>コッパ<speaker>、、はやく、、いっこくも<br> はやく 邪神像を、、<page><br> 領主を たおさな、、きゃ、。<page><box><delay:1E>サチ<speaker>いま うごいちゃダメよ。<br> じっと してなきゃ。<page><box><delay:3C>コッパ<speaker>ううっ、、。<page><box><delay:5A>サチ<speaker>かわいそうに、、。<page><box>	Sachi: Are you okay?<page><box>Sachi: Are you in pain?<page><box><delay:3C>Koppa: ...Hurry... We have<br>to get the Evil God<br>Statue back at once...<page><box>Koppa: We have to...<br>defeat the Lord...<page><box><delay:1E>Sachi: Don't move now.<br>You have to lie still.<page><box><delay:3C>Koppa: Ugh...<page><box><delay:5A>Sachi: Poor thing...<page><box>	
196:$43CB	222:$7C6B	33	ゴト<speaker>どうだ 砂漠のようすは？<page><box>	Goto: How does<br>the desert look?<page><box>	
196:$43E0	222:$7C8D	79	ワンダ<speaker>ダメだ。<br> かくじつに 広がっている。<page><box><delay:1E>ゴト<speaker>う<EE>ん、、。<br> ちょっと ヤバイかもな。<page><box>	Wanda: Bad.<br>It's definitely spreading.<page><box><delay:1E>Goto: Hmm...<br>This could be serious.<page><box>	
196:$4424	222:$7CDD	72	アモカチ<speaker>そのうち<br> この町も 砂漠に<br> のまれちまうのかなあ、、。<page><box>	Amokachi: Will this town<br>eventually be swallowed<br>by the desert too...?<page><box>	
196:$444D	222:$7D26	81	メケレレ<speaker>どうする？<br> ひっこしでも するか？<page><box><delay:1E>シズ<speaker>にげる ばしょなんて<br> ないわよォ。<page><box>	Mekerere: What do we do?<br>Should we move away?<page><box><delay:1E>Shizu: There's nowhere to<br>run.<page><box>	
196:$4482	222:$7D78	76	ヌワンコ<speaker>なんで こんなことに<br> なっちまったンだろ？！<page><box><delay:1E>ライ<speaker>やはり 領主さまが、、。<page><box>	Nuwanko: How did things<br>ever get this bad?!<page><box><delay:1E>Rai: It must be the Lord...<page><box>	
196:$44B8	223:$4000	591	シズ<speaker>いや あの姫さまよ。<page><br> アテカ姫が ワルさしてるに<br> ちがいないわよ。<page><box>シズ<speaker>だって わたし<br> きいたことが あるンだもの。<page><box>シズ<speaker>領主さまの だいだい<br> うけつがれてきた<br> せいなる血は<page><box>シズ<speaker>時として フシギな<br> ちからを もつものが<br> 生まれてきたんだけども<page><box>シズ<speaker>むかし それを<br> アクヨウしたものも<br> いたらしくて<page><box>シズ<speaker>フシギなちからを つかって<br> ヤミをひきこみ 魔物の城に<br> かえたことがあったんだってさ。<page><box>シズ<speaker>だから 今もきっと。<page><box><delay:1E>ヌワンコ<speaker>じゃあ なにかい？<page><box>ヌワンコ<speaker>アテカ姫を<br> なんとかすれば イルパもまた<br> もとどおりに？<page><box>	Shizu: No, it's that Princess.<page><br>Princess Ateka<br>must be behind this.<page><box>Shizu: I heard something<br>once.<page><box>Shizu: The Lord's sacred<br>blood has been passed<br>down for generations.<page><box>Shizu: Sometimes someone<br>with a mysterious power<br>was born into the bloodline.<page><box>Shizu: Long ago, one of<br>them apparently used<br>that power for evil.<page><box>Shizu: They used their strange<br>power to summon darkness.<page><box>Shizu: They turned the castle<br>into a den of monsters.<page><box>Shizu: So I'm sure that's<br>what's happening now.<page><box><delay:1E>Nuwanko: What are you<br>saying?<page><box>Nuwanko: If we do something<br>about Princess Ateka, Ilpa<br>will return to normal?<page><box>	
196:$45F2	223:$4250	148	アモカチ<speaker>なんとかすればって<br> いうけど、、どうするんだ？<page><br> 魔城に いくのか？<page><box>アモカチ<speaker>オレは ヤダぞ。<br> あんなブッソウなとこ。<page><box>	Amokachi: You say 'do<br>something,' but what<br>exactly?<page><box>Amokachi: Are we going<br>to the Magic Castle?<page><box>Amokachi: Count me out.<br>That place is dangerous.<page><box>	
196:$463E	223:$42E5	75	メケレレ<speaker>オレも、、<page>ヤダな。<page><box><delay:1E>ヌワンコ<speaker>どうしよう、、。<page><box><delay:1E>ライ<speaker>、、、、、、。<page><box>	Mekerere: Me too...<page> No thanks.<page><box><delay:1E>Nuwanko: What do we do...?<page><box><delay:1E>Rai: ...<page><box>	
196:$468A	223:$4331	22	お竜<speaker>すべては、、。	Oryu: Everything is...	
196:$4697	223:$4348	39	お竜<speaker>すべては これから、、。<page><box>	Oryu: Everything<br>is about to begin...<page><box>	
196:$46AB	223:$4370	62	お竜<speaker>このままだと今より もっと<br> よくないことが おきるわ、、。<page><box>	Oryu: If this continues,<br>something even<br>worse will happen...<page><box>	
196:$46D2	223:$43AF	208	お竜<speaker>、、町の人たちが<br> いってたでしょ？<page> アテカ姫が<br> げんいんじゃないかって、、。<page><box>お竜<speaker>アテカ姫を なんとかすれば<br> 町は 元どおりになるって、、。<page><br> あれ、、まちがっていないと思う。<page><box>	Oryu: You heard the<br>townspeople, didn't you?<page><box>Oryu: They think Princess<br>Ateka is the cause...<page><box>Oryu: They said the town<br>will return to normal if<br>someone deals with her...<page><box>Oryu: I don't think<br>they're wrong.<page><box>	
196:$4742	223:$4480	50	お竜<speaker>すべての カギは<br> アテカ姫に あるわ、、。<page><box>	Oryu: Princess Ateka is<br>the key to everything...<page><box>	
196:$4761	223:$44B3	204	お竜<speaker>、、今は 時をあらそう。<page><br> だから くわしくは<br> 言えないけど、、。<page><box>お竜<speaker><name>、、<page>おねがい。<page><br> きょうりょくして くれる？<page><box>お竜<speaker>姫を、、<page>あのコを魔城から<br> 助けだして あげたいの。<page><box>	Oryu: Time is running out.<page><br>I can't explain<br>everything right now...<page><box>Oryu: <name>...<page><box>Oryu: Please.<page><br>Will you help me?<page><box>Oryu: I want to<br>rescue the Princess...<page><box>Oryu: To save that girl<br>from the Magic Castle.<page><box>	
196:$47D6	223:$4580	141	お竜<speaker>たしかに すべては<br> 領主とアテカ姫のふたりが<br> ひきおこして いることよ。<page><box>お竜<speaker>邪神像だって あのコが<br> 領主に わたさなければ、、。<page><box>	Oryu: It's true the Lord<br>and Princess Ateka<br>caused all of this.<page><box>Oryu: Even the Evil God<br>Statue is there because<br>she gave it to the Lord...<page><box>	
196:$482E	223:$460E	38	お竜<speaker>だけど おねがい。<page><br> あのコを しんじてあげて、、。<page><box>	Oryu: But please.<page><br>Believe in her...<page><box>	
196:$4851	223:$4635	32	お竜<speaker>じゃ、、<page><br> わたし いくから、、。<page><box>	Oryu: Well...<page><br>I have to go...<page><box>	
196:$486B	223:$4656	182	領主<speaker>つぎの まん月の夜。<br> いよいよ ぎしきを おこなう。<page><box>領主<speaker>ばしょは<br> 大天守閣（だいてんしゅかく）！<page><box>領主<speaker>よいか！ ぎしきの あいだは<br> くれぐれも ジャマものが 入らぬ<br> ようにな！<page><box>	Lord: On the night of the<br>next full moon, we will<br>finally perform the ritual.<page><box>Lord: It will take place<br>in the Castle Keep!<page><box>Lord: Make certain no one<br>interferes during the ritual!<page><box>	
196:$48E4	223:$470D	366	領主<speaker>ククク、、やっと<br> この時が きたのだ。<page>いよいよ<br> ふっかつの時が、、。<page><box>領主<speaker>姫よ。<page><br> おまえの ぎしきでの役目、、<br> わかっておるで あろうな？<page><box><delay:1E>アテカ<speaker>、、、、、、。<page><box>領主<speaker>ククク、、どうせ<br> おまえも そのしゅんかんを<br> ねらっているのだろうが、、<page><box>領主<speaker>はたして うまくいくかな？<page><box><delay:1E>アテカ<speaker>、、、、、、。<page><box>領主<speaker>ククク、、このぎしきには<br> ワシの命も かかっておるのだ。<br> しっかりたのんだぞ。<page><box>	Lord: Heh heh... The<br>time has finally come.<page><box>Lord: The time of<br>resurrection is upon us...<page><box>Lord: Princess.<page><br>You understand your role<br>in the ritual, do you not?<page><box><delay:1E>Ateka: ...<page><box>Lord: Heh heh... I know you<br>are waiting for that moment<br>too...<page><box>Lord: But will<br>your plan succeed?<page><box><delay:1E>Ateka: ...<page><box>Lord: Heh heh... My life is<br>also at stake in this ritual.<br>Do your part well.<page><box>	
196:$49D7	223:$487C	26	領主<speaker>フハハハハハハ！！<page>	Lord: Ha ha ha ha ha ha!!<page>	
196:$4A00	223:$4897	15	ペケジ<speaker>アニキ<EF><EF><EF><hspace:01>！！	Pekeji: Brooo!!	
196:$4A10	223:$48A7	82	ペケジ<speaker>ハアハアハアハア、、<page><br> みずくせえじゃねえか。ひとりで<br> いくなんてよォ、、。<page><box>	Pekeji: Pant, pant, pant...<page><br>Going alone without telling<br>me? That's cold, Bro...<page><box>	
196:$4A40	223:$48FA	178	ペケジ<speaker>オレも いくぜ。アニキ。<page><br> ケガなら もう だいじょうぶ。<page><box>ペケジ<speaker>それに<br> オレ ゆるせねえんだ！<page><box>ペケジ<speaker>コッパを あんな目に<br> あわせたヤツラが！<page> だから！<page><box>	Pekeji: I'm coming too, Bro.<page><br>My injuries are<br>all better now.<page><box>Pekeji: Besides, I<br>can't forgive them!<page><box>Pekeji: Not after what<br>they did to Koppa!<page><box>Pekeji: That's why I'm<br>coming!<page><box>	
196:$4AA0	223:$49AD	55	ペケジ<speaker>さっ こんなとこで モタモタ<br> してないでいこうぜ！ アニキ！<page><box>	Pekeji: Come on! Let's quit<br>wasting time and go, Bro!<page><box>	
196:$4AC7	223:$49E5	75	ペケジ<speaker>なあ アニキ。<page>ここは<br> いっしょに 行動しないほうが<br> いいと 思うんだよ。<page><box>	Pekeji: Listen, Bro.<page><box>Pekeji: I don't think we<br>should stay together here.<page><box>	
196:$4AF9	223:$4A31	71	ペケジ<speaker>まず オレが オトリになる。<page><br> アニキは スキをみて 先に<br> すすんでくれ。<page><box>	Pekeji: I'll act as the decoy.<page><br>When you see an<br>opening, go on ahead.<page><box>	
196:$4B29	223:$4A79	162	ペケジ<speaker>心配すんなよォ。<br> だいじょうぶだってばっ。<page><box>ペケジ<speaker>こうみえても がんじょうに<br> できているンだぜ！ じゃあな！<page><box>ペケジ<speaker>へっ 魔城のモンスター<br> なんて ちょろいちょろい。<page><box>	Pekeji: Don't worry.<br>I'll be fine!<page><box>Pekeji: I may not look it,<br>but I'm built tough! See you<br>later!<page><box>Pekeji: The monsters in this<br>castle will be a piece of<br>cake.<page><box>	
196:$4B91	223:$4B1C	44	ペケジ<speaker>ぐわっ！<page><box><delay:1E>ペケジ<speaker>なんのっ！ これしき！<page><box>	Pekeji: Gwah!<page><box><delay:1E>Pekeji: That was nothing!<page><box>	
196:$4BB1	223:$4B49	14	ペケジ<speaker>ひえっ！<page><box>	Pekeji: Eek!<page><box>	
196:$4BBD	223:$4B58	18	ペケジ<speaker>きゃー！<delay:05><page><box>	Pekeji: Aaaah!<delay:05><page><box>	
196:$4BCB	223:$4B6B	16	ペケジ<speaker>やめて<EE>！<page><box>	Pekeji: Stop!!<page><box>	
196:$4BD8	223:$4B7C	19	ペケジ<speaker>た 助けて、、。<page><box>	Pekeji: H-Help...<page><box>	
196:$4BFF	223:$4B90	42	魔城兵<speaker>よし。かわりないな。<page><box>	Rookie Guard: Good.<br>Nothing has changed.<page><box>	
196:$4C14	223:$4BBB	120	魔城兵<speaker>しかしよぉ<br> ここの城って ドンデンがえしが<br> おおすぎないか？<page><box>魔城兵<speaker>まよっちまうよ<br> これじゃ。<page><box>	Rookie Guard: Still,<br>doesn't this castle have<br>too many secret passages?<page><box>Rookie Guard: It's enough<br>to get anyone lost.<page><box>	
196:$4C58	223:$4C34	52	魔城兵<speaker>ボヤくんじゃねえよ。<br> つぎ いくぞ。<page><box>	Rookie Guard:<br>Quit complaining.<br>Let's keep moving.<page><box>	
196:$4C76	223:$4C69	451	アテカ<speaker>、、ぎしきが はじまったら<br> わたし きっと きおくが<br> なくなると思うの。<page>だから、、。<page><box>お竜<speaker>だいじょうぶ。<page>あなたも<br> そうだし お父さまの ことも<br> かならず、、。<page><box>お竜<speaker>それに、、<page><name>も きっと<br> きてくれる、、。<page><box>アテカ<speaker><name>さん？、、<page><br> あの方が、、。<page><box>お竜<speaker>うん。ああみえても<br> たよりに なるのよ。<page><box>お竜<speaker>いざと いうときには<br> ものすごく こんじょう出す<br> ヤツだし。<page><box>アテカ<speaker>、、お竜さん。<page><box>お竜<speaker>うん？<page><box>アテカ<speaker>あの、、もし <name>さんが<br> あぶない目に あったら、、<page><br> これを、、。<page><box>	Ateka: Once the ritual begins,<br>I think I will lose my<br>memory.<page><box>Ateka: So...<page><box>Oryu: It will be all right.<page><box>Oryu: I promise to save<br>both you and your father...<page><box>Oryu: Besides...<page><box>Oryu: <name> will<br>surely come too...<page><box>Ateka: <name>...?<page><br>He will come...?<page><box>Oryu: Yes. He may not look<br>it, but you can rely on him.<page><box>Oryu: When it matters<br>most, he has incredible<br>determination.<page><box>Ateka: Oryu...<page><box>Oryu: Yes?<page><box>Ateka: If <name><br>is ever in danger...<page><br>Please give him this...<page><box>	
196:$4D99	223:$4E2D	136	お竜<speaker>これは、、<page><br> 、、宝玉（ほうぎょく）？<page><box>アテカ<speaker>わが城で うけつがれてきた<br> お守りです。<page><box>お竜<speaker>これを <name>に<br> わたせば いいのね。わかった。<page><box>	Oryu: This is...<page><br>A Jewel?<page><box>Ateka: It is a talisman passed<br>down through our family.<page><box>Oryu: You want me to give this<br>to <name>. Understood.<page><box>	
196:$4DF6	223:$4EB6	33	アテカ<speaker>はっ！、、だれか きます！<page><box>	Ateka: Ah... Someone is<br>coming!<page><box>	
196:$4E0B	223:$4ED8	70	アテカ<speaker>お竜さん はやく！<page><box>お竜<speaker>だいじょうぶ。<br> あわてなくても。<page><box>	Ateka: Oryu, hurry!<page><box>Oryu: It's all right.<br>There's no need to panic.<page><box>	
196:$4E35	223:$4F1F	112	お竜<speaker>いい？<page> けっして<br> ひとりじゃないからね。<page><box>お竜<speaker>あきらめずに<br> がんばろうね。<page>じゃ。<page><box>	Oryu: Remember.<page><box>Oryu: You are never alone.<page><box>Oryu: Don't give up.<br>We'll get through this.<page><box>Oryu: See you soon.<page><box>	
196:$4E6D	223:$4F90	104	魔城兵<speaker>姫さま すみませぬ。<page><br> ここも けいびしろと 領主さまの<br> めいれいな もので、、。<page><box>	Rookie Guard:<br>Forgive us, Princess.<page><box>Rookie Guard: The Lord<br>ordered us to inspect<br>this room as well...<page><box>	
196:$4EA6	223:$4FF9	47	魔城兵<speaker>、、。<br> かわりは ないようだな。<page><box>	Rookie Guard: ...<br>Nothing seems out of place.<page><box>	
196:$4EC2	223:$5029	27	魔城兵<speaker>いこう、、。<page><box>	Rookie Guard: Let's go...<page><box>	
196:$4EF1	223:$5045	134	領主<speaker>クク、、<br> やっと時が きたのだ。<br> まん月の夜が。<page><box>領主<speaker>このぎしきを<br> どれほど待ちわびたことか、、。<page><box>アテカ<speaker>、、、、、、。<page><box>	Lord: Heh heh...<br>The time has finally come.<br>The night of the full moon.<page><box>Lord: How long I have<br>waited for this ritual...<page><box>Ateka: ...<page><box>	
196:$4F45	223:$50CC	99	領主<speaker>これで おまえたち父子の<br> 役目も終わる。<page>姫よ、、<page><br> わかっておるであろうな？<page><box>	Lord: Your roles as father<br>and daughter are over.<page><box>Lord: Princess...<page><br>You understand, do you not?<page><box>	
196:$4F7D	223:$5130	244	領主<speaker>フフフ<page><br> この まん月のぎしきが<br> よぶものは、、<page><box>領主<speaker>はたして キサマの光か<br> それとも ワシのヤミか、、<page><box>領主<speaker>すべては ぎしきが終われば<br> その時こそ、、。<page><box>領主<speaker>だが その前に、、<page>ネズミを<br> 一匹 しまつせんとな！<page><box>	Lord: Heh heh...<page><br>What this full-moon<br>ritual will summon...<page><box>Lord: Will it be your<br>light, or my darkness...?<page><box>Lord: Once the ritual<br>ends, everything will<br>finally be decided...<page><box>Lord: But before that...<page><box>Lord: I must dispose<br>of one little rat!<page><box>	
196:$500B	223:$5225	49	領主<speaker>また ジャマをすると<br> いうのか？ クククク。<page><box>	Lord: You mean to interfere<br>again? Heh heh heh.<page><box>	
196:$502B	223:$5257	59	領主<speaker>どうした？<page> ワシを<br> たおしに きたンじゃ ないのか？<page><box>	Lord: What's wrong?<page><box>Lord: Did you not<br>come to defeat me?<page><box>	
196:$5050	223:$5293	98	領主<speaker>とくいの 目つぶしは<br> やらんのか？<page> ただし また<br> きくかどうかは わからんがな。<page><box>	Lord: Will you not use your<br>favorite blinding trick?<page><box>Lord: I cannot promise<br>it will work again.<page><box>	
196:$5085	223:$52F6	13	お竜<speaker>あっ、、。<page><box>	Oryu: Ah...<page><box>	
196:$5092	223:$5304	201	領主<speaker>この大天守閣まで<br> たどりついたことは<br> ほめてやろう、、。<page><box>領主<speaker>ククク、、スキをみて<br> 暗黒面への流れを たちきる<br> つもりだったのだろうが、、。<page><box>領主<speaker>ざんねんだったなァ、、<page><br> これで おわりだっ！！<page><box>	Lord: I commend you for<br>making it all the way<br>to the Castle Keep...<page><box>Lord: Heh heh... You planned<br>to wait for an opening and<br>sever the flow of darkness...<page><box>Lord: How unfortunate...<page><br>This is the end!!<page><box>	
196:$5113	223:$53CE	161	領主<speaker>ホホウ、、これはこれは。<page><br> 大天守閣へ ようこそ。<page><box>領主<speaker>しかし あれほど いたい目に<br> あったというのに また くるとは<br> ものずきなヤツめ。クククク、、。<page><box>	Lord: Well, well...<page><br>Welcome to the Castle Keep.<page><box>Lord: You truly are a<br>glutton for punishment.<page><box>Lord: Coming back<br>after what happened<br>before... Heh heh heh...<page><box>	
196:$5175	223:$5470	95	領主<speaker>もう二度と これないように<br> やきはらって やろう。<page><br> おまえの あいぼうの ようにな！！	Lord: I will burn you<br>away so thoroughly<br>that you never return.<page><box>Lord: Just like your partner!!	
196:$51AC	223:$54D0	19	お竜<speaker><name>！ とって！！<page><box>	Oryu: <name>! Catch!!<page><box>	
196:$51BD	223:$54E4	16	領主<speaker>ムムッ、、。<page><box>	Lord: What...?<page><box>	
196:$51CC	223:$54F5	33	領主<speaker>おまえが もっている<br> その宝玉（ほうぎょく）、、。<page><box>	Lord: That Jewel you<br>possess...<page><box>	
196:$51F3	223:$5517	55	領主<speaker>そういうことか、、<br> こしゃくな ことを、、。<page><box>	Lord: So that is your plan...<br>What an insolent trick.<page><box>	
196:$5213	223:$554F	73	領主<speaker>今の こうげきが<br> すべてだとは 思うなよ。<page><br> いくぞッ！！<page><box>	Lord: Do not think that was<br>the full extent of my power.<page><br>Here I come!!<page><box>	
196:$5241	223:$5599	60	領主<speaker>ジャマは させん。<page><br> だれであろうと ぜったいにな。<page><box>	Lord: I will permit<br>no interference.<page><br>No matter who it is.<page><box>	
196:$5265	223:$55D6	58	領主<speaker>こんどこそ いきのねを<br> とめてやる！ かくごっ！！<page><box>	Lord: This time I will end<br>your life! Prepare yourself!!<page><box>	
196:$529C	223:$5611	24	領主<speaker>ムッ これは、、。<page><box>	Lord: What? This is...<page><box>	
196:$52AE	223:$562A	161	領主<speaker>、、ぎしきが<page><br> ぎしきが 終わったのだ！！<page><box>領主<speaker>そして<br> この暗黒の流れは、、。<page><br> フハッ！<page> フハハハハハ！！<page><box>領主<speaker>姫よ！ ざんねんだったなァ！<br> ワシの かちだッ！！<page><box>	Lord: The ritual...<page><br>The ritual is complete!!<page><box>Lord: And this<br>flow of darkness...<page><box>Lord: Ha!<page><box>Lord: Ha ha ha ha ha!!<page><box>Lord: Princess! What a pity!<br>I have won!!<page><box>	
196:$531D	223:$56CC	76	領主<speaker>もはや<br> たたかいの時では なくなった。<page><br> 命びろいしたな！！<page><box>	Lord: The time for battle<br>has already passed.<page><br>Your life has been spared!!<page><box>	
196:$5348	223:$5719	15	お竜<speaker>きゃぁぁ<D6><D7><D7><D8>！！	Oryu: Aaaaaah!!	
196:$5358	223:$5729	23	<D5><speaker>ヒャーッハッハッハッハー！！	???: Hyah ha ha ha ha!!	
196:$536A	223:$5741	40	お竜<speaker>魔城が、、くずれるっ！！<page><box>	Oryu: The Magic<br>Castle is collapsing!!<page><box>	
196:$5380	223:$576A	56	お竜<speaker><name> 立てる？<page><br> はやく にげなきゃ、、。<page><box>	Oryu: <name>,<br>can you stand?<page><br>We have to escape quickly...<page><box>	
196:$539F	223:$57A3	22	お竜<speaker>キャッ！ あぶないっ！！<page><box>	Oryu: Ah! Look out!!<page><box>	
196:$53B3	223:$57BA	77	ペケジ<speaker>よかった<EE> まにあったよ。<br> アニキ。<page>さっ いこう！<page><box>	Pekeji: Thank goodness!<br>I made it in time, Bro.<page><box>Pekeji: Come on! Let's go!<page><box>	
196:$53D6	223:$5808	63	ヌワンコ<speaker>ま 魔城が、、。<page><box>メケレレ<speaker>くずれていく、、。<page><box>	Nuwanko: Th-The<br>Magic Castle...<page><box>Mekerere: It's collapsing...<page><box>	
196:$5422	223:$5848	122	キュラス<speaker>ククク、、。<br> ついに 見つけたぞ。<br> <quoteOpen>ジャハンナムの とびら<quoteClose>を。<page><box>キュラス<speaker>ふっかつの時も近い。<br> クククク、、。<page><box>	Curas: Heh heh...<br>At last, I have found it.<br>Jahannam's Gate.<page><box>Curas: The time of<br>resurrection draws near.<br>Heh heh heh...<page><box>	
196:$546E	223:$58C3	43	領主<speaker>ううっ、、。<page><box>お竜<speaker>すごい ねつ、、。<page><box>	Lord: Ugh...<page><box>Oryu: Such terrible heat...<page><box>	
196:$548D	223:$58EF	73	お竜<speaker>これも<br> あのキュラスって魔物と<br> ぶんりした えいきょうなの？<page><box>	Oryu: Is this also an<br>effect of separating him<br>from that monster Curas?<page><box>	
196:$54B7	223:$5939	60	アテカ<speaker>たぶん、、。<page><br> キュラスを たおさないことには<br> 父上は、、。<page><box>	Ateka: Probably...<page><br>Unless we defeat<br>Curas, Father will...<page><box>	
196:$54E1	223:$5976	26	サチ<speaker>なおらないってこと？<page><box>	Sachi: He won't recover?<page><box>	
196:$54F2	223:$5991	63	サチ<speaker>、、すごく 苦しそう。<page><box>アテカ<speaker>父上、、。<page><box>	Sachi: He looks like<br>he's in terrible pain.<page><box>Ateka: Father...<page><box>	
196:$5513	223:$59D1	40	ペケジ<speaker>ハア ハア、、<br> おはらいオババを つれてきたよ！<page><box>	Pekeji: Pant, pant...<br>I brought Obaba!<page><box>	
196:$5534	223:$59FA	64	おはらいオババ<speaker>イテテテ、、<br> ものの かげんというものを<br> 知らんのか？！ オマエは？！<page><box>	Obaba: Ow, ow...<br>Don't you know how to<br>handle someone gently?!<page><box>	
196:$5566	223:$5A3B	13	ペケジ<speaker>イテッ！<page><box>	Pekeji: Ow!<page><box>	
196:$5572	223:$5A49	50	おはらいオババ<speaker>、、して<br> やまいは どなたかの？<page><box>	Obaba: So...<br>Who is suffering<br>from this illness?<page><box>	
196:$558F	223:$5A7C	156	おはらいオババ<speaker>ふむ、、たしかに<br> のろわれておる。<page><box>おはらいオババ<speaker>魔物に<br> とりつかれていたのが 長すぎた<br> ようじゃの。<page><box>おはらいオババ<speaker>ワシの おはらいで<br> どのぐらい くいとめられるか<br> わからんが、、。<page><box>	Obaba: Hmm... He is<br>certainly cursed.<page><box>Obaba: A monster possessed<br>him for far too long.<page><box>Obaba: I do not know<br>how long my purification<br>can hold it back...<page><box>	
196:$5605	223:$5B19	103	おはらいオババ<speaker>、、では<br> はじめるぞい。<page><box>おはらいオババ<speaker>天地の光よ。<br> 暗黒の邪気を 追いはらわん<br> ことを、、。<page><box>	Obaba: Then let us begin.<page><box>Obaba: Light of<br>Heaven and Earth.<page><box>Obaba: Drive away<br>this evil darkness...<page><box>	
196:$564E	223:$5B81	92	オロ<speaker>姫さま。<page>あのう、、領主さまが<br> こんな時に なんだが、、。<page><box>	Oro: Princess.<page><box>Oro: I hate to ask at a<br>time like this, with the<br>Lord in this condition...<page><box>	
196:$5677	223:$5BDE	137	オロ<speaker>魔城や砂漠のことについて<br> 町のみんなが どうしても<br> 姫さまに ききたいと、、。<page><box>アテカ<speaker>わかりました、、。<page><br> わたしが すべてを、、<page><box>	Oro: Everyone in town wants<br>to ask you about the Magic<br>Castle and the desert...<page><box>Ateka: I understand...<page><br>I will tell them everything...<page><box>	
196:$56CB	223:$5C68	16	お竜<speaker>アテカ、、。<page><box>	Oryu: Ateka...<page><box>	
196:$56D9	223:$5C79	36	アテカ<speaker>だいじょうぶよ。お竜さん。<page><box>	Ateka: It will be<br>all right, Oryu.<page><box>	
196:$56EF	223:$5C9E	103	アテカ<speaker>すべてを お話します、、<page><br>  みなさんを ここへ、、。<page><box>オロ<speaker>わかった。あつめてくる。<page><box>	Ateka: I will<br>explain everything...<page><br>Please bring everyone here...<page><box>Oro: All right.<br>I'll gather them.<page><box>	
196:$5726	223:$5D06	16	アテカ<speaker>お竜さん、、。<page><box>	Ateka: Oryu...<page><box>	
196:$5736	223:$5D17	151	お竜<speaker>うん。<page>下を向いている場合じゃ<br> ないってことだよね。<page><box>お竜<speaker>だいじょうぶ。<page>ちゃんと<br> 話せば みんな きっとわかって<br> くれるよ。<page><box>	Oryu: Yes.<page><box>Oryu: This is no time<br>to hang your head.<page><box>Oryu: It'll be all right.<page><box>Oryu: If you tell them<br>the truth, I'm sure<br>everyone will understand.<page><box>	
196:$5789	223:$5DAF	62	お竜<speaker><name>、、<page><br> 魔城の見える丘で<br> まっているから、、。<page><box>	Oryu: <name>...<page><br>I'll wait on the hill<br>above the Magic Castle...<page><box>	
196:$5820	223:$5DEE	110	お竜<speaker>あのコも もう みんなの前で<br> 話はじめているのかな？、、<page><box>お竜<speaker>ほんとうは にげだしたい<br> ぐらいだと思うのに、、。<page><box>	Oryu: Has she already<br>started speaking in<br>front of everyone...?<page><box>Oryu: I'm sure she<br>would rather run away...<page><box>	
196:$5869	223:$5E5D	85	お竜<speaker>、、ねえ <name>。<page><br> あの魔城には なにが<br> あったんだと思う？<page><box>	Oryu: Tell me, <name>.<page><box>Oryu: What do you think<br>was happening inside<br>that Magic Castle?<page><box>	
196:$5894	223:$5EB3	192	お竜<speaker>なぜ<br> 魔物たちは 邪神像を<br> ねらっていたのか、、。<page><box>お竜<speaker>なぜ アテカ姫は 魔物の<br> いいなりに なっていたのか、、。<page><box>お竜<speaker>そして なぜ わたしが<br> この町に きたのか、、。<page><box>お竜<speaker>そのワケを 話すね、、。<page><br> まず、、<page><box>	Oryu: Why were the monsters<br>after the Evil God Statue...?<page><box>Oryu: Why was Princess Ateka<br>obeying the monsters...?<page><box>Oryu: And why did I<br>come to this town...?<page><box>Oryu: I'll explain why.<page><br>First...<page><box>	
196:$5920	223:$5F74	191	アテカ<speaker>魔物キュラスの もくてき。<page><br> それは この地方にねむる<br> 邪神の ふっかつです。<page><box>アテカ<speaker>邪神は あるもので ずっと<br> ふういん されていました。<page><br> 邪神像です。<page><box>	Ateka: The monster<br>Curas had one goal.<page><box>Ateka: To resurrect<br>the Evil God sleeping<br>beneath this region.<page><box>Ateka: The Evil God<br>was sealed away by<br>a certain object.<page><box>Ateka: The Evil God Statue.<page><box>	
196:$5988	223:$6034	113	アテカ<speaker>しかし ふういんの ちからも<br> さいきん よわまってきて、、。<page><box>アテカ<speaker>それがまわりを 砂漠へと<br> かえていっていたのです。<page><box>	Ateka: But recently, the<br>seal had begun to weaken...<page><box>Ateka: That was turning<br>the surrounding land into<br>desert.<page><box>	
196:$59D2	223:$60A6	137	お竜<speaker>それが 魔物を<br> お城へ ひきよせるキッカケにも<br> なって、、<page><box>お竜<speaker>また ペケジが邪神像を<br> とっちゃったんで砂漠になるのが<br> より はやまったんだけど、、。<page><box>	Oryu: That also drew the<br>monsters to the castle...<page><box>Oryu: Then Pekeji took the<br>Evil God Statue, making the<br>desert spread even faster...<page><box>	
196:$5A35	223:$6130	75	アテカ<speaker>しかし キュラスが邪神を<br> ふっかつさせるには それだけでは<br> ダメだったのです。<page><box>	Ateka: But that alone was<br>not enough for Curas to<br>resurrect the Evil God.<page><box>	
196:$5A68	223:$617C	55	アテカ<speaker>キュラスは 邪神のねむる<br> ばしょを 知らなかった、、。<page><box>	Ateka: Curas did not know<br>where the Evil God slept...<page><box>	
196:$5A8F	223:$61B4	252	お竜<speaker>邪神のねむる ばしょ<page><br> それを 知るためには<page><box>お竜<speaker>アテカ姫の ミコとしての<br> ちからが ひつようだったの。<page><box>お竜<speaker>まん月のぎしきは<br> 邪神のばしょを 知るための<br> しゅだんだったのよ。<page><box>お竜<speaker>ただ、、それは<br> キュラスにとっても<br> 大きなカケだった、、。<page><box>	Oryu: The Evil God's<br>resting place...<page><box>Oryu: To discover it...<page><box>Oryu: Curas needed<br>Princess Ateka's power as a<br>priestess.<page><box>Oryu: The full-moon<br>ritual was his way of<br>finding the Evil God.<page><box>Oryu: But the ritual<br>was also a tremendous<br>gamble for Curas...<page><box>	
196:$5B2A	223:$62B1	203	アテカ<speaker>魔物キュラスは さいしょ<br> わたしに 近づいてきました。<page><box>アテカ<speaker>そして、、<page>それを知った<br> 父上が わたしを なんとか<br> 助け出そうとしたのですが、、<page><box>アテカ<speaker>たたかいのすえに<br> やぶれ、、<page><box>アテカ<speaker>ぎゃくに<br> キュラスに とりつかれて<br> しまったのです、、。<page><box>	Ateka: Curas first<br>approached me.<page><box>Ateka: And then...<page><box>Ateka: When Father discovered<br>this, he tried to save me...<page><box>Ateka: But he was<br>defeated in the battle...<page><box>Ateka: And Curas<br>possessed him instead...<page><box>	
196:$5BC3	223:$637D	112	お竜<speaker>わたしの もくてき、、<page><br> それは 邪神の ふっかつを<br> 止めること、、。<page><box>お竜<speaker>そのめいをうけて わたしは<br> この町に やってきた、、。<page><box>	Oryu: My mission...<page><br>Was to stop the Evil<br>God's resurrection.<page><box>Oryu: I came to this<br>town under those orders...<page><box>	
196:$5C17	223:$63EE	178	お竜<speaker>おつきのものに へんそうして<br> 魔城に もぐりこみ<br> じょうほうを さぐっていたの。<page><box>お竜<speaker>そして いろいろ知るうちに<br> あの父子ふたりも 助けなきゃって<br> 思いはじめたのよ。<page><box>	Oryu: I disguised myself<br>as an attendant and<br>entered the Magic Castle.<page><box>Oryu: There, I<br>gathered information.<page><box>Oryu: The more I learned,<br>the more I wanted to<br>save them both too.<page><box>	
196:$5C81	223:$64A1	139	お竜<speaker>まん月のぎしきは<br> ヤミと光の ひょうり一体。<page><box>お竜<speaker>暗黒面に ひきずられ<br> なければ ぎゃくにキュラスを<br> ほうむりさることもできる。<page><box>	Oryu: The full-moon ritual<br>held both darkness and light.<page><box>Oryu: If we kept it from<br>falling into darkness, we<br>could destroy Curas instead.<page><box>	
196:$5CD7	223:$652D	109	お竜<speaker>それを知り<page> さいごは<br> そこに かけるべく、<page>ぎしきに<br> のぞんだんだけど、、。<page><box>	Oryu: Once we learned that...<page><box>Oryu: We placed our<br>final hope on it...<page><box>Oryu: So we performed<br>the ritual...<page><box>	
196:$5D09	223:$659B	323	アテカ<speaker>しかし キュラスの<br> そんざいは おもいのほか<br> 強く、、<page><box>アテカ<speaker>また わたしの ちからが<br> いたらないばかりに、、<page><box>アテカ<speaker>ぎしきは、、<page><br> 暗黒面へと、、<page><br> 流れてしまいました、、。<page><box>アテカ<speaker>いかずちが<br> 落ちた ばしょ、、<page><box>アテカ<speaker>あそここそが<br> 邪神のねむる ばしょなのです。<page><box>アテカ<speaker>もうすでに キュラスが<br> むかっています。<page><br> はやくしないと、、<page><box>	Ateka: But Curas was far<br>stronger than we expected...<page><box>Ateka: And my own<br>power was not enough...<page><box>Ateka: The ritual...<page><box>Ateka: It flowed...<page><box>Ateka: Into darkness...<page><box>Ateka: The place where<br>the lightning struck...<page><box>Ateka: That is where<br>the Evil God sleeps.<page><box>Ateka: Curas is already<br>on his way there.<page><br>If we do not hurry...<page><box>	
196:$5DD9	223:$66DF	41	お竜<speaker>邪神は ふっかつするわ。<page><box>	Oryu: The Evil God<br>will be resurrected.<page><box>	
196:$5DEF	223:$6709	98	オロ<speaker>ちょっと 待ってくれ。<page><box>オロ<speaker>もし その 邪神とやらが<br> ふっかつしたら、、<page>町は？<page><box>	Oro: Wait a moment.<page><box>Oro: If this Evil<br>God is resurrected...<page><box>Oro: What will<br>happen to the town?<page><box>	
196:$5E26	223:$676C	26	ワンダ<speaker>じ じしんだっ！！<page><box>	Wanda: A-An earthquake!!<page><box>	
196:$5E37	223:$6787	56	ライ<speaker>魔城で また なにか<br> おこって いるのか？！！<page><box>	Rai: Is something<br>else happening at<br>the Magic Castle?!<page><box>	
196:$5E58	223:$67C0	25	ワンダ<speaker>い いってみよう！！<page><box>	Wanda: L-Let's go see!!<page><box>	
196:$5E6A	223:$67DA	62	お竜<speaker>は はじまったわ、、<page><br> ふっかつの 前ぶれが！<page><box>	Oryu: I-It has begun...<page><br>The first sign of<br>its resurrection!<page><box>	
196:$5E8B	223:$6819	31	ヌワンコ<speaker>み 見ろよ！<br> さ 砂漠が！！<page><box>	Nuwanko: L-Look!<br>The desert!!<page><box>	
196:$5EA6	223:$6839	99	メケレレ<speaker>なんだ？！ あれは？！<page><box>ワンダ<speaker>砂漠が<br> もり上がってるぞ？！<page><box>ヌワンコ<speaker>これから<br> なにが おこるンだ？！<page><box>	Mekerere: What is that?!<page><box>Wanda: The desert<br>is rising up?!<page><box>Nuwanko: What's going<br>to happen now?!<page><box>	
196:$5EEC	223:$689D	14	オロ<speaker>姫さま。	Oro: Princess.	
196:$5EF6	223:$68AC	104	オロ<speaker>教えてくれ。<page>邪神が<br> ふっかつしたら どうなるんだ？<page><br> この町は、、<page>どうなるんだ？<page><box>	Oro: Tell us.<page><box>Oro: If the Evil<br>God is resurrected...<page><box>Oro: This town...<page><box>Oro: What will happen to it?<page><box>	
196:$5F2D	223:$6915	158	アテカ<speaker>もしも 邪神が<br> ふっかつした ばあい、、<page><box>アテカ<speaker>邪神は<br> かんぜん体を めざし<br> 急成長しはじめます。<page><box>アテカ<speaker>そして 邪神が<br> かんぜん体となった その時、、<page><box>	Ateka: If the Evil<br>God is resurrected...<page><box>Ateka: It will begin<br>growing rapidly, seeking<br>its complete form.<page><box>Ateka: And once it reaches<br>that complete form...<page><box>	
196:$5F97	223:$69B4	86	アテカ<speaker>イルパの町は、、<page><br> 町は、、、、<page><br> ぜんめつ、、<delay:14>するでしょう、、。<page><box>	Ateka: Ilpa will...<page><box>Ateka: The town will...<page><box>Ateka: Be destroyed...<delay:14><br>Completely...<page><box>	
196:$5FC6	223:$6A0B	74	メケレレ<speaker>な なんだって！<page><box><delay:1E>ライ<speaker>町が、、<page>ぜんめつ？！<page><box><delay:1E>ヌワンコ<speaker>そ そんな、、。<page><box>	Mekerere: Wh-What?!<page><box><delay:1E>Rai: The town...<page> Destroyed?!<page><box><delay:1E>Nuwanko: N-No...<page><box>	
196:$5FFD	223:$6A56	104	メケレレ<speaker>にげるか？！<page><box><delay:1E>シズ<speaker>にげる、、たって<br> どこに？！<page><box><delay:1E>ワンダ<speaker>どうすりゃ<br> いいンだよォ！！<page><box>	Mekerere: Should we run?!<page><box><delay:1E>Shizu: Run...?<br>Where would we go?!<page><box><delay:1E>Wanda: What are we<br>supposed to do?!<page><box>	
196:$603B	223:$6ABF	32	サチ<speaker>なに いっているのよ！<br> みんなっ！	Sachi: What are<br>you all saying?!	
196:$6052	223:$6AE0	35	サチ<speaker>町が ぜんめつするって<br> 決まったワケじゃ ないでしょ？！<page><box>	Sachi: The town<br>isn't doomed yet!<page><box>	
196:$6078	223:$6B04	52	サチ<speaker>さいしょから あきらめていて<br> どうするのよ！<page><box>	Sachi: What good is giving<br>up before we even try?!<page><box>	
196:$6096	223:$6B39	63	ヌワンコ<speaker>、、んなこと<br> いったって、、<page>どうしたら、、。<page><box>	Nuwanko: Even if<br>you say that...<page><box>Nuwanko: What can we do...?<page><box>	
196:$60B7	223:$6B79	98	<delay:1E>サチ<speaker>決まっているじゃない。<page><br> たたかうのよ。<page>のぞみが あるかぎり<br> さいごまで たたかうの！<page><box>	<delay:1E>Sachi: Isn't it obvious?<page><br>We fight.<page><box>Sachi: As long as there's hope,<br>we fight to the very end!<page><box>	
196:$60EF	223:$6BDC	241	ライ<speaker>かてるのか？<page><br> 邪神あいてに？<page><box><delay:1E>サチ<speaker>かてるかどうかなんて やって<br> みなきゃ わからないじゃない。<page><box>サチ<speaker>あきらめるのは カンタンよ。<page><br> けど あきらめたら そこで<br> おわり。<page><box>サチ<speaker>わたしは この町を守りたい。<page><br> だから わたしは、、<page>たとえ<br> ひとりでも たたかうわ！！<page><box>	Rai: Can we win?<page><br>Against an Evil God?<page><box><delay:1E>Sachi: We won't<br>know unless we try.<page><box>Sachi: Giving up is easy.<page><br>But once you give<br>up, it's over.<page><box>Sachi: I want to<br>protect this town.<page><box>Sachi: So I...<page><box>Sachi: Even if I have<br>to fight alone, I will!!<page><box>	
196:$618F	223:$6CCE	28	アテカ<speaker>わたしも、、たたかいます。<page><box>	Ateka: I will fight too...<page><box>	
196:$61A4	223:$6CEB	22	<delay:1E>サチ<speaker>姫さま、、。<page><box>	<delay:1E>Sachi: Princess...<page><box>	
196:$61B4	223:$6D02	149	アテカ<speaker>こんなことに<br> なったのも わたしのせいです。<page><box>アテカ<speaker>このつぐないは あとで<br> いくらでも いたします。<page><box>アテカ<speaker>だから今は<page> わたしにも<br> てつだわせて下さい。<br> おねがいです。<page><box>	Ateka: This happened<br>because of me.<page><box>Ateka: I will do anything<br>to atone for it afterward.<page><box>Ateka: But for now,<br>please allow me to help.<page><br>I beg you.<page><box>	
196:$621D	223:$6D98	36	ワンダ<speaker>、、おれも！<page><br> たたかうぞ！<page><box>	Wanda: Me too!<page><box>Wanda: I'll fight!<page><box>	
196:$6234	223:$6DBD	53	メケレレ<speaker>そうだよな、、<page><br> あきらめるのは まだ<br> はやいよな。<page><box>	Mekerere: She's right...<page><br>It's too soon to give up.<page><box>	
196:$6259	223:$6DF3	51	ヌワンコ<speaker>やれることが<br> まだ なんか あるはずだよ。<page><box>	Nuwanko: There must still<br>be something we can do.<page><box>	
196:$6278	223:$6E27	30	ライ<speaker>ワ ワシも<br> がんばるゾイ！！<page><box>	Rai: I-I'll do my best too!!<page><box>	
196:$628E	223:$6E46	52	オロ<speaker>よしっ！<page><br> みんなで町を 守るンだ！！<page><box>	Oro: All right!<page><br>We'll protect the<br>town together!!<page><box>	
196:$62AB	223:$6E7B	197	アテカ<speaker><name>さん。<page><br> キュラスの魔力は 強大です。<page><box>アテカ<speaker>たおしたいのですが、、<br> わたしには そのちからが<br> ないのです。<page><box>アテカ<speaker>キュラスを たおせるのは<br> <name>さんしか いません。<page><box>アテカ<speaker>おねがいします。<br> どうか キュラスを、、。<page><box>	Ateka: <name>.<page><br>Curas possesses<br>tremendous magical power.<page><box>Ateka: I wish I could<br>defeat him, but I do<br>not have the strength.<page><box>Ateka: Only <name><br>can defeat Curas.<page><box>Ateka: Please.<br>You must defeat Curas...<page><box>	
196:$6333	223:$6F41	165	オロ<speaker>ワシからも おねがいだ。<page><br> 城下町は みんなの ちからで<br> 守る。<page><box>オロ<speaker>だから くいとめているあいだに<br> なんとか たおしてくれ！<page><br> キュラスを！！<page><box>	Oro: I ask this of you too.<page><br>We will protect the<br>castle town together.<page><box>Oro: While we hold it back...<page><box>Oro: You must find<br>a way to defeat him!<page><box>Oro: Defeat Curas!!<page><box>	
196:$638D	223:$6FE7	29	お竜<speaker><name>！<page><br> わたしも いくわ！！<page><box>	Oryu: <name>!<page><br>I'm coming too!!<page><box>	
196:$63A5	223:$7005	76	ペケジ<speaker>アニキ！ オレも いく！！<page><br> つれてってくれ！！<page><box><delay:3C>コッパ<speaker>オイラも いくぜ。<page><box>	Pekeji: Bro! I'm coming too!!<page><br>Take me with you!!<page><box><delay:3C>Koppa: I'm going too.<page><box>	
196:$63D8	223:$7052	17	サチ<speaker>コッパ、、。<page><box>	Sachi: Koppa...<page><box>	
196:$63E5	223:$7064	415	コッパ<speaker>姫さまよぉ。ゴメンな。<page><br> オイラ 自分が はずかしいや。<page><box>コッパ<speaker>邪神像のことで 姫さまを<br> ちょっとだけ うたがっちまった、、<page><br> なさけねえよ。<page><box><delay:1E>アテカ<speaker>ううん。わたしのほうこそ、、<page><br> それよりケガは？<page> だいじょうぶ？<page><box><delay:1E>コッパ<speaker>みんな がんばろうって<br> いってるときに ねてなんか<br> いられねえよ。<page>それに、、<page><box>コッパ<speaker>それに オイラ<br> キュラスのヤローだけは<br> ゆるせねえんだ！<page><box>	Koppa: Princess, I'm sorry.<page><br>I'm ashamed of myself.<page><box>Koppa: I doubted you<br>for a moment because of<br>the Evil God Statue...<page><box>Koppa: It was pathetic of<br>me.<page><box><delay:1E>Ateka: No. I am the one<br>who should apologize...<page><box>Ateka: More importantly,<br>your injuries?<page><box>Ateka: Are you all right?<page><box><delay:1E>Koppa: I can't stay<br>in bed while everyone<br>else is ready to fight.<page><box>Koppa: Besides...<page><box>Koppa: Curas is the one<br>monster I will never<br>forgive!<page><box>	
196:$64C3	223:$7204	54	コッパ<speaker><name>！ いこうぜ！！<page><br> キュラスを たおしに！！<page><box>	Koppa: <name>! Let's go!!<page><br>We're going to defeat Curas!!<page><box>	
196:$64E4	223:$723B	66	オロ<speaker>よしっ！<page> みんな帰って<br> たたかいの じゅんびだ！！<page><box>	Oro: All right!<page><box>Oro: Everyone, go home<br>and prepare for battle!!<page><box>	
196:$6507	223:$727E	18	みんな<speaker>オオ<D6><D8>ッ！！<page><box>	Everyone: Yeah!!<page><box>	
196:$6516	223:$7291	64	サチ<speaker>キュラスなんて <name>に<br> かかりゃ コテンパンだよね！<page><br> <name>！ ガンバッ！！<page><box>	Sachi: Curas won't stand a<br>chance against <name>!<page><br>Good luck, <name>!!<page><box>	
196:$6545	223:$72D2	51	ペケジ<speaker>がんばっていこうぜ！<br> アニキー！！<page><box>	Pekeji: Let's give it<br>everything we've got!<br>Bro!!<page><box>	
196:$655F	223:$7306	349	アテカ<speaker><name>さん。<page><br> もしも邪神が ふっかつして<br> しまったばあいは、、<page><box>アテカ<speaker>かんぜん体に なる前に<br> かならず たおして下さい。<page><box>アテカ<speaker>邪神が かんぜん体に<br> なってしまったら すべてが<br> ておくれなのです。<page><box>アテカ<speaker>ごぶうんを<br> おいのりします、、。<page><box>アテカ<speaker><name>さんなら きっと<br> はたせると思いますが、、。<page><box>アテカ<speaker>くれぐれも気をつけて。<page><br> ぶじに帰ってくることを<br> しんじて、、<page>待っています。<page><box>	Ateka: <name>.<page><br>If the Evil God<br>is resurrected...<page><box>Ateka: You must defeat<br>it before it reaches<br>its complete form.<page><box>Ateka: Once it reaches<br>its complete form,<br>it will be too late.<page><box>Ateka: I pray<br>fortune is with you...<page><box>Ateka: I know you can<br>succeed, <name>...<page><box>Ateka: Please be careful.<page><box>Ateka: I believe you<br>will return safely...<page><box>Ateka: I will be waiting.<page><box>	
196:$6648	223:$7464	33	コッパ<speaker>よし！<br> いこうぜ！ <name>！<page><box>	Koppa: All right!<br>Let's go, <name>!<page><box>	
196:$666A	223:$7486	55	お竜<speaker>わたしも いくわ！<br> いっしょに行動する？<page><box>	Oryu: I'm coming too!<br>Do you want to<br>travel together?<page><box>	
196:$6689	223:$74BE	100	ペケジ<speaker>じゃあオレは ジャハンナムの<br> とびらに 入ったあと わかれて<br> 行動するから。<page><box>ペケジ<speaker>おたがい<br> がんばろうな アニキ！！<page><box>	Pekeji: I'll split off after<br>we enter Jahannam's Gate.<page><box>Pekeji: Let's both<br>give it our best, Bro!!<page><box>	
196:$66D5	223:$7523	48	ペケジ<speaker>オレも いくよ！<br> つれてってくれ！ アニキ！<page><box>	Pekeji: I'm coming too!<br>Take me with you, Bro!<page><box>	
196:$66F4	223:$7554	76	お竜<speaker>じゃ わたしは ジャハンナムの<br> とびらに 入ったあと<br> わかれて 行動するから。<page><box>お竜<speaker>気をつけてね <name>！<page>	Oryu: I'll split off after<br>we enter Jahannam's Gate.<page><box>Oryu: Be careful, <name>!<page>	
196:$6739	223:$75A1	53	お竜<speaker>じゃ わたしたちは<br> ジャハンナムのとびらのとこから<br> わかれて 行動するから。<page><box>	Oryu: We'll split up once<br>we reach Jahannam's Gate.<page><box>	
196:$676B	223:$75D7	39	ペケジ<speaker>がんばろうな アニキ！！<page><box>	Pekeji: Let's give<br>it our best, Bro!!<page><box>	
196:$6787	223:$75FF	62	サチ<speaker>見はり ごくろうさま。<page><br> どうお？ ようすは？<page><box>	Sachi: Thanks for<br>standing guard.<page><br>How does everything look?<page><box>	
196:$67A7	223:$763E	65	ヌワンコ<speaker>今のところ かわった<br> けはいは ないが、、。<page><box>ワンダ<speaker>なんだ？！ あれは？！<page><box>	Nuwanko: Nothing<br>seems unusual so far...<page><box>Wanda: What is that?!<page><box>	
196:$67DA	223:$7680	22	オロ<speaker>どうした？！<page><box>	Oro: What happened?!<page><box>	
196:$67E7	223:$7697	21	オロ<speaker>、、く くるぞ！<page><box>	Oro: I-It's coming!<page><box>	
196:$693A	223:$76AD	40	タナカ<speaker> シナリオカウンタが バッグってる？<page>	Tanaka: Is the scenario<br>counter bugged?<page>	
196:$6953	223:$76D6	19	タナカ<speaker> 町7<26>11 だよ！<page>	Tanaka: Town 7-11!<page>	
196:$6965	223:$76EA	19	タナカ<speaker> 町7<26>10 だよ！<page>	Tanaka: Town 7-10!<page>	
196:$6977	223:$76FE	20	タナカ<speaker> 町7<26>9<26>5 だよ！<page>	Tanaka: Town 7-9-5!<page>	
196:$698A	223:$7713	18	タナカ<speaker> 町7<26>9 だよ！<page>	Tanaka: Town 7-9!<page>	
196:$699B	223:$7726	18	タナカ<speaker> 町7<26>8 だよ！<page>	Tanaka: Town 7-8!<page>	
196:$69AC	223:$7739	18	タナカ<speaker> 町7<26>7 だよ！<page>	Tanaka: Town 7-7!<page>	
196:$69BD	223:$774C	18	タナカ<speaker> 町7<26>6 だよ！<page>	Tanaka: Town 7-6!<page>	
196:$69CE	223:$775F	18	タナカ<speaker> 町7<26>5 だよ！<page>	Tanaka: Town 7-5!<page>	
196:$69DF	223:$7772	18	タナカ<speaker> 町7<26>4 だよ！<page>	Tanaka: Town 7-4!<page>	
196:$69F0	223:$7785	18	タナカ<speaker> 町7<26>3 だよ！<page>	Tanaka: Town 7-3!<page>	
196:$6A01	223:$7798	18	タナカ<speaker> 町7<26>2 だよ！<page>	Tanaka: Town 7-2!<page>	
196:$6A12	223:$77AB	18	タナカ<speaker> 町7<26>1 だよ！<page>	Tanaka: Town 7-1!<page>	
196:$6A23	223:$77BE	18	タナカ<speaker> 町6<26>1 だよ！<page>	Tanaka: Town 6-1!<page>	
196:$6A34	223:$77D1	18	タナカ<speaker> 町5<26>6 だよ！<page>	Tanaka: Town 5-6!<page>	
196:$6A45	223:$77E4	18	タナカ<speaker> 町5<26>5 だよ！<page>	Tanaka: Town 5-5!<page>	
196:$6A56	223:$77F7	18	タナカ<speaker> 町5<26>4 だよ！<page>	Tanaka: Town 5-4!<page>	
196:$6A67	223:$780A	18	タナカ<speaker> 町5<26>3 だよ！<page>	Tanaka: Town 5-3!<page>	
196:$6A78	223:$781D	18	タナカ<speaker> 町5<26>2 だよ！<page>	Tanaka: Town 5-2!<page>	
196:$6A89	223:$7830	18	タナカ<speaker> 町5<26>1 だよ！<page>	Tanaka: Town 5-1!<page>	
196:$6A9A	223:$7843	18	タナカ<speaker> 町4<26>6 だよ！<page>	Tanaka: Town 4-6!<page>	
196:$6AAB	223:$7856	18	タナカ<speaker> 町4<26>5 だよ！<page>	Tanaka: Town 4-5!<page>	
196:$6ABC	223:$7869	18	タナカ<speaker> 町4<26>4 だよ！<page>	Tanaka: Town 4-4!<page>	
196:$6ACD	223:$787C	20	タナカ<speaker> 町4<26>3<26>2 だよ！<page>	Tanaka: Town 4-3-2!<page>	
196:$6AE0	223:$7891	18	タナカ<speaker> 町4<26>3 だよ！<page>	Tanaka: Town 4-3!<page>	
196:$6AF1	223:$78A4	18	タナカ<speaker> 町4<26>2 だよ！<page>	Tanaka: Town 4-2!<page>	
196:$6B02	223:$78B7	18	タナカ<speaker> 町4<26>1 だよ！<page>	Tanaka: Town 4-1!<page>	
196:$6B13	223:$78CA	18	タナカ<speaker> 町3<26>5 だよ！<page>	Tanaka: Town 3-5!<page>	
196:$6B24	223:$78DD	18	タナカ<speaker> 町3<26>4 だよ！<page>	Tanaka: Town 3-4!<page>	
196:$6B35	223:$78F0	18	タナカ<speaker> 町3<26>3 だよ！<page>	Tanaka: Town 3-3!<page>	
196:$6B46	223:$7903	18	タナカ<speaker> 町3<26>2 だよ！<page>	Tanaka: Town 3-2!<page>	
196:$6B57	223:$7916	18	タナカ<speaker> 町3<26>1 だよ！<page>	Tanaka: Town 3-1!<page>	
196:$6B68	223:$7929	18	タナカ<speaker> 町2<26>4 だよ！<page>	Tanaka: Town 2-4!<page>	
196:$6B79	223:$793C	18	タナカ<speaker> 町2<26>3 だよ！<page>	Tanaka: Town 2-3!<page>	
196:$6B8A	223:$794F	18	タナカ<speaker> 町2<26>2 だよ！<page>	Tanaka: Town 2-2!<page>	
196:$6B9B	223:$7962	20	タナカ<speaker> 町2<26>1<26>5 だよ！<page>	Tanaka: Town 2-1-5!<page>	
196:$6BAE	223:$7977	18	タナカ<speaker> 町2<26>1 だよ！<page>	Tanaka: Town 2-1!<page>	
196:$6BBF	223:$798A	18	タナカ<speaker> 町1<26>1 だよ！<page>	Tanaka: Town 1-1!<page>	
196:$6BD0	223:$799D	18	タナカ<speaker> 町0<26>1 だよ！<page>	Tanaka: Town 0-1!<page>	
196:$6BE1	223:$79B0	19	<cF8>h<cF8>i号<speaker>ブオッフォ！<page>	<cF8>h<cF8>i Unit: Bwo-ho!<page>	
196:$6BF1	223:$79C4	72	<cF8>h<cF8>i号<speaker>ブオッフォ！<br> ワタシツヨイ！ ワタシイチバン！<br> ナカマー！ ナカマァ<D6><D8>ッ！！<page><box>	<cF8>h<cF8>i Unit: Bwo-ho!<br>I am strong! I am number one!<br>Comrade! Comraaaade!!<page><box>	
196:$6C25	223:$7A0D	44	<cF8>h<cF8>i号<speaker>ブオッフォ！<br> ハァーッシン！！ ブオッフォッ！！<page><box>	<cF8>h<cF8>i Unit: Bwo-ho!<br>Marching out!! Bwo-ho!!<page><box>	
196:$6C49	223:$7A3A	24	<cF8>h<cF8>i号がなかまになった！<delay:96><page>	<cF8>h<cF8>i Unit joined you!<delay:96><page>	
196:$6C5C	223:$7A53	38	<cF8>h<cF8>i号<speaker>ブオッフォ！<br> ブオッフォ！ ブオッフォーッ！<br> ブオッフォ<D6><D7><D7><D7><D7><D7><D7><D8>ッ！<page>	<cF8>h<cF8>i Unit: Bwo-ho!<br>Bwo-ho! Bwo-hoooo!<page>	
196:$6C8E	223:$7A7A	42	<cF8>h<cF8>i号<speaker>ブオッフォ！<br> ナカマー！ ナカマァ<D6><D8>ッ！！<page><box>	<cF8>h<cF8>i Unit: Bwo-ho!<br>Comrade! Comraaaade!!<page><box>	
196:$6CB0	223:$7AA5	46	<cF8>h<cF8>i号<speaker>ブオッフォ！<br> ハァーッシン！！ ブオッフォッ！！<page><box><delay:1E>	<cF8>h<cF8>i Unit: Bwo-ho!<br>Marching out!! Bwo-ho!!<page><box><delay:1E>	
196:$6CD6	223:$7AD4	24	<cF8>h<cF8>i号がなかまになった！<delay:96><page>	<cF8>h<cF8>i Unit joined you!<delay:96><page>	
196:$6CE9	223:$7AED	40	<cF8>h<cF8>i号<speaker>ブオッフォ！<br> ブオッ！ ブオッ！ ブオッフォーッ！<page>	<cF8>h<cF8>i Unit: Bwo-ho!<br>Bwo! Bwo! Bwo-hoooo!<page>	
196:$6D0D	223:$7B16	13	ガイバラ<speaker>、、。<page>	Gaibara: ...<page>	
196:$6D18	223:$7B24	82	ガイバラ<speaker>ナットクが<br> いくまでじゃ！！<page><box>ガイバラ<speaker>そして もちろん今は<br> ナットクが イカ<D6><D7><D7><D7><D8>ン！！<page>	Gaibara: Until I am<br>satisfied!!<page><box>Gaibara: And of course,<br>I am not satisfiiiiied!!<page>	
196:$6D54	223:$7B77	78	ガイバラ<speaker>サルヤマ！<page><br> 壺づくりは この家で<br> やることに きめたッ！！<page>	Gaibara: Saruyama!<page><box>Gaibara: I have decided we<br>will make jars in this house!!<page>	
196:$6D7E	223:$7BC6	78	ガイバラ<speaker>サルヤマ！<page><br> 壺づくりは この家で<br> やることに きめたッ！！<page>	Gaibara: Saruyama!<page><box>Gaibara: I have decided we<br>will make jars in this house!!<page>	
196:$6DA8	223:$7C15	56	ガイバラ<speaker>サルヤマ<EE>！<page><br> メシは まだか<EF><EF><EF><hspace:01>！！<page>	Gaibara: Saruyama!<page><box>Gaibara: Is dinner<br>not ready yet?!!<page>	
196:$6DC7	223:$7C4E	43	ガイバラ<speaker>ワシの きろくは<br> だれにも やぶられん！<page>	Gaibara: No one will<br>ever break my record!<page>	
196:$6DE4	223:$7C7A	44	ガイバラ<speaker>サルヤマよ。<br> きゅうきょくの土とはの、、<page><box>	Gaibara: Saruyama.<br>The Ultimate Soil is...<page><box>	
196:$6E03	223:$7CA7	42	ガイバラ<speaker>イカン！ イカン！<br> イッカァァァ<D6><D7><D7><D7><D8>ン！！<page>	Gaibara: No good! No good!<br>No goooooood!!<page>	
196:$6E24	223:$7CD2	26	コッパ<speaker>がんばろうぜ！<page>	Koppa: Let's do our best!<page>	
196:$6E32	223:$7CED	14	コッパ<speaker>ううっ、、。<page>	Koppa: Ugh...<page>	
196:$6E3F	223:$7CFC	53	コッパ<speaker>なんだったんだろうな？<br> さっきの黒い物体、、。<page>	Koppa: What was that black<br>object we saw earlier...?<page>	
196:$6E61	223:$7D32	52	コッパ<speaker>う<EE>ん。やっぱり<br> 思い出せないんだよな<EE>。<br> なんでだろう？、、。<page>	Koppa: Hmm. I still<br>can't remember.<br>I wonder why...<page>	
196:$6E8C	223:$7D67	142	コッパ<speaker>マーモのヤローも<br> たたかってくれると<br> うれしいんだけどな、、<page><box>コッパ<speaker>え？<br> オイラも たたかえって？<page><box>コッパ<speaker>、、ゲ ゲホッ！<br> きゅうに ぐあいが、、。<page>	Koppa: It'd be nice if that<br>jerk Mamo would fight too...<page><box>Koppa: Huh? You<br>want me to fight?<page><box>Koppa: C-Cough! I suddenly<br>don't feel so good...<page>	
196:$6EE7	223:$7DF6	105	コッパ<speaker>なんか やたら<br> やかましいオカマたちだったな。<page><box>コッパ<speaker>え？<page> オイラに<br> くらべたら まだおとなしい？<page><br> まさかあ<EE>。<page>	Koppa: Those two were<br>awfully noisy, huh?<page><box>Koppa: What?<page> They were quiet<br>compared to me?<page><box>Koppa: No way.<page>	
196:$6F2E	223:$7E60	52	コッパ<speaker>ロボット？？<page><br> なんかヘンテコな人形だな、、。<page>	Koppa: A robot??<page><box>Koppa: That's one<br>strange doll...<page>	
196:$6F4F	223:$7E95	60	コッパ<speaker>わおっ！<br> あたらしい人形だぜ！！<page><box>コッパ<speaker>しかも<br> こんどは 2号だし！<page>	Koppa: Wow! A new doll!!<page><box>Koppa: And this<br>time it's Unit 2!<page>	
196:$6F80	223:$7ED2	31	コッパ<speaker>わおっ！<br> また あたらしい人形だあ！！<page>	Koppa: Wow!<br>Another new doll!!<page>	
196:$6F9D	223:$7EF2	92	コッパ<speaker>スゲー！ 人形が<br> チューンアップされてるよ！<page><box>コッパ<speaker>なまえも かわって<br> さらに パワフルだし！！<page>	Koppa: Amazing! The<br>doll has been tuned up!<page><box>Koppa: It even has a new<br>name and more power!!<page>	
196:$6FDB	223:$7F4F	77	コッパ<speaker>いいことがあるんだな。<br> ビッグモアイさまに まじないを<br> となえると。<page>	Koppa: They say something<br>good happens if you chant<br>a spell before Big Moai.<page>	
196:$7006	223:$7F9D	33	コッパ<speaker>どこに いっちまったんだ。<br> ビッグモアイさまのヤツ、、。<page>	Koppa: Where did<br>Big Moai go...?<page>	
196:$702A	223:$7FBF	59	コッパ<speaker>とりあえずは<br> ちゃんと じゅんびしてから<br> いこうぜ。かまどの中に。<page>	Koppa: Let's prepare properly<br>before we enter the furnace.<page>	
196:$7055	224:$4000	76	コッパ<speaker>きのうは かじ屋の<br> かまどの おくまで いけて<br> たのしかったな！！<page>	Koppa: It was fun reaching<br>deep inside the blacksmith's<br>furnace yesterday!!<page>	
196:$7080	224:$404D	30	コッパ<speaker>がんばっていこうぜ！<br> <name>！<page>	Koppa: Let's do our<br>best, <name>!<page>	
196:$7096	224:$406C	51	コッパ<speaker><quoteOpen>風来おうぎ<quoteClose>って<br> 役に立つよな！<page>	"Koppa: The ""Wanderer's<br>Secrets"" are really useful!<page>"	
196:$70B5	224:$40A0	40	コッパ<speaker>今日も がんばって<br> いこうぜ！ <name>！<page>	Koppa: Let's do our best<br>today too, <name>!<page>	
196:$70D2	224:$40C9	51	コッパ<speaker><quoteOpen>風来おうぎ<quoteClose>って<br> 役に立つよな！<page>	"Koppa: The ""Wanderer's<br>Secrets"" are really useful!<page>"	
196:$70F1	224:$40FD	29	コッパ<speaker>ハラへってきたなぁ、。<page>	Koppa: I'm getting hungry...<page>	
196:$7103	224:$411B	32	コッパ<speaker>これから どこいこうか？<page>	Koppa: Where<br>should we go next?<page>	
196:$7116	224:$413C	33	コッパ<speaker>元気出していこうぜ！<br> <name>！<page>	Koppa: Keep your<br>spirits up, <name>!<page>	
196:$712F	224:$415E	66	コッパ<speaker>あたたかくて<br> 気持ちいい日だなあ、、。<page><br> オイラ ねちゃいそうだよ。<page>	Koppa: It's such<br>a nice, warm day...<page><box>Koppa: I could fall asleep.<page>	
196:$715D	224:$41A1	30	コッパ<speaker>ん？<br> どうした？ <name>？<page>	Koppa: Hmm?<br>What's wrong, <name>?<page>	
196:$7171	224:$41C0	14	コッパ<speaker>ヤッホー。<page>	Koppa: Yahoo!<page>	
196:$717D	224:$41CF	12	コッパ<speaker>おっす。<page>	Koppa: Hey.<page>	
196:$7188	224:$41DC	23	コッパ<speaker>よう なんだよう？<page>	Koppa: Yo! What is it?<page>	
196:$7198	224:$41F4	45	コッパ<speaker>心配すんなってば。<br> ちゃんと ついてきているよ。<page>	Koppa: Don't worry.<br>I'm right here with you.<page>	
196:$71BA	224:$4222	41	コッパ<speaker>はやく<br> にげようぜ！ <name>！<page>	Koppa: Hurry!<br>Let's get out of<br>here, <name>!<page>	
196:$71D0	224:$424C	128	コッパ<speaker>にげるなって<br> いわれてもよォ、<page><box>コッパ<speaker>このまま ここにいたら<br> もっとヤバそうだもンな。<page><box>コッパ<speaker>はやいとこ<br> ずらかろうぜ。<page>	Koppa: Even if they<br>tell us not to escape,<page><box>Koppa: staying here looks<br>even more dangerous.<page><box>Koppa: Let's get<br>out of here, fast.<page>	
196:$721C	224:$42CD	35	コッパ<speaker>けっこう<br> かっきがある町だな。<page>	Koppa: This town<br>is pretty lively.<page>	
196:$7234	224:$42F1	160	コッパ<speaker><name>も 見たよな。<br> 魔城のようすを。<page><box>コッパ<speaker>ううっ なんか<br> イヤな よかんが する、、。<page><box>コッパ<speaker><name>！ いそごうぜ！<br> 邪神像を とりかえしに！！<page>	Koppa: You saw the<br>Magic Castle too, right,<br><name>?<page><box>Koppa: Ugh... I've got a<br>bad feeling about this...<page><box>Koppa: <name>! Let's<br>hurry and take back<br>the Evil God Statue!!<page>	
196:$7292	224:$4392	94	コッパ<speaker>ザガンさえ たおせば<br> 邪神像は とりかえせる！<page><br> がんばろうぜ！ <name>！<page>	Koppa: Once we defeat<br>Zagan, we can take back<br>the Evil God Statue!<page><box>Koppa: Let's do<br>this, <name>!<page>	
196:$72C2	224:$43F1	56	コッパ<speaker><name>！ いこうぜ！！<page><br> キュラスを たおしに！！<page>	Koppa: <name>! Let's go!!<page><box>Koppa: We have<br>to defeat Curas!!<page>	
196:$72E2	224:$442A	111	コッパ<speaker>お竜やペケジは もう<br> むかっているのかな？、、。<page><box>コッパ<speaker>オイラたちも いそごうぜ！<br> ジャハンナムのとびらへ！<page>	Koppa: I wonder if<br>Oryu and Pekeji are<br>already on their way...<page><box>Koppa: We should hurry<br>to Jahannam's Gate too!<page>	
196:$7325	224:$449A	83	コッパ<speaker>みんな がんばっている！<page><br> オイラたちも いそごう！<br> ジャハンナムのとびらへ！<page>	Koppa: Everyone<br>is fighting hard!<page><box>Koppa: We have to hurry<br>to Jahannam's Gate too!<page>	
196:$7355	224:$44EE	47	コッパ<speaker>こんどこそ<br> キュラスを やっつけようぜ！<page>	Koppa: This time, let's<br>finish Curas for good!<page>	
196:$7371	224:$451E	61	コッパ<speaker>さいごの たたかいだ！<page><br> がんばろうぜ！ <name>！！<page>	Koppa: This is<br>the final battle!<page><box>Koppa: Let's do<br>this, <name>!!<page>	
196:$7392	224:$455C	25	コッパ<speaker>しあわせそうだな。<br> ンフーのヤツ。<page>	Koppa: Nfuu looks happy.<page>	
196:$73AB	224:$4576	135	コッパ<speaker>えーと 今日のダジャレ。<page><box>コッパ<speaker>トンファンも<page> 花を<br> かざって ハナやかに、、。<page><box>コッパ<speaker>おもしろい？<br> ねえ おもしろい？<page>	Koppa: Okay, today's pun.<page><box>Koppa: Tonfan put up<br>flowers.<page><box>Koppa: Now the place<br>is really blooming...<page><box>Koppa: Funny?<br>Hey, was it funny?<page>	
196:$73F9	224:$45FE	92	コッパ<speaker>きのうは<br> ツウカイだったよな！<page><box>コッパ<speaker>なんたって<br> しゅうりょうまぎわの<br> 大ぎゃくてんだったもんな！！<page>	Koppa: Yesterday<br>was a real thrill!<page><box>Koppa: What a comeback we<br>made right at the very end!!<page>	
196:$7439	224:$465B	45	コッパ<speaker>いこう！ <name>！<br> 奈落の果てへ！！<page>	Koppa: Let's go, <name>!<br>To the Abyssal Depths!!<page>	
196:$7455	224:$4689	93	コッパ<speaker>いこう！ <name>！<br> 奈落の果てへ！<page><box>コッパ<speaker>ザガンから<br> 姫さまを助けるんだ！<page>	Koppa: Let's go, <name>!<br>To the Abyssal Depths!<page><box>Koppa: We have to save<br>the Princess from Zagan!<page>	
196:$748A	224:$46E7	35	マーモ<speaker>さぁ いこう！<br> マーモリー<hspace:02><D2><hspace:02>レッツゴー！<page>	Mamo: Let's go!<br>Mamo-ry, let's go!<page>	
196:$74AA	224:$470B	1	<box>	<box>	
196:$74AC	224:$470D	22	マーモ<speaker>マーモリー<hspace:02><D2><hspace:02>リョーカイ！<page>	Mamo: Mamo-ry, roger!<page>	
196:$74C3	224:$4724	26	マーモ<speaker>マーモリー<hspace:02><D2><hspace:02>ドレ？<page>	Mamo: Mamo-ry, which one?<page>	
196:$74D7	224:$473F	47	マーモ<speaker>マーモリー<D2>シューノー！<page><br> シューノー しゅうりょー。<page>	Mamo: Mamo-ry, STORE!<page><box>Mamo: Storage complete.<page>	
196:$74FA	224:$476F	58	マーモ<speaker>マーモリー<D2>シューノー？<page><br> ハズセー ハズセー。<page>	Mamo: Mamo-ry, store it?<page><box>Mamo: Take it off! Take it<br>off!<page>	
196:$751A	224:$47AA	44	マーモ<speaker>マーモリー<D2>マンプクー！<br> もう はいらないよお。<page>	Mamo: Mamo-ry, FULL!<br>I can't hold any more.<page>	
196:$753A	224:$47D7	32	のろわれたアイテムは はずせない！<page>	Cursed items<br>cannot be removed!<page>	
196:$754D	224:$47F8	50	マーモ<speaker>マーモリー<D2>ゼーロ！<br> それじゃあ あずかれなあい。<page>	Mamo: Mamo-ry, ZERO!<br>Then I can't store anything.<page>	
196:$756E	224:$482B	26	マーモ<speaker>マーモリー<D2>ドレ？<page>	Mamo: Mamo-ry, which one?<page>	
196:$757E	224:$4846	41	マーモ<speaker>マーモリー<D2>デロー！<page><br> デタ データー。<page>	Mamo: Mamo-ry, OUT!<page><box>Mamo: Out it comes!<page>	
196:$759A	224:$4870	49	マーモ<speaker>マーモリー<D2>カラッポー！<br> ぼくはなんにも もってないよお。<page>	Mamo: Mamo-ry, EMPTY!<br>I'm not carrying anything.<page>	
196:$75BF	224:$48A2	68	マーモ<speaker>マーモリー<D2>ムリムリー！<br> もう持てない。ムリはだめだあ。<page>	Mamo: Mamo-ry, IMPOSSIBLE!<br>I can't carry any<br>more. Don't overdo it!<page>	
196:$75E4	224:$48E7	33	マーモ<speaker>やあ <name>！<br> マーモリー<D2>ゴーリュー？<page><box>	Mamo: Hey, <name>!<br>Mamo-ry reunion?<page><box>	
196:$7600	224:$4909	249	マーモ<speaker>そう こなくっちゃ！<page><box>マーモ<speaker>ぼくは アイテムを<br> たくさんシューノーできるんだ。<page><box>マーモ<speaker>出し入れ じゆうだから<br> 冒険には べんりだろ？<page><box>マーモ<speaker>ただ ダンジョンから<br> 帰ってきたら カラッポに<br> なっちゃうから気をつけてね。<page><box>マーモ<speaker>じゃあ 行こう！<br> マーモリー<D2>シュッパーツ！<page><box>	Mamo: That's what<br>I wanted to hear!<page><box>Mamo: I can store<br>lots of items.<page><box>Mamo: You can put them<br>in and take them out<br>freely. Handy, right?<page><box>Mamo: But I'll be empty<br>when you return from a<br>dungeon, so remember that.<page><box>Mamo: Let's go!<br>Mamo-ry, roll out!<page><box>	
196:$76A6	224:$4A03	19	マーモが なかまになった！<delay:96><page>	Mamo joined you!<delay:96><page>	
196:$76B7	224:$4A17	76	マーモ<speaker>ぼくが いれば<br> シューノーできるのに、、。<page><br> マーモリー<D2>ガッカリー！<page>	Mamo: You could store<br>items if I came along...<page><box>Mamo: Mamo-ry disappointed!<page>	
196:$76E3	224:$4A64	68	お竜<speaker>あ <name>。<br> どこか いくの？<page><box>お竜<speaker>わたしも<br> いっしょにいって いい？<page><box>	Oryu: Oh, <name>.<br>Are you going somewhere?<page><box>Oryu: Can I come with you?<page><box>	
196:$7713	224:$4AA9	42	お竜<speaker>うれしい！<br> はやく いこいこ！<page><box>	Oryu: I'm so glad!<br>Come on, let's hurry!<page><box>	
196:$772B	224:$4AD4	19	お竜が なかまになった！<delay:96><page>	Oryu joined you!<delay:96><page>	
196:$773C	224:$4AE8	52	お竜<speaker>ざんねん。<br> けど いつでも<br> ついていくからね。<page>	Oryu: That's too bad.<br>But I'll go with you anytime.<page>	
196:$775C	224:$4B1D	96	お竜<speaker>アテカのこと おねがいね。<page><br> でも ほかのダンジョンに<br> いくなら ついていくけど、、。<page><box>	Oryu: Take care of Ateka.<page><box>Oryu: But if you're going<br>to another dungeon,<br>I'll come with you...<page><box>	
196:$7791	224:$4B7E	23	お竜<speaker>うん。じゃあ いこ。<page><box>	Oryu: Okay. Let's go.<page><box>	
196:$77A3	224:$4B96	19	お竜が なかまになった！<delay:96><page>	Oryu joined you!<delay:96><page>	
196:$77B4	224:$4BAA	53	お竜<speaker>アテカを助けにいくのね。<br> <name>！ がんばって！！<page>	Oryu: You're going to<br>save Ateka, <name>!<br>Do your best!!<page>	
196:$77D5	224:$4BE0	51	お竜<speaker>わたしが いっしょなら<br> こわいものなしよ！<page>	Oryu: With me beside you,<br>there's nothing to fear!<page>	
196:$77F2	224:$4C14	96	お竜<speaker>あ <name>。<br> ぶじなのね。よかった。<page><box>お竜<speaker>これから どうする？<br> いっしょに たたかう？<page>	Oryu: Oh, <name>.<br>You're safe. What a relief.<page><box>Oryu: What will you do now?<br>Shall we fight together?<page>	
196:$7829	224:$4C75	37	お竜<speaker>うん。<br> じゃ いっしょに いこ。<page><box>	Oryu: Okay.<br>Then let's go together.<page><box>	
196:$7842	224:$4C9B	19	お竜が なかまになった！<delay:96><page>	Oryu joined you!<delay:96><page>	
196:$7853	224:$4CAF	51	お竜<speaker>わかれて行動するのね。<br> じゃ 気をつけて。<page>	Oryu: We'll go our<br>separate ways, then.<br>Take care.<page>	
196:$7873	224:$4CE3	17	ペケジ<speaker>げげげっ、、。<page>	Pekeji: Yikes...<page>	
196:$7881	224:$4CF5	65	ペケジ<speaker>あっ アニキ！<page><br> オレも ぼうけんに<br> つれていってくれるのか？<page><box>	Pekeji: Hey, Bro!<page><box>Pekeji: Are you taking<br>me on your adventure?<page><box>	
196:$78AA	224:$4D37	77	ペケジ<speaker>やった！ さすがアニキ！<page><br> よし！ いこうぜ！！<page><box>	Pekeji: Yes! I knew<br>you'd come through, Bro!<page><box>Pekeji: All right! Let's go!!<page><box>	
196:$78CB	224:$4D85	21	ペケジが なかまになった！<delay:96><page>	Pekeji joined you!<delay:96><page>	
196:$78DC	224:$4D9B	17	ペケジ<speaker>ちぇっ。<page>	Pekeji: Aw, man.<page>	
196:$78E7	224:$4DAD	140	ペケジ<speaker>オレ 奈落の果てには<br> ついていけないのが スゲー<br> くやしいけど、、<page><box>ペケジ<speaker>ほかのダンジョンに<br> いくンだったら つれていって<br> くれるか？<page><box>	Pekeji: It kills me that<br>I can't go into the<br>Abyssal Depths with you...<page><box>Pekeji: But if you're<br>going to another dungeon,<br>will you take me?<page><box>	
196:$793C	224:$4E3A	121	ペケジ<speaker>そっか。やっぱり 姫さまを<br> 助けにいくんだよな、、。<page><box>ペケジ<speaker>オレ おうえんしか<br> できないけど がんばってな！<br> アニキー！！<page>	Pekeji: I see. You're going to<br>save the Princess after all...<page><box>Pekeji: All I can do is cheer,<br>so give it your all, Bro!!<page>	
196:$7988	224:$4EB4	36	ペケジ<speaker>よし！<br> じゃ いこうぜ！ アニキ<EE>！！<page><box>	Pekeji: All right!<br>Let's go, Bro!!<page><box>	
196:$79A4	224:$4ED9	21	ペケジが なかまになった！<delay:96><page>	Pekeji joined you!<delay:96><page>	
196:$79B5	224:$4EEF	31	ペケジ<speaker>ううっ、、。<br> アニキ。すまねえ。<page>	Pekeji: Ugh...<br>Bro, I'm sorry.<page>	
196:$79CD	224:$4F0F	43	ペケジ<speaker>アニキ<EE> これから<br> どうなっちまうんだろうな？<page>	Pekeji: Bro...<br>What's going to happen now?<page>	
196:$79EC	224:$4F3B	55	ペケジ<speaker>アニキと いっしょだと<br> たのしいぜ！！<page>	Pekeji: Everything's more<br>fun when I'm with you, Bro!!<page>	
196:$7A07	224:$4F73	87	ペケジ<speaker>あっ アニキ！<br> ぶじで なにより！<page><box>ペケジ<speaker>、で これから どうする？<br> いっしょに行動するかい？<page><box>	Pekeji: Hey, Bro!<br>Glad you're safe!<page><box>Pekeji: So, what now?<br>Should we travel together?<page><box>	
196:$7A45	224:$4FCB	77	ペケジ<speaker>わかった。<br> オレはオレで がんばるよ。<page><box>ペケジ<speaker>アニキも気をつけてな！<page>	Pekeji: Got it.<br>I'll do my best on my own.<page><box>Pekeji: You be<br>careful too, Bro!<page>	
196:$7A73	224:$5019	35	ペケジ<speaker>よし！<br> じゃ いこうぜ！ アニキ！<page><box>	Pekeji: All right!<br>Let's go, Bro!<page><box>	
196:$7A8D	224:$503D	21	ペケジが なかまになった！<delay:96><page>	Pekeji joined you!<delay:96><page>	
196:$7A9E	224:$5053	10	領主<speaker>、、。<page>	Lord: ...<page>	
196:$7AA9	224:$505E	105	領主<speaker>ほんとうに助けられて<br> ばかりで なんど おれいを<br> いっても いいたりない。<page><box>領主<speaker><name>どの。<br> ほんとうに ありがとう。<page>	Lord: You have saved us<br>so often that words can<br>never express my gratitude.<page><box>Lord: <name>.<br>Thank you, truly.<page>	
196:$7AF4	224:$50C8	109	領主<speaker><name>どの、、。<page><br> いつも たよって ばかりで<br> もうしわけないが、、<page><box>領主<speaker>たのむ。<page><br> どうかアテカを、、。<page>	Lord: <name>...<page><box>Lord: Forgive me for<br>always relying on you, but...<page><box>Lord: Please.<page><box>Lord: You must save Ateka...<page>	
196:$7B38	224:$5136	37	領主<speaker>ううぅ、、<br> ワシは いったい？、、。<page>	Lord: Ugh...<br>What happened to me...?<page>	
196:$7B53	224:$515C	113	領主<speaker>そろそろ城にも<br> いってみようと思うのだ。<page><box>領主<speaker>くずれたあと どうなって<br> いるのか 気になるしな。<page>	Lord: I think it is nearly<br>time I visited the castle.<page><box>Lord: I wish to see<br>what became of it<br>after it collapsed.<page>	
196:$7B95	224:$51CE	74	領主<speaker>ワシが 元気になれたのも<br> オババのカンビョウのおかげだ。<page><br> れいを 言うぞ。<page>	Lord: I owe my recovery<br>to Obaba's devoted care.<page><box>Lord: I must thank her.<page>	
196:$7BC8	224:$5219	14	サルヤマ<speaker>、、。<page>	Saruyama: ...<page>	
196:$7BD3	224:$5228	89	サルヤマ<speaker>先生ッ！！<page><br> いつまで ここで 壺づくりするで<br> ありますかァ？！<page>	Saruyama: Master!!<page><box>Saruyama: How long do<br>you intend to keep making<br>jars in this house?!<page>	
196:$7C00	224:$5282	24	サルヤマ<speaker>はい 先生ッ！！<page>	Saruyama: Yes, Master!!<page>	
196:$7C12	224:$529B	24	サルヤマ<speaker>はい 先生ッ！！<page>	Saruyama: Yes, Master!!<page>	
196:$7C24	224:$52B4	63	サルヤマ<speaker>ゴハンの したくとか<br> いろいろ たいへんです。<page>	Saruyama: Cooking the<br>meals and everything<br>else is exhausting.<page>	
196:$7C44	224:$52F4	103	サルヤマ<speaker>わたしも なんども<br> がんばって みたのですが、、<page><box>サルヤマ<speaker>先生の きろくは<br> すごすぎます。<page>	Saruyama: I have tried<br>my best many times, but...<page><box>Saruyama: Your record is<br>simply incredible, Master.<page>	
196:$7C80	224:$535C	67	サルヤマ<speaker>先生っ！<page><br> きゅうきょくの土とは なんで<br> ありますか？ ウオオオース！！<page>	Saruyama: Master!<page><box>Saruyama: What is the<br>Ultimate Soil?! Ooooooh!!<page>	
196:$7CB1	224:$53A0	103	ンフー<speaker>ンフー！ これからは<br> ほかのダンジョンも<br> いってみたいでフ！<page><box>ンフー<speaker>ボクも <name>の<br> ぼうけんに つれてって<br> くれまフか？<page><box>	Nfuu: Nfuu! I want to explore<br>other dungeons now, fu!<page><box>Nfuu: Will you take me<br>on your adventures,<br><name>?<page><box>	
196:$7CFC	224:$5408	55	ンフー<speaker>やったあ！ うれしいでフ！<br> ンフー！ しゅっぱーつ！！<page><box>	Nfuu: Hooray! I'm so happy, fu!<br>Nfuu! Let's set out!!<page><box>	
196:$7D20	224:$5440	19	ンフーが なかまになった！<delay:96><page>	Nfuu joined you!<delay:96><page>	
196:$7D31	224:$5454	28	ンフー<speaker>ガッカリでフ。<page>	Nfuu: I'm disappointed, fu.<page>	
196:$7D3F	224:$5471	52	ンフー<speaker>ボク しあわせで<br> もうメロメロでフ、、。<page>	Nfuu: I'm so happy and<br>completely lovestruck, fu...<page>	
197:$400E	224:$54A6	126	コッパ<speaker>ここが ジャハンナムの<br> いちばん下なのかな？<page><br> なにも 見えないぞ。<page><box>コッパ<speaker>あっ！<page><br> あっちから 光が！<page><br> いってみようぜ。<page><box>	Koppa: Is this the bottom<br>of Jahannam's Gate?<page><br>I can't see anything.<page><box>Koppa: Ah!<page><br>There's a light over there!<page><br>Let's go see.<page><box>	
197:$405E	224:$5525	150	コッパ<speaker>お おい <name>。<page><box>コッパ<speaker>あそこにいるの<br> キュラスじゃないか？<page><box>コッパ<speaker>よかった。邪神は まだ<br> ふっかつしちゃ いない。<page><br> まに あったんだよ。<page><box>	Koppa: H-Hey, <name>.<page><box>Koppa: Isn't that<br>Curas over there?<page><box>Koppa: Thank goodness.<br>The Evil God hasn't<br>been resurrected yet.<page><box>Koppa: We made it in time.<page><box>	
197:$40B7	224:$55BC	193	コッパ<speaker>おい！ キュラス！<br> かんねんしろ！<page><box>キュラス<speaker>、、、、、、。<page><box>コッパ<speaker>どうした？、、<page><br> 気持ちわるいヤツだな。<page><box>キュラス<speaker>ククク、、もうすこしで<br> 終わるというのに、、。<page><box>キュラス<speaker>、、まあ いい。<page><br> これで キサマらとは 三度目の<br> 対決と なるが、、。<page><box>	Koppa: Hey, Curas!<br>It's over!<page><box>Curas: ...<page><box>Koppa: What's wrong...?<page><br>What a creep.<page><box>Curas: Heh heh... Just when<br>it was almost complete...<page><box>Curas: No matter.<page><br>This is our third<br>confrontation...<page><box>	
197:$4152	224:$567E	86	キュラス<speaker>今度こそ けっちゃくを<br> つけてやろう！！<page><br> キサマの しを もってな！！<page><box>	Curas: This time, we<br>will settle things<br>once and for all!!<page><box>Curas: With your death!!<page><box>	
197:$4183	224:$56D5	36	    キュラスは あたりを<br>    暗黒面で おおった！！	Curas covered the<br>area in darkness!!	
197:$41A5	224:$56FA	34	ここでは すべての まほうこうかが<br>     きかなくなった！！	All magic effects<br>were nullified!!	
197:$41C6	224:$571D	22	キュラス<speaker>いくぞッ！！<page><box>	Curas: Here I come!!<page><box>	
197:$41DF	224:$5734	148	コッパ<speaker>おい！ キュラス！<br> 邪神なんか ふっかつさせねえ<br> からな！<page><box>コッパ<speaker>こんどこそ かくごしろよ！！<page><box>キュラス<speaker>、、、、。<page><br> もうすこしだと いうのに<br> うるさいヤツめ、、。<page><box>	Koppa: Hey, Curas!<br>We won't let you<br>resurrect the Evil God!<page><box>Koppa: This time,<br>prepare yourself!!<page><box>Curas: ...<page><br>I was almost finished.<br>You pests...<page><box>	
197:$4245	224:$57C9	40	キュラス<speaker>ほんとうに かてると<br> 思ってるのか？<page><box>	Curas: Do you truly<br>think you can win?<page><box>	
197:$4262	224:$57F2	36	    キュラスは あたりを<br>    暗黒面で おおった！！	Curas covered the<br>area in darkness!!	
197:$4284	224:$5817	34	ここでは すべての まほうこうかが<br>     きかなくなった！！	All magic effects<br>were nullified!!	
197:$42A5	224:$583A	55	キュラス<speaker>キサマらでは ムダだ。<page><br> このワシが あいてではなっ！！<page><box>	Curas: Your efforts<br>are useless.<page><br>You are facing me!!<page><box>	
197:$42E5	224:$5872	22	キュラス<speaker>ギャアアアァァァ！！！<delay:78><box>	Curas: Gyaaaaaah!!!<delay:78><box>	
197:$42FA	224:$5889	33	コッパ<speaker>やったな！ <name>！<br> ついに！！<page><box>	Koppa: We did it, <name>!<br>At last!!<page><box>	
197:$4312	224:$58AB	196	コッパ<speaker>キュラス、、<page><br> やばいヤツだったよな、、。<page><box>コッパ<speaker>コイツのせいで<br> イルパが ぜんめつしそう<br> だったし、、<page><box>コッパ<speaker>邪神も もうすこしで<br> ふっかつするところだった、、。<page><box>コッパ<speaker>けど<br> それも もうおわりだ。<page><box>	Koppa: Curas...<page><box>Koppa: He was a<br>dangerous one...<page><box>Koppa: Because of him,<br>Ilpa nearly got wiped out...<page><box>Koppa: And the Evil God<br>was on the verge of<br>resurrection...<page><box>Koppa: But it's finally over.<page><box>	
197:$438E	224:$5970	59	コッパ<speaker>さあ 帰ろうぜ。<br> イルパへ。<page><br> みんなが 待っている。<page><box>	Koppa: Let's go home.<br>Back to Ilpa.<page><br>Everyone is waiting.<page><box>	
197:$43B5	224:$59AC	34	コッパ<speaker>ん？、、<page><br> どうしたんだ？ <name>？<page><box>	Koppa: Hm...?<page><br>What's wrong, <name>?<page><box>	
197:$43CF	224:$59CF	33	コッパ<speaker>あっ！ 邪神像が！<page><box>	Koppa: Ah! The<br>Evil God Statue!<page><box>	
197:$43E3	224:$59F1	46	メケレレ<speaker>く<page> くるぞ！！<page><box>	Mekerere: I-It's...<page><box>Mekerere: It's coming!!<page><box>	
197:$43F4	224:$5A20	41	ワンダ<speaker>さ さくを<br> とっぱしてきたっ！！<page><box>	Wanda: I-It broke<br>through the barrier!!<page><box>	
197:$440D	224:$5A4A	51	オロ<speaker>みんなっ！ たたかうぞ！！<page><br> いいな！！<page><box>	Oro: Everyone! Get<br>ready to fight!!<page><br>Understood?!<page><box>	
197:$4429	224:$5A7E	50	ヌワンコ<speaker>うわぁっ！！<page><box>タオ<speaker>じ 地面が ゆれてるぅ！！<page><box>	Nuwanko: Whoa!!<page><box>Tao: Th-The ground is<br>shaking!!<page><box>	
197:$444D	224:$5AB1	31	オロ<speaker>ひるむなっ！！ みんなっ！！<page><box>	Oro: Don't falter, everyone!!<page><box>	
197:$4462	224:$5AD1	24	アテカ<speaker>まさか、、。<page><box>	Ateka: It cannot be...<page><box>	
197:$4470	224:$5AEA	93	コッパ<speaker>なんで？、、<page>キュラスは<br> たおしたんだぜ。なのに、、<page><br> やめてくれよ！ そんなの！！<page><box>	Koppa: Why...?<page><box>Koppa: We defeated Curas.<page><box>Koppa: So why...?<page><br>No! This can't be happening!!<page><box>	
197:$4518	224:$5B48	30	コッパ<speaker>く くずれるぞ。にげろ！<page><box>	Koppa: It's collapsing! Run!<page><box>	
197:$452C	224:$5B67	55	ヌワンコ<speaker>う うごきが、、。<page><box>ワンダ<speaker>止まったぞ、、。<page><box>	Nuwanko: I-It<br>stopped moving...<page><box>Wanda: It stopped...<page><box>	
197:$454E	224:$5B9F	30	ライ<speaker>うわ！ また 地面が！<page><box>	Rai: Whoa! The ground again!<page><box>	
197:$4562	224:$5BBE	36	ワンダ<speaker>見ろよ！ 魔城も！<page><box>	Wanda: Look! The<br>Magic Castle too!<page><box>	
197:$4576	224:$5BE3	32	オロ<speaker>姫さま、、こ これは？<page><box>	Oro: Princess... What is this?<page><box>	
197:$4589	224:$5C04	138	アテカ<speaker>ジャハンナムのとびらも<br> 魔城からも レイキを<br> かんじません。<page><box>アテカ<speaker>これは いったい、、。<page><box><delay:3C>領主<speaker>邪神が<br> しょうめつしたのだ。<page><box>	Ateka: I sense no evil<br>aura from Jahannam's<br>Gate or the Magic Castle.<page><box>Ateka: What can this mean...?<page><box><delay:3C>Lord: The Evil<br>God has vanished.<page><box>	
197:$45E0	224:$5C8F	15	ライ<speaker>領主さま！<page><box>	Rai: My Lord!<page><box>	
197:$45EE	224:$5C9F	219	領主<speaker>大地を おおっていたものも<br> ワシへの のろいも すべて<br> きえさった。<page><box>領主<speaker>邪神が たおされたのだ。<page><box>ライ<speaker>と いうことは、、。<page><box>メケレレ<speaker><name>が、、<br> <name>が ついに 邪神を<br> やっつけたんだ。<page><box>シズ<speaker>町は、、助かったんだ！<page><box>	Lord: The force covering<br>the land and the curse<br>upon me have both vanished.<page><box>Lord: The Evil God<br>has been defeated.<page><box>Rai: Then that means...<page><box>Mekerere: <name>...<br><name> finally<br>defeated the Evil God.<page><box>Shizu: The town is saved!<page><box>	
197:$467C	224:$5D7B	24	タオ<speaker>やったあ！ バンザーイ！！	Tao: We did it! Hooray!!	
197:$468E	224:$5D94	60	領主<speaker>アテカ、、<br> しんぱいかけたな。<page><box>アテカ<speaker>父上！	Lord: Ateka...<br>I have caused you such<br>worry.<page><box>Ateka: Father!	
197:$46B1	224:$5DD1	1	<box>	<box>	
197:$46B3	224:$5DD3	22	ワンダ<speaker>おい！ <name>だ！<page><box>	Wanda: Hey! It's <name>!<page><box>	
197:$46C3	224:$5DEA	30	ワンダ<speaker>みんな！<br> <name>が 帰ってきたぞ！<page><box>	Wanda: Everyone!<br><name> is back!<page><box>	
197:$46DD	224:$5E09	85	ヌワンコ<speaker>ようし！<br> 今夜は おいわいだ！<br> せいだいに やろうぜ！<page><box>みんな<speaker>おおっ！	Nuwanko: All right!<br>Tonight we celebrate!<br>Let's make it a grand one!<page><box>Everyone: Yeah!	
197:$470E	224:$5E5F	36	ペケジ<speaker>やった！<br> タダで のみ食い できる！<page><box>	Pekeji: Yes!<br>Free food and drinks!<page><box>	
197:$472A	224:$5E84	25	みんな<speaker>あははは<EF><EF><hspace:01>っ！！<page><box>	Everyone: Ha ha ha ha!!<page><box>	
197:$473D	224:$5E9E	71	<br>   かくして 邪神は ほろび<br>  魔物たちのやぼうも きえた。<page>	And so, the Evil God<br>was destroyed, and the<br>monsters' ambitions ended.<page>	
197:$4764	224:$5EE6	1	<box>	<box>	
197:$4766	224:$5EE8	73	   イルパの町は まもられ<br>この日は ひとびとのよろこびの声が<br><hspace:0D>夜中までひびきわたったという。<page>	Ilpa was saved, and the<br>people's joyful voices<br>echoed through the night.<page>	
197:$479F	224:$5F32	1	<box>	<box>	
197:$47A1	224:$5F34	24	<br><br>    そして つぎの朝、、<page>	And the next morning...<page>	
197:$47B4	224:$5F4D	245	領主<speaker>けっきょく キュラスを<br> 止められなかったのは ワシの<br> ちからが 足りなかったからだ。<page><box>領主<speaker>そのために<br> アテカまで つらい思いを<br> させてしまった、、。<page><box>領主<speaker>イルパも もうすこしで<br> 砂漠に うもれてしまうところで<br> あった。<page><box>領主<speaker>そんなワシが はたして、、<page><box>	Lord: In the end, Curas<br>escaped my control...<page><box>Lord: I lacked the<br>strength to stop him.<page><box>Lord: Because of that, I<br>made Ateka suffer too...<page><box>Lord: Ilpa itself was nearly<br>buried beneath the desert.<page><box>Lord: After all of that,<br>am I truly fit to...?<page><box>	
197:$4854	224:$6043	79	オロ<speaker>そんなことはねえよ。<br> 領主さま。<page><box>オロ<speaker>イルパを たてなおせるのは<br> 領主さましか いねえ。<page><box>	Oro: Don't say that, my Lord.<page><box>Oro: You're the only one<br>who can rebuild Ilpa.<page><box>	
197:$4890	224:$6093	23	オロ<speaker>なあ みんな。<page><box>	Oro: Right, everyone?<page><box>	
197:$489E	224:$60AB	120	ゴト<speaker>そうだそうだ。<delay:0D><page><box>ライ<speaker>やっぱり 領主さまに<br> ひっぱっていって もらわねえと。<page><box>ワンダ<speaker>領主さまいがいには<br> かんがえられねえ。<page><box>領主<speaker>みんな、、。<page><box>	Goto: That's right.<delay:0D><page><box>Rai: We still need you<br>to lead us, my Lord.<page><box>Wanda: No one else could do<br>it.<page><box>Lord: Everyone...<page><box>	
197:$48FD	224:$6124	86	領主<speaker>もとより ワシひとりでは<br> なせないこと、、<page><box>領主<speaker>みんなで ちからを<br> 合わせようではないか！<page><box>	Lord: This is not something<br>I can accomplish alone...<page><box>Lord: Let us all join forces!<page><box>	
197:$493B	224:$617B	72	メケレレ<speaker>うおーっ！<br> そうだ！ そうだ！<page><box>ライ<speaker>領主さま！ みんなで<br> がんばりましょう！！<page><box>	Mekerere: Yeah!<br>That's right!<page><box>Rai: We'll all work<br>together, my Lord!!<page><box>	
197:$4972	224:$61C4	16	みんな<speaker>おおっ！！	Everyone: Yeah!!	
197:$497D	224:$61D5	124	コッパ<speaker>よかったな <name>。<br> みんな やる気になっているよ。<page><br> これでもう 安心だね。<page><box>コッパ<speaker>、、じゃ いこうか。<page><box>	Koppa: That's<br>great, <name>.<br>Everyone's ready to rebuild.<page><box>Koppa: We don't have<br>to worry anymore.<page><box>Koppa: Well... Shall we go?<page><box>	
197:$49C1	224:$6252	104	サチ<speaker>あっ きょうは ごちそうなの！<br> だから きたいして、、<page><br> あれ？ どっかいくの？<page><box>	Sachi: We're having<br>a feast today!<br>So you can look forward to...<page><box>Sachi: Huh? Are you<br>going somewhere?<page><box>	
197:$49F2	224:$62BB	33	サチ<speaker>、、！<page> まさか、、。<page><box>	Sachi: ...!<page> You cannot mean...<page><box>	
197:$4A04	224:$62DD	52	コッパ<speaker>さっき トンファンを<br> のぞいてきたんだけど、、。<page><box>	Koppa: I stopped by Tonfan's<br>place a moment ago...<page><box>	
197:$4A25	224:$6312	103	コッパ<speaker>領主さまも 元気に<br> なったし 町のみんなも やる気を<br> 出していたよ。<page><box>コッパ<speaker>よかったよね ほんとうに。<page><box>	Koppa: The Lord has<br>recovered, and everyone<br>in town is ready to work.<page><box>Koppa: It really is<br>wonderful.<page><box>	
197:$4A6C	224:$637A	72	アテカ<speaker>はい、、でも たいへん<br> なのは これからです。<page><br> わたしも がんばらなくては！<page><box>	Ateka: Yes... But the<br>hardest work begins now.<page><br>I must do my best too!<page><box>	
197:$4A9D	224:$63C3	28	アテカ<speaker>これは、、わたしの宝玉、、<page><br>	Ateka: This is my Jewel...<page><box>	
197:$4AB4	224:$63E0	34	アテカ<speaker>これを かえしに？、、。<page><box>	Ateka: You came<br>to return it...?<page><box>	
197:$4AC8	224:$6403	53	アテカ<speaker>そうですか、、<delay:78>もう、、<br> いって しまわれるのですね、、。<delay:78><box>	Ateka: I see...<delay:78><br>You are already...<br>Leaving us...<delay:78><box>	
197:$4AF0	224:$6439	58	コッパ<speaker>じゃあね お姫さま。<delay:78><br> ありがとう <delay:3C>そして 元気でね。<delay:78><box>	Koppa: Goodbye, Princess.<delay:78><br>Thank you.<delay:3C> And stay well.<delay:78><box>	
197:$4B1B	224:$6474	110	アテカ<speaker>あの！ いろいろと<br> ありがとうございました！<delay:64><box>アテカ<speaker>父上のことや<delay:3C><br> イルパの町のことや、、<delay:78>それから<delay:78><box>アテカ<speaker>それから、、<delay:78><box>	Ateka: Wait! Thank<br>you for everything!<delay:64><box>Ateka: For saving Father...<delay:3C><br>And Ilpa...<delay:78> And...<delay:78><box>Ateka: And...<delay:78><box>	
197:$4B6F	224:$64E3	41	アテカ<speaker>また、、会えますよね？<delay:78><box>	Ateka: We will meet<br>again... Won't we?<delay:78><box>	
197:$4B84	224:$650D	131	お竜<speaker>だいじょうぶ。<br> また きっと会えるから。<delay:78><box>アテカ<speaker>お竜さん、、。<delay:78><box>お竜<speaker>姫さまに なにかあれば<br> いつでも とんでくるよ。<delay:78><br> だから安心して。<delay:78><box>	Oryu: Don't worry.<br>I'm sure we'll meet again.<delay:78><box>Ateka: Oryu...<delay:78><box>Oryu: If you ever need<br>me, I'll come running.<delay:78><br>So don't worry.<delay:78><box>	
197:$4BE3	224:$6591	48	お竜<speaker>じゃあね。<delay:78><box>コッパ<speaker>さようなら<delay:3C> お姫さま。<delay:78><box>	Oryu: Goodbye.<delay:78><box>Koppa: Farewell,<delay:3C> Princess.<delay:78><box>	
197:$4C07	224:$65C2	52	アテカ<speaker>みなさんも！<br> からだに 気をつけて！<delay:78>	Ateka: All of you!<br>Please take care<br>of yourselves!<delay:78>	
197:$4C23	224:$65F7	27	ペケジ<speaker>アニキ<EE> 待ってくれ<EE>！<delay:78>	Pekeji: Bro! Wait for me!<delay:78>	
197:$4C38	224:$6613	34	ペケジ<speaker>ハアハア ぜえぜえ、、。<delay:78><box>	Pekeji: Pant, pant... Wheeze...<delay:78><box>	
197:$4C4D	224:$6636	81	ペケジ<speaker>ハアハア、、ひでえや。<br> おいてきぼりに するなんてよォ。<delay:78><box>	Pekeji: Pant,<br>pant... That's cold.<page><box>Pekeji: You were going<br>to leave me behind.<delay:78><box>	
197:$4C73	224:$6688	81	コッパ<speaker>よくいうよ。<delay:3C>なんども 声<br> かけたンだぜ。<delay:78>けど ちっとも<br> おきやしねえ。<delay:78><box>	Koppa: Oh, please.<delay:3C> We tried<br>to wake you over and over.<delay:78><br>You wouldn't budge.<delay:78><box>	
197:$4CA6	224:$66DA	120	お竜<speaker>きのう あんだけ ドンチャン<br> やってりゃあね、、<delay:78>今 おきれた<br> のが ふしぎなぐらいだよ。<delay:78><box>ペケジ<speaker>サッちゃんが おしえて<br> くれたんだよ。<delay:78><box>	Oryu: After partying<br>that hard last night,<delay:78> I'm<br>amazed you woke up at all.<delay:78><box>Pekeji: Sachi told<br>me you were leaving.<delay:78><box>	
197:$4CFC	224:$6753	44	ペケジ<speaker>ホラ みんな<br> 丘の上に きている。<delay:78><box>	Pekeji: Look!<br>Everyone is up on the hill.<delay:78><box>	
197:$4D19	224:$6780	150	オロ<speaker>みずくせえじゃねえか。<br> だまって 出ていくなんてよォ。<delay:78><box>ヌワンコ<speaker>ありがとうな<EE>！<delay:78><box>タオ<speaker>にいちゃんたち<br> カッコよかったよ<EE>！<delay:78><box>ライ<speaker>たっしゃでな<EE>！<delay:78><box>サチ<speaker>みんな<EE>！ 元気でね<EE>！<delay:78><box>	Oro: Sneaking away without<br>a word? That's cold.<delay:78><box>Nuwanko: Thank you!<delay:78><box>Tao: You guys were so cool!<delay:78><box>Rai: Take care!<delay:78><box>Sachi: Everyone! Stay safe!<delay:78><box>	
197:$4D8D	224:$6817	44	ペケジ<speaker>へへっ なんかスゲー<br> 気持ちいいや。<delay:78><box>	Pekeji: Heh heh. This<br>feels really great.<delay:78><box>	
197:$4DAB	224:$6844	75	お竜<speaker>今回は<br> だれかさんの せいで<br> たいへんだったけどね。<delay:78><box>	Oryu: Even if this adventure<br>was difficult because<br>of a certain someone.<delay:78><box>	
197:$4DD2	224:$6890	81	コッパ<speaker>なごりおしいけど、、<br> いこうか。<delay:78><box>お竜<speaker>うん。<delay:78><box>ペケジ<speaker>よし。<delay:78><box>	Koppa: It's hard to<br>leave, but we should go.<delay:78><box>Oryu: Yes.<delay:78><box>Pekeji: All right.<delay:78><box>	
197:$4E02	224:$68E2	40	サチ<speaker>、、もう あんな遠くまで。<delay:78><box>	Sachi: They're<br>already so far away...<delay:78><box>	
197:$4E18	224:$690B	46	ヌワンコ<speaker>そろそろ 見えなく<br> なっちゃうよ。<delay:78><box>	Nuwanko: Soon we won't<br>be able to see them.<delay:78><box>	
197:$4E35	224:$693A	33	オロ<speaker>おーい！ 元気でなー！<delay:78><box>	Oro: Hey! Take care out there!<delay:78><box>	
197:$4E4A	224:$695C	57	アテカ<speaker>次の冒険も どうか<br> いい風が ふきますように、、<delay:78><box>	Ateka: May fair winds blow<br>upon your next adventure...<delay:78><box>	
197:$4E70	224:$6996	50	<br><br>   旅の神クロンの追い風を！！	May Kron, god of travelers,<br>grant you fair winds!!	
197:$4EEB	224:$69C9	27	コッパ<speaker>、、。<page><box>コッパ<speaker>、、、、。<page><box>	Koppa: ...<page><box>Koppa: ......<page><box>	
197:$4F02	224:$69E5	246	コッパ<speaker>砂あらしが<br> ひどくなってきたな。<br> まったく前が みえないぞ、、。<page><box>コッパ<speaker>風が こんなに<br> つよくちゃ キツイよな。<page><br> <name>！ がんばれよ！！<page><box>コッパ<speaker>、、。<page><box>コッパ<speaker>、、、、。<page><box>コッパ<speaker>あれ？<page>、、みんなは？<page><box>コッパ<speaker>お竜やペケジは<br> どこいったんだ？<page><br> お<EE>い！ へんじ してくれ<EE>！！<page><box>	Koppa: The sandstorm's getting<br>worse. I can't see a thing...<page><box>Koppa: This wind is brutal.<page><box>Koppa: <name>! Keep<br>going!!<page><box>Koppa: ...<page><box>Koppa: ......<page><box>Koppa: Huh?<page><box>Koppa: Where is everyone?<page><box>Koppa: Where did<br>Oryu and Pekeji go?<page><box>Koppa: Hey! Answer me!!<page><box>	
197:$4FAD	224:$6ADC	52	コッパ<speaker>うわっ！ ひでえ！<page><br> 砂が あたって イテエーよ！<page><box>	Koppa: Ow! This is awful!<page><box>Koppa: The sand stings!<page><box>	
197:$4FD0	224:$6B11	51	コッパ<speaker>もっと すごいのが きたら<br> ふっとんじまうな。こりゃ。<page><box>	Koppa: One stronger gust<br>and we'll be blown away.<page><box>	
197:$4FF4	224:$6B45	15	コッパ<speaker>うわ<D6><D7><D7><D8>っ！	Koppa: Whoaaaa!	
197:$5002	224:$6B55	72	コッパ<speaker>あれ？、、<page>ここって、、？！<page><br> イルパの町じゃないか？！<page><box>	Koppa: Huh...?<page><box>Koppa: Where are we?!<page><box>Koppa: This is Ilpa, isn't<br>it?!<page><box>	
197:$5028	224:$6B9E	55	コッパ<speaker>オイラたち<page> もどって<br> きちゃったみたい、、。<page><box>	Koppa: Looks like we...<page><box>Koppa: got sent back here...<page><box>	
197:$5048	224:$6BD6	68	コッパ<speaker>お竜とペケジじゃないか？！<page><br> やっぱり ふたりも？、、。<page><box>	Koppa: Oryu! Pekeji!<page><box>Koppa: Did the same<br>thing happen to you two?<page><box>	
197:$506E	224:$6C1B	44	お竜<speaker>うん。<br> もどされちゃったみたい、、。<page><box>	Oryu: Yeah. Looks like<br>we got sent back...<page><box>	
197:$5089	224:$6C48	47	オロ<speaker>姫さま。<br> これは いったい？、、。<page><box>	Oro: Princess, what in<br>the world happened...?<page><box>	
197:$50A3	224:$6C78	123	アテカ<speaker>、、わかりません。<page><br> なぜ このようなことに<br> なったのか わたしにも、、。<page><box>アテカ<speaker>邪神の えいきょう<br> なのでしょうか？、、。<page><box>	Ateka: I don't know.<page><box>Ateka: I can't explain why<br>this happened either...<page><box>Ateka: Could it be the<br>Evil God's influence...?<page><box>	
197:$50F1	224:$6CF4	51	領主<speaker>かんがえられると<br> したら そうだろうな。<page><box>	Lord: That's the only<br>explanation I can think of.<page><box>	
197:$510F	224:$6D28	155	領主<speaker>砂漠を広げていったことが<br> なんらかの えいきょうを<br> あたえたとしか、、。<page><box>領主<speaker>まあ しばらくたてば<br> おさまるものだとは<br> 思うが、、。<page><box>コッパ<speaker>ええ<EE>？！<br> それじゃ なにかい？<page><box>	Lord: Expanding the<br>desert must have had<br>some unforeseen effect...<page><box>Lord: I imagine it will<br>settle down after a while.<page><box>Koppa: What?! So<br>you're saying...<page><box>	
197:$517F	224:$6DC4	48	コッパ<speaker>とうぶんは この町から<br> 出られないって ことかい？<page><box>	Koppa: we can't leave<br>town for the time being?<page><box>	
197:$51A3	224:$6DF5	96	ペケジ<speaker>なんだよ<EE>！<page> せっかく<br> カッコよく 町を出ていったのに<br> ぜんぶ だいなしじゃないか！<page><box>	Pekeji: What the heck?!<page><box>Pekeji: I finally made<br>a heroic exit, and now<br>it's completely ruined!<page><box>	
197:$51DA	224:$6E56	54	お竜<speaker>だいじょうぶよ。<br> アンタが カッコイイなんて<br> だれも 思ってないわ。<page><box>	Oryu: Don't worry. No one<br>thought you looked heroic.<page><box>	
197:$5207	224:$6E8D	32	コッパ<speaker>お竜 どうする？<page><box>	Koppa: What will you do,<br>Oryu?<page><box>	
197:$5218	224:$6EAE	186	お竜<speaker>出られないんじゃ<br> しかたが ないし、、。<page><box>お竜<speaker>しばらくは イルパに<br> いるしか ないわね。<page><box>サチ<speaker>わたしたちなら 大かんげいよ！<page><br> なんたって 町を すくってくれた<br> ひとたちだもン！<page><box>	Oryu: If we can't leave, we<br>don't have much choice...<page><box>Oryu: We'll have to stay<br>in Ilpa for a while.<page><box>Sachi: You're more<br>than welcome here!<page><box>Sachi: You saved the<br>whole town, after all!<page><box>	
197:$5287	224:$6F69	52	サチ<speaker>それに <name>さんが<br> いてくれた方が よろこぶ<br> 人も いるし。<page><box>	Sachi: Besides, someone<br>will be happy if <name><br>stays.<page><box>	
197:$52B0	224:$6F9E	37	サチ<speaker>ね？ アテカ！<page><box>アテカ<speaker>わ わたしは、、。<page><box>	Sachi: Right, Ateka?<page><box>Ateka: I-I...<page><box>	
197:$52CE	224:$6FC4	65	サチ<speaker>ははっ きまり！<page><br> ゆっくりしていってね。<page><box>	Sachi: Ha! It's settled!<page><box>Sachi: Take it easy<br>and stay a while.<page><box>	
197:$52EB	224:$7006	78	コッパ<speaker>ちぇ。<page>けどまあ<br> しばらくは ここにいるとするか。<br> なっ <name>。<page><box>	Koppa: Sheesh. Well, I guess<br>we'll stay here for a while.<page><box>Koppa: Right, <name>?<page><box>	
197:$5315	224:$7055	75	ライ<speaker>しかし ここのところ<br> いきだおれに なっている人が<br> おおいんで ビックリじゃな。<page><box>	Rai: I'm surprised there've<br>been so many Collapsed<br>Wanderers here lately.<page><box>	
197:$5347	224:$70A1	43	コッパ<speaker>え？<br> オイラたちの ほかにも<br> だれか たおれていたの？<page><box>	Koppa: Huh? You found<br>someone besides us?<page><box>	
197:$536C	224:$70CD	61	オロ<speaker>ああ きのう 男がふたり<br> 砂漠に うまってたんだよ。<page><box>	Oro: Yeah. Yesterday we<br>found two men buried in the<br>desert.<page><box>	
197:$5391	224:$710B	60	オロ<speaker>気を うしなってたんで<br> 2かいへ はこんでおいた<br> んだが、、。<page><box>	Oro: They were unconscious,<br>so we carried them<br>upstairs...<page><box>	
197:$53BA	224:$7148	32	<D5><speaker>イッ<page>カァァァァァァァァァァァァ<D6><D7><D7><D7><D7><D7> <D7><D7><D7><D7><D7><D7><D7><D7><D7><D7><D7><D7><D8>ン！！！<page><box>	???: UN...<page><box>???: ACCEPTABLE!!!<page><box>	
197:$53E8	224:$7169	32	ライ<speaker>2かい からだ！！<page><box>	Rai: That came from<br>upstairs!!<page><box>	
197:$53F8	224:$718A	28	<D5><speaker>ぬおっ！<page><br> ぬおおぉぉ<EF><EF><EF><EF><hspace:01>っ！！<page><box>	???: Whoa!<page><box>???: Whoaaaa!!<page><box>	
197:$5413	224:$71A7	73	<D5><speaker>センセイ！<page><br> センセ<D6><D7><D7><D8>イッ！！<page><box>ライ<speaker>なにが あったんだ？！<page><box>オロ<speaker>いってみようぜ！<page><box>	???: Master!<page><box>???: Maaaster!!<page><box>Rai: What happened?!<page><box>Oro: Let's go see!<page><box>	
197:$544B	224:$71F1	19	<D5><speaker>イッカァ<D6><D7><D7><D7><D7><D8>ン！！	???: UNACCEPTABLE!!	
197:$545C	224:$7205	51	リヒピシ<speaker>なにすンだよ！<br> バカヤロー！	Rihipishi: What the hell<br>are you doing, you idiot?!	
197:$5472	224:$7239	21	オロ<speaker>どうしたんだ？<page><box>	Oro: What happened?<page><box>	
197:$5480	224:$724F	145	リヒピシ<speaker>どうもこうもないよ！<page><box>リヒピシ<speaker>ボクの壺を みるなり<br> かってに こわして いきやがって<br> よお！<page><box>リヒピシ<speaker>なんなんだ？！<br> あのジジイは？！！<page><box>	Rihipishi: What do you<br>think?!<page><box>Rihipishi: That old man<br>saw my pot and smashed<br>it without permission!<page><box>Rihipishi: Who the<br>hell is that geezer?!<page><box>	
197:$54D7	224:$72E1	19	コッパ<speaker><name>！ いそごう！<page><box>	Koppa: <name>! Hurry!<page><box>	
197:$54E8	224:$72F5	22	<D5><speaker>ガイバラ先生っ！<page><box>	???: Master Gaibara!<page><box>	
197:$54F8	224:$730C	22	ガイバラ<speaker>、、サルヤマよ。<page><box>	Gaibara: Saruyama...<page><box>	
197:$5509	224:$7323	107	ガイバラ<speaker>ここにも、、<page><br> ここにも ワシが もとめている<br> 土は なかった、、。<page><box>ガイバラ<speaker>ここの土は<br> イカァ<D6><D7><D7><D8>ン！！<page><box>	Gaibara: Not here...<page><box>Gaibara: The clay I<br>seek isn't here either...<page><box>Gaibara: This clay<br>is UNACCEPTABLE!!<page><box>	
197:$5551	224:$738F	298	サルヤマ<speaker>せ 先生っ。<page><box>サルヤマ<speaker>先生と わたしは<br> これまで 壺づくりに ひつような<br> 土をもとめて 旅をしてきました。<page><box>サルヤマ<speaker>しかし<br> 先生の行くところ なぜか<br> ダメな土ばかり、、。<page><box>サルヤマ<speaker>まるで、、<page>ダメな土に<br> 先生が ひきよせられて<br> いるような、、。<page><box>	Saruyama: M-Master...<page><box>Saruyama: You and I have<br>traveled far together.<page><box>Saruyama: We've been<br>searching for the clay you<br>need to make your pots.<page><box>Saruyama: Yet everywhere<br>you go, we somehow find<br>nothing but bad clay...<page><box>Saruyama: It's almost as if...<page><box>Saruyama: you're drawn<br>to bad clay, Master...<page><box>	
197:$55F1	224:$74BA	69	ガイバラ<speaker>な なんだとっ！！<page><br> もういちど いってみろ！！<br> サルヤマッ！！<page><box>	Gaibara: Wh-What did you<br>say?!<page><box>Gaibara: Say that<br>again, Saruyama!!<page><box>	
197:$561C	224:$7500	29	コッパ<speaker>ちょっと まったあ！<page><box>	Koppa: Hold it right there!<page><box>	
197:$562E	224:$751E	34	お竜<speaker>おひさしぶりね。ガイバラ。<page><box>	Oryu: Long time<br>no see, Gaibara.<page><box>	
197:$5643	224:$7541	65	ガイバラ<speaker>ぬぬっ おぬしたち？！<page><box>ペケジ<speaker>オレは サルヤマが<br> ただしいと思うな<EE>。<page><box>	Gaibara: Hrm?! You lot?!<page><box>Pekeji: I think<br>Saruyama has a point.<page><box>	
197:$5674	224:$7583	93	ガイバラ<speaker>な なんだとっ！<page><box>コッパ<speaker>いい土が ないって<br> いうけどさぁ<page> そんなの<br> あたり前だろ？<page><box>	Gaibara: Wh-What?!<page><box>Koppa: You say there's<br>no good clay, but...<page><box>Koppa: isn't that obvious?<page><box>	
197:$56AE	224:$75E1	190	コッパ<speaker>まわりを みてみろよ。<br> 砂ばっかじゃねえか。<page><box>ガイバラ<speaker>ぬぬぬっ？！<page><box>コッパ<speaker>ここで 土を<br> さがすのは どうかと<br> 思うけどなあ。<page><box>ガイバラ<speaker>ぬぬッ！ キサマッ！<br> ワシを だれだと思っておるっ！<page><br> ワシは ガイバラだぞっ！！<page><box>	Koppa: Look around.<br>There's nothing but sand.<page><box>Gaibara: Hrrrm?!<page><box>Koppa: Searching for clay<br>here doesn't make much<br>sense.<page><box>Gaibara: Why, you! Do<br>you know who I am?!<page><box>Gaibara: I am Gaibara!!<page><box>	
197:$5734	224:$76A0	87	ガイバラ<speaker>サルヤマッ！ いくぞ！！<br> つぎの土地をめざして いざっ！！<page><box>サルヤマ<speaker>は はい！<page><box>	Gaibara: Saruyama!<br>We're leaving! Onward<br>to the next land!!<page><box>Saruyama: Y-Yes, Master!<page><box>	
197:$576A	224:$76F8	86	お竜<speaker>今は この町から<br> 出られないわよ。<page><box>お竜<speaker>わたしたちも 出ようとして<br> ダメだったんだから。<page><box>	Oryu: You can't leave<br>town right now.<page><box>Oryu: We tried, and even<br>we couldn't get out.<page><box>	
197:$57A8	224:$774F	73	ガイバラ<speaker>ワ<page> ワシを だれだと<br> 思っておるっ！<page><br> ワシは ガイバラだ<EF><EF><EF><hspace:01>ッ！！<page><box>	Gaibara: I...<page><box>Gaibara: Do you<br>know who I am?!<page><box>Gaibara: I am GAIBARA!!<page><box>	
197:$57DA	224:$7799	66	ガイバラ<speaker>いくぞ！ サルヤマッ！！<page><br> うおおおおおおおおおおお！！！！<page><box>	Gaibara: Come,<br>Saruyama! We're leaving!!<page><box>Gaibara: Raaaaaaah!!!!<page><box>	
197:$5802	224:$77DC	101	ガイバラ<D2>サルヤマ<speaker>うわぁぁぁ<br> ぁぁぁぁぁぁぁ<D6><D7><D7><D7><D7><D8>！！<page><box>コッパ<speaker>なんか やっかいなのが<br> ふえちゃったけど まっ いっか。<page><box>	Gaibara and<br>Saruyama: Aaaaaaaah!!<page><box>Koppa: Looks like two<br>more troublemakers<br>joined us, but oh well.<page><box>	
197:$58B8	224:$7842	56	コッパ<speaker>ぐが<EF><EF><hspace:01>っ<page> ぐががっ？<page><br> ムニャムニャ、、。<page><box>	Koppa: Gngh...<page><box>Koppa: Gngh?<page><box>Koppa: Mumble, mumble...<page><box>	
197:$58DA	224:$787B	0		<empty>	
197:$58DB	224:$787C	309	ペケジ<speaker>よう！ アニキ！<br> おはようっ！<page><box>コッパ<speaker>ねぼスケが めずらしいな。<br> ユキでも ふるんじゃないか？<page><box>ペケジ<speaker>ヤダな<EE>。<br> なに いってんだよ。<page><box>ペケジ<speaker>はやおきして<br> あさゴハンを食べる。<page><box>ペケジ<speaker>やっぱ<br> ケンコーてきに 生きなきゃ。<page><box>コッパ<speaker>ウソつけ。オマエの<br> めあては サッちゃんだろ？<page><br> わかってンだから。<page><box>	Pekeji: Hey, Bro! Morning!<page><box>Koppa: You're never up this<br>early. Is it going to snow?<page><box>Pekeji: Oh, come on. What<br>are you talking about?<page><box>Pekeji: Rise early and<br>eat a good breakfast.<page><box>Pekeji: A healthy<br>life is the best life.<page><box>Koppa: Liar. You're here<br>to see Sachi, aren't you?<page><box>Koppa: I know<br>what you're up to.<page><box>	
197:$598F	224:$79B2	48	サチ<speaker>おはよう！ ふたりとも！<page><box>コッパ<speaker>おっす！<page><br>	Sachi: Good morning, you two!<page><box>Koppa: Morning!<page><box>	
197:$59AD	224:$79E3	118	コッパ<speaker>あれ？ おじさんは？<page><box>サチ<speaker>おとうさん 町の ぎょうじに<br> かりだされて いないのよ。<page><br> だから わたしだけ。<page><box>	Koppa: Huh? Where's your<br>dad?<page><box>Sachi: He was called away<br>to help with a town project.<page><box>Sachi: So it's just me today.<page><box>	
197:$59F0	224:$7A5A	40	ペケジ<speaker>サッちゃ<EE>ん！<br> おかわり まだぁ<EE>？<page><box>	Pekeji: Sachi! Is my<br>refill ready yet?<page><box>	
197:$5A0B	224:$7A83	37	サチ<speaker>しかし あきれるわよねえ。<page><box>	Sachi: You really<br>are unbelievable.<page><box>	
197:$5A1F	224:$7AA9	73	サチ<speaker>みんな 町をたてなおそうと<br> はたらいてる時に ひとりで<br> メシ食ってるんだから。<page><box>	Sachi: Everyone else<br>is rebuilding the town,<br>while you sit here eating.<page><box>	
197:$5A52	224:$7AF3	126	ペケジ<speaker>しょうがないじゃん。<page><br> サッちゃんの りょうり<br> ムチャクチャ おいしいんだもん。<page><box>ペケジ<speaker>それに 花よりダンゴって<br> いうだろ？ へへへっ。<page><box>	Pekeji: I can't help it.<page><box>Pekeji: Your cooking<br>is just too delicious!<page><box>Pekeji: Besides, food before<br>flowers, right? Heh heh.<page><box>	
197:$5AA5	224:$7B72	28	サチ<speaker>あら？ わたしは お花<br> 大スキよ。<page><box>	Sachi: Oh? I love flowers.<page><box>	
197:$5AC0	224:$7B8F	194	サチ<speaker>ただ この町じゃ お花は<br> きちょうだから なかなか<br> 手に 入らないけど、、。<page><box>サチ<speaker>ちょっとでも いいから<br> お店に 花を かざれたら<br> なあ、、。<page><box>ペケジ<speaker>そんなの オレに まかせて<br> くれれば いっぱい もってきて<br> やるよ。<page><box>	Sachi: Flowers are<br>precious in this town,<br>so they're hard to find...<page><box>Sachi: I wish I had even a few<br>to decorate the restaurant...<page><box>Pekeji: Leave that to me!<br>I'll bring you armfuls of<br>flowers.<page><box>	
197:$5B46	224:$7C52	27	ペケジ<speaker>けど その前に メシ！！<page><box>	Pekeji: But first, food!!<page><box>	
197:$5B5B	224:$7C6E	111	ペケジ<speaker>ガツガツ！ ガツガツ！<br> ガツガツ！ ガツガツ！<br> ガツガツ！ ガツガツ！<page><box>	Pekeji: Munch!<br>Munch! Munch! Munch!<page><box>Pekeji: Munch!<br>Munch! Munch! Munch!<page><box>Pekeji: Munch!<br>Munch! Munch! Munch!<page><box>	
197:$5B88	224:$7CDE	26	ペケジ<speaker>はい おかわり！<page><box>	Pekeji: Another helping!<page><box>	
197:$5B98	224:$7CF9	58	サチ<speaker>なにやるにしても とりあえずは<br> メシなのねえ、、。はあ<EE>。<page><box>	Sachi: Whatever you do, food<br>always comes first... Sigh.<page><box>	
197:$5BBD	224:$7D34	57	ペケジ<speaker>サッちゃんの りょうりが<br> ウマすぎるから いけないんだよ。<page><box>	Pekeji: It's your fault for<br>making such delicious food.<page><box>	
197:$5BE3	224:$7D6E	68	ペケジ<speaker>グフフ。そっちの<br> ムラサキいろしたタマゴも<br> スゲーおいしそうだし、、。<page><box>	Pekeji: Heh heh. That<br>purple egg over there<br>looks delicious too...<page><box>	
197:$5C10	224:$7DB3	46	サチ<speaker>え？ タマゴ？<page> わたし<br> タマゴは だしてないわよ。<page><box>	Sachi: Egg?<page><box>Sachi: I didn't serve any<br>eggs.<page><box>	
197:$5C32	224:$7DE2	41	ペケジ<speaker>えっ？<page> じゃあ これは？<page><box>	Pekeji: Huh?<page><box>Pekeji: Then what's this?<page><box>	
197:$5C47	224:$7E0C	31	ペケジ<speaker>わわっ！ タマゴが？！<page><box>	Pekeji: Whoa! The egg is...?!<page><box>	
197:$5C5A	224:$7E2C	29	サチ<speaker>タマゴじゃないわよ！ これ！<page><box>	Sachi: That's no egg! Look!<page><box>	
197:$5C6F	224:$7E4A	65	コッパ<speaker><name:00> <name>！<page> これ<page><br> どっかで 見たことないか？<page><box>	Koppa: <name:00>-<name>!<page><box>Koppa: This...<page><box>Koppa: Doesn't it<br>look familiar?<page><box>	
197:$5C92	224:$7E8C	72	ペケジ<speaker>なんだあ？ どこで？<page><br> こんな ヘンなもの！<page><box>	Pekeji: Huh? From where?<page><box>Pekeji: I've never seen<br>anything this weird!<page><box>	
197:$5CB1	224:$7ED5	135	コッパ<speaker>思い出した！<page><br> ジャハンナムのとびら！！<page><box>コッパ<speaker>邪神の、、<page><br> 邪神の中心に あったものと<br> そっくりなんだよ！<page><box>	Koppa: I remember now!<page><box>Koppa: Jahannam's Gate!!<page><box>Koppa: The Evil God...<page><box>Koppa: It looks just like the<br>thing at the Evil God's core!<page><box>	
197:$5CFD	224:$7F5D	23	サチ<speaker>え？ ホント？！！<page><box>	Sachi: What? Really?!<page><box>	
197:$5D0D	224:$7F75	21	ペケジ<speaker>わわわ<EE>っ！！<page><box>	Pekeji: Wh-Whaaat?!<page><box>	
197:$5D1C	225:$4000	165	コッパ<speaker>おい ペケジ！<page> オメー<br> また よけいなもんを とって<br> きたンじゃ ないだろうな！<page><box>ペケジ<speaker>そんなこと<br> するワケないだろ？！<page><br> もうコリゴリだよ！<page><box>	Koppa: Hey, Pekeji!<page><box>Koppa: You didn't bring back<br>something you shouldn't<br>have again, did you?!<page><box>Pekeji: Of course not!<page><box>Pekeji: I've had more<br>than enough of that!<page><box>	
197:$5D73	225:$40A6	18	ペケジ<speaker>うわ<EF><EF><EF><EF><EF><hspace:01>っ！<page><box>	Pekeji: Whoaaaa!<page><box>	
197:$5D86	225:$40B9	126	<D5><speaker>ンフ<D6><D7><D7><D7><D7><D7><D7><D8>ッ！！<page><box>コッパ<speaker>、、、、。<page><br> な なんだ？ こいつは？！<page><box>ペケジ<speaker>イヌのような<br> それとも ネコのような、、。<page><box>サチ<speaker>か かわいいっ！<page><box>	???: Nfuuuu!!<page><box>Koppa: ......<page><box>Koppa: Wh-What is this<br>thing?!<page><box>Pekeji: Is it a dog?<br>Or maybe a cat...?<page><box>Sachi: It's adorable!<page><box>	
197:$5DE0	225:$4138	48	コッパ<speaker>ちかよったら あぶないぞ！<page><box>	Koppa: Don't get close!<br>It could be dangerous!<page><box>	
197:$5DF5	225:$4169	62	サチ<speaker>だいじょうぶよ。たぶん。<page><br> だって こんなに<br> カワイイんだし。<page><box>	Sachi: I'm sure it's fine.<page><box>Sachi: Just look<br>how cute it is.<page><box>	
197:$5E1D	225:$41A8	80	<D5><speaker>ンフー！<page><box>サチ<speaker>どうしたの？<br> おなかが すいているのかな？<page><br> はい お食べ。<page><box>	???: Nfuu!<page><box>Sachi: What's wrong?<br>Are you hungry?<page><box>Sachi: Here, have some food.<page><box>	
197:$5E4E	225:$41F9	14	<D5><speaker>ンフー、、。<page><box>	???: Nfuu...<page><box>	
197:$5E5A	225:$4208	106	サチ<speaker>食べないわね。<br> おなか すいてないの？<page><box>コッパ<speaker>おちゃわんに おハシじゃ<br> 食べにくいんじゃないか？<page><box>	Sachi: You aren't eating.<br>Aren't you hungry?<page><box>Koppa: Maybe a bowl<br>and chopsticks are<br>hard for it to use.<page><box>	
197:$5E98	225:$4273	23	サチ<speaker>あ そっか。<page><box>	Sachi: Oh, of course.<page><box>	
197:$5EA5	225:$428B	37	サチ<speaker>ゴメンね。<br> 今 おさらを もってくるから。<page><box>	Sachi: Sorry. I'll<br>get you a plate.<page><box>	
197:$5EC3	225:$42B1	33	<D5><speaker>ンフー。<page>いいでフ。<page><box>	???: Nfuu.<page><box>???: It's okay, fu.<page><box>	
197:$5ED3	225:$42D3	225	カサ カサ カサ カサ カサ カサ。<br>カサ カサ カサ カサ カサ カサ。<br>カサ カサ カサ カサ カサ カサ。<page><box>コッパ<speaker>、、た<page> 食べてるぞ。<page><br> ちゃんと おハシ つかって、、。<page><box>ペケジ<speaker>それに さっき 人の<br> コトバを しゃべったような、、。<page><box>	Rustle rustle rustle rustle.<br>Rustle rustle rustle rustle.<br>Rustle rustle rustle rustle.<page><box>Koppa: I-It's...<page><box>Koppa: It's eating.<page><box>Koppa: And it's using the<br>chopsticks properly...<page><box>Pekeji: Did it just speak<br>our language too...?<page><box>	
197:$5F58	225:$43B5	53	<D5><speaker>ンフ<D6><D8>！！<br> ああ おなか いっぱい！<page><br> ボク まんぞく！！<page><box>	???: Nfuu!! Ahh, I'm stuffed!<page><box>???: I'm satisfied!!<page><box>	
197:$5F7E	225:$43EB	24	<D5><speaker>ンフー！ ありがとう！！<page><box>	???: Nfuu! Thank you!!<page><box>	
197:$5F90	225:$4404	33	コッパ<speaker>オマエ どっからきたんだ？<page><box>	Koppa: Where did<br>you come from?<page><box>	
197:$5FA5	225:$4426	37	<D5><speaker>ンフー。よく わかんないでフ。<page><box>	???: Nfuu. I don't<br>really know, fu.<page><box>	
197:$5FBA	225:$444C	26	サチ<speaker>おなまえは？<page><box>	Sachi: What's your name?<page><box>	
197:$5FC7	225:$4467	82	<D5><speaker>なまえ？<page> ンーフ？、、<page><br> ボク 生まれたばかりなんで<br> よく わかんない。<page><box>	???: My name?<page><box>???: Nfuu...?<page><box>???: I was only just born,<br>so I don't really know.<page><box>	
197:$5FF5	225:$44BA	45	<D5><speaker>ボク ひとりぼっち。<br> いくところ ない、、。<page><box>	???: I'm all alone. I<br>have nowhere to go...<page><box>	
197:$6012	225:$44E8	27	コッパ<speaker>どうする？<page><box>	Koppa: What should we do?<page><box>	
197:$601F	225:$4504	47	ペケジ<speaker>おいだすか？<br> ナマイキそうだし。<page><box>	Pekeji: Throw it out?<br>It seems pretty cheeky.<page><box>	
197:$6038	225:$4534	41	サチ<speaker>ダメ！<page> そんなことしちゃ<br> かわいそうじゃない。<page><box>	Sachi: No!<page><box>Sachi: That would be cruel!<page><box>	
197:$6058	225:$455E	54	サチ<speaker>いくところが ないなら<br> うちにいても いいわよ。<page><box>	Sachi: If you have nowhere<br>to go, you can stay here.<page><box>	
197:$6078	225:$4595	66	<D5><speaker>ンフー？！ ホントに？！！<page><box>サチ<speaker>うん ほんと。<page>よろしくね。<br> えーと、、。<page><box>	???: Nfuu?! Really?!<page><box>Sachi: Yes, really.<page><box>Sachi: Welcome! Um...<page><box>	
197:$60A7	225:$45D8	72	コッパ<speaker>そっか。なまえが ないんじゃ<br> よびようが ないよな。<page><box>	Koppa: Oh, right. We<br>can't call you anything<br>if you don't have a name.<page><box>	
197:$60CA	225:$4621	110	コッパ<speaker>じゃあ、、<quoteOpen>ンフー<quoteClose>って<br> なまえは どうだ？<page><br> さっきから そう ないているしサ。<page><box>ペケジ<speaker>ププッ へんな なまえ。<page><box>	"Koppa: Then how about<br>""Nfuu""?<page><box>Koppa: That's the sound<br>you've been making.<page><box>Pekeji: Pfft! What<br>a weird name.<page><box>"	
197:$6112	225:$4690	37	サチ<speaker>そんなこと ないわよ。<br> カワイイわ。<page><box>	Sachi: I don't<br>think so. It's cute.<page><box>	
197:$612C	225:$46B6	107	サチ<speaker>よろしくね。ンフー。<page><box>ンフー<speaker>ううっ ボク かんげきっ！！<page><br> かんげき しすぎて、、<page><br> また おなかが すいたでフ！！<page><box>	Sachi: Welcome, Nfuu.<page><box>Nfuu: Oh, I'm so moved!!<page><box>Nfuu: I'm so moved that...<page><box>Nfuu: I'm hungry again, fu!!<page><box>	
197:$6172	225:$4722	76	ペケジ<speaker>ああ！ オレのメシを！！<page><box>コッパ<speaker>チビのくせに<br> 大食らいなんだな、、。<page><box>	Pekeji: Hey! That's my food!!<page><box>Koppa: You're tiny,<br>but you sure can eat...<page><box>	
197:$61BA	225:$476F	28	ンフー<speaker>ンフー！ ちょっとまって！<page><box>	Nfuu: Nfuu! Wait a moment!<page><box>	
197:$61CF	225:$478C	518	コッパ<speaker>どうしたんだよ？<page><box>ンフー<speaker>じつは ふたりに<br> おねがいが あるんでフ。<page><box>ンフー<speaker>ボク さっき かんどう<br> したんでフ！<page> あんなに やさしく<br> してくれる人が いるなんて、、。<page><box>ンフー<speaker>サッちゃん すごく<br> いい人でフ。ボクにとっては<br> もう めがみさま でフ。<page><box>ンフー<speaker>だから ボク<br> サッちゃんに おれいを したい！<page><box>ンフー<speaker>なにか おくりものをして<br> サッちゃんを よろこばせたい<br> んでフー！<page><box>ンフー<speaker>プレゼントも もう<br> きめてまフ。<page>ただ、、。<page><box>ンフー<speaker>ただ そのばしょが<br> すごくキケンなところなんで<br> ボクひとりじゃ ムリなんでフ。<page><box>ンフー<speaker>そこで おねがいでフ。<page><br> ボクが ぶじ そこまで いけるよう<br> おともして ほしいんでフ。<page><box>	Koppa: What's wrong?<page><box>Nfuu: I have a favor<br>to ask you two, fu.<page><box>Nfuu: What happened earlier<br>really moved me, fu!<page><box>Nfuu: I never knew<br>anyone could be so kind...<page><box>Nfuu: Sachi is such<br>a wonderful person.<page><box>Nfuu: To me, she's<br>already a goddess, fu.<page><box>Nfuu: So I want<br>to thank Sachi!<page><box>Nfuu: I want to give<br>her a present and<br>make her happy, fu!<page><box>Nfuu: I already know<br>what to give her.<page><box>Nfuu: But...<page><box>Nfuu: it's in a very<br>dangerous place, and I<br>can't go there alone, fu.<page><box>Nfuu: So please...<page><box>Nfuu: escort me<br>there safely, fu.<page><box>	
197:$632E	225:$4993	45	ンフー<speaker>そうでフか、、<page><br> ダメでフか、、。<page><box>	Nfuu: I see...<page><box>Nfuu: You won't help me...?<page><box>	
197:$6348	225:$49C1	110	ンフー<speaker>もう、、<page>いいでフ、、。<page><box>ンフー<speaker>、、、、、、、、、、、、、。<page><br> 、、、、、、、、、、、、、、、、。<page><br> 、、、、、、、、、、、、、、、、。<page><box>	Nfuu: Never mind...<page><box>Nfuu: It's okay, fu...<page><box>Nfuu: .............<page><box>Nfuu: ..............<page><box>Nfuu: ..............<page><box>	
197:$6399	225:$4A30	82	コッパ<speaker>、、おい なんか そうとう<br> 落ちこんでいるみたいだぞ。<page><box>コッパ<speaker>きいてあげても<br> いいんじゃないか？<page><box>	Koppa: Hey... He looks<br>completely crushed.<page><box>Koppa: Maybe we<br>should hear him out?<page><box>	
197:$63D7	225:$4A83	125	ンフー<speaker>え？ いいんでフか？！<page><br> ンフーッ！！ ありがとう！！<page><box>ンフー<speaker>じゃ くわしいことは<br> またあとで。<page>夜になったら<br> せつめい しまフ。<page><box>	Nfuu: What? You'll help me?!<page><box>Nfuu: Nfuu!! Thank you!!<page><box>Nfuu: I'll explain<br>the details later.<page><box>Nfuu: Come back tonight, fu.<page><box>	
197:$6427	225:$4B01	35	ンフー<speaker>あそこらへんが<br> 肉くさい、、。<page><box>	Nfuu: I smell<br>Meat around here...<page><box>	
197:$6440	225:$4B25	48	コッパ<speaker>ひゃあ！ こんなところに<br> ダンジョンの入口が？！<page><box>	Koppa: Whoa! There's a<br>dungeon entrance here?!<page><box>	
197:$6463	225:$4B56	693	ンフー<speaker>ボク 食いしんぼうだから<br> こういうのを かぎあてるのは<br> とくい なんでフ。<page><box>ンフー<speaker><name>さん<page> ここの<br> 20かいあたりに ボクの<br> ほしいものが ありまフ。<page><box>ンフー<speaker>そこまで ボクを つれて<br> いって下さい。おねがいしまフ。<page><box>ンフー<speaker>ただ ボクが たおれると<br> ダンジョンから おいだされるんで<br> ちゅういでフ。<page><box>ンフー<speaker>もちろん ボクも<br> いっしょに たたかいまフ。<page><box>ンフー<speaker>ボクの のうりょくは<br> モンスターの肉を食べて その<br> のうりょくをコピーすることでフ。<page><box>ンフー<speaker>たとえば ボウヤーの肉<br> だったら 矢の うちかたを<br> おぼえるし、<page><box>ンフー<speaker>かっとびイノシシの肉だったら<br> ふきとばしを おぼえるって<br> かんじでフ。<page><box>ンフー<speaker>なので おぼえさせたい<br> のうりょくがあったら その肉を<br> ボクに 投げてくだフー。<page><box>ンフー<speaker>ただし おぼえられる<br> のうりょくは 10コまででフ。<page><box>ンフー<speaker>それいじょうは 古い<br> のうりょくから わすれていきまフ。<page><box>ンフー<speaker>あと おなじ肉を<br> 食べても わすれまフ。<page><box>	Nfuu: I'm a big eater,<br>so I'm good at sniffing<br>these things out, fu.<page><box>Nfuu: <name>,<page><box>Nfuu: what I want<br>is near Floor 20.<page><box>Nfuu: Please take<br>me that far, fu.<page><box>Nfuu: But if I fall, we'll<br>be thrown out of the<br>dungeon, so be careful, fu.<page><box>Nfuu: Of course,<br>I'll fight with you.<page><box>Nfuu: I can eat Monster<br>Meat and copy that<br>monster's ability, fu.<page><box>Nfuu: Bow Boy Meat teaches<br>me to shoot arrows.<page><box>Nfuu: Impact Boar<br>Meat teaches me to<br>knock enemies back, fu.<page><box>Nfuu: If you want me to<br>learn an ability, throw<br>that Meat at me, fu.<page><box>Nfuu: I can only remember<br>ten abilities, though.<page><box>Nfuu: If I learn more, I'll<br>forget the oldest ones, fu.<page><box>Nfuu: I'll also forget<br>an ability if I eat the<br>same Meat again, fu.<page><box>	
197:$6655	225:$4E0C	128	ンフー<speaker>じゃあ いきまフか。<page><br> 、、と その前に たいせつな<br> ことを わすれてましたフ。<page><box>ンフー<speaker>このダンジョンは<br> アイテムを もっていくことが<br> できないんでフ。<page><box>	Nfuu: Shall we go, fu?<page><box>Nfuu: Oh! First, I forgot<br>something important.<page><box>Nfuu: You can't bring any<br>items into this dungeon, fu.<page><box>	
197:$66B1	225:$4E8D	239	ンフー<speaker>なので そうこに<br> アイテムを あずけるか<br> すてるかして下さいでフ。<page><box>コッパ<speaker>わかったよ。じゃ<br> すぐに そうこに いってくるから<br> ちょっと 待っててくれ。<page><box>ンフー<speaker>、、いや。<page><box>ンフー<speaker>もう 夜おそいんで<br> ボク なんだか ねむいでフ。<page><box>ンフー<speaker>あした そうこで<br> アイテムを あずけてから<br> また きて下さいでフ。<page><box>コッパ<speaker>、、、、。<page>	Nfuu: Please store or<br>discard your items first, fu.<page><box>Koppa: Got it. We'll go to the<br>warehouse now, so wait here.<page><box>Nfuu: No...<page><box>Nfuu: It's late, and<br>I'm getting sleepy, fu.<page><box>Nfuu: Store your items and<br>come back tomorrow, fu.<page><box>Koppa: ......<page>	
197:$6770	225:$4F7D	102	ンフー<speaker>けど <name>さんは<br> アイテム もってないんで<br> オッケーでフね。<page><box>ンフー<speaker>じゃあ いきまフか！<br> ンフー！ しゅっぱーつ！！<page>	Nfuu: But <name><br>isn't carrying anything,<br>so we're all set, fu.<page><box>Nfuu: Shall we go?<br>Nfuu! Let's set out!!<page>	
197:$67BF	225:$4FE4	108	ンフー<speaker>このダンジョンは<br> アイテムを もっていくことが<br> できないんでフ。<page><box>ンフー<speaker>なので そうこに<br> アイテムを あずけるか<br> すてるかして下さいでフ。<page>	Nfuu: You can't bring any<br>items into this dungeon, fu.<page><box>Nfuu: Please store or<br>discard your items first, fu.<page>	
197:$6813	225:$5051	33	ンフー<speaker>いっしょに<br> いってくれるんでフか？<page>	Nfuu: Will you<br>come with me, fu?<page>	
197:$682C	225:$5073	54	ンフー<speaker>やったあ！ うれしいでフ！<br> ンフー！ しゅっぱーつ！！<page>	Nfuu: Hooray! I'm so happy,<br>fu! Nfuu! Let's set out!!<page>	
197:$684F	225:$50AA	45	ンフー<speaker>もう、、<page>いいでフ、、。<page><box>	Nfuu: Never mind...<page><box>Nfuu: It's okay, fu...<page><box>	
197:$687F	225:$50D8	49	ンフー<speaker>ンフー！ やったあ！<br> ついに これたでフ！！<page><box>	Nfuu: Nfuu! We did it!<br>We finally made it, fu!!<page><box>	
197:$689E	225:$510A	43	コッパ<speaker>、、ホントに こんなところに<br> ほしいもんが あるのかい？<page><box>	Koppa: Is what you<br>want really down here?<page><box>	
197:$68C3	225:$5136	28	ンフー<speaker>あそこでフ。<page><box>	Nfuu: It's over there, fu.<page><box>	
197:$68D1	225:$5153	98	コッパ<speaker>こんな地下に花が、、。<page><box>ンフー<speaker>ボク<page> じつは 生まれる前に<br> ユメを 見たんでフ、、<page><box>	Koppa: A flower, this<br>deep underground...?<page><box>Nfuu: Before I was born,<page><box>Nfuu: I had a dream, fu...<page><box>	
197:$690C	225:$51B6	285	ンフー<speaker>なんか 砂漠が広がって<br> いくという とっても イヤな<br> ユメだったんでフが、、<page><box>ンフー<speaker>砂漠は とうとう地下まで<br> 広がって この花をも からせようと<br> したその時、、<page><box>ンフー<speaker>花の声が<br> きこえたんでフ。<page><box>ンフー<speaker>わたしを つんで<br> 花のすきな方へ とどけて<br> 下さい。<page><box>ンフー<speaker>そうすれば わたしは<br> また元気に さくことが<br> できるでしょう、、って。<page><box>	Nfuu: It was an awful<br>dream where the<br>desert kept spreading...<page><box>Nfuu: It spread<br>underground and was about<br>to wither this flower...<page><box>Nfuu: Then I heard<br>the flower's voice, fu.<page><box>Flower: Pick me and take<br>me to someone who loves<br>flowers.<page><box>Flower: Then I shall<br>bloom brightly once more...<page><box>	
197:$69E0	225:$52D4	222	コッパ<speaker>そっか、、<page>そういえば<br> オイラ きいたことがあるぞ。<page><box>コッパ<speaker>ダンジョンには<br> 地下でも さくという<br> めずらしい花があって、、<page><box>コッパ<speaker>その花を つんでも<br> なくなることはなく さらに<br> その地下に 花をさかせるって。<page><box>	Koppa: I see...<page><box>Koppa: Come to think of<br>it, I've heard of this.<page><box>Koppa: There's a rare<br>flower that can bloom<br>underground in a dungeon...<page><box>Koppa: Picking it doesn't kill<br>it. It makes new flowers<br>bloom even farther below.<page><box>	
197:$6A62	225:$53B3	123	ンフー<speaker>ここまで これたのも<br> <name>さんの おかげでフ。<page><box>ンフー<speaker><name>さん。<br> ホントに ありがとう！！<page><box>コッパ<speaker>よし もどるか。<br> トンファンに！<page><box>	Nfuu: I only made it here<br>thanks to you, <name>.<page><box>Nfuu: Thank you so<br>much, <name>!!<page><box>Koppa: All right, let's<br>head back to Tonfan!<page><box>	
197:$6AB4	225:$542F	230	サチ<speaker>わあ<EE> キレイなお花！<br> これを わたしに？<page><box>ンフー<speaker>うん。プレゼントでフ。<page><box>サチ<speaker>でも とってくるの<br> たいへんだったでしょ？<page><box>ンフー<speaker>いやー。<br> たいしたこと ないでフよ。<page><box>サチ<speaker>うれしい！<page><br> お店に かざっておくわ！<br> ありがとね！ ンフー！！<page><box>	Sachi: What a beautiful<br>flower! Is this for me?<page><box>Nfuu: Yes. It's a present, fu.<page><box>Sachi: But wasn't<br>it hard to get?<page><box>Nfuu: Oh, it was nothing, fu.<page><box>Sachi: I'm so happy!<page><box>Sachi: I'll display it in the<br>restaurant! Thank you, Nfuu!!<page><box>	
197:$6B43	225:$5516	14	サチ<speaker>チュッ！<page><box>	Sachi: Mwah!<page><box>	
197:$6B4E	225:$5525	34	ンフー<speaker>わわわっ<br> ボク しあわせでフ<EF><EF><hspace:01>！<page><box>	Nfuu: Wh-Whoa!<br>I'm so happy, fu!<page><box>	
197:$6B6A	225:$5548	40	ペケジ<speaker>ぬぬぬっ サッちゃん。<br> オレに チューは？<page><box>	Pekeji: H-Hey, Sachi.<br>Where's my kiss?<page><box>	
197:$6B88	225:$5571	103	サチ<speaker>なに いってンのよ！<br> アンタは ダメ！<page><box>サチ<speaker>アンタが もってくるもの<br> いつも どく草とかじゃ<br> ないの！<page><box>	Sachi: What are you<br>talking about?! Not you!<page><box>Sachi: You only ever bring<br>me things like Poison Grass!<page><box>	
197:$6BC9	225:$55D9	45	サチ<speaker>さっ お花 かざろっと！<br> ルンルン！<page><box>	Sachi: Time to display<br>my flower! La-la-la!<page><box>	
197:$6BE4	225:$5607	40	ンフー<speaker>わ<EE>い！<br> ボク もうメロメロでフ、、。	Nfuu: Hooray! I'm<br>head over heels, fu...	
197:$6C08	225:$5630	14	サチ<speaker>まって！<page><box>	Sachi: Wait!<page><box>	
197:$6C13	225:$563F	86	サチ<speaker>ふたりとも ンフーに<br> きょうりょくして くれたんでしょ？<page><box>サチ<speaker>だって あのコだけじゃ<br> たいへんそうだもの。<page><box>	Sachi: You two helped<br>Nfuu, didn't you?<page><box>Sachi: It would've been<br>hard for him alone.<page><box>	
197:$6C54	225:$5696	43	サチ<speaker>これは ほんの おれい、、。<page><box>	Sachi: This is just<br>a little thank-you...<page><box>	
197:$6C69	225:$56C2	67	サチ<speaker>ありがとうね。ふたりとも。<br> すごく うれしいわ。<page><br> じゃ。<page><box>	Sachi: Thank you both.<br>This means so much to me.<page><box>Sachi: See you!<page><box>	
197:$6C8F	225:$5706	70	コッパ<speaker><name:00> <name>！<page><br> オイラ しあわせだあ<EE>。<page><br> 生きててよかったあ<EE>。<page><box>	Koppa: <name:00>-<name>!<page><box>Koppa: I'm so happy!<page><box>Koppa: What a time to be<br>alive!<page><box>	
197:$6CC3	225:$574D	109	ンフー<speaker>ンフー！ ここが<br> このダンジョンの いちばん<br> ふかいところでフ！！<page><box>コッパ<speaker>やったぞ！<br> がんばれば これるもンだなあ！<page><box>	Nfuu: Nfuu! This is<br>the deepest part<br>of the dungeon, fu!!<page><box>Koppa: We did it! Hard<br>work really does pay off!<page><box>	
197:$6D0B	225:$57BB	28	ンフー<speaker>あっ あそこでフ！<page><box>	Nfuu: Ah! There it is, fu!<page><box>	
197:$6D1C	225:$57D8	182	コッパ<speaker>やっぱり<br> ふかいところに さいてたんだ！<page><box>ンフー<speaker>キレイに さいてまフね。<br> よかったでフ。<page><box>コッパ<speaker>花は もう とらずに<br> このままに しておこうな。<page><box>コッパ<speaker>じゃ もどろうぜ。<page><box>	Koppa: It really was<br>blooming in the depths!<page><box>Nfuu: It's blooming<br>beautifully. What a relief,<br>fu.<page><box>Koppa: Let's leave the<br>flower here this time.<page><box>Koppa: All right,<br>let's head back.<page><box>	
197:$6D86	225:$588F	175	コッパ<speaker>やっぱり<br> ふかいところに さいてたんだ！<page><br> いつ見ても キレイだなあ、、。<page><box>コッパ<speaker>花は とらずに<br> このままに しておこうな。<page><box>コッパ<speaker>じゃ もどろうぜ。<page><box>	Koppa: It really was<br>blooming in the depths!<page><box>Koppa: It's beautiful<br>every time I see it...<page><box>Koppa: Let's leave the<br>flower here this time.<page><box>Koppa: All right,<br>let's head back.<page><box>	
197:$6DEC	225:$593F	29	ンフー<speaker>も、もうダメでフ、、。<page>	Nfuu: I-I can't go on, fu...<page>	
197:$6DFE	225:$595D	1	<box>	<box>	
197:$6E00	225:$595F	123	コッパ<speaker>またいっしょに<br> 行ってやるからさ。<page><box>コッパ<speaker>あんまり落ちこむなよ。<page><box><delay:1E>ンフー<speaker>だいじょうぶでフ。<br> つぎは もっとがんばりまフ。<page><box>	Koppa: We'll go with you<br>again.<page><box>Koppa: Don't let<br>it get you down.<page><box><delay:1E>Nfuu: I'm okay, fu. I'll try<br>even harder next time.<page><box>	
197:$6E50	225:$59DB	33	ンフー<speaker><name>さん<br> また よろしくおねがいしまフ。<page><box>	Nfuu: Please help me<br>again, <name>.<page><box>	
197:$6EAD	225:$59FD	63	ワンダ<speaker>おい 町の もよおしが<br> やっと はじまったようだぜ！<page><box>	Wanda: Hey! It looks<br>like the town event<br>has finally started!<page><box>	
197:$6ED1	225:$5A3D	1	<box>	<box>	
197:$6ED3	225:$5A3F	17	ソンガ<speaker>ホントか！<page><box>	Songa: Really?!<page><box>	
197:$6EE0	225:$5A51	25	コッパ<speaker>なんだい？<br> 町の もよおしって？<page><box>	Koppa: What town event?<page><box>	
197:$6EFA	225:$5A6B	110	ワンダ<speaker>イルパの町が<br> すくわれただろ？<page><br> そのきねんに やるんだ。<page><box>ソンガ<speaker>まあ おまつり<br> みたいなもんだな。<page><box>	Wanda: Ilpa was<br>saved, remember?<page><box>Wanda: They're holding<br>it to celebrate.<page><box>Songa: It's<br>basically a festival.<page><box>	
197:$6F3B	225:$5ADA	27	ワンダ<speaker>はやく いこうぜ！<page><box>	Wanda: Come on, let's go!<page><box>	
197:$6F4C	225:$5AF6	39	コッパ<speaker><name>！<br> オイラたちも いってみようぜ！<page><box>	Koppa: <name>! Let's<br>go check it out too!<page><box>	
197:$6F68	225:$5B1E	29	コッパ<speaker>人が たくさんいるぞ！！<page><box>	Koppa: Look at this crowd!!<page><box>	
197:$6F7D	225:$5B3C	75	オロ<speaker>みんなぁ！ 元気かー！<page><box>オロ<speaker>やっと はじまった！<br> <quoteOpen>天下一ワナ道会<quoteClose>だ！<page><box>	Oro: Is everybody fired up?!<page><box>Oro: At last, the Wanado<br>Tournament begins!<page><box>	
197:$6FB5	225:$5B88	55	オロ<speaker>しかいは わたし<br> オロ<D2>ゴンサーレスだ！ イエイ！<page><box>	Oro: Your host is none other<br>than Oro Gonzalez! Yeah!<page><box>	
197:$6FD6	225:$5BC0	22	みんな<speaker>ワーワー！ ピーピー！<page><box>	Crowd: Woohoo! Yeah!<page><box>	
197:$6FE9	225:$5BD7	74	オロ<speaker>みんなァ<page><br> カカらずに カカってるか<D6><D8>い？！<page><box>	Oro: Everybody!<page><box>Oro: Are you getting caught<br>up without getting caught?!<page><box>	
197:$7008	225:$5C22	15	みんな<speaker>イエ<D6><D7><D8>！！<page><box>	Crowd: YEAH!!<page><box>	
197:$7017	225:$5C32	65	オロ<speaker>カカらずに<br> カカってるか<D6><D7><D8>い？！<page><box>	Oro: I said, are you<br>getting caught up<br>without getting caught?!<page><box>	
197:$7031	225:$5C74	15	みんな<speaker>イエ<D6><D7><D8>！！<page><box>	Crowd: YEAH!!<page><box>	
197:$7040	225:$5C84	64	オロ<speaker>すでに<br> おおくの男たちが なんども<br> ちょうせんして いるぞっ！<page><box>	Oro: Many challengers<br>have already made<br>attempt after attempt!<page><box>	
197:$7069	225:$5CC5	45	オロ<speaker>げんざいの トップは<br> サルヤマさんだー！ イエー！！<page><box>	Oro: Our current leader<br>is Saruyama! Yeah!!<page><box>	
197:$708B	225:$5CF3	247	オロ<speaker>しかーし！<page><br> まだ ゆうしょうが<br> きまったワケではなーい！<page><box>オロ<speaker>チャンスは ある！<page><br> みんな がんばって ちょうせん<br> してくれ！<page><box>オロ<speaker>なお ゆうしょうしゃには<br> なんと アテカ姫さまからの<br> ごほうびだ！<page><box>オロ<speaker>がんばれよ！ ベイベー！！<page><box>	Oro: But!<page><box>Oro: The champion has<br>not been decided yet!<page><box>Oro: You still have a chance!<page><box>Oro: Keep challenging and<br>give it everything you've<br>got!<page><box>Oro: And the winner will<br>receive a prize from<br>Princess Ateka herself!<page><box>Oro: Give it your all, baby!!<page><box>	
197:$7116	225:$5DEB	49	みんな<speaker>ワーワー！ ピーピー！<page><box><delay:64>コッパ<speaker>ちょっと しつも<EF><EF><hspace:01>ん！	Crowd: Woohoo! Yeah!<page><box><delay:64>Koppa: I have a question!	
197:$713E	225:$5E1D	241	コッパ<speaker>ちょうせんって いうけど<br> なにをやりゃ いいンだい？<page><box>オロ<speaker>オー かんたんだよ。<page><br> そこのダンジョンの 15かいまで<br> いけば それでオッケーよ。<page><box>オロ<speaker>ただし！<page><br> タイムアタックだから なるべく<br> はやく クリアーしなきゃ ダメね！<page><box>オロ<speaker>で 今のところ<br> そのトップが サルヤマさんという<br> ワケね。<page><box>	Koppa: What exactly<br>are people attempting?<page><box>Oro: Oh, that's easy.<page><box>Oro: Just reach Floor<br>15 of that dungeon.<page><box>Oro: But!<page><box>Oro: It's a time attack,<br>so you must clear it<br>as quickly as possible!<page><box>Oro: And right now,<br>Saruyama has the best time.<page><box>	
197:$71E8	225:$5F0F	58	<D5><speaker>イカン！<delay:14> イカン！<delay:14> イカン！<delay:14><br> イカン！<delay:14> イカン！<delay:14> イカン！<delay:14><br> イカン！<delay:14> イカン！<delay:14> イカン！<page><box>	???: No!<delay:14> No!<delay:14> No!<delay:14><br>No!<delay:14> No!<delay:14> No!<delay:14><br>No!<delay:14> No!<delay:14> No!<page><box>	
197:$722C	225:$5F4A	19	<D5><speaker>イッカ<D6><D7><D7><D7><D7><D7><D7><D7><D7><D8>ン！！	???: UNACCEPTABLE!!	
197:$7240	225:$5F5E	131	ガイバラ<speaker>ぜーはー ぜーはー！<page><br> どうだっ？！ きろくは？！<page><box>タオ<speaker>え<EE>っと、、<page><br> 1万ターン！<page><br> し しんきろくですっ！！<page><box>	Gaibara: Pant, pant!<page><box>Gaibara: Well?!<br>What's my record?!<page><box>Tao: Let's see...<page><box>Tao: Ten thousand turns!<page><box>Tao: I-It's a new record!!<page><box>	
197:$7288	225:$5FE2	51	オロ<speaker>オー イエイ！<br> ガイバラ先生が トップに<br> おどりでたぞ！<page><box>	Oro: Oh, yeah! Master<br>Gaibara has taken the lead!<page><box>	
197:$72AF	225:$6016	100	ソンガ<speaker>スゲー！<page><br> 1万ターンだってよ！！<page><box>ワンダ<speaker>大きなおにぎり<br> 10コぶん じゃないか！！<page><box>	Songa: Amazing!<page><box>Songa: Ten thousand turns!!<page><box>Wanda: That's enough time<br>to eat ten Large Onigiri!!<page><box>	
197:$72E8	225:$607B	37	コッパ<speaker><name>！<br> オイラたちも やってみようぜ！<page><box>	Koppa: <name>!<br>Let's give it a try too!<page><box>	
197:$7304	225:$60A1	83	オロ<speaker>オー つぎは、、<page><box>オロ<speaker>なんと！ 邪神をたおした<br> あの<name>さんがちょうせんだっ！<br> イエー！<page><box>	Oro: Our next challenger is...<page><box>Oro: The one who defeated the<br>Evil God: <name>! Yeah!<page><box>	
197:$733E	225:$60F5	87	ガイバラ<speaker>フンッ うまくいくかな？<page><br> ここは 今までのワナ道とは<br> ちょっと ちがーう。<page><box>	Gaibara: Hmph! Think<br>you can do it?<page><box>Gaibara: This isn't like<br>the trap arts you know.<page><box>	
197:$7371	225:$614D	342	オロ<speaker>このダンジョンでは<br> じぶんは ワナにかからず ぎゃくに<br> モンスターが かかるんだ。<page><box>オロ<speaker>あと ワナを<br> ひろうことも できるぞ。<page><box>オロ<speaker>ひろったワナは<br> <quoteOpen>ワナのモト<quoteClose>になり べつのワナ<br> として しかけることも できる。<page><box>オロ<speaker>しかけたワナの上に のり<br> <quoteOpen>かいぞう<quoteClose>をえらべば より<br> いいワナに かいぞうできる。<page><box>オロ<speaker>ただし いちど しかけた<br> ワナは ひろうことが できないから<br> ちゅういだぞ。<page><box>オロ<speaker>ざっと こんなところだ。<page><box>	"Oro: In this dungeon, traps<br>catch monsters instead of<br>you.<page><box>Oro: You can also<br>pick traps up.<page><box>Oro: A trap you pick up<br>becomes Trap Parts, which<br>you can set as another trap.<page><box>Oro: Stand on a trap<br>you've set and select<br>""Modify"" to improve it.<page><box>Oro: But once you set<br>a trap, you can't pick<br>it up again. Be careful.<page><box>Oro: That's the gist of it.<page><box>"	
197:$7465	225:$62A4	118	オロ<speaker>そうだ！<br> さいごに もうひとつ。<page><box>オロ<speaker>このダンジョンは<br> アイテムを もっていくことが<br> できないんだ。<page><box>オロ<speaker>なので そうこに<br> アイテムを あずけるか<br> すてるかしてくれ。<page><box>	Oro: Oh! One last thing.<page><box>Oro: You can't bring any<br>items into this dungeon.<page><box>Oro: Store or discard<br>your items first.<page><box>	
197:$74CA	225:$631B	51	オロ<speaker>よし。いよいよ<br> スタートだ！ ベイベー！<page><box>	Oro: All right. It's finally<br>time to start, baby!<page><box>	
197:$74E6	225:$634F	92	オロ<speaker>それでは、、<page>ワナの神<br> カカ<D2>ルーの ほくそえみを！<page><br> レディ<page> ゴー！！<page><box>	Oro: And now...<page><box>Oro: May Kakaroo, god of<br>traps, smile upon you!<page><box>Oro: Ready...<page><box>Oro: GO!!<page><box>	
197:$751B	225:$63AC	53	オロ<speaker>オー ざんねんね。<br> また やる気になったらきてくれ。<page>	Oro: Oh, too bad. Come back<br>if you change your mind.<page>	
197:$753D	225:$63E2	130	オロ<speaker>オー このダンジョンは<br> アイテムを もっていくことが<br> できないネー。<page><box>オロ<speaker>なので いったん そうこに<br> アイテムを あずけてから<br> またきてくれよ。<page><box>オロ<speaker>待ってるぜ。イエイ。<page>	Oro: Oh, you can't bring<br>items into this dungeon.<page><box>Oro: Store them in the<br>warehouse, then come back.<page><box>Oro: I'll be waiting. Yeah!<page>	
197:$75A3	225:$6465	92	オロ<speaker>それでは、、<page>ワナの神<br> カカ<D2>ルーの ほくそえみを！<page><br> レディ<page> ゴー！！<page><box>	Oro: And now...<page><box>Oro: May Kakaroo, god of<br>traps, smile upon you!<page><box>Oro: Ready...<page><box>Oro: GO!!<page><box>	
197:$75F2	225:$64C2	101	コッパ<speaker>き きろくは？！<page><box>タオ<speaker>え<EE>っと、、<page><br> ダメです。ガイバラ先生の<br> きろくには とどきません。<page><box>	Koppa: Wh-What's the<br>record?!<page><box>Tao: Let's see...<page><box>Tao: No. You didn't beat<br>Master Gaibara's record.<page><box>	
197:$762E	225:$6528	101	オロ<speaker>オー おしいね！<page><box>オロ<speaker>いぜんとして<br> トップは ガイバラ先生だっ！<page><box>オロ<speaker>このまま<br> ガイバラ先生が ゆうしょう<br> するのかぁ<EF><EF><hspace:01>？！<page><box>	Oro: Oh, so close!<page><box>Oro: Master Gaibara<br>remains in the lead!<page><box>Oro: Will Master<br>Gaibara win it all?!<page><box>	
197:$7683	225:$658E	76	コッパ<speaker>き きろくは？！<page><box>タオ<speaker>え<EE>っと、、<page><br> おおっ！ こ これは！<page><box>	Koppa: Wh-What's the<br>record?!<page><box>Tao: Let's see...<page><box>Tao: Oh! C-Could it be?!<page><box>	
197:$76AD	225:$65DB	28	タオ<speaker>し しんきろくですっ！！<page><box>	Tao: I-It's a new record!!<page><box>	
197:$76C0	225:$65F8	63	オロ<speaker>オー イエイ！<br> ガイバラ先生の きろくを ついに<br> <name>さんが やぶったぞ<EE>っ！<page><box>	Oro: Oh, yeah! <name><br>has finally beaten<br>Master Gaibara's record!<page><box>	
197:$76F2	225:$6638	93	リヒピシ<speaker>ここまで！<page><br> ここで<quoteOpen>天下一ワナ道会<quoteClose>を<br> しゅうりょう いたします。<page><box>オロ<speaker>ということは、、。<page><box>	Rihipishi: That's time!<page><box>Rihipishi: The Wanado<br>Tournament is now over.<page><box>Oro: Which means...<page><box>	
197:$7735	225:$6696	56	オロ<speaker>しゅうりょう まぎわの<br> 大ぎゃくてんっ！！<page><box>	Oro: A stunning comeback at<br>the last possible moment!!<page><box>	
197:$7753	225:$66CF	42	オロ<speaker>ゆうしょうは<page><br> <name>さんに けっていだ<D6><D8>っ！<br> イエイ！！<page><box>	Oro: The champion is...<page><box>Oro: <name>! Yeah!!<page><box>	
197:$7779	225:$66FA	86	オロ<speaker>いや<EE> かんどうてきな<br> ぎゃくてんしょうり でしたねー！<page><box>オロ<speaker>それでは<br> ひょうしょうに うつりたいと<br> 思います。<page><box>	Oro: What a thrilling<br>comeback victory!<page><box>Oro: Now it's time for<br>the awards ceremony.<page><box>	
197:$77BF	225:$6751	78	オロ<speaker>しょうひんは<br> アテカ姫さまと 領主さまより<br> おくられます！<page> どうぞー！！<page><box>	Oro: Princess Ateka and the<br>Lord will present the prize!<page><box>Oro: Come on out!!<page><box>	
197:$77F0	225:$67A0	62	アテカ<speaker>おめでとう！<br> <name>さん！<page><box>アテカ<speaker>これが わたしたちからの<br> おくりものです。<page><box>	Ateka: Congratulations,<br><name>!<page><box>Ateka: This is our gift to<br>you.<page><box>	
197:$7822	225:$67DF	107	領主<speaker>わが城で せんぞだいだい<br> うけつがれた 宝物だ。<page><br> たいせつに するがよい。<page><box>	Lord: This treasure has<br>been passed down through<br>our family for generations.<page><box>Lord: Take good care of it.<page><box>	
197:$7856	225:$684B	86	もちものが いっぱいで<br>うけとることが できません。<page><br>ひとつえらんで すててください。<page><box>	Your inventory is full,<br>so you cannot accept it.<page><box>Please choose one<br>item to discard.<page><box>	
197:$7885	225:$68A2	31	  <name>は 火迅風魔刀を<br>     うけとった！！<page><box>	<name> received<br>the Kajin Fuuma!!<page><box>	
197:$78A6	225:$68C2	61	オロ<speaker>ゆうしょうした<br> <name>さんに いま一度 大きな<br> はくしゅを おねがいします！！<delay:96><box>	Oro: Another huge round<br>of applause for our<br>champion, <name>!!<delay:96><box>	
197:$78D9	225:$6900	35	オロ<speaker><name>さん<br> ほんとうに おめでとう！！<br> イエイ！！<delay:96><box>	Oro: Congratulations,<br><name>! Yeah!!<delay:96><box>	
198:$403C	225:$6924	17	サルヤマ<speaker>あの<EE>、、。<page><box>	Saruyama: Um...<page><box>	
198:$404B	225:$6936	45	コッパ<speaker>あれ？ サルヤマじゃないか。<page><br> どうしたんだよ？<page><box>	Koppa: Huh? Saruyama?<page><box>Koppa: What's wrong?<page><box>	
198:$406C	225:$6964	41	サルヤマ<speaker>ガイバラ先生を<br> みかけなかったでしょうか？<page><box>	Saruyama: Have you<br>seen Master Gaibara?<page><box>	
198:$408D	225:$698E	259	コッパ<speaker>いや。みなかったけど。<page><box>サルヤマ<speaker>そうですか、、。<page><box>コッパ<speaker>なんか あったのか？<page><box>サルヤマ<speaker>、、じつは 先生が<br> とつぜん出ていっちゃったんです。<page><box>サルヤマ<speaker>おはらいオババと<br> 話してたら きゅうに、、<page><box>サルヤマ<speaker><quoteOpen>きゅうきょくの土を<br> みつけた<EE>！<page> うおおおおおお<br> おおおおおおおおお<EF><EF><EF><hspace:01>！！<quoteClose><page><box>サルヤマ<speaker>、、とか いって。<page><box>	"Koppa: No, I haven't.<page><box>Saruyama: I see...<page><box>Koppa: Did something<br>happen?<page><box>Saruyama: Master<br>suddenly ran off.<page><box>Saruyama: He was talking<br>to Obaba, and then...<page><box>Saruyama: ""I found<br>the Ultimate Clay!<page><box>Saruyama: Raaaaaaaaah!!""<page><box>Saruyama: That's<br>what he shouted...<page><box>"	
198:$4150	225:$6A92	254	ヌワンコ<speaker>おい！ オマエんとこの<br> センセー なんとかしてくれよ！<page><box>サルヤマ<speaker>どうされたのですか？<page><box>ヌワンコ<speaker>どうもこうも、、<page><br> かってに ひとのウチに<br> ドカドカ 入ってきてよう<page><box>ヌワンコ<speaker>ギャーギャー<br> あばれるんだぜ！<page><br> もう どうしようも ねーよう。<page><box>	Nuwanko: Hey! Do something<br>about your master!<page><box>Saruyama: What did he do?<page><box>Nuwanko: What didn't he do?<page><box>Nuwanko: He barged into my<br>house without permission!<page><box>Nuwanko: Now he's shouting<br>and tearing the place apart!<page><box>Nuwanko: I can't do<br>anything with him!<page><box>	
198:$41DE	225:$6B91	22	コッパ<speaker>いってみようぜ！<page><box>	Koppa: Let's go see!<page><box>	
198:$41EE	225:$6BA8	38	ガイバラ<speaker>ホントに<br> ここなのであろうな？<page><box>	Gaibara: You are<br>certain it is here?<page><box>	
198:$4207	225:$6BCF	60	おはらいオババ<speaker>まちがいない。<page><br> おぬしの もとめているものは<br> この中に ある。<page><box>	Obaba: Without a doubt.<page><box>Obaba: What you<br>seek lies within.<page><box>	
198:$4236	225:$6C0C	106	ヌワンコ<speaker>あっ テメー！<br> まだ ひとのウチで かってに！<page><box>ガイバラ<speaker>うるさい！<br> だまって みておれっ！！<page><box>	Nuwanko: Hey, you! You're<br>still helping yourself to my<br>house?!<page><box>Gaibara: Silence!<br>Stand back and watch!!<page><box>	
198:$4272	225:$6C77	116	ヌワンコ<speaker>わわわ<EF><EF><EF><hspace:01>っ？！<page><box>コッパ<speaker>こんなところに アナが？！<page><box>ヌワンコ<speaker>ながねん すんでいたが<br> まったく気がつかなかった！！<page><box>	Nuwanko: Wh-Whaaat?!<page><box>Koppa: There's a<br>hole back here?!<page><box>Nuwanko: I've lived here for<br>years and never noticed it!!<page><box>	
198:$42BE	225:$6CEC	91	ガイバラ<speaker>ムリも ない。<page><br> かけじくのウラに どうくつが<br> あるなんて ふつう 思わん。<page><box>	Gaibara: Hardly surprising.<page><box>Gaibara: No one would expect a<br>cave behind a hanging scroll.<page><box>	
198:$42F0	225:$6D48	42	サルヤマ<speaker>先生っ！<br> もしかして ここに？<page><box>	Saruyama: Master! Is<br>it really in there?<page><box>	
198:$430B	225:$6D73	65	ガイバラ<speaker>そうだ。ここに ワシの<br> もとめていた<quoteOpen>きゅうきょくの土<quoteClose><br> があるのだ。<page><box>	"Gaibara: Indeed. The<br>""Ultimate Clay"" I have<br>sought lies within.<page><box>"	
198:$433C	225:$6DB5	64	おはらいオババ<speaker>でんせつだと<br> きゅうきょくの土は 6かいに<br> あるはずじゃ。<page><box>	Obaba: According to<br>legend, the Ultimate<br>Clay lies on Floor 6.<page><box>	
198:$4368	225:$6DF6	59	ガイバラ<speaker>そんな あさいところに？<page><br> そんなの ラクショーでは<br> ないか。<page><box>	Gaibara: So shallow?<page><box>Gaibara: This will<br>be child's play.<page><box>	
198:$4392	225:$6E32	34	ガイバラ<speaker>ではっ いってくるぞ！！<page><box>	Gaibara: Then I<br>shall claim it!!<page><box>	
198:$43A7	225:$6E55	14	ガイバラ<speaker>イカン！<page><box>	Gaibara: No!<page><box>	
198:$43B4	225:$6E64	16	ガイバラ<speaker>イカ<D6><D8>ン！<page><box>	Gaibara: Nooo!<page><box>	
198:$43C3	225:$6E75	25	ガイバラ<speaker>イッカァァァァ<D6><D7><D8>ン！！<page><box>	Gaibara: UNACCEPTABLE!!<page><box>	
198:$43D9	225:$6E8F	22	サルヤマ<speaker>せ 先生っ！！<page><box>	Saruyama: M-Master!!<page><box>	
198:$43EB	225:$6EA6	800	ガイバラ<speaker>ううっ、、ラクショーかと<br> 思ったが、、<page>ゆだん した、、<page><box>ガイバラ<speaker>ぐふぁっ！！<page><box>サルヤマ<speaker>先生っ！<br> だいじょうぶですか！<br> 先生ーっ！！<page><box>ガイバラ<speaker>うう、、なんとか、<page>な、、。<page><box>サルヤマ<speaker>先生ほどの方が<br> このような ことに<br> なるなんて、、<page><box>サルヤマ<speaker>ここは<br> どんなダンジョンなのですか？<page><box>ガイバラ<speaker>まず、、<page>モンスターを<br> たおしても レベルが<br> 上がらんから これがキツイ。<page><box>ガイバラ<speaker>、、しかし<page><br> もっと じゅうようなのは、、<page><box>ガイバラ<speaker>壺をつかう<br> ダンジョンなのじゃ、、。<page><box>コッパ<speaker>壺の<page>ダンジョン？<page><box>ガイバラ<speaker>さよう。<page><box>ガイバラ<speaker><quoteOpen>とじこめの壺<quoteClose>というのが<br> ダンジョンに 落ちててな、<page><box>ガイバラ<speaker>それをモンスターに<br> ぶつけると とじこめることが<br> できるのじゃ。<page><box>ガイバラ<speaker>うう、、ワナ道なら、、<br> ワシも とくい なんじゃが、、<page><box>ガイバラ<speaker>このダンジョンは、、<br> どうやら ワシには<br> むかんらしい、、。<page><box>サルヤマ<speaker>先生は 壺をみたら<br> すぐ わっちゃいますもんね。<page><box>	"Gaibara: Ugh... I thought<br>it would be easy...<page><box>Gaibara: I let my guard<br>down...<page><box>Gaibara: Gah!!<page><box>Saruyama: Master! Are<br>you all right?! Master!!<page><box>Gaibara: Ugh... Somehow...<page><box>Gaibara: I still live...<page><box>Saruyama: If even you<br>suffered such a fate...<page><box>Saruyama: What kind<br>of dungeon is this?<page><box>Gaibara: First...<page><box>Gaibara: Defeating monsters<br>does not raise your<br>level. That is difficult.<page><box>Gaibara: But...<page><box>Gaibara: there is something<br>even more important...<page><box>Gaibara: This dungeon is<br>conquered with Pots...<page><box>Koppa: A Pot...<page><box>Koppa: dungeon?<page><box>Gaibara: Indeed.<page><box>Gaibara: You will find<br>""Imprison Pots"" inside.<page><box>Gaibara: Throw one at a<br>monster to seal it inside.<page><box>Gaibara: Ugh... Traps<br>are my specialty, but...<page><box>Gaibara: this dungeon<br>does not seem to suit me...<page><box>Saruyama: You do smash<br>every Pot you see, Master.<page><box>"	
198:$45E5	225:$71C7	18	ガイバラ<speaker>だまらっしゃいっ！！	Gaibara: Silence!!	
198:$45F6	225:$71DA	15	サルヤマ<speaker>ぐわっ！！	Saruyama: Gah!!	
198:$4602	225:$71EA	96	ガイバラ<speaker><name>、、<page>たのむ。<page><br> ワシのかわりに きゅうきょくの土を<br> とってきて くれぬかの？<page><box>	Gaibara: <name>...<page><box>Gaibara: I beg you.<page><box>Gaibara: Will you retrieve the<br>Ultimate Clay in my stead?<page><box>	
198:$4637	225:$724B	18	<delay:3C>ガイバラ<speaker>ぐふぁっ！！<page><box>	<delay:3C>Gaibara: Gah!!<page><box>	
198:$4648	225:$725E	61	サルヤマ<speaker>先生っ！<br> だいじょぶですか？！<page> センセーっ！<page><box>	Saruyama: Master!<br>Are you all right?!<page><box>Saruyama: M-Master!!<page><box>	
198:$466B	225:$729C	60	<delay:1E>サルヤマ<speaker><name>さん わたしからも<br> おねがいです！ きゅうきょくの土を<br> とってきて下さい！<page><box>	<delay:1E>Saruyama: Please,<br><name>! Retrieve the<br>Ultimate Clay for us!<page><box>	
198:$46A1	225:$72D9	71	ガイバラ<speaker>おお！ そうか！<br> やってくれるか！<page><br> それでこそ ワシの みこんだ男！<page><box>	Gaibara: Oh! You will do it!<page><box>Gaibara: I knew I<br>saw something in you!<page><box>	
198:$46D0	225:$7321	150	ガイバラ<speaker>そうだ！<page><br> さいごに もうひとつ。<page><box>ガイバラ<speaker>このダンジョンは<br> アイテムを もっていくことが<br> できない。<page><box>ガイバラ<speaker>いったん そうこに<br> アイテムを あずけてから<br> また たのむ。<page><box>	Gaibara: Ah!<page><box>Gaibara: One last thing.<page><box>Gaibara: You cannot bring<br>items into this dungeon.<page><box>Gaibara: Store your items in<br>the warehouse, then return.<page><box>	
198:$473A	225:$73B8	30	ガイバラ<speaker>では たのんだぞ！！<page><box>	Gaibara: I leave it to you!!<page><box>	
198:$4763	225:$73D7	34	  <name>は きゅうきょくの土を<br>      てにいれた！<delay:3C><page><box>	<name> obtained<br>the Ultimate Clay!<delay:3C><page><box>	
198:$4785	225:$73FA	42	ガイバラ<speaker>こ これが<br> きゅうきょくの土、、。<page><box>	Gaibara: Th-This is<br>the Ultimate Clay...<page><box>	
198:$47A1	225:$7425	285	ガイバラ<speaker>、、この こうたく。<br> そして この だんりょく、、。<page><box>ガイバラ<speaker>すばらしい。<page>これこそ<br> まさに きゅうきょくの土じゃ。<page><box>ガイバラ<speaker>これで ねんがんの<br> 壺づくりに はげむことが<br> できる。<page><box>ガイバラ<speaker>れいを いうぞ。<name>！<br> ほんとうに ありがとう！！<page><box>ガイバラ<speaker>これは ほんの<br> かんしゃの 気持ちじゃ。<br> だいじに つかってくれ。<page><box>	Gaibara: This luster...<br>This elasticity...<page><box>Gaibara: Magnificent.<page><box>Gaibara: This is truly<br>the Ultimate Clay.<page><box>Gaibara: At last, I can<br>devote myself to making<br>the Pot of my dreams.<page><box>Gaibara: You have my<br>thanks, <name>! Truly!!<page><box>Gaibara: Take this small token<br>of my gratitude. Use it well.<page><box>	
198:$485F	225:$7543	86	もちものが いっぱいで<br>うけとることが できません。<page><br>ひとつえらんで すててください。<page><box>	Your inventory is full,<br>so you cannot accept it.<page><box>Please choose one<br>item to discard.<page><box>	
198:$488E	225:$759A	47	   <name>は ガイバラから<br>  サトリのつるはしを もらった！<delay:F0><delay:C0><page><box>	<name> received the<br>Wonder Pick from Gaibara!<delay:F0><delay:C0><page><box>	
198:$48B4	225:$75CA	58	ガイバラ<speaker>よしっ！ この土を<br> つかって 今度は 壺づくりだ。<page><box>	Gaibara: Good! Now I shall<br>use this clay to make my<br>Pot.<page><box>	
198:$48DB	225:$7605	80	ガイバラ<speaker>サルヤマッ！<page> 帰るぞっ！<page><br> わが家へ！<page><box>	Gaibara: Saruyama!<page><box>Gaibara: We are going home!<page><box>Gaibara: Back to my<br>workshop!<page><box>	
198:$48FB	225:$7656	26	サルヤマ<speaker>は はい！<page><box>	Saruyama: Y-Yes, Master!<page><box>	
198:$4909	225:$7671	25	コッパ<speaker>ちょ ちょっと 待ってよ！<page><box>	Koppa: W-Wait a second!<page><box>	
198:$491F	225:$768B	33	ガイバラ<D2>サルヤマ<speaker>うわぁぁぁ<br> ぁぁぁぁぁぁぁ<D6><D7><D7><D7><D7><D8>！！	Gaibara and<br>Saruyama: Aaaaaaaah!!	
198:$4941	225:$76AD	54	コッパ<speaker>ここ 出られないの<br> わすれてた みたいだな、、。<page><box>	Koppa: Looks like they<br>forgot we can't leave town...<page><box>	
198:$498B	225:$76E4	158	ペケジ<speaker>ハアハア、、<br> おい ちょっとこれを見てくれよ。<page><box>かじ屋<speaker>、、ん？ なんです？<page><br> その古びた カミきれは？<page><box>ペケジ<speaker>なんか 日記の<br> きれはしみたいなんだけどさ、、。<page><box>	Pekeji: Pant, pant... Hey,<br>take a look at this.<page><box>Blacksmith: Hm?<page><box>Blacksmith: What's that<br>old scrap of paper?<page><box>Pekeji: It looks like<br>a piece of a journal...<page><box>	
198:$49F0	225:$7783	444	コッパ<speaker>オイラが 読んでやるよ。<br> エ<EE>ト なになに？、、。<page><box><quoteOpen>、、！<page> まさか こんな<br> しゅだん だったとは、、。<quoteClose><page><box><quoteOpen>ワシは ついにやった。<br> ついに はっけん したのだ！<quoteClose><page><box><quoteOpen>この かがやきは どうだ。<br> この うつくしさは どうだ。<quoteClose><page><box><quoteOpen>せかいでも まれにみる<br> さいこうの ものだ！！<quoteClose><page><box><quoteOpen>しかし、、<page>もし これが<br> ワルモノの手に わたって<br> しまったら どうするのだ？、、<quoteClose><page><box><quoteOpen>これは もちぬしを えらぶ<br> ものなのだ。<page>よって ひそかに<br> かくすことにする。<quoteClose><page><box><quoteOpen>イルパの町<page><br> かじ屋の かまどの<page><br> 地中ふかくに<page> わが宝を。<quoteClose><page><box>	"Koppa: I'll read it. Let's<br>see...<page><box>""What?!<page><box>I never imagined<br>such a method...""<page><box>""I have done it. At last,<br>I have discovered it!""<page><box>""Behold its brilliance.<br>Behold its beauty.""<page><box>""There is nothing finer<br>in all the world!!""<page><box>""But...<page><box>what if it were to fall<br>into the hands of evil?""<page><box>""It chooses its owner.<page><box>Therefore, I shall<br>hide it in secret.""<page><box>""In the Town of Ilpa...<page><box>beneath the<br>blacksmith's forge...<page><box>deep underground...<page><box>lies my treasure.""<page><box>"	
198:$4B23	225:$7940	67	コッパ<speaker>ひえ<EE>っ！ こりゃ<br> 宝のありかを しめしている<br> ものじゃないか？！<page><box>	Koppa: Whoa! This tells<br>us where treasure is<br>hidden, doesn't it?!<page><box>	
198:$4B4F	225:$7984	54	コッパ<speaker>おい ペケジ！<page><br> これを どこで ひろって<br> きたんだよ？<page><box>	Koppa: Hey, Pekeji!<page><box>Koppa: Where did<br>you find this?<page><box>	
198:$4B75	225:$79BB	377	ペケジ<speaker>砂漠の まん中で。<page>オレ<br> あるいている とちゅうで きゅうに<br> ガマンできなくなっちゃってさ<page><box>ペケジ<speaker>で カミを さがしたときに<br> ぐうぜん みつけたのが これ。<page><box>コッパ<speaker>けげっ！ オ オマエ<br> まさか このカミでふいたのか？！<page><box>ペケジ<speaker>だいじょうぶだよ。<br> まだ ふいてない。<page><box>コッパ<speaker>げげげっ！！ オマエ<br> ふかずに ズボンはいてンのか？！<page><box>ペケジ<speaker>ちがうよ。まだ<br> ガマンしているってことだよ。<page><box>	Pekeji: In the middle<br>of the desert.<page><box>Pekeji: I suddenly<br>couldn't hold it anymore<br>while I was walking...<page><box>Pekeji: I was looking<br>for some paper when I<br>happened to find this.<page><box>Koppa: Ugh! Y-You didn't wipe<br>yourself with this, did you?!<page><box>Pekeji: Don't worry.<br>I haven't wiped yet.<page><box>Koppa: What?! You pulled up<br>your pants without wiping?!<page><box>Pekeji: No! I mean<br>I'm still holding it!<page><box>	
198:$4C53	225:$7B35	113	ペケジ<speaker>とにかく アニキ！<page><br> こんどこそ まちがいないよ！！<br> お宝だ！！<page><box>お竜<speaker>お宝と きいちゃ ダマって<br> いられないわね。<page><box>	Pekeji: Anyway, Bro!<page><box>Pekeji: This time it's<br>the real thing! Treasure!!<page><box>Oryu: I can't ignore<br>talk of treasure.<page><box>	
198:$4C9D	225:$7BA7	16	コッパ<speaker>お お竜！<page><box>	Koppa: O-Oryu!<page><box>	
198:$4CAB	225:$7BB8	70	お竜<speaker>わたしも<br> くわしく しりたいな。<page><box>お竜<speaker>それで どこなの？<br> かまどは？<page><box>	Oryu: I want to hear<br>the details too.<page><box>Oryu: So where is this<br>forge?<page><box>	
198:$4CDB	225:$7BFF	153	かじ屋<speaker>ここのことですかねえ。<page><box>かじ屋<speaker>ウチの かまどは<br> ここしか ねえが、、<page><br> ん、、？<page> そういえば、、。<page><box>お竜<speaker>どうしたの？<page><box>	Blacksmith: You<br>mean this one?<page><box>Blacksmith: It's the<br>only forge here, but...<page><box>Blacksmith: Hm...?<page><box>Blacksmith: Come<br>to think of it...<page><box>Oryu: What is it?<page><box>	
198:$4D29	225:$7C99	117	かじ屋<speaker>ずいぶん前のことですが<br> きいたことがありやす、、。<page><box>かじ屋<speaker>ワタシの じいさんのころ<br> ここはダンジョンだったと、、。<page><box>	Blacksmith: I heard a<br>story a long time ago...<page><box>Blacksmith: Back in my<br>grandfather's day, this<br>place was a dungeon.<page><box>	
198:$4D72	225:$7D0F	312	ペケジ<speaker>ええ<EF><EF><hspace:01>っ？！<page><box>かじ屋<speaker>なんでも ウチの じいさん<br> ゆうめいな かじ屋でありながら<br> かなりの 冒険ずきでして、<page><box>かじ屋<speaker>じぶんで すごい剣と盾を<br> つくっては ここに ちょうせん<br> してたらしいんです。<page><box>かじ屋<speaker>しかし ここのモンスター<br> えらく つよくて ぜんぜん<br> ハが たたなかったとか、、。<page><box>かじ屋<speaker>とうとう あきらめて<br> ここを ふういんしたらしい<br> んです。<page><box>	Pekeji: Whaaat?!<page><box>Blacksmith: My grandfather<br>was a famous smith and a<br>great lover of adventure.<page><box>Blacksmith: He forged mighty<br>swords and shields, then<br>challenged it himself.<page><box>Blacksmith: But its monsters<br>were so strong that he<br>never stood a chance...<page><box>Blacksmith: In the<br>end, he gave up and<br>sealed the dungeon.<page><box>	
198:$4E48	225:$7E48	143	コッパ<speaker>おい <name>！<br> いってみようぜ！<page><box>コッパ<speaker>きっと ここの おくに<br> お宝が あるんだよ！<page><box>かじ屋<speaker>じいさんから きいた話を<br> 思いおこすとですね、、<page><box>	Koppa: Hey, <name>!<br>Let's go inside!<page><box>Koppa: The treasure<br>must be deep in there!<page><box>Blacksmith: If I remember<br>my grandfather's<br>stories correctly...<page><box>	
198:$4EA2	225:$7ED8	145	かじ屋<speaker>たしか アイテムは<br> たくさん もっていけたはずです。<page><box>かじ屋<speaker>あと<page> なかまも ひとり<br> つれていけたと思いやす。<page><box>	Blacksmith: You should<br>be able to bring<br>plenty of items inside.<page><box>Blacksmith: And...<page><box>Blacksmith: I believe you can<br>take one companion with you.<page><box>	
198:$4EE9	225:$7F6A	40	ペケジ<speaker>アニキ<EE>！ おねがいだ！<br> オレを つれてってくれ！！<page><box>	Pekeji: Bro! Please<br>take me with you!!<page><box>	
198:$4F0C	225:$7F93	95	お竜<speaker>そっちのデブより<br> わたしだよね？<page><br> いっしょに いこ。<page>ね？<page><box>	Oryu: You'll take me instead<br>of that tubby guy, right?<page><box>Oryu: Let's go together.<page><box>Oryu: Okay?<page><box>	
198:$4F34	226:$4000	27	<D5><speaker>オタカラ！ オタカラ<EF><EF><hspace:01>！！<page><box>	???: Treasure! Treasure!!<page><box>	
198:$4F4A	226:$401C	42	ンフー<speaker>ンフー！ お宝みたいでフ！<page><box>	Nfuu: Nfuu! It sounds<br>like treasure, fu!<page><box>	
198:$4F60	226:$4047	72	マーモ<speaker>ボクも お宝を<br> シューノーしたいよう！<page><br> いっしょに シュパーツしよう！<page><box>	Mamo: I want to store<br>the treasure too!<page><box>Mamo: Let's de-part<br>together!<page><box>	
198:$4F8F	226:$4090	45	<cF8>h<cF8>i号<speaker>ギギギ、、<br> オタカラ、、オタカラ、、<page><box>	<cF8>h<cF8>i Unit: Clank...<br>Treasure... Treasure...<page><box>	
198:$4FAD	226:$40BE	107	コッパ<speaker><name>。アイテムも<br> たくさん もっていける<br> みたいだしさ<page><box>コッパ<speaker>とりあえずは<br> ちゃんと じゅんびしてから<br> いくことにしようぜ。<page><box>	Koppa: <name>, it<br>sounds like we can<br>bring plenty of items.<page><box>Koppa: Let's prepare<br>properly before we head in.<page><box>	
198:$500E	226:$412A	52	コッパ<speaker><name>！ あそこにあるの<br> 宝ばこじゃ ないか？<page><box>	Koppa: <name>! Isn't<br>that a treasure chest over<br>there?<page><box>	
198:$502E	226:$415F	65	コッパ<speaker>やっぱり そうだよ！<page><br> なにが はいっているのかな？<br> はやく あけようぜ。ワクワク。<page><box>	Koppa: It is!<page><box>Koppa: I wonder what's<br>inside. Come on, open it!<page><box>	
198:$5062	226:$41A1	33	コッパ<speaker><name>！<page> これは、、。<delay:80><page><box>	Koppa: <name>!<page><box>Koppa: This is...<delay:80><page><box>	
198:$5077	226:$41C3	94	かじ屋<speaker>こ これは<br> でんせつの、、。<page><box>かじ屋<speaker>これが<br> ダンジョンの おくそこに、、。<page><box>	Blacksmith: Th-This<br>is the legendary...<page><box>Blacksmith: It was in the<br>depths of the dungeon...?<page><box>	
198:$50AB	226:$4222	200	かじ屋<speaker>、、そうか。カミきれの<br> ヌシは じいさんだったんだ。<page><box>かじ屋<speaker>天さいてきな かじ屋<br> である じいさんは これを<br> つくることに せいこうし、、<page><box>かじ屋<speaker>これを かくすために<br> ダンジョンに ふういんしたんだ。<page><box>	Blacksmith: I see. My<br>grandfather wrote<br>that journal page.<page><box>Blacksmith: He was a<br>brilliant smith, and he<br>succeeded in forging this...<page><box>Blacksmith: Then he<br>sealed it in the dungeon<br>to keep it hidden.<page><box>	
198:$5126	226:$42EB	166	かじ屋<speaker>なんで そんなふかくに<br> あったのかは わかりやせんがね。<page><box>かじ屋<speaker>じいさんは<br> 風来人じゃあ ありやせん。<page><box>かじ屋<speaker>だから そんなふかいところ<br> いけるはずはねえんです。<page><box>	Blacksmith: Though I don't<br>know how it ended up so<br>deep.<page><box>Blacksmith: My grandfather<br>wasn't a Wanderer.<page><box>Blacksmith: He<br>couldn't possibly have<br>reached those depths.<page><box>	
198:$518E	226:$4392	138	かじ屋<speaker>この盾は <name>さん<br> アンタにゆずろう、、<page><box>かじ屋<speaker>、、と思ったが<br> もちものがいっぱいですぜ。<page><box>かじ屋<speaker>もちものを<br> ひとつ へらしてくだせい。<page><box>	Blacksmith: <name>,<br>I'd like you to have this<br>shield...<page><box>Blacksmith: But your<br>inventory is full.<page><box>Blacksmith: Please<br>make room for one item.<page><box>	
198:$51E8	226:$441D	35	かじ屋<speaker>いらねえんですかい、、<br><page>	Blacksmith: You<br>don't want it...?<page><box>	
198:$51FC	226:$4441	134	かじ屋<speaker><name>さん、、<page><br> アンタ 心ある風来人だ。<page><box>かじ屋<speaker>この盾は アンタの手に<br> あってこそ ふさわしい。<page><box>かじ屋<speaker>この盾は おゆずりしやす。<page><box>	Blacksmith: <name>...<page><box>Blacksmith: You're<br>a true Wanderer.<page><box>Blacksmith: This shield<br>belongs in your hands.<page><box>Blacksmith: Please, take it.<page><box>	
198:$5257	226:$44C8	33	<name>は ラセン風魔の盾を<br>手に入れた！<delay:F0><delay:C0><page>	<name> obtained<br>the Rasen Fuuma!<delay:F0><delay:C0><page>	
198:$527D	226:$44EA	52	コッパ<speaker><name>！ あそこにあるの<br> 宝ばこじゃ ないか？<page><box>	Koppa: <name>! Isn't<br>that a treasure chest over<br>there?<page><box>	
198:$529D	226:$451F	62	コッパ<speaker>もちものを<br> すてないと とれないぞ！<page><box>	Koppa: You need to<br>discard something<br>before you can take it!<page><box>	
198:$52B8	226:$455E	24	コッパ<speaker>じゃ もどろうぜ。<page>	Koppa: Let's head back.<page>	
198:$52C8	226:$4577	33	<name>は ラセン風魔の盾を<br>てに いれた！<delay:F0><delay:C0><page>	<name> obtained<br>the Rasen Fuuma!<delay:F0><delay:C0><page>	
198:$533B	226:$4599	51	ペケジ<speaker>ちょうど ここらが<br> 東小天守のあたり<br> ですかね、、。<page><box>	Pekeji: This should be<br>around the Eastern Keep...<page><box>	
198:$5363	226:$45CD	51	ペケジ<speaker>いまだに モンスターが<br> うろついてますからね、、<page><box>	Pekeji: Monsters are still<br>roaming around here...<page><box>	
198:$5384	226:$4601	65	ペケジ<speaker>領主さまも<br> まだ やみあがりなんだし<br> 気をつけて下さいよ。<page><box>	Pekeji: You're still<br>recovering, my Lord,<br>so please be careful.<page><box>	
198:$53AF	226:$4643	195	領主<speaker>うむ。<page>今のワシでも<br> よわいモンスターなら<br> なんとかなるが<page><box>領主<speaker>万が一のことも かんがえて<br> おぬしの ごえいを<br> うけたのだ。<page><box>領主<speaker>しっかり たのむぞ。<page><box>ペケジ<speaker>エヘヘ まかせて下さい！<page><box>	Lord: Indeed.<page><box>Lord: Even now, I can<br>handle weaker monsters.<page><box>Lord: But I accepted<br>your protection in case<br>anything should happen.<page><box>Lord: I am counting on you.<page><box>Pekeji: Heh heh!<br>Leave it to me!<page><box>	
198:$5428	226:$4707	112	アテカ<speaker>やはり<br> だいぶ あれてますね、、。<page><box>ペケジ<speaker>うん。こりゃあ 城を<br> つくりなおすにも かなり<br> じかんが かかるよなあ。<page><box>	Ateka: This area is still<br>in terrible condition...<page><box>Pekeji: Yeah. Rebuilding the<br>castle will take a long time.<page><box>	
198:$5470	226:$4778	83	領主<speaker>いや。<page>まずは町を<br> たてなおすことが たいせつだ。<page><box>領主<speaker>城は そのあとでよい。<page><box>	Lord: No.<page><box>Lord: Rebuilding the<br>town must come first.<page><box>Lord: The castle can wait.<page><box>	
198:$54A8	226:$47CC	69	領主<speaker>じょうきょうは だいたい<br> わかった。<page>イルパへ もどろう。<page><box>	Lord: I understand<br>the situation now.<page><box>Lord: Let us return to Ilpa.<page><box>	
198:$54CF	226:$4812	21	<D5><speaker>クククク、、。<page><box>	???: Heh heh heh...<page><box>	
198:$54DC	226:$4828	66	領主<speaker>どうした？ アテカ。<page><box>アテカ<speaker>今 なにか、、声が、、。<page><box>	Lord: What is it, Ateka?<page><box>Ateka: I thought<br>I heard... a voice...<page><box>	
198:$5504	226:$486B	67	ペケジ<speaker>いや。なんにも。<page><br> 気のせいじゃ、、。<page><box>	Pekeji: I didn't hear<br>anything.<page><box>Pekeji: Maybe you imagined<br>it...<page><box>	
198:$5521	226:$48AF	59	<D5><speaker>クククク、、。<page><br> リョ、、ウ、、<page>シュ。<page><br> 領主ッ！！<page><box>	???: Heh heh heh...<page><box>???: L...<page><box>???: Lord...<page><box>???: LORD!!<page><box>	
198:$5546	226:$48EB	101	領主<speaker>な なにものだ？！<page><box><D5><speaker>クククク、、ソウカ。<br> キュラスハ シンダノカ、、。<page><br> バカナノハ ヤツノホウダッタナ。<page><box>	Lord: Wh-Who are you?!<page><box>???: Heh heh... So<br>Curas is dead...<page><box>???: It seems he was<br>the greater fool.<page><box>	
198:$558A	226:$4951	235	ペケジ<speaker>やい！ なんだか<br> しらねえが 領主さまには<br> ゆび一本 ふれさせねえからな！<page><box><D5><speaker>クククク、、。<page><br> ワシガ ホシイノハ<br> ソンナ ヌケガラデハ、、ナイ。<page><box><D5><speaker>ワシノ モトメルモノハ、、<page><br> グフフ ヒサシブリダナ！<br> 姫サマッ！！<page><box>ペケジ<speaker>お おまえはっ？！！<page><box>	Pekeji: I don't know what<br>you are, but you won't<br>lay a finger on the Lord!<page><box>???: Heh heh heh...<page><box>???: I have no use<br>for that empty shell.<page><box>???: What I seek is...<page><box>???: Heh heh! It has<br>been too long, Princess!!<page><box>Pekeji: Y-You are...?!<page><box>	
198:$5621	226:$4A3D	47	ペケジ<speaker>うわぁぁぁ<D6><D8>っ！！<page><box>領主<speaker>アテカ！<page><br> アテカ<D6><D7><D7><D7><D8>ッ！！<page>	Pekeji: Aaaaaah!!<page><box>Lord: Ateka!<page><box>Lord: ATEKA!!<page>	
198:$564C	226:$4A6D	1	<box>	<box>	
198:$564E	226:$4A6F	62	コッパ<speaker>あれ？<br> 今日は ペケジが いないぞ。<page><br> めずらいしいな。<page><box>	Koppa: Huh? Pekeji<br>isn't here today.<page><box>Koppa: That's unusual.<page><box>	
198:$5676	226:$4AAE	26	オロ<speaker>ああ。それなんだけどな。<page><box>	Oro: Yeah. About that...<page><box>	
198:$5689	226:$4AC9	330	お竜<speaker>ペケジのヤツ<br> 領主さまを つれて<br> 魔城に いってるんだって？<page><box>サチ<speaker>うん。わたしも<br> はんたい したんだけど、、<page><box>オロ<speaker>けど アイツ<br> <quoteOpen>オレひとりで じゅうぶんだ！<quoteClose><br> って言いはってよう。<page><box>お竜<speaker>ペケジの だいじょうぶって<br> コトバほど しんようできない<br> ものはないわ。<page><box>オロ<speaker>キュラスが いなくなった<br> とはいえ まだモンスターは<br> いるからな。<page><box>コッパ<speaker>どうせ そのうち<br> <quoteOpen>たいへんだあ<EE>！<quoteClose>とか言って<br> とびこンでくるんじゃ ないのか？<page><box>	"Oryu: I hear Pekeji took the<br>Lord to the Magic Castle?<page><box>Sachi: Yeah. I<br>tried to stop him...<page><box>Oro: But he insisted, ""I<br>can handle it by myself!""<page><box>Oryu: Nothing is less<br>trustworthy than Pekeji<br>saying he'll be fine.<page><box>Oro: Curas may be gone, but<br>monsters are still there.<page><box>Koppa: He'll probably burst in<br>here yelling, ""Big trouble!""<page><box>"	
198:$5789	226:$4C14	24	サチ<speaker>やだ。やめてよ。<page><box>	Sachi: Don't say that!<page><box>	
198:$5798	226:$4C2D	3	<box><delay:3C>	<box><delay:3C>	
198:$579C	226:$4C31	23	ペケジ<speaker>た たいへんだあ<EE>！！	Pekeji: B-Big trouble!!	
198:$57AD	226:$4C49	23	お竜<speaker>どうしたの？！<page><box>	Oryu: What happened?!<page><box>	
198:$57BC	226:$4C61	114	ペケジ<speaker>ハアハア、、。領主さまと<br> 姫さまが さらわれちまった！<page><box>サチ<speaker>ええ<EF><EF><EF><EF><hspace:01>っ？！！<page><box>お竜<speaker>ペケジ！ どういうことよ？！<page><box>	Pekeji: Pant, pant...<br>The Lord and Princess<br>Ateka were abducted!<page><box>Sachi: Whaaat?!<page><box>Oryu: Pekeji! What happened?!<page><box>	
198:$580A	226:$4CD4	115	ペケジ<speaker>め めんぼくねえ。<br> オレが ついていながら、、。<page><box>サチ<speaker>そんなことより！<page><br> もっと くわしく！<page><box>	Pekeji: I-I'm ashamed. I<br>was right there with them...<page><box>Sachi: Forget that!<page><box>Sachi: Tell us exactly<br>what happened!<page><box>	
198:$5845	226:$4D48	177	ペケジ<speaker>ザガンに<br> さらわれたんだよ！<page><box>サチ<speaker>ザガン？！<page><box>お竜<speaker>ザガンが 生きていたの？！<page><box>コッパ<speaker>けど いったい どうやって？<page><br> ヤツは キュラスに やられて<br> くたばっちまった はずだぜ？！<page><box>おはらいオババ<speaker>ザガンは<br> 生きてはおらん。<page>ワシの<br> うらない だとな。<page><box>	Pekeji: Zagan took them!<page><box>Sachi: Zagan?!<page><box>Oryu: Zagan is alive?!<page><box>Koppa: But how?<page><box>Koppa: Curas killed him!<page><box>Obaba: Zagan is not alive.<page><box>Obaba: My divination<br>is clear on that.<page><box>	
198:$58DC	226:$4DFA	46	おはらいオババ<speaker>ふたたび<br> 大気が よどんでおる。<page><box>	Obaba: The air has grown<br>stagnant once more.<page><box>	
198:$58FB	226:$4E29	127	おはらいオババ<speaker>こんなときは<br> なにかあると思ったが やはりの。<page><box>ペケジ<speaker>けど ウソじゃねえよ。<page><br> オレ ホントに 見たんだぜ。<br> この目で ザガンを。<page><box>	Obaba: I sensed something was<br>wrong. It seems I was right.<page><box>Pekeji: But I'm not lying.<page><box>Pekeji: I saw Zagan<br>with my own eyes.<page><box>	
198:$5951	226:$4EA9	57	ゴト<speaker>おい！ 領主さまが<br> 町の入口で たおれてる<br> らしいぞっ！<page><box>	Goto: Hey! The Lord<br>has collapsed at<br>the town entrance!<page><box>	
198:$597B	226:$4EE3	16	オロ<speaker>いってみよう！<page><box>	Oro: Let's go!<page><box>	
198:$5989	226:$4EF4	99	ミナイ<speaker>領主さま。<br> だいじょうぶですか？<page><box>領主<speaker>、、ああ<br> もう だいじょうぶだ。<page><br> しんぱいかけて すまない。<page><box>	Minai: My Lord,<br>are you all right?<page><box>Lord: Yes. I am fine now.<page><box>Lord: Forgive me<br>for worrying you.<page><box>	
198:$59CD	226:$4F58	78	ペケジ<speaker>領主さま<br> ぶじだったんだあ。<br> よかったあ<EE>！<page><box>お竜<speaker>アテカは どうしたの？<page><box>	Pekeji: My Lord, you're<br>safe! Thank goodness!<page><box>Oryu: What happened to<br>Ateka?<page><box>	
198:$5A01	226:$4FA7	37	領主<speaker>ん？ アテカか？<page><br> アテカはな、、。<page><box>	Lord: Hm? Ateka?<page><box>Lord: Ateka is...<page><box>	
198:$5A1D	226:$4FCD	85	ペケジ<speaker>わわわわわっ？！<page><box>コッパ<speaker>オマエッ！<page><br> 領主さまじゃないなっ！！<page><box>お竜<speaker>だれなのッ？<page><box>	Pekeji: Wh-Whaaat?!<page><box>Koppa: You!<page><box>Koppa: You're not the Lord!!<page><box>Oryu: Who are you?!<page><box>	
198:$5A57	226:$5023	347	領主<speaker>クククク、、ワスレタノカ？<page><br> コノ、、<page>ザガンノ コトヲ！！<page><box>ペケジ<speaker>ええっ？！<br> 領主さまが ザガン？！！<page><box>ペケジ<speaker>どうなっちゃってるンだよ？！<br> いったい？！<page><box>おはらいオババ<speaker>あれは<br> ザガンでは ない！<page><box>おはらいオババ<speaker>あそこにいるのは<br> ザガンの なれのはて。<page><br> ザガンの あくりょうじゃ。<page><box>おはらいオババ<speaker>それが<br> 領主さまに のりうつっておる！<page><box>領主<speaker>クククク、、。<br> 姫ハ コノワシガ アズカッタ。<page><br> モドルコトハ モハヤ デキナイ。<page><box>	Lord: Heh heh...<page><box>Lord: Have you forgotten?<page><box>Lord: I am Zagan!!<page><box>Pekeji: What?! The<br>Lord is Zagan?!<page><box>Pekeji: What in the<br>world is going on?!<page><box>Obaba: That is not Zagan!<page><box>Obaba: It is all that<br>remains of him...<page><box>Obaba: Zagan's evil spirit.<page><box>Obaba: It has<br>possessed the Lord!<page><box>Lord: Heh heh... The<br>Princess is mine.<page><box>Lord: She can no<br>longer return.<page><box>	
198:$5B56	226:$517F	39	お竜<speaker>アテカは？！<page><br> アテカは どこなの？！<page><box>	Oryu: Ateka?!<page><box>Oryu: Where is Ateka?!<page><box>	
198:$5B72	226:$51A7	93	領主<speaker>クククク、、。<br> 砂漠ノ地下メイキュウ、、。<page><br> ワガ マゾクノ大地、、。<page><box>	Lord: Heh heh... In the<br>labyrinth beneath the<br>desert...<page><box>Lord: The land of<br>my demon clan...<page><box>	
198:$5BA6	226:$5205	31	領主<speaker><quoteOpen>奈落ノ果テ（ならくのはて）<quoteClose><br> ニナ、、。<page><box>	"Lord: The ""Abyssal Depths""...<page><box>"	
198:$5BCC	226:$5225	100	領主<speaker>姫ノ ミコトシテノ チガ<br> ワガ マゾクノ チカラニナルノダ！<page><br> グワッハッハッハ<D6><D7><D7><D8>！！	Lord: The Princess's blood<br>as a shrine maiden shall<br>empower my demon clan!<page><box>Lord: Gwah ha ha ha ha!!	
198:$5C04	226:$528A	1	<box>	<box>	
198:$5C06	226:$528C	15	オロ<speaker>領主さま！<page><box>	Oro: My Lord!<page><box>	
198:$5C14	226:$529C	38	領主<speaker>ううぅ、、<br> ワシは いったい？、、。<page><box>	Lord: Ugh... What<br>happened to me...?<page><box>	
198:$5C30	226:$52C3	379	おはらいオババ<speaker>おぬしたち<br> いくつもりなのか？<page><box>コッパ<speaker>とうぜんだよ。<br> ほうっておくワケ いかないだろ？<page><box>コッパ<speaker><quoteOpen>奈落の果て<quoteClose>について<br> 知っていることがあったら<br> おしえてくれよ。<page><box>おはらいオババ<speaker>町の入口を<br> 出て 砂漠の むこうがわ、、<page><box>おはらいオババ<speaker>ジャハンナムの<br> とびらより ずっと おくふかくに<br> あると きいた。<page><box>おはらいオババ<speaker>なにも<br> 持って いけないし<br> なかまも つれていけぬ。<page><box>おはらいオババ<speaker>今までで<br> いちばん きびしい旅になるぞ。<page><box>コッパ<speaker>のぞむところさ。<page><box>	"Obaba: You intend<br>to go after her?<page><box>Koppa: Of course. We can't<br>just leave her there!<page><box>Koppa: Tell us anything<br>you know about the<br>""Abyssal Depths"".<page><box>Obaba: Beyond the desert<br>outside the town entrance...<page><box>Obaba: I hear it lies far<br>beyond Jahannam's Gate.<page><box>Obaba: You can take neither<br>items nor companions.<page><box>Obaba: This will be your<br>most grueling journey yet.<page><box>Koppa: Bring it on.<page><box>"	
198:$5D49	226:$543F	79	コッパ<speaker><name>！<br> これが さいごだ！<page><br> がんばっていこうぜ！！<page><box>	Koppa: <name>!<br>This is the last one!<page><box>Koppa: Let's give it<br>everything we've got!!<page><box>	
198:$5D9B	226:$548F	281	ザガン<speaker>マ マサカ、、<br> 奈落ノ果テマデ ヒトガ<br> コレヨウトハ、、。<page><box>ザガン<speaker>ウウッ クルシイ、、<page><br> マゾクノ ショウキガ<br> ウスレテユク、、。<page><box>ザガン<speaker>イヤダ、、キエタクナイゾ！<page><br> ワシハ マダ キエタクナイ、、。<page><box>ザガン<speaker>ワシハ、、マダ、、<page><br> キエタク、、<page>ナ、、<page><br> グワワワワワ<D6><D7><D7><D7><D8>！<page>	Zagan: I-Impossible... A<br>human reached the Abyssal<br>Depths...?<page><box>Zagan: Ugh... It hurts...<page><box>Zagan: The demon<br>miasma is fading...<page><box>Zagan: No... I don't<br>want to disappear!<page><box>Zagan: I am not<br>ready to vanish...<page><box>Zagan: I... still...<page><box>Zagan: don't want...<page><box>Zagan: to...<page><box>Zagan: Gwaaaaaah!<page>	
198:$5E40	226:$55A9	51	コッパ<speaker>だいじょうぶかい？<br> 姫さま。<page><box>アテカ<speaker>、あ、、。<page><box>	Koppa: Are you all<br>right, Princess?<page><box>Ateka: Ah...<page><box>	
198:$5E64	226:$55DD	40	コッパ<speaker><name>！ よかったなあ！<br> ぶじだったよ！<page><box>	Koppa: <name>! Thank<br>goodness! She's safe!<page><box>	
198:$5E80	226:$5606	35	アテカ<speaker>、、わ わたしは？、、。<page><box>	Ateka: Wh-What<br>happened to me...?<page><box>	
198:$5E94	226:$562A	188	コッパ<speaker>ここは 奈落の果て。<page><br> 姫さまを 助けにきたんだ。<page><box>アテカ<speaker>、、！<page><box>コッパ<speaker>ん？ どうしたの？<page><box>アテカ<speaker>いえ。だいじょうぶです。<page><box>コッパ<speaker>そっか。<br> じゃあ 帰ろう。イルパの町へ。<page><box>	Koppa: These are<br>the Abyssal Depths.<page><box>Koppa: We came to rescue<br>you.<page><box>Ateka: ...!<page><box>Koppa: Hm? What's wrong?<page><box>Ateka: Nothing. I'm fine.<page><box>Koppa: All right. Let's<br>return to the Town of Ilpa.<page><box>	
198:$5F06	226:$56E7	77	オロ<speaker>いやー しかし いちじは<br> どうなるかと思ったけど 姫さまが<br> ぶじでよかったよ。ホント。<page><box>	Oro: For a while, I feared<br>the worst. I'm truly glad<br>you're safe, Princess.<page><box>	
198:$5F3C	226:$5735	90	領主<speaker>邪神のことと いい<br> そしてまた今回のことと いい、、<page><box>領主<speaker>ほんとうに なんて おれいを<br> いったらいいか、、。<page><box>	Lord: First the Evil<br>God, and now this...<page><box>Lord: I cannot begin to<br>express my gratitude.<page><box>	
198:$5F86	226:$5790	44	コッパ<speaker>いいって ことよ。<br> こんぐらい チョロイもんだぜ。<page><box>	Koppa: Don't mention<br>it. That was nothing!<page><box>	
198:$5FA8	226:$57BD	50	ペケジ<speaker>しかし<br> ザガンのあくりょうは<br> どこいっちゃったんだろうな？<page><box>	Pekeji: Still, where did<br>Zagan's evil spirit go?<page><box>	
198:$5FCF	226:$57F0	174	おはらいオババ<speaker>奈落の果ては<br> 魔物の大地、、。<page><box>おはらいオババ<speaker>おそらくは<br> <name>が ふみいれることによって<br> その おうごんりつが くずれ<page><box>おはらいオババ<speaker>ザガンも<br> しょうめつしたのではないかと<br> 思うが、、。<page><box>	Obaba: The Abyssal Depths<br>are the land of demons...<page><box>Obaba: When <name><br>entered, it may have upset<br>the land's delicate balance.<page><box>Obaba: I suspect that<br>caused Zagan to vanish...<page><box>	
198:$604B	226:$589F	89	アテカ<speaker><name>さん。ありがとう。<br> ほんとうに かんしゃしています。<page><box>アテカ<speaker>いつも助けてもらって<br> ばかりで わたしは、、。<page><box>	Ateka: Thank you, <name>.<br>I am truly grateful.<page><box>Ateka: You are always<br>saving me, while I...<page><box>	
198:$6090	226:$58F9	93	コッパ<speaker>そんなことないってば。<page><br> それに、、。<page><box>コッパ<speaker>お姫さまを いつも<br> 守るのが 男ってもンだよ。<page><box>	Koppa: That's not true.<page><box>Koppa: Besides...<page><box>Koppa: A man is supposed<br>to protect a princess!<page><box>	
198:$60CE	226:$5957	19	コッパ<speaker>なっ <name>。<page><box>	Koppa: Right, <name>?<page><box>	
198:$60DC	226:$596B	94	ペケジ<speaker>ペラペラと えらそうに。<page><br> だいたいオメーが たたかってた<br> ワケじゃねーだろよ？<page><box>	Pekeji: Listen to you,<br>acting important.<page><box>Pekeji: It's not like you<br>did any of the fighting!<page><box>	
198:$610E	226:$59CA	24	みんな<speaker>あはははっ！<page><box>	Everyone: Ha ha ha ha!<page><box>	
198:$611C	226:$59E3	163	コッパ<speaker>なにをう！<page><br> もとはといえば ぜんぶ<br> ペケジのせいじゃないか！<page><box><delay:1E>みんな<speaker>あはははっ！<page><box><delay:1E>ペケジ<speaker>なんだと<EE>！<page><box><delay:1E>コッパ<speaker>やるか このヤロー！<page><box>	Koppa: Why, you!<page><box>Koppa: This whole mess was<br>Pekeji's fault to begin with!<page><box><delay:1E>Everyone: Ha ha ha ha!<page><box><delay:1E>Pekeji: What did you say?!<page><box><delay:1E>Koppa: You wanna go, punk?!<page><box>	
198:$6176	226:$5A87	97	領主<speaker>しかし 奈落の果てまでも<br> セイハするとは、、。<page><box>領主<speaker>おぬしこそ まことの<br> 風来人かもしれん。<page><box>	Lord: To think you conquered<br>even the Abyssal Depths...<page><box>Lord: You may well<br>be a true Wanderer.<page><box>	
198:$61BA	226:$5AE9	267	アテカ<speaker>はっ！ そういえばっ！<page><box>アテカ<speaker>わたし ザガンに とらわれて<br> いるときに、、<page>ユメを見たのです。<page><box>アテカ<speaker>、、ある方が 目の前に<br> あらわれて、、<page><br> そして こう言いました。<page><box>アテカ<speaker>じきに まことの<br> 風来人が オマエを助けにくる。<page><box>アテカ<speaker>そのときに これを<br> わたすのだ、、と。<page><box>	Ateka: Oh! I just<br>remembered!<page><box>Ateka: While Zagan<br>held me captive...<page><box>Ateka: I had a dream.<page><box>Ateka: Someone<br>appeared before me...<page><box>Ateka: and spoke these<br>words.<page><box>Ateka: A true Wanderer shall<br>soon come to rescue you.<page><box>Ateka: When that time<br>comes, give this to him...<page><box>	
198:$6263	226:$5BF5	192	アテカ<speaker>そして <name>さんが きて<br> 目をさましたとき、、<page><box>アテカ<speaker>わたしの手に これが<br> あったのです。<page><box>アテカ<speaker>今思うと ユメの中に<br> でてきた あの方は、、<page><box>アテカ<speaker>もしかしたら<br> 旅の神クロンなのかも<br> しれません。<page><box>アテカ<speaker><name>さん<br> さあこれを。<page><box>	Ateka: Then <name><br>came, and I awoke...<page><box>Ateka: with this in my hand.<page><box>Ateka: Thinking back,<br>the person in my dream...<page><box>Ateka: may have been<br>Kron, god of travelers.<page><box>Ateka: <name>,<br>please take this.<page><box>	
198:$62F7	226:$5CB6	39	  <name>は 風来人のあかしを<br>      てにいれた！！<delay:F0><delay:C0><page><box>	<name> obtained<br>the Wanderer's Mark!!<delay:F0><delay:C0><page><box>	
198:$631D	226:$5CDE	56	ペケジ<speaker>なんだよ<EE>！ コノ<EE>！<page><box><delay:1E>コッパ<speaker>オメーこそ なんだよ！<page><box>	Pekeji: What's your problem?!<page><box><delay:1E>Koppa: What's yours?!<page><box>	
198:$6344	226:$5D17	47	サチ<speaker>まあ 日がくれるまで<br> そうやっていることね。<page><box>	Sachi: You two can keep<br>this up until sunset.<page><box>	
198:$6363	226:$5D47	22	みんな<speaker>あはははっ！	Everyone: Ha ha ha ha!	
198:$6371	226:$5D5E	39	<name>は 風来人のあかしを<br>てにいれた！！<delay:F0><delay:C0><page><box>	<name> obtained<br>the Wanderer's Mark!!<delay:F0><delay:C0><page><box>	
198:$639F	226:$5D86	32	ワンダ<speaker>おーい！ オヤジー！<br> いるかぁー？<page><box>	Wanda: Hey, old man! You<br>here?<page><box>	
198:$63B9	226:$5DA7	30	かじ屋<speaker>へえ なんです？<page><box>	Blacksmith: Yes? What is it?<page><box>	
198:$63CA	226:$5DC6	42	ヌワンコ<speaker>これを あずかって<br> ほしいんだけど。<page><box>	Nuwanko: We want you<br>to hold on to this.<page><box>	
198:$63E6	226:$5DF1	206	かじ屋<speaker>こりゃあ、、<br> えらく うすよごれてやすねえ。<page><box>ワンダ<speaker>砂漠ン中に<br> うまってたんだ。<page><box>ヌワンコ<speaker>よく わからないけど、、<br> もしかしたら こうかなものかも。<page><box>ワンダ<speaker>しゅうりすれば<br> たかいお金で うれるかも<br> しれないぜ。<page><box>	Blacksmith: This thing<br>is awfully dirty...<page><box>Wanda: It was buried<br>in the desert.<page><box>Nuwanko: We aren't<br>sure what it is, but<br>it might be valuable.<page><box>Wanda: If we repair<br>it, we might sell it<br>for a lot of Gitan.<page><box>	
198:$646A	226:$5EC0	73	かじ屋<speaker>わかりやした。<br> 2かいを つかっておくんなせい。<page><box>ヌワンコ<speaker>りょうかい。<page><box>	Blacksmith: Understood. You<br>can use the second floor.<page><box>Nuwanko: Got it.<page><box>	
198:$649A	226:$5F0A	39	ヌワンコ<speaker>ふい<EF><EF><hspace:01>。<br> けっこう おもかったな。<page><box>	Nuwanko: Whew! That<br>was pretty heavy.<page><box>	
198:$64B8	226:$5F32	25	ワンダ<speaker>じゃ 帰ろうぜ。<page><box>	Wanda: Let's head home.<page><box>	
198:$64C9	226:$5F4C	16	<D5><speaker>グルルル、、。<page><box>	???: Grrrrr...<page><box>	
198:$6518	226:$5F81	64	コッパ<speaker>ん？<br> かじ屋のオッサンが いないぞ。<page><br> どうしたんだ？<page><box>	Koppa: Hm? The<br>blacksmith isn't here.<page><box>Koppa: What's going on?<page><box>	
198:$653E	226:$5FC2	165	ヌワンコ<speaker>2かいが<br> なんか みょうなんだ。<page><box>ワンダ<speaker>なんでも 夜になると<br> うなり声が するらしくてよォ、、。<page><box>ワンダ<speaker>それで みんなで 見に<br> いっているんだけど まだ<br> だれも かえってこねえんだ。<page><box>	Nuwanko: Something strange<br>is happening upstairs.<page><box>Wanda: They say growling<br>starts every night...<page><box>Wanda: Everyone went<br>to investigate, but no<br>one's come back yet.<page><box>	
198:$65AF	226:$6068	39	コッパ<speaker><name>！<br> オイラたちも いってみようぜ！<page><box>	Koppa: <name>! Let's<br>go check it out too!<page><box>	
198:$65CB	226:$6090	27	<D5><speaker>グルルル、、。<page><box>ライ<speaker>ひえ<EE>っ！<page><box>	???: Grrrrr...<page><box>Rai: Eek!<page><box>	
198:$65E3	226:$60AC	36	ライ<speaker>な なんなんじゃ？<br> あれは？<page><box>	Rai: Wh-What in<br>the world is that?<page><box>	
198:$65F9	226:$60D1	51	オロ<speaker>た たしかに<br> うなり声が したぞ。<br> おそろしい、、。<page><box>	Oro: I-I definitely heard<br>it growl. Terrifying...<page><box>	
198:$661D	226:$6105	78	かじ屋<speaker>まいばん きこえて<br> くるんでさあ。<page><br> さすがに ねられやしねえ、、。<page><box>	Blacksmith: We hear<br>it every night.<page><box>Blacksmith: It's<br>impossible to sleep...<page><box>	
198:$664A	226:$6154	97	コッパ<speaker>なに ビビッてんだよ？<br> だらしねえなあ もう。<page><box>コッパ<speaker>こんなの モンスターに<br> くらべたら ヘでもねえぜ。<page><box>	Koppa: What are you all<br>so scared of? Pathetic!<page><box>Koppa: Compared to a<br>monster, this is nothing.<page><box>	
198:$668B	226:$61B6	33	<D5><speaker>グルルル、、。<br> 、コ ココハ ドコダー？、、。<page><box>	???: Grrrr... Wh-Where am<br>I...?<page><box>	
198:$66A9	226:$61D8	19	オロ<speaker>しゃ しゃべったぞ？！<page><box>	Oro: I-It spoke?!<page><box>	
198:$66BB	226:$61EC	111	コッパ<speaker>や やい！<br> テメー なにもンだ？<page><br> しょうたいを みせやがれ！<page><box><D5><speaker>グルルル、、<page>ウルサイ ヤツハ<br> オサメルゾ、、。<page><box>	Koppa: H-Hey!<page><box>Koppa: What are<br>you?! Show yourself!<page><box>???: Grrrr...<page><box>???: I will store<br>anyone who annoys me...<page><box>	
198:$6702	226:$625C	89	コッパ<speaker>オ<page> オサメル？！<page><br> なんだ そりゃ？<page><box><D5><speaker>マーモリー<D2>シューノー！！	Koppa: S...<page><box>Koppa: Store?!<page><box>Koppa: What's that<br>supposed to mean?<page><box>???: MAMO-RY STORAGE!!	
198:$672E	226:$62B6	40	コッパ<speaker>うわぁっ！<page><br> うわああああああああああ<br> ああああああああああああっ！！<page><box>	Koppa: Whoa!<page><box>Koppa: Aaaaaaaaaaaaaah!!<page><box>	
198:$675B	226:$62DF	102	かじ屋<speaker>げげっ！<page><box>オロ<speaker>す、、<page>すいこまれたぞ？！<page><box>ライ<speaker>やっぱり バケモンじゃあ！<br> に にげろ<EF><EF><EF><hspace:01>！！<br> あわわわわわわわ！！<page><box>	Blacksmith: Gah!<page><box>Oro: H-He...<page><box>Oro: He got sucked inside?!<page><box>Rai: It is a monster!<br>R-Run!! Aaaaaah!!<page><box>	
198:$67A8	226:$6346	49	<D5><speaker>マテッ！ ウルサイヤツハ<br> スベテ オサメルゾッ！！！<page><box>	???: Stop! I will store<br>every last one of you!!<page><box>	
198:$67C9	226:$6378	229	<D5><speaker>ムダナ テイコウハ ヤメロ。<page><br> ココハ スデニ ワレワレガ<br> センキョ シタ。<page><box><D5><speaker>オマエタチニ カチメハ ナイ。<page><box><D5><speaker>シニタク ナケレバ<br> ワシノ メイレイヲ キケ！<page><br> マズ、、。<page><box><D5><speaker>ダレカ ミガイテ クレ、、。<page><box>ライ<speaker>み みがく？？<page><br> な なにを ですか？<page><box><D5><speaker>ワシノ カラダ ダ、、。<page><box>	???: Stop resisting.<page><box>???: We have already<br>occupied this place.<page><box>???: You have no<br>hope of victory.<page><box>???: Obey me if<br>you wish to live!<page><box>???: First...<page><box>???: someone polish me...<page><box>Rai: P-Polish?<page><box>Rai: Polish what?<page><box>???: My body...<page><box>	
198:$686E	226:$645E	54	<D5><speaker>ハヤクシロ！<page> サモナイト、、。<page><box>オロ<speaker>ひえ<EE><br> やります やります。<page><box>	???: Hurry!<page><box>???: Or else...<page><box>Oro: Eek! We'll do it!<page><box>	
198:$6899	226:$6495	66	ごしごし。ごしごし。ごしごし。<page><br>ごしごし。ごしごし。ごしごし。<page><br>ごしごし。ごしごし。ごしごし。<page><box>	Scrub, scrub, scrub.<page><box>Scrub, scrub, scrub.<page><box>Scrub, scrub, scrub.<page><box>	
198:$68CD	226:$64D8	18	みんな<speaker>うわ<EF><EF><hspace:01>っ！！<page><box>	Everyone: Whoa!!<page><box>	
198:$68DE	226:$64EB	42	<D5><speaker>あ<EE> サッパリした！<page><br> うんしょっと！！<page><box>	???: Ahh, much better!<page><box>???: Hup we go!!<page><box>	
198:$68F9	226:$6516	22	コッパ<speaker>イテテテ、、。<page><box>	Koppa: Ow, ow, ow...<page><box>	
198:$6908	226:$652D	87	<D5><speaker>うん。からだも キレイになったし<br> ひきだしも けいかいに あくし<br> ヒジョーに カイテキだな！<page><box><D5><speaker>、、あれぇ？<page><box>	???: My body is clean, my<br>drawers glide smoothly,<br>and I feel wonderful!<page><box>???: ...Huh?<page><box>	
198:$6949	226:$6585	53	<D5><speaker>もしかして、、<page><name>？、、<page><br> <name>じゃないか？！<page><box>	???: Could it be...?<page><box>???: <name>?<page><box>???: It is you, <name>!<page><box>	
198:$6968	226:$65BB	60	<D5><speaker>ひさしぶりだなあ！<page><br> ぼくだよ！ タンスのマーモだよ！！<page><box>	???: It's been so long!<page><box>???: It's me! Mamo<br>the Wardrobe!!<page><box>	
198:$698B	226:$65F8	21	コッパ<speaker>だれだ？ オメー？<page><box>	Koppa: Who are you?<page><box>	
198:$699C	226:$660E	136	マーモ<speaker>なんだよ<EE>！<br> おぼえてないのかい？！<page><br> はくじょうな ヤツだな<EE> も<EE>！<page><box>マーモ<speaker>けど ムリもないかな。<br> あのころは <name>もまだ<br> こどもだったしなあ。<page><box>	Mamo: What?!<page><box>Mamo: You don't remember<br>me?!<page><box>Mamo: How heartless!<page><box>Mamo: But I suppose it<br>makes sense. <name><br>was still a child back then.<page><box>	
198:$69F5	226:$6697	76	マーモ<speaker>しかし こんな<br> りっぱに なっちゃって まあ、、。<br> マーモリー<D2>ウルウル、、。<page><box>	Mamo: And now you've<br>grown into such a fine<br>Wanderer... Mamo-ry sniffle...<page><box>	
198:$6A26	226:$66E4	50	コッパ<speaker>う<EE>ん。オイラ<br> オメーのこと いまいち<br> 思い出せないんだよな。<page><box>	Koppa: Hmm... I still don't<br>really remember you.<page><box>	
198:$6A51	226:$6717	61	マーモ<speaker>ごういんに<br> 思い出させて あげようか？<page><br> マーモリー<D2>シュー、、。<page><box>	Mamo: Shall I force<br>you to remember?<page><box>Mamo: Mamo-ry SUCK...<page><box>	
198:$6A7E	226:$6755	108	コッパ<speaker>わあ！ まったまった。<br> そいつはもう カンベンしてくれ。<page><box>コッパ<speaker>、、って このセリフ<br> 前にも 言ったことが<br> あるような、、。<page><box>	Koppa: Whoa! Wait!<page><box>Koppa: Please don't<br>do that again.<page><box>Koppa: Huh... I feel like<br>I've said that before...<page><box>	
198:$6ACC	226:$67C2	51	マーモ<speaker>せっかく 会えたんだし<br> なかよくやろうぜ！<page><box>	Mamo: Now that we've met<br>again, let's be friends!<page><box>	
198:$6AEB	226:$67F6	33	タンスのマーモが なかまになった！<delay:96><page><box>	Mamo the Wardrobe joined<br>you!<delay:96><page><box>	
198:$6B01	226:$6818	265	マーモ<speaker>もう わすれてるかも<br> しれないから いちおう<br> 言っておくけど、、。<page><box>マーモ<speaker>ぼくは アイテムを<br> たくさんシューノーできるんだ。<page><box>マーモ<speaker>出し入れ じゆうだから<br> 冒険には べんりだろ？<page><box>マーモ<speaker>ただ ダンジョンから<br> 帰ってきたら カラッポに<br> なっちゃうから気をつけてね。<page><box>マーモ<speaker>じゃあ いこう。<br> マーモリー<D2>シュッパーツ！<page><box>	Mamo: You may have forgotten,<br>so I'll remind you...<page><box>Mamo: I can store<br>lots of items.<page><box>Mamo: You can put them<br>in and take them out<br>freely. Handy, right?<page><box>Mamo: But I'll be empty<br>when you return from a<br>dungeon, so remember that.<page><box>Mamo: Let's go!<br>Mamo-ry, roll out!<page><box>	
198:$6BC8	226:$6922	33	マーモ<speaker>やあ <name>！<br> マーモリー<D2>ゴーリュー？<page><box>	Mamo: Hey, <name>!<br>Mamo-ry reunion?<page><box>	
198:$6BE4	226:$6944	249	マーモ<speaker>そう こなくっちゃ！<page><box>マーモ<speaker>ぼくは アイテムを<br> たくさんシューノーできるんだ。<page><box>マーモ<speaker>出し入れ じゆうだから<br> 冒険には べんりだろ？<page><box>マーモ<speaker>ただ ダンジョンから<br> 帰ってきたら カラッポに<br> なっちゃうから気をつけてね。<page><box>マーモ<speaker>じゃあ 行こう！<br> マーモリー<D2>シュッパーツ！<page><box>	Mamo: That's what<br>I wanted to hear!<page><box>Mamo: I can store<br>lots of items.<page><box>Mamo: You can put them<br>in and take them out<br>freely. Handy, right?<page><box>Mamo: But I'll be empty<br>when you return from a<br>dungeon, so remember that.<page><box>Mamo: Let's go!<br>Mamo-ry, roll out!<page><box>	
198:$6C8A	226:$6A3E	20	マーモが なかまになった！<delay:96><page><box>	Mamo joined you!<delay:96><page><box>	
198:$6C9C	226:$6A53	77	マーモ<speaker>ぼくが いれば<br> シューノーできるのに、、。<page><br> マーモリー<D2>ガッカリー！<page><box>	Mamo: You could store<br>items if I came along...<page><box>Mamo: Mamo-ry disappointed!<page><box>	
198:$6CDD	226:$6AA1	193	オハギ<D2>キナコ<speaker>いらっしゃ<EE>い！<page><box>オハギ<speaker>あらヤダッ！ いいオトコ！<page><box>キナコ<speaker>アタシのタイプッ！<page><box>オハギ<speaker>どこから来たの？<page><box>キナコ<speaker>トシはいくつ？<page><box>オハギ<speaker>おしごとは？<page><box>キナコ<speaker>おうちはどこ？<page><box>	Ohagi and Kinako: Welcome!<page><box>Ohagi: Oh my! What<br>a handsome man!<page><box>Kinako: Just my type!<page><box>Ohagi: Where are you from?<page><box>Kinako: How old are you?<page><box>Ohagi: What do you do?<page><box>Kinako: Where do you live?<page><box>	
198:$6D4E	226:$6B63	73	オハギ<speaker>あらヤダッ！ もぉうっ！<page><br> コレを きかなくてどうするのよっ！<page><box>	Ohagi: Oh my!<page><box>Ohagi: How could we<br>forget the most important<br>question?!<page><box>	
198:$6D76	226:$6BAD	47	オハギ<D2>キナコ<speaker>お<delay:14><D2>な<delay:14><D2>ま<delay:14><D2>え<delay:14><D2>は？<page><box>	Ohagi and Kinako:<br>What<delay:14><D2>is<delay:14><D2>your<delay:14><D2>name<delay:14><D2>?<page><box>	
198:$6D94	226:$6BDD	87	オハギ<D2>キナコ<speaker><name>！<page><box>オハギ<speaker><name>、、<delay:3C><br> ん<EE> イイ名前だわぁ<EE>。<page><br> キュートッ！ キャッ！！<page><box>	Ohagi and Kinako: <name>!<page><box>Ohagi: <name>...<delay:3C> Mmm,<br>what a lovely name!<page><box>Ohagi: So cute! Eek!!<page><box>	
198:$6DCF	226:$6C35	60	キナコ<speaker>顔もカワイイわぁ。<page><br> アタシのタイプッ。キャキャッ！！<page><box>	Kinako: And such a cute face!<page><box>Kinako: Just my type! Eek!!<page><box>	
198:$6DF4	226:$6C72	342	オハギ<D2>キナコ<speaker>うっとり、、<delay:64><page><box>オハギ<speaker>、ん？ <page>なに？ <page>あ！<page> あらヤダ！<br> ごめんなさいね。<page>ナニナニ？<page><br> お人形さんがほしいの？<page><box>キナコ<speaker>イイのが そろってるわよ！<page><box>オハギ<speaker>かみのけがのびる人形とか<page><br> あかいナミダをながす人形とか<page><br> あと、、<page><box>オハギ<speaker>あとね、ココだけの話<page><br> もうちょっとしたら すンごいモノが<br> できるのよっ！<page><box>	Ohagi and Kinako: Sigh...<delay:64><page><box>Ohagi: Hm?<page><box>Ohagi: What?<page><box>Ohagi: Oh!<page><box>Ohagi: I'm sorry, darling.<page><box>Ohagi: What is it?<page><box>Ohagi: You want a doll?<page><box>Kinako: We have some<br>wonderful ones!<page><box>Ohagi: Dolls whose<br>hair grows...<page><box>Ohagi: Dolls that<br>cry red tears...<page><box>Ohagi: And...<page><box>Ohagi: Just between us...<page><box>Ohagi: We're about to finish<br>something incredible!<page><box>	
198:$6EB4	226:$6DC9	54	キナコ<speaker>ちょっとアンタ！<br> アレのこと もう言っちゃうの！？<page><box>	Kinako: Hey! You're telling<br>him about that already?!<page><box>	
198:$6ED7	226:$6E00	131	オハギ<speaker>イイじゃなぁ<EE>い。<page><br> <name>ちゃんカワイイから<br> アタシおしえちゃう。<page><box>キナコ<speaker>うーん、。<page><br> しょうがないわね、、。<page><br> じゃ チョットだけ、。<page><box>	Ohagi: Why not?<page><box>Ohagi: <name> is so cute<br>that I want to tell him.<page><box>Kinako: Hmm...<page><box>Kinako: Fine, then...<page><box>Kinako: But only a little.<page><box>	
198:$6F2A	226:$6E84	167	オハギ<speaker>じつはアタシたち 今ね、<page><br> だれも見たことないような<br> すンごいモノを つくってるの。<page><box>キナコ<speaker>でも このことは<br> まだ<name>ちゃんと<br> アタシたちだけのヒミツよ、。<page><box>	Ohagi: The truth<br>is, right now...<page><box>Ohagi: we're creating<br>something unlike anything<br>anyone has ever seen.<page><box>Kinako: But for now, this<br>stays a secret between<br>us and <name>.<page><box>	
198:$6F89	226:$6F2C	130	オハギ<speaker>あとすこしでカンセイするから<br> ちょくちょく遊びに来てね。<page><br> ウフッ。<page>今はそれだけっ！<page><box>オハギ<D2>キナコ<speaker>また来てねぇ<EE>！<page><box>	Ohagi: It's almost finished,<br>so come visit us often.<page><box>Ohagi: Tee-hee.<page><box>Ohagi: That's all for now!<page><box>Ohagi and Kinako: Come<br>again!<page><box>	
198:$6FF1	226:$6FAF	210	オハギ<speaker>キャッ！<page> <name>ちゃん！！<page><box>キナコ<speaker>できた！ できたのよっ！<page><br> できちゃったのよっ！<page><box>オハギ<speaker>そう！ ついにできたの！<br> アレが！！<page><box>キナコ<speaker>スゴイわよぉ<EE>！<page><br> 見ておどろきなさいっ！！<page><box>	Ohagi: Eek!<page><box>Ohagi: <name>!!<page><box>Kinako: It's done!<br>We finished it!<page><box>Kinako: We really did it!<page><box>Ohagi: Yes! At<br>last, it's complete!<page><box>Ohagi: Our masterpiece!!<page><box>Kinako: It's incredible!<page><box>Kinako: Prepare to be<br>amazed!!<page><box>	
198:$705F	226:$7082	29	オハギ<D2>キナコ<speaker>ジャアァ<EE>ン！！<page><box>	Ohagi and Kinako: Ta-daaa!!<page><box>	
198:$7073	226:$70A0	200	キナコ<speaker>どう？ どう？ どう？<page><br> おどろいた？ おどろいた？<page><box>オハギ<speaker>このお人形さん動くのよっ！<page><br> そのうえ 矢をうって いっしょに<br> たたかってくれるのっ！！<page><box>キナコ<speaker>これで あのいやらしい<br> モンスターたちもイチコロよ！<page><box>	Kinako: Well? Well? Well?<page><box>Kinako: Are you<br>amazed? Are you?!<page><box>Ohagi: This doll can move!<page><box>Ohagi: It even shoots arrows<br>and fights beside you!!<page><box>Kinako: Those nasty monsters<br>won't stand a chance now!<page><box>	
198:$70F1	226:$7169	126	オハギ<speaker>どう？ イイでしょ？<page><br> <name>ちゃんもためしてみない？<page><box>オハギ<speaker>500ギタン。<page><br> 決して ソンはさせないわ。	Ohagi: Well? Isn't<br>it fabulous?<page><box>Ohagi: Would you like<br>to try it, <name>?<page><box>Ohagi: Five hundred Gitan.<page><box>Ohagi: You won't regret it.	
198:$7131	226:$71E8	148	オハギ<speaker>さっすが<name>ちゃん！<br> お目が たかいわっ！<page><box>キナコ<speaker>じゃあ はいっ。<page>名づけて<br> <cF8>h<cF8>i号！<page><br> セクシーな名前でしょ？<page><box>オハギ<speaker>やさしくしてやってね。<page><box>	Ohagi: I knew you had<br>a good eye, <name>!<page><box>Kinako: Here you are.<page><box>Kinako: We call it <cF8>h<cF8>i Unit!<page><box>Kinako: Sexy name, isn't it?<page><box>Ohagi: Treat it gently.<page><box>	
198:$7190	226:$727D	24	  <cF8>h<cF8>i号が<br>  なかまになった！<delay:96><page>	<cF8>h<cF8>i Unit joined you!<delay:96><page>	
198:$71A8	226:$7296	153	キナコ<speaker>あ！ そうそう<page><br> このお人形ね<page> アタシたちみたいに<br> すっごくアタマがイイの！<page><box>オハギ<speaker>冒険から帰ってきたら<br> ひとりで アタシたちのお店に<br> 帰って来るようになってるのョ。<page><box>	Kinako: Oh! One more thing.<page><box>Kinako: This doll...<page><box>Kinako: is as<br>brilliant as we are!<page><box>Ohagi: After an<br>adventure, it returns to<br>our shop all by itself.<page><box>	
198:$7213	226:$7330	138	キナコ<speaker><name>ちゃんも としごろ<br> だし ひとりで行きたいところも<br> あるでしょ？<page> ウフフッ。<page><box>オハギ<D2>キナコ<speaker>気がきくわねっ！<br> アタシたち！！<page><box>	Kinako: You're a young<br>man, <name>.<page><box>Kinako: Sometimes<br>you'll want to go<br>somewhere alone. Tee-hee.<page><box>Ohagi and Kinako:<br>Aren't we thoughtful?!<page><box>	
198:$7264	226:$73BB	163	キナコ<speaker>お人形が帰って来たら<br> アタシたちが あずかっておくワ。<page><box>オハギ<speaker>だから ダンジョンに<br> お人形を つれて行きたいときは<br> アタシたちのお店に必ずよってね！<page><box>オハギ<D2>キナコ<speaker>待ってるわ<EE>。<page>	Kinako: When the doll<br>returns, we'll look after it.<page><box>Ohagi: So whenever you<br>want to take it into a<br>dungeon, stop by our shop!<page><box>Ohagi and Kinako:<br>We'll be waiting!<page>	
198:$72D7	226:$745F	49	オハギ<speaker><name>ちゃん。<page><br> よのなか そんなにあまくないのよ。<page>	Ohagi: <name>...<page><box>Ohagi: Nothing in<br>life comes free.<page>	
198:$72F8	226:$7491	145	オハギ<speaker>あらヤダッ！ ザンネン！<page><br> こンなに ゴージャスなお人形<br> どこにも ないわよっ！<page><box>キナコ<speaker>ホントにいらないの？<page><br> もったいない！<page>	Ohagi: Oh my! What a shame!<page><box>Ohagi: You won't find a doll<br>this glamorous anywhere<br>else!<page><box>Kinako: You truly<br>don't want it?<page><box>Kinako: What a waste!<page>	
198:$7346	226:$7523	91	オハギ<speaker>ウフッ。やっぱり<br> 気がかわったのね。<page>やだわぁ もう<br> いるんでしょ？<page><box>	Ohagi: Tee-hee. You changed<br>your mind after all.<page><box>Ohagi: Oh, you! You<br>want it, don't you?<page><box>	
198:$7373	226:$757F	53	キナコ<speaker>はい。<page><br> <cF8>h<cF8>i号。<br> 500ギタンよ。	Kinako: Here.<page><box>Kinako: <cF8>h<cF8>i Unit.<br>Five hundred Gitan.	
198:$7390	226:$75B5	38	オハギ<speaker>あらヤダ！ <name>ちゃん。<br> ひやかしは おことわりよっ！<page>	Ohagi: Oh my, <name>.<br>No window-shopping!<page>	
198:$73C7	226:$75DC	164	オハギ<D2>キナコ<speaker>いらっしゃ<EE>い！<page><box>オハギ<speaker>あらヤダッ！<br> <name>ちゃん！<br> お人形さんは？<page><box>キナコ<speaker>も、<page>もしかして、、<page><br> こわしちゃったの？！<page><box>オハギ<speaker>あらヤダ！ ショック！<page><box>	Ohagi and Kinako: Welcome!<page><box>Ohagi: Oh my! <name>!<br>Where's your doll?<page><box>Kinako: D-Did you...<page><box>Kinako: Did you really...<page><box>Kinako: break it?!<page><box>Ohagi: Oh my! What a shock!<page><box>	
198:$742B	226:$7681	190	オハギ<speaker>、ま、<page>まけないっ！<page><br> こんなことくらいじゃ<br> アタシたち まけないわっ！！<page><box>キナコ<speaker>そうよ！<page> こんなことも<br> あろうかと ちゃんとつくって<br> あるのよ！ あたらしいのを！<page><box>キナコ<speaker>つくづく 気がきくわね！<br> アタシたちっ！！<page><box>	Ohagi: W-We...<page><box>Ohagi: won't give up!<page><box>Ohagi: Something like<br>this won't defeat us!!<page><box>Kinako: That's right!<page><box>Kinako: We made a new one<br>in case this happened!<page><box>Kinako: Aren't we<br>thoughtful?!<page><box>	
198:$74AB	226:$7740	74	オハギ<D2>キナコ<speaker>ジャアァ<EE>ン！！<page><box>オハギ<speaker><cF8>h<cF8>i号よ！<page><br> 500ギタン！	Ohagi and Kinako: Ta-daaa!!<page><box>Ohagi: <cF8>h<cF8>i Unit!<page><box>Ohagi: Five hundred Gitan!	
198:$74D6	226:$778B	97	オハギ<speaker>まいどっ！<page><br> またいちから やりなおしだけど<br> 今度はだいじにあつかってね！<page><box>	Ohagi: Thank you!<page><box>Ohagi: It's starting over<br>from scratch, so take<br>better care of it this time!<page><box>	
198:$7507	226:$77ED	24	  <cF8>h<cF8>i号が<br>  なかまになった！<delay:96><page>	<cF8>h<cF8>i Unit joined you!<delay:96><page>	
198:$751F	226:$7806	49	オハギ<speaker><name>ちゃん。<page><br> よのなか そんなにあまくないのよ。<page>	Ohagi: <name>...<page><box>Ohagi: Nothing in<br>life comes free.<page>	
198:$7540	226:$7838	77	オハギ<speaker>あらヤダ！ ザンネンッ！<page><box>キナコ<speaker>でも きっと<br> そのうち気がかわるわよ！<page>	Ohagi: Oh my! What a shame!<page><box>Kinako: But you'll change<br>your mind eventually!<page>	
198:$756F	226:$7886	91	オハギ<speaker>ウフッ。やっぱり<br> 気がかわったのね。<page>やだわぁ もう<br> いるんでしょ？<page><box>	Ohagi: Tee-hee. You changed<br>your mind after all.<page><box>Ohagi: Oh, you! You<br>want it, don't you?<page><box>	
198:$759C	226:$78E2	53	キナコ<speaker>はい。<br> <cF8>h<cF8>i号。<page><br> 500ギタンよ。	Kinako: Here. <cF8>h<cF8>i Unit.<page><box>Kinako: Five hundred Gitan.	
198:$75B9	226:$7918	38	オハギ<speaker>あらヤダ<name>ちゃん<br> ひやかしは おことわりよっ！<page>	Ohagi: Oh my, <name>.<br>No window-shopping!<page>	
198:$75E5	226:$793F	114	オハギ<speaker>見ればわかるわ<br> <name>ちゃん、、。<page><br> また こわしちゃったんでしょ？<page><box>キナコ<speaker>ちゃんと つくってあるわよ。<br> あたらしいのを。<page><box>	Ohagi: I can tell just<br>by looking, <name>...<page><box>Ohagi: You broke it<br>again, didn't you?<page><box>Kinako: We made you a new<br>one.<page><box>	
198:$7630	226:$79B2	53	キナコ<speaker>はい。<br> <cF8>h<cF8>i号。<page><br> 500ギタンよ。	Kinako: Here. <cF8>h<cF8>i Unit.<page><box>Kinako: Five hundred Gitan.	
198:$764D	226:$79E8	97	オハギ<speaker>まいどっ！<page><br> またいちから やりなおしだけど<br> 今度はだいじにあつかってね！<page><box>	Ohagi: Thank you!<page><box>Ohagi: It's starting over<br>from scratch, so take<br>better care of it this time!<page><box>	
198:$767E	226:$7A4A	24	  <cF8>h<cF8>i号が<br>  なかまになった！<delay:96><page>	<cF8>h<cF8>i Unit joined you!<delay:96><page>	
198:$7696	226:$7A63	49	オハギ<speaker><name>ちゃん。<page><br> よのなか そんなにあまくないのよ。<page>	Ohagi: <name>...<page><box>Ohagi: Nothing in<br>life comes free.<page>	
198:$76B7	226:$7A95	77	オハギ<speaker>あらヤダ！ ザンネンッ！<page><box>キナコ<speaker>でも きっと<br> そのうち気がかわるわよ！<page>	Ohagi: Oh my! What a shame!<page><box>Kinako: But you'll change<br>your mind eventually!<page>	
198:$76FA	226:$7AE3	123	オハギ<speaker>あら <name>ちゃん！<br> もちろん だいじにあずかって<br> おいたわよっ！<page><box>オハギ<speaker>はいっ<br> <cF8>h<cF8>i号！<br> つれて行くでしょ？	Ohagi: Oh, <name>!<br>Of course we looked<br>after it carefully!<page><box>Ohagi: Here, <cF8>h<cF8>i Unit!<page><box>Ohagi: You'll take it<br>with you, won't you?	
198:$7741	226:$7B5F	29	オハギ<speaker>だいじにしてあげてね。<page>	Ohagi: Take good care of it.<page>	
198:$7753	226:$7B7D	24	  <cF8>h<cF8>i号が<br>  なかまになった！<delay:96><page>	<cF8>h<cF8>i Unit joined you!<delay:96><page>	
198:$776B	226:$7B96	375	オハギ<speaker>あ、、<page><br> <name:00>、<page><name>ちゃん、。<br> あのね、<page><box>オハギ<speaker>人にはだれにでも<br> ゲンカイってものがあるのよね。<page><br> これ どういうことかわかる？<page><box>キナコ<speaker>つまり言ってしまえば<br> これいじょう カイゾウできなく<br> なったのよ、<page>お人形さんを。<page><box>オハギ<speaker>でもそれは この世で一番<br> 強いお人形ってことでもあるのよ！<page><br> なんてステキなことでしょう！！<page><box>オハギ<speaker>はい さいきょうのお人形<br> <cF8>h<cF8>i号よ。<page><br> つれて行く？	Ohagi: Ah...<page><box>Ohagi: <name:00>-<name>...<page><box>Ohagi: Listen...<page><box>Ohagi: Everyone<br>has their limits.<page><box>Ohagi: Do you know<br>what that means?<page><box>Kinako: Simply put, we can't<br>Modify it any further.<page><box>Kinako: The doll has<br>reached its limit.<page><box>Ohagi: But that also<br>means it's the strongest<br>doll in the world!<page><box>Ohagi: How marvelous!!<page><box>Ohagi: Here is the<br>ultimate doll, <cF8>h<cF8>i Unit.<page><box>Ohagi: Will you take it?	
198:$7855	226:$7D0E	333	オハギ<D2>キナコ<speaker>いらっしゃ<EE>い！<page><box>オハギ<speaker>あら <name>ちゃん！<page><br> ちょうど イイところに来たわっ！<page><box>キナコ<speaker><name>ちゃんが<br> つれて帰ってきた<br> お人形さんね、、<page><box>オハギ<speaker>だいじにしてもらったおれいに<br> アタシたちのウデをフルって<br> ちょっと カイゾウしてみたの！<page><box>キナコ<speaker>名前も いちだんと<br> セクシーな名前にしてみたわよっ！<page><box>オハギ<D2>キナコ<speaker>その名もズバリ<br> <cF8>h<cF8>i号！！<page><box>オハギ<speaker>どう？<page> すぐに<br> つれて行く？	Ohagi and Kinako: Welcome!<page><box>Ohagi: Oh, <name>!<page><box>Ohagi: You came at<br>the perfect time!<page><box>Kinako: The doll<br><name> brought back...<page><box>Ohagi: To thank you for<br>treating it well, we used<br>our skills to Modify it!<page><box>Kinako: We even gave<br>it a sexier name!<page><box>Ohagi and Kinako: Its<br>new name is <cF8>h<cF8>i Unit!!<page><box>Ohagi: Well?<page><box>Ohagi: Will you take<br>it with you now?	
198:$793F	226:$7E5C	31	オハギ<speaker>つれて行く？<br> <cF8>h<cF8>i号。	Ohagi: Will you take <cF8>h<cF8>i Unit?	
198:$7955	226:$7E7C	68	オハギ<speaker>これからも すえながく<br> やさしくしてあげてね！<page> ウフッ！<page><box>	Ohagi: Keep treating it<br>gently for years to come!<page><box>Ohagi: Tee-hee!<page><box>	
198:$797B	226:$7EC1	39	  人形がパワーアップして<br>  <cF8>h<cF8>i号<br>  になった！<delay:3C><page><box>	The doll powered<br>up into <cF8>h<cF8>i Unit!<delay:3C><page><box>	
198:$79A0	226:$7EE9	30	オハギ<D2>キナコ<speaker>また来てねぇ<EE>！<page>	Ohagi and Kinako: Come<br>again!<page>	
198:$79B4	226:$7F08	180	オハギ<speaker>あら<EE>ん。<page>もしかして<br> <name>ちゃん、。<page><br> うわき しようとしていない？<page><box>オハギ<speaker>まぁいいわ。<name>ちゃんも<br> オトコだし。イロイロあるわよね。<page><br> お人形は あずかっておくワ。<page>	Ohagi: Oh my.<page><box>Ohagi: Could it be...<page><box>Ohagi: <name>,<br>are you thinking of<br>seeing someone else?<page><box>Ohagi: Well, <name>,<br>you're a man. You have your<br>reasons.<page><box>Ohagi: We'll look<br>after the doll.<page>	
198:$7A22	227:$4000	127	オハギ<speaker>ちょっと！ <name>ちゃん！<page><br> どういうこと？！<page><box>キナコ<speaker>だいじにするって<br> やくそくでしょ！！<page><box>オハギ<speaker>んもうっ！ 今度は<br> ちゃんと やさしくできる？	Ohagi: Hey, <name>!<page><box>Ohagi: What happened?!<page><box>Kinako: You promised<br>to treat it well!!<page><box>Ohagi: Honestly! Can you<br>be gentle this time?	
198:$7A7A	227:$4080	33	オハギ<speaker>もう なかせちゃダメよ！<page><box>	Ohagi: Don't make it cry<br>again!<page><box>	
198:$7A8E	227:$40A2	24	  <cF8>h<cF8>i号が<br>  なかまになった！<delay:96><page>	<cF8>h<cF8>i Unit joined you!<delay:96><page>	
198:$7AA6	227:$40BB	65	オハギ<speaker>ヤダッ！ しんじられないっ！<br> これだからオトコはっ！<br> ブツブツ、、<page>	Ohagi: No! I can't<br>believe it! This is why<br>men are... Grumble...<page>	
198:$7AD0	227:$40FD	35	オハギ<speaker>今度は ちゃんと<br> やさしくできる？	Ohagi: Can you be<br>gentle this time?	
199:$419C	227:$4121	90	ぎんこう<speaker>この町がスキだから、、。<page><br> きめたんです！ がんばろうって！<page><box>	Bank Teller: I love this<br>town...<page><box>Bank Teller: So I decided to<br>do my part and work hard!<page><box>	
199:$41C5	227:$417C	55	ぎんこう<speaker>いらっしゃいませ。<page><br> いかが なさいますか？	Bank Teller: Welcome.<page><box>Bank Teller: How<br>may I help you?	
199:$41E3	227:$41B4	51	ぎんこう<speaker>またのごりようを<br> お待ちしております<page>	Bank Teller: We look forward<br>to serving you again.<page>	
199:$41FF	227:$41E8	82	ぎんこう<speaker>ありがとうございます。<page><box>ぎんこう<speaker>おきゃくさまからは<br> ただいま <cF8>lギタン<br> おあずかりしております。<page><box>	Bank Teller: Thank you.<page><box>Bank Teller: We are currently<br>holding <cF8>l Gitan for you.<page><box>	
199:$423E	227:$423B	108	ぎんこう<speaker>まことに<br> もうし上げにくいのですが、、<page><box>ぎんこう<speaker>おきゃくさまは<br> ギタンをお持ちでは<br> ないようです。<page><box>	Bank Teller: I am very<br>sorry to tell you this...<page><box>Bank Teller: You do not appear<br>to be carrying any Gitan.<page><box>	
199:$4280	227:$42A8	206	ぎんこう<speaker>ではおあずかり、、<page><br> あわわわ、、<page><box>ぎんこう<speaker>お おきゃくさま！<page><br> 金こが いっぱいです！<page><box>ぎんこう<speaker>とても とても<br> ザンネンなのですが、、<page><box>ぎんこう<speaker>もう<br> おあずかりすることはできません。<page><box>	Bank Teller: I will deposit...<page><box>Bank Teller: Oh dear...<page><box>Bank Teller: Dear customer!<page><box>Bank Teller: The vault is<br>full!<page><box>Bank Teller: I am<br>terribly sorry...<page><box>Bank Teller: We cannot<br>accept any more deposits.<page><box>	
199:$42F3	227:$4377	48	ぎんこう<speaker>いかほど<br> おあずけになられますか？<br>	Bank Teller: How much<br>would you like to deposit?	
199:$430D	227:$43A8	50	ぎんこう<speaker>かしこまりました。<br> では <cF8>jギタン<br> おあずかりさせていただきます。<page><box>	Bank Teller: Certainly.<br>I will deposit <cF8>j Gitan.<page><box>	
199:$433A	227:$43DB	89	ぎんこう<speaker>まことに<br> もうしわけございません、、。<page><box>ぎんこう<speaker>おきゃくさまの<br> ギタンは おあずかりして<br> おりません。<page><box>	Bank Teller: I am<br>terribly sorry...<page><box>Bank Teller: We are not<br>holding any Gitan for you.<page><box>	
199:$437C	227:$4435	84	ぎんこう<speaker>まことに<br> もうしわけございません、、。<page><box>ぎんこう<speaker>おきゃくさまは<br> もうギタンを<br> お持ちになれません。<page><box>	Bank Teller: I am<br>terribly sorry...<page><box>Bank Teller: You cannot<br>carry any more Gitan.<page><box>	
199:$43BD	227:$448A	49	ぎんこう<speaker>いかほど<br> ごりように なられますか？<br>	Bank Teller: How much would<br>you like to withdraw?	
199:$43D8	227:$44BC	56	ぎんこう<speaker>かしこまりました。<br> では <cF8>jギタン<br> おかえしいたします。<page><box>	Bank Teller: Certainly. I<br>will return <cF8>j Gitan to you.<page><box>	
199:$4400	227:$44F5	91	ぎんこう<speaker>こちらは ぎんこうです。<page><br> おあずけいただける お金が<br> できましたら ごりよう下さい。<page>	Bank Teller: This is the<br>Bank.<page><box>Bank Teller: Please<br>return when you have<br>Gitan to deposit.<page>	
199:$4437	227:$4551	108	ビッグモアイ<speaker>さぁ<EE> おまじないを<br> きかせてくれだべえ<EE>。<page><box>ビッグモアイ<speaker>と いいたいところだが<br> まだ したくが できてねえから<br> またあとで くるのだべえ<EE>。<page>	Big Moai: Come on,<br>tell me a spell!<page><box>Big Moai: Or I would say<br>that, but I'm not ready<br>yet. Come back later.<page>	
199:$448E	227:$45BE	86	ビッグモアイ<speaker>やあ！<page> とうとう<br> 見つかっちまったべえ<EE>。<page><box>ビッグモアイ<speaker>しょうがない。<br> おまじないを きかせてくれ<br> だべえ<EE>。<page><box>	Big Moai: Hey!<page><box>Big Moai: You finally found<br>me!<page><box>Big Moai: Oh well.<br>Tell me a spell.<page><box>	
199:$44D8	227:$4615	77	ビッグモアイ<speaker>さぁ<EE> おまじないを<br> きかせてくれだべえ<EE>。<page><box>ビッグモアイ<speaker>なにかいいこと<br> あるかも しれねえべえ<EE>。<page><box>	Big Moai: Come on,<br>tell me a spell!<page><box>Big Moai: Something<br>good might happen.<page><box>	
199:$451A	227:$4663	55	ビッグモアイ<speaker>しゅおしゅおしゅお、、。<br> 知らない おまじないだべえ<EE>。<page>	Big Moai: Shwoosh, shwoosh...<br>I don't know that spell.<page>	
199:$4542	227:$469B	28	ビッグモアイ<speaker>ぬ<EE>ん、<delay:1E> くわっ！！！	Big Moai: Hnnngh...<delay:1E> Hah!!!	
199:$4558	227:$46B8	17	<name>は <cF8>gを<br>さずかった！<page><box>	<name> received<br><cF8>g!<page><box>	
199:$4569	227:$46CA	72	ビッグモアイ<speaker>またどこかで<br> 会おうだべえ<EE>。<page><br> それまで サヨナラだべえ<EE>。<page><box>	Big Moai: We'll meet<br>again somewhere.<page><box>Big Moai: Until then,<br>farewell.<page><box>	
199:$4596	227:$4713	206	ビッグモアイ<speaker>すげえだべえ<EE>！！<page><br> おまじないが ぜんぶ<br> そろっちまったよお<hspace:01><EF><EF>。<page><box>ビッグモアイ<speaker>ワシは もう<br> いんたいだべえ<EE>。<page><box>ビッグモアイ<speaker>こんどからは<br> むすこに おまじないを<br> きかせてやってくれだべえ<EE>。<page><box>ビッグモアイ<speaker>では アディオス。<br> とわの わかれに。<br> ドントクライ ベイベエべえ<EF><EF><hspace:01>。<page>	Big Moai: Incredible!!<page><box>Big Moai: You've<br>completed every spell!<page><box>Big Moai: I'm retiring now.<page><box>Big Moai: From now on,<br>tell your spells to my son.<page><box>Big Moai: Adios. This<br>is farewell forever.<br>Don't cry, baby.<page>	
199:$4640	227:$47E2	157	ビッグモアイ<speaker>そろそろ おまじないを<br> きくのも つかれてきたべえ<EE>。<page><box>ビッグモアイ<speaker>だから 旅に<br> でることにしたべえ<EE>。<page><br> さがさないでくれだべえ<EE>。<page><box>ビッグモアイ<speaker>では アディオス。<br> サヨナラだべえ<EE>。<page><box>	Big Moai: I'm growing tired<br>of listening to spells.<page><box>Big Moai: So I've<br>decided to travel.<page><box>Big Moai: Don't come<br>looking for me.<page><box>Big Moai: Adios. Farewell.<page><box>	
199:$46B3	227:$4880	40	ビッグモアイ<speaker>ばぶ<EE>ん、、。<br> ひやかしは ダメだべえ<EE>。<page>	Big Moai: Baboom...<br>No window-shopping.<page>	
199:$46D3	227:$48A9	76	ビッグモアイ<speaker>そのおまじないは<br> 前にもう きいたべえ<EE>。<page><br> ちがうのを くれだべえ<EE>。<page>	Big Moai: I've heard<br>that spell before.<page><box>Big Moai: Give me<br>a different one.<page>	
199:$4704	227:$48F6	104	ビッグモアイ<speaker>ばっ！ ぶ<EE>ん、。<br> なぜか いま ワシのちからが<br> ふうじられてるべえ<EE>。<page><box>ビッグモアイ<speaker>しばらくしたら<br> またくるべえ<EE><page>	Big Moai: Ba-boom... For<br>some reason, my power<br>is sealed right now.<page><box>Big Moai: Come<br>back after a while.<page>	
199:$474E	227:$495F	82	ビッグモアイ<speaker>ばっ！ ぶ<EE>ん、。<br> おめえは もうどうぐを<br> 持てねえべえ<EE>。<page><box>ビッグモアイ<speaker>また くるべえ<EE>。<page>	Big Moai: Ba-boom... You<br>cannot carry any more items.<page><box>Big Moai: Come back later.<page>	
199:$478C	227:$49B2	80	ビッグモアイ<speaker>おまじないは<br> ほどほどに するべえ<EE>。<page><box>ビッグモアイ<speaker>ワシもつかれるべえ<EE>。<br> また あとでくるべえ<EE>。<page>	Big Moai: Don't<br>overdo the spells.<page><box>Big Moai: I get tired<br>too. Come back later.<page>	
199:$47CD	227:$4A03	26	<name>は 1000ギタンを<br>さずかった！<page><box>	<name> received<br>1,000 Gitan!<page><box>	
199:$47E3	227:$4A1E	35	どうぐ屋<speaker>おきゃくさん<br> そなえあれば うれいなしだ。	Shopkeeper: It pays<br>to be prepared.	
199:$4801	227:$4A42	66	どうぐ屋<speaker>ちかごろ ぶっそうだ。<br> 持ち物しっかりそろえてってよ。	Shopkeeper: It's<br>dangerous lately. Make<br>sure you're fully stocked.	
199:$4827	227:$4A85	96	どうぐ屋<speaker>そろそろこの店も<br> たたみどきかもしれねえなあ、、<page><br> なんてね！ さあ どうぞ！	Shopkeeper: Maybe it's<br>time to close this shop...<page><box>Shopkeeper: Just kidding!<br>What can I get you?	
199:$4859	227:$4AE6	111	どうぐ屋<speaker>あっ！ <name>さん！！<page><box>どうぐ屋<speaker>きいたよ！！<br> オレもここでたたかうぜ！<page><br> さあ！ なににする？！	Shopkeeper: Ah! <name>!!<page><box>Shopkeeper: I heard the news!<br>I'll fight from here too!<page><box>Shopkeeper: Now,<br>what'll it be?!	
199:$4896	227:$4B56	55	どうぐ屋<speaker>いらっしゃい！<br> えんりょしないで声かけてよ。	Shopkeeper: Welcome! Just<br>call me if you need anything.	
199:$48B6	227:$4B8E	41	どうぐ屋<speaker>あれ？ 行くのかい？<br> また きておくれよ。<page>	Shopkeeper: Leaving<br>already? Come again.<page>	
199:$48D6	227:$4BB8	45	どうぐ屋<speaker>さあ！<br> じっくり ゆっくり みてってよ！<page><box>	Shopkeeper: Take your<br>time and look around!<page><box>	
199:$48F5	227:$4BE6	39	どうぐ屋<speaker>さてさて<br> なにを うってくれるんだい？<page><box>	Shopkeeper: So, what<br>are you selling?<page><box>	
199:$4913	227:$4C0E	62	どうぐ屋<speaker>あらららら、、<br> やめちまうのかい？<page><br> ま いいけどさ。	Shopkeeper: Oh...<br>Changed your mind?<page><box>Shopkeeper: That's fine.	
199:$4938	227:$4C4D	69	どうぐ屋<speaker><cF8>4ね！<br> そりゃ <cF8>6ギタンだ。<page><br> かっていくかい？	Shopkeeper: <cF8>4, right?<br>That's <cF8>6 Gitan.<page><box>Shopkeeper: Will you buy it?	
199:$495C	227:$4C93	64	どうぐ屋<speaker>あらららら、、<br> やめちまうのかい？<page><br> ま いいけどさ。<page><box>	Shopkeeper: Oh...<br>Changed your mind?<page><box>Shopkeeper: That's fine.<page><box>	
199:$4983	227:$4CD4	36	どうぐ屋<speaker>よしきた！ まいどあり！<page><box>	Shopkeeper: You<br>got it! Thank you!<page><box>	
199:$4999	227:$4CF9	64	どうぐ屋<speaker>あらららら、、<br> やめちまうのかい？<page><br> ま いいけどさ。<page><box>	Shopkeeper: Oh...<br>Changed your mind?<page><box>Shopkeeper: That's fine.<page><box>	
199:$49C0	227:$4D3A	99	どうぐ屋<speaker>あいよ！<br> <cF8>5ね！<page><box>どうぐ屋<speaker>それなら<br> <cF8>7ギタンでかいとるよ！<page><br> どうだい？	Shopkeeper: All right!<br><cF8>5 items, right?<page><box>Shopkeeper: I'll pay<br><cF8>7 Gitan for them.<page><box>Shopkeeper: Deal?	
199:$49F5	227:$4D9E	64	どうぐ屋<speaker>あらららら、、<br> やめちまうのかい？<page><br> ま いいけどさ。<page><box>	Shopkeeper: Oh...<br>Changed your mind?<page><box>Shopkeeper: That's fine.<page><box>	
199:$4A1C	227:$4DDF	43	どうぐ屋<speaker>よしきた！<br> たしかにかいとったよ！<page><box>	Shopkeeper: You got<br>it! Consider it sold!<page><box>	
199:$4A38	227:$4E0B	73	どうぐ屋<speaker>うわっちゃ！<page><br> 持ち物いっぱいだよ！<br> ムリは よくないって！<page><box>	Shopkeeper: Whoa!<page><box>Shopkeeper: Your inventory<br>is full! Don't overdo it!<page><box>	
199:$4A64	227:$4E55	96	どうぐ屋<speaker>あっちゃあ！<br> おきゃくさ<EE>ん わるいね<EE>。<br> うるもの なくなっちゃったよ<EE>。<page><box>どうぐ屋<speaker>どこかで じかんつぶして<br> また きておくれよ！<page><box>	Shopkeeper: Sorry,<br>customer! I'm sold out!<page><box>Shopkeeper: Go pass some<br>time and come back later!<page><box>	
199:$4AB7	227:$4EB6	66	どうぐ屋<speaker>わっはっは！<page><box>どうぐ屋<speaker>おきゃくさん！<br> なにも持ってないって！<page><box>	Shopkeeper: Ha ha ha!<page><box>Shopkeeper: You're<br>not carrying anything!<page><box>	
199:$4AE5	227:$4EF9	33	<br>のろわれたアイテムは はずせない！<page><box>	Cursed items<br>cannot be removed!<page><box>	
199:$4AFA	227:$4F1B	33	<br>のろわれたアイテムは はずせない！<page><box>	Cursed items<br>cannot be removed!<page><box>	
199:$4B0F	227:$4F3D	42	どうぐ屋<speaker>ありゃ おきゃくさん<br> ゼニが足りないなあ。<page><box>	Shopkeeper: You don't<br>have enough Gitan.<page><box>	
199:$4B30	227:$4F68	112	どうぐ屋<speaker>ここは どうぐ屋だ。<br> いろいろなアイテムがあるぞ。<page><box>どうぐ屋<speaker>こんど きたとき<br> 見せてあげるよ。<page>	Shopkeeper: This is the<br>item shop. We carry<br>all kinds of items.<page><box>Shopkeeper: I'll show<br>you next time you visit.<page>	
199:$4B70	227:$4FD9	82	かじ屋<speaker>おっと 気をつけて。<page><box>かじ屋<speaker>ご用でしたら こちらで<br> おうかがいしやす。<page><br>	Blacksmith: Careful there.<page><box>Blacksmith: If you need<br>something, speak to me here.<page><box>	
199:$4BA3	227:$502C	34	かじ屋<speaker>おきゃく人<br> どういったご用で？	Blacksmith: What<br>can I do for you?	
199:$4BBC	227:$504F	77	かじ屋<speaker>わかりやした。<page><br> 気が向いたら またきてやって<br> おくんなせいよ。<page>	Blacksmith: Understood.<page><box>Blacksmith: Come back<br>anytime you change your<br>mind.<page>	
199:$4BE8	227:$509D	62	かじ屋<speaker>おや、、？<page><br> 剣はお持ちじゃあねえですぜ。<page><box>	Blacksmith: Hm...?<page><box>Blacksmith: You aren't<br>carrying a sword.<page><box>	
199:$4C09	227:$50DC	167	かじ屋<speaker>すいやせん。<page><box>かじ屋<speaker>ウチは とくべつな<br> つくり方なんで じかんが<br> たたねえとダメなんです。<page><box>かじ屋<speaker>ダンジョン行って<br> ひとあばれ してくりゃあ<br> ちょうど ころあいです。<page><box>	Blacksmith: Sorry.<page><box>Blacksmith: My special<br>technique needs time<br>before I can use it again.<page><box>Blacksmith: Go cut loose<br>in a dungeon. I should be<br>ready when you return.<page><box>	
199:$4C73	227:$5184	103	かじ屋<speaker>すいやせん。<br> 金 たりねえようです。<page><box>かじ屋<speaker>剣きたえるには<br> 1500ギタンほど<br> かかっちまうんです。<page><box>	Blacksmith: Sorry. You<br>don't have enough Gitan.<page><box>Blacksmith: Strengthening<br>a sword costs 1,500 Gitan.<page><box>	
199:$4CB7	227:$51EC	46	かじ屋<speaker>どの剣を きたえやす？<page><box>	Blacksmith: Which sword<br>should I strengthen?<page><box>	
199:$4CCC	227:$521B	35	かじ屋<speaker>剣のことは<br> もう いいんですかい？<page><box>	Blacksmith: Finished<br>with swords?<page><box>	
199:$4CE8	227:$523F	33	のろわれたアイテムは はずせない！<page><box>	Cursed items<br>cannot be removed!<page><box>	
199:$4CFC	227:$5261	130	かじ屋<speaker>いけませんねえ、、。<page><box>かじ屋<speaker>それいじょう たたけば<br> 剣が こわれちまいます。<page><box>かじ屋<speaker>そのくらいで<br> かんべんしてやったらどうです？<page><box>	Blacksmith: That's no good...<page><box>Blacksmith: One more strike<br>would break this sword.<page><box>Blacksmith: Why not<br>leave well enough alone?<page><box>	
199:$4D50	227:$52E4	117	かじ屋<speaker><cF8>8か、、<br> わかりやした。おまかせくだせい。<page><box>かじ屋<speaker>おだいは1500ギタン。<page><br> それでどうです？	Blacksmith:<br><cF8>8...<br>Understood. Leave it to me.<page><box>Blacksmith: The<br>price is 1,500 Gitan.<page><box>Blacksmith: Is<br>that acceptable?	
199:$4D8D	227:$535A	74	かじ屋<speaker>わかりやした、、。<page><br> すぐ おわりやす。<br> すこし お待ちくだせい。<page>	Blacksmith: Understood...<page><box>Blacksmith: This won't<br>take long. Please wait.<page>	
199:$4DB9	227:$53A5	61	かじ屋<speaker>お待たせしやした。<br> きっちり きたえておきやしたぜ。<page><box>	Blacksmith: Thanks<br>for waiting. I<br>strengthened it properly.<page><box>	
199:$4DDE	227:$53E3	50	かじ屋<speaker>また ごえんが<br> ありやしたら いつでも<br> お立ちよりくだせい。<page>	Blacksmith: Stop by anytime<br>you need my services.<page>	
199:$4E07	227:$5416	114	かじ屋<speaker>こいつは おどろいた、、<page><box>かじ屋<speaker><cF8>8が<br> できちまうなんて、、<br> よのなか わからねえモンだ。<page><box>	Blacksmith: Well, I'll be...<page><box>Blacksmith: I never imagined<br><cF8>8 could be forged... The<br>world is full of surprises.<page><box>	
199:$4E43	227:$5489	134	かじ屋<speaker>おきゃく人の気持ちが<br> 入ったいい剣だ、、。<page><box>かじ屋<speaker>きっちりと<br> レベルが上がってます。<br> お持ちくだせい。<page><box>	Blacksmith: This is a<br>fine sword, filled with<br>its owner's spirit...<page><box>Blacksmith: Its level<br>has properly increased.<br>Take it with you.<page><box>	
199:$4E8D	227:$5510	65	かじ屋<speaker>ん、、？<page><br> 腕輪はお持ちじゃねえですぜ。<page><box>	Blacksmith: Hm...?<page><box>Blacksmith: You aren't<br>carrying a Bracelet.<page><box>	
199:$4EAE	227:$5552	100	かじ屋<speaker>すいやせん。<br> 金 たりねえようです。<page><box>かじ屋<speaker>うでわのしゅうりには<br> 500ギタンほど<br> かかっちまうんです。<page><box>	Blacksmith: Sorry. You<br>don't have enough Gitan.<page><box>Blacksmith: Repairing a<br>Bracelet costs 500 Gitan.<page><box>	
199:$4EF3	227:$55B7	72	かじ屋<speaker>ん、、？<page><br> こわれた腕輪は お持ちじゃあ<br> ねえですぜ。<page><box>	Blacksmith: Hm...?<page><box>Blacksmith: You aren't<br>carrying a broken Bracelet.<page><box>	
199:$4F1C	227:$5600	45	かじ屋<speaker>どの腕輪を<br> なおしやすか？<page><box>	Blacksmith: Which<br>Bracelet should I repair?<page><box>	
199:$4F35	227:$562E	38	かじ屋<speaker>腕輪のことは<br> もう いいんですかい？<page><box>	Blacksmith: Finished<br>with Bracelets?<page><box>	
199:$4F53	227:$5655	33	のろわれたアイテムは はずせない！<page><box>	Cursed items<br>cannot be removed!<page><box>	
199:$4F67	227:$5677	155	かじ屋<speaker>こりゃ たしかにひでえ。<page><br> 、、が もんだいは ない。<br> だいじょうぶ。なおせやすよ。<page><box>かじ屋<speaker>おだいは500ギタン。<page><box>かじ屋<speaker>なおすのは<br> この<cF8>8で<br> いいんですかい？	Blacksmith: This<br>is badly damaged.<page><box>Blacksmith: But don't<br>worry. I can repair it.<page><box>Blacksmith: The<br>price is 500 Gitan.<page><box>Blacksmith: Shall<br>I repair this <cF8>8?	
199:$4FCB	227:$5713	59	かじ屋<speaker>わかりやした、、。<br> すぐ おわりやす。<br> すこし お待ちくだせい。<page>	Blacksmith: Understood. This<br>won't take long. Please wait.<page>	
199:$4FF6	227:$574F	152	かじ屋<speaker>おまたせしやした。<page><br> これで すっかり<br> もとどおりですぜ。<page><box>かじ屋<speaker>大事にしてやって<br> おくんなせい。<page><box>かじ屋<speaker>また ごえんが<br> ありやしたら いつでも<br> お立ちよりくだせい。<page>	Blacksmith: Thanks<br>for waiting.<page><box>Blacksmith: It's<br>as good as new.<page><box>Blacksmith: Take<br>good care of it.<page><box>Blacksmith: Stop by anytime<br>you need my services.<page>	
199:$5061	227:$57E8	76	かじ屋<speaker>ん、、？<page><br> 合成したアイテムは<br> お持ちじゃあねえですぜ。<page><box>	Blacksmith: Hm...?<page><box>Blacksmith: You<br>aren't carrying any<br>synthesized items.<page><box>	
199:$508B	227:$5835	101	かじ屋<speaker>すいやせん。<br> 金 足りねえようです。<page><box>かじ屋<speaker>合成したアイテムを<br> はずすには1000ギタンほど<br> かかっちまうんです。<page><box>	Blacksmith: Sorry. You<br>don't have enough Gitan.<page><box>Blacksmith: Removing an<br>ability costs 1,000 Gitan.<page><box>	
199:$50D8	227:$589B	44	かじ屋<speaker>どれ、、<br> アイテムを見せておくんなせい。<page><box>	Blacksmith: Let's see...<br>Show me the item.<page><box>	
199:$50F7	227:$58C8	38	かじ屋<speaker>合成のことは<br> もう いいんですかい？<page><box>	Blacksmith: Finished<br>with Synthesis?<page><box>	
199:$5115	227:$58EF	33	のろわれたアイテムは はずせない！<page><box>	Cursed items<br>cannot be removed!<page><box>	
199:$5129	227:$5911	70	かじ屋<speaker>ふむ、、<br> <cF8>8か、、<page><box>かじ屋<speaker>で どれをはずしやす？<page><box>	Blacksmith: Hmm... <cF8>8...<page><box>Blacksmith: Which ability<br>should I Remove?<page><box>	
199:$5150	227:$5958	130	かじ屋<speaker><cF8>8か、、<page><box>かじ屋<speaker>おきゃく人 すいやせん。<br> そのアイテムの のうりょくは<br> ちょっと はずせそうもない。<page><box>かじ屋<speaker>この みじゅくモンを<br> ゆるしてやって おくんなせい。<page><box>	Blacksmith: <cF8>8...<page><box>Blacksmith: Sorry,<br>but I cannot Remove<br>that item's ability.<page><box>Blacksmith: Please forgive<br>this unskilled smith.<page><box>	
199:$51B6	227:$59DB	134	かじ屋<speaker>わかりやした。<page><box>かじ屋<speaker>それじゃ そののうりょくを<br> はずしちまいますよ。<page><box>かじ屋<speaker>おだいは1000ギタン。<page><br> それでどうです？	Blacksmith: Understood.<page><box>Blacksmith: I'll<br>Remove that ability.<page><box>Blacksmith: The<br>price is 1,000 Gitan.<page><box>Blacksmith: Is<br>that acceptable?	
199:$5204	227:$5A62	59	かじ屋<speaker>わかりやした、、。<br> すぐ おわりやす。<br> すこし お待ちくだせい。<page>	Blacksmith: Understood. This<br>won't take long. Please wait.<page>	
199:$522F	227:$5A9E	87	かじ屋<speaker>できやした。<br> どうぞお持ちくだせい。<page><box>かじ屋<speaker>また ごえんが<br> ありやしたら いつでも<br> お立ちよりくだせい。<page>	Blacksmith: Finished.<br>Here you are.<page><box>Blacksmith: Stop by anytime<br>you need my services.<page>	
199:$5274	227:$5AF6	44	かじ屋<speaker>すいやせん。<br> 店 まだやってねえんです。<page>	Blacksmith: Sorry, the<br>shop isn't open yet.<page>	
199:$5292	227:$5B23	43	かじ屋<speaker>どれをせつめいしやしょう？	Blacksmith: Which service<br>should I explain?	
199:$52A6	227:$5B4F	448	かじ屋<speaker>わかりやした。<page><br> では「きたえる」について<br> ごせつめいいたしやす。<page><box>かじ屋<speaker>おだいは1500ギタン。<page><box>かじ屋<speaker>きたえることができるのは<br> ぶきでございやす。<page><box>かじ屋<speaker>おこのみのものを<br> おわたしいただければ<br> すぐに きたえてさしあげやす。<page><box>かじ屋<speaker>ぶきは きたえれば<br> きたえるほど こうかが<br> 上がっていきやす。<page><box>かじ屋<speaker>そうなりゃあ<br> たたかいも ゆうりに<br> すすむってもんです。<page><box>かじ屋<speaker>ただし きたえるにも<br> げんかいは ありやす。<page><box>かじ屋<speaker>そこらへん<br> どうか ごりかいくだせい。<page><box>	"Blacksmith: Understood.<page><box>Blacksmith: Let me<br>explain ""Strengthen"".<page><box>Blacksmith: The<br>price is 1,500 Gitan.<page><box>Blacksmith: I can<br>Strengthen weapons.<page><box>Blacksmith: Hand me the<br>weapon you want and I'll<br>Strengthen it immediately.<page><box>Blacksmith: A weapon<br>grows more effective each<br>time it is Strengthened.<page><box>Blacksmith: That will give<br>you the advantage in battle.<page><box>Blacksmith: But every weapon<br>has a strengthening limit.<page><box>Blacksmith: Please<br>keep that in mind.<page><box>"	
199:$53BD	227:$5D10	401	かじ屋<speaker>わかりやした。<page><br> では「しゅうり」について<br> ごせつめいいたしやす。<page><box>かじ屋<speaker>おだいは500ギタン。<page><box>かじ屋<speaker>しゅうりできるのは<br> 腕輪でございやす。<page><box>かじ屋<speaker>腕輪ってヤツは<br> ダメージをうけると ヒビが<br> 入っちまうことがありやす。<page><box>かじ屋<speaker>そうしたときに<br> お持ちいただければ すぐに<br> しゅうりしてさしあげやす。<page><box>かじ屋<speaker>ヒビが入ったままじゃあ<br> せっかくの腕輪がなきやす。<page><box>かじ屋<speaker>そのままダメージを<br> うけりゃあ こわれて<br> なくなっちまいやすからねえ。<page><box>かじ屋<speaker>どうか<br> お気をつけなすってくだせいよ。<page><box>	"Blacksmith: Understood.<page><box>Blacksmith: Let me<br>explain ""Repair"".<page><box>Blacksmith: The<br>price is 500 Gitan.<page><box>Blacksmith: I can<br>Repair Bracelets.<page><box>Blacksmith: A Bracelet may<br>crack when you take damage.<page><box>Blacksmith: Bring me<br>a cracked one and I'll<br>Repair it immediately.<page><box>Blacksmith: A cracked<br>Bracelet is in danger.<page><box>Blacksmith: Take more<br>damage and it may<br>break and disappear.<page><box>Blacksmith: Please be<br>careful.<page><box>"	
199:$54E7	227:$5EA2	773	かじ屋<speaker>わかりやした。<page><br> では「合成」について<br> ごせつめいいたしやす。<page><box>かじ屋<speaker>アイテムの<br> とくしゅのうりょくを合わせること。<br> それが「合成」ってやつです。<page><box>かじ屋<speaker>合成できるものは<br> ぶき<D2>盾<D2>腕輪の3つです。<page><box>かじ屋<speaker>ザンネンですが ウチでは<br> 合成はやってねえんです。<page><box>かじ屋<speaker>合成するには<br> 「合成の壺」ってアイテムが<br> ひつようになりやす。<page><box>かじ屋<speaker>そいつに 合成したい<br> アイテムを 入れれば<br> いいらしいです。<page><box>かじ屋<speaker>それと、、<page><box>かじ屋<speaker>きいた話じゃあ<br> ミニマゼルンとかいうモンスターも<br> 合成が できるらしいです。<page><box>かじ屋<speaker>なんでも アイテムを<br> 投げつければいいとか、。<page><box>かじ屋<speaker>ですが たおしそこねると<br> せっかくのアイテムを<br> 持っていかれるらしい。<page><box>かじ屋<speaker>お気をつけなすって<br> くだせいよ。<page><box>かじ屋<speaker>それからもう1つ。<page><box>かじ屋<speaker>どちらで合成するにしろ<br> きまりごとがありやす。<page><box>かじ屋<speaker>それは はじめに入れた<br> アイテムがベースになるって<br> ことです。<page><box>かじ屋<speaker>おまちがいのねえように。<page><box>	"Blacksmith: Understood.<page><box>Blacksmith: Let me<br>explain ""Synthesis"".<page><box>Blacksmith: Synthesis<br>combines special<br>item abilities.<page><box>Blacksmith: Weapons,<br>Shields, and Bracelets<br>can be synthesized.<page><box>Blacksmith: Unfortunately,<br>I don't perform Synthesis<br>here.<page><box>Blacksmith: You'll need<br>a ""Synthesis Pot"".<page><box>Blacksmith: Place the<br>items you want to<br>synthesize inside it.<page><box>Blacksmith: Also...<page><box>Blacksmith: I hear a<br>monster called Mini Mixer<br>can perform Synthesis too.<page><box>Blacksmith: Apparently,<br>you throw the items at it.<page><box>Blacksmith: But if you<br>fail to defeat it, it will<br>carry your items away.<page><box>Blacksmith: Be careful.<page><box>Blacksmith: One more thing.<page><box>Blacksmith: Both methods<br>follow the same rule.<page><box>Blacksmith: The first item<br>inserted becomes the base.<page><box>Blacksmith: Don't<br>get the order wrong.<page><box>"	
199:$5701	227:$61A8	349	かじ屋<speaker>わかりやした。<page><br> では「はずす」について<br> ごせつめいいたしやす。<page><box>かじ屋<speaker>おだいは1000ギタン。<page><box>かじ屋<speaker>合成したアイテムから<br> のうりょくをとっちまうことを<br> 「はずす」といいやす。<page><box>かじ屋<speaker>せっかく合成しても<br> つかわねえ のうりょくが<br> あっちゃあ いみがありやせん。<page><box>かじ屋<speaker>そんなときは<br> 思い切って のうりょくを<br> はずしちまった方がいい。<page><box>かじ屋<speaker>おわたしいただければ<br> すぐに とってさしあげやすよ。<page><box>	"Blacksmith: Understood.<page><box>Blacksmith: Let me<br>explain ""Remove"".<page><box>Blacksmith: The<br>price is 1,000 Gitan.<page><box>Blacksmith: ""Remove""<br>takes an ability off<br>a synthesized item.<page><box>Blacksmith: An ability<br>you never use only<br>wastes a Synthesis slot.<page><box>Blacksmith: In that case,<br>it is best to Remove it.<page><box>Blacksmith: Hand me<br>the item and I'll take<br>it off immediately.<page><box>"	
199:$57F3	227:$6306	61	キナコ<speaker>いらっしゃ、<page> ！！！！<page><br> いいオトコ！！<page>	Kinako: Welco...<page><box>Kinako: !!!!<page><box>Kinako: What a handsome man!<page>	
199:$5810	227:$6344	23	キナコ<speaker>あせっちゃダメ！<page>	Kinako: Don't rush me!<page>	
199:$581F	227:$635C	39	キナコ<speaker>キャッ！！ オハギ！！<page><br> <name>ちゃんよっ！！<page>	Kinako: Eek! Ohagi!<page><box>Kinako: It's <name>!!<page>	
199:$583D	227:$6384	25	キナコ<speaker>やさしくしてやってね。<page>	Kinako: Treat it gently.<page>	
199:$584F	227:$639E	44	キナコ<speaker>も、<page>もしかして、、<page>	Kinako: C-Could...<page><box>Kinako: Could it be...?<page>	
199:$5860	227:$63CB	86	キナコ<speaker>ウフッ。ほしいんでしょ？<page><br> んもぅっ！ オハギがじゅんび<br> してるわよっ！<page>	Kinako: Tee-hee. You<br>want it, don't you?<page><box>Kinako: Oh, you! Ohagi<br>is getting it ready!<page>	
199:$588D	227:$6422	59	キナコ<speaker>なにも言わないで、、。<br> オハギが じゅんびしてるわ、、。<page>	Kinako: Don't say anything...<br>Ohagi is getting it ready...<page>	
199:$58B2	227:$645E	38	キナコ<speaker>みそこなったわっ！！<br> <name>ちゃん！！<page>	Kinako: I'm disappointed<br>in you, <name>!!<page>	
199:$58CC	227:$6485	82	キナコ<speaker>やさしくできるのなら<br> まかせるわ。<page>オハギにも<br> やくそくしてっ。<page>	Kinako: If you can be gentle,<br>I'll trust you with it.<page><box>Kinako: Promise Ohagi too.<page>	
199:$58F5	227:$64D8	21	キナコ<speaker>いらっしゃい。<br> <name>ちゃん！<page>	Kinako: Welcome, <name>!<page>	
199:$590B	227:$64EE	44	キナコ<speaker>あら <name>ちゃん！<page><br> オハギッ！ <name>ちゃんよっ！<page>	Kinako: Oh, <name>!<page><box>Kinako: Ohagi!<br><name> is here!<page>	
199:$592C	227:$651B	72	キナコ<speaker>あ、<page>きょ、<page>きょうは<br> ててて天気がイイわねっ。<page>	Kinako: Ah...<page><box>Kinako: T-Today...<page><box>Kinako: The weather<br>is lovely today!<page>	
199:$594E	227:$6564	57	キナコ<speaker>お人形を つれて行くなら<br> オハギが じゅんびしてるわよ。<page>	Kinako: If you want the doll,<br>Ohagi is getting it ready.<page>	
199:$5975	227:$659E	21	店主<speaker>げげげっ、、。<page>	Shopkeeper: G-Gah...<page>	
199:$5984	227:$65B4	49	オハギ<speaker>なかせるようなことは<br> しちゃダメよ。<page>	Ohagi: Don't do anything<br>that would make it cry.<page>	
199:$599E	227:$65E6	36	オハギ<speaker>待つことも<br> オトコには ひつようだワ。<page>	Ohagi: A man must<br>know how to wait.<page>	
199:$59BA	227:$660B	137	グッド<speaker>つどえ！ <page>どうし！<page><br> すくえ！ ともを 命を！<page><box>グッド<speaker>こちら風来きゅうじょたい！<br> すぐ きゅうじょに向かうので<br> ありますか？	Good: Gather!<page><box>Good: Comrades!<page><box>Good: Save your<br>friends! Save lives!<page><box>Good: This is the Rescue<br>Team! Will you depart<br>on a rescue at once?	
199:$5A09	227:$6695	134	グッド<speaker>とどけ！ 心に！<page><br> とどろけ！ あつき思い！<page><box>グッド<speaker>こちら風来きゅうじょたい！<br> すぐ きゅうじょに向かうので<br> ありますか？	Good: Reach their hearts!<page><box>Good: Let your burning<br>spirit resound!<page><box>Good: This is the Rescue<br>Team! Will you depart<br>on a rescue at once?	
199:$5A57	227:$671C	146	グッド<speaker>われわれは さいごまで<br> たたかうであります。<page><br> 命をもやし続けるであります！<page><box>グッド<speaker>こちら風来きゅうじょたい！<br> アナタは きゅうじょに向かうので<br> ありますか？	Good: We shall fight<br>to the very end.<page><box>Good: We shall keep the<br>flame of life burning!<page><box>Good: This is the Rescue Team!<br>Will you depart on a rescue?	
199:$5AB8	227:$67AF	136	グッド<speaker>一人でもおおくの人を<br> 助けたいと思うその気持ち<br> このグッド しかとうけとめた！<page><box>グッド<speaker>こちら風来きゅうじょたい！<br> きゅうじょに向かうので<br> ありますか？！	Good: Your desire to save<br>as many people as possible<br>has reached me, Good!<page><box>Good: This is the Rescue Team!<br>Will you depart on a rescue?!	
199:$5B1B	227:$6838	136	グッド<speaker>きけ！ 命のおたけびを！<page><br> さまよえる風来人が<br> アナタの助けを待っている！<page><box>グッド<speaker>こちら風来きゅうじょたい！<br> すぐ きゅうじょに向かうので<br> ありますか？	Good: Hear the cry of life!<page><box>Good: A lost Wanderer<br>awaits your aid!<page><box>Good: This is the Rescue<br>Team! Will you depart<br>on a rescue at once?	
199:$5B7D	227:$68C1	25	グッド<speaker>また いつでもどうぞ！<page>	Good: Come back anytime!<page>	
199:$5B8F	227:$68DB	159	グッド<speaker>おつかれさまです！<br> おからだ だいじょうぶで<br> ありますか？<page><box>グッド<speaker>また お会いできて<br> よかったであります！<page><box>グッド<speaker>ところで、、<page><box>グッド<speaker>また 前回とおなじ<br> ダンジョンへ きゅうじょに<br> 向かうので ありますか？	Good: Welcome back! Are<br>you feeling all right?<page><box>Good: I am glad<br>to see you again!<page><box>Good: By the way...<page><box>Good: Will you return to the<br>same dungeon as last time?	
199:$5C0E	227:$697B	55	グッド<speaker>そうでありますか、、<br> では またあらたなきゅうじょに<br> 向かうのでありますか？	Good: I see... Will<br>you undertake a new<br>rescue instead?	
199:$5C3D	227:$69B3	62	グッド<speaker>ラジャッ！<page><br> ただちに てつづきいたします！<page><box>	Good: Roger!<page><box>Good: I shall begin the<br>procedure immediately!<page><box>	
199:$5C5C	227:$69F2	45	グッド<speaker>どちらのせつぞくを<br> ごきぼうでありますか？	Good: Which connection<br>method would you like?	
199:$5C78	227:$6A20	557	グッド<speaker>なお このてつづきを<br> おこないますと 前回の<br> お助けゲートは なくなります。<page><box>グッド<speaker>また行きたくなったときは<br> もう一度 てつづきしなおして<br> いただくひつようがあります。<page><box>グッド<speaker>ごりかいを<br> いただきたいのであります。<page><box>グッド<speaker>ではカンタンにケーブルでの<br> てつづきを せつめいします。<page><box>グッド<speaker>まず通信ケーブルを<br> つなぎ あいての方のじゅんびを<br> かくにんしてください。<page><box>グッド<speaker>ゲームメニューの「冒険に<br> 出る」から 「sos！」を<br> えらんでいるでありますか？<page><box>グッド<speaker>さらにその中の「ケーブル」を<br> えらんでいただきます。<page><box>グッド<speaker>あいての方のじゅんびは<br> それでokなのであります。<page><box>グッド<speaker>あいての方が<br> 「sos」データをおくってから<br> aボタンをおしてください。<page><box>グッド<speaker>あいてがおして！<br> アナタがおして！ さあ うけよう！<br> 助けたいあの人の「sos」！！	"Good: This procedure<br>will erase your<br>previous Rescue Gate.<page><box>Good: To visit it<br>again, you will need to<br>repeat the procedure.<page><box>Good: Please understand.<page><box>Good: I shall briefly<br>explain the Cable procedure.<page><box>Good: Connect the Link<br>Cable and confirm the<br>other player is ready.<page><box>Good: Did they select<br>""Adventure"", then ""SOS!""<br>from the game menu?<page><box>Good: They must<br>then select ""Cable"".<page><box>Good: That completes<br>their preparation.<page><box>Good: After they send the<br>SOS data, press the A<br>Button.<page><box>Good: They press! You press!<br>Now receive the SOS of the<br>person you wish to save!!"	
199:$5E2B	227:$6C4E	163	グッド<speaker>む、、？<br> せつぞくが うまくいきません！<page><box>グッド<speaker>あいての方がおくってから<br> だいたい10びょういないに<br> やりとりしてほしいであります。<page><box>グッド<speaker>おてすうですが もう一度<br> おねがいしたいのであります。<page><box>	Good: Hm? The<br>connection failed!<page><box>Good: Please exchange the<br>data within about ten<br>seconds after they send it.<page><box>Good: Sorry for the trouble,<br>but please try again.<page><box>	
199:$5EA1	227:$6CF2	82	グッド<speaker>むむ、、？<page><box>グッド<speaker>この方は、、<page><br> すでに助けだされて<br> いるようであります！<page><box>	Good: Hmm...?<page><box>Good: This person...<page><box>Good: appears to have<br>already been rescued!<page><box>	
199:$5ED5	227:$6D45	195	グッド<speaker>なお じゅもんを<br> 入力しますと 前回の<br> お助けゲートは なくなります。<page><box>グッド<speaker>また行きたくなったときは<br> もう一度じゅもんを入れなおして<br> いただくことになります。<page><box>グッド<speaker>ごりかいを<br> いただきたいのであります。<page><box>グッド<speaker>では「sos」のじゅもんを<br> 入力していただきます！<page>	"Good: Entering a<br>Password will erase your<br>previous Rescue Gate.<page><box>Good: To visit it<br>again, you will have to<br>re-enter the Password.<page><box>Good: Please understand.<page><box>Good: Now, enter the<br>""SOS!"" Password!<page>"	
199:$5F7A	227:$6E09	72	グッド<speaker>かくにんしたであります！<page><br> カウンターわきの お助けゲートに<br> おすすみください！<page><box>	Good: Confirmed!<page><box>Good: Proceed to the Rescue<br>Gate beside the counter!<page><box>	
199:$5FAD	227:$6E52	97	グッド<speaker>まだ そのダンジョンには<br> いけないようであります！<page><box>グッド<speaker>もうすこし<br> おはなしを すすめてから<br> また おこしください！<page>	Good: You cannot enter<br>that dungeon yet!<page><box>Good: Advance the story a<br>little further, then return!<page>	
199:$5FF5	227:$6EB4	91	グッド<speaker>むむ、、？<page><box>グッド<speaker>このじゅもんでの<br> きゅうじょは もうおわって<br> いるため つかえません！<page><box>	Good: Hmm...?<page><box>Good: That Password<br>cannot be used because its<br>rescue is already complete!<page><box>	
199:$602E	227:$6F10	72	グッド<speaker>「sos」のじゅもんが<br> ちがうようであります！<page><br> もう一度おねがいします！<page>	"Good: The ""SOS!"" Password<br>appears to be wrong!<page><box>Good: Please try again!<page>"	
199:$605E	227:$6F59	164	セツ<speaker>ワタシは 命をかけて<br> たたかう人を 見まもりたいと<br> 思います、、。<page><box>セツ<speaker>たいちょうのように、、<page><box>セツ<speaker>こちらは<br> 風来きゅうじょたいです。<br> 説明をききますか？	Setsu: I wish to watch<br>over those who risk<br>their lives in battle...<page><box>Setsu: Just like the<br>Captain...<page><box>Setsu: This is the<br>Rescue Team. Would you<br>like an explanation?	
199:$60C2	227:$6FFE	62	セツ<speaker>こちらは<br> 風来きゅうじょたいです。<br> せつめいをききますか？	Setsu: This is the<br>Rescue Team. Would you<br>like an explanation?	
199:$60E8	227:$703D	53	セツ<speaker>せつめいがききたいときは<br> また きてください。<page>	Setsu: Return anytime you<br>would like an explanation.<page>	
199:$6106	227:$7073	718	セツ<speaker>日本ぜんこくには<br> アナタいがいにも たくさんの<br> 風来人が います。<page><box>セツ<speaker>まだ 風来人に<br> なりたての人も いれば、、。<page><box>セツ<speaker>どんなダンジョンも<br> クリアしてきた 大ベテランも<br> います。<page><box>セツ<speaker>いろいろな人が<br> がんばって ちょうせんして<br> いるのです。<page><box>セツ<speaker>しかし ダンジョンで<br> ちからつきると アイテムを<br> うしなうことになる、、。<page><box>セツ<speaker>このアイテムだけは<br> ぜったいに なくしたくない！<page><br> だれか 助けて！<page><box>セツ<speaker>そんなとき<br> アナタじしんが その人を<br> 助けることが できるのです。<page><box>セツ<speaker>やり方は カンタン。<page><box>セツ<speaker>通信ケーブルをつかうか<br> じゅもん入力で 助けたい<br> 人のダンジョンにもぐりこみ、、<page><box>セツ<speaker>助けたい人の ところまで<br> いけば その人はふっかつします。<page><box>セツ<speaker>もし アナタが<br> 助けをもとめている おともだちを<br> ぶじ 助け出したとき、、<page><box>セツ<speaker>きっと その おともだちは<br> アナタのことを えいえんに<br> そんけいするでしょう。<page>	"Setsu: Many Wanderers<br>besides you travel<br>throughout the country.<page><box>Setsu: Some have only<br>just become Wanderers...<page><box>Setsu: Others are<br>veterans who have cleared<br>every kind of dungeon.<page><box>Setsu: All of them are<br>working hard and taking on<br>challenges.<page><box>Setsu: But when a<br>Wanderer collapses,<br>their items are lost...<page><box>Setsu: ""I cannot<br>lose this item!<page><box>Someone, please help me!""<page><box>Setsu: At such a time, you can<br>rescue that person yourself.<page><box>Setsu: The process is simple.<page><box>Setsu: Use a Link Cable<br>or Password to enter<br>that person's dungeon...<page><box>Setsu: Reach the person<br>you wish to save, and<br>they will be revived.<page><box>Setsu: If you safely<br>rescue a friend who<br>has called for help...<page><box>Setsu: that friend will<br>surely respect you forever.<page>"	
199:$62F0	227:$7342	197	セツ<speaker>ワタシは 命をかけて<br> たたかう人を 見もりたいと<br> 思います、、。<page><box>セツ<speaker>たいちょうのように、、<page><box>セツ<speaker>こちらは<br> 風来きゅうじょたいです。<page><box>セツ<speaker>前回の<br> 「ふっかつ」のじゅもんを<br> おききになりますか？	"Setsu: I wish to watch<br>over those who risk<br>their lives in battle...<page><box>Setsu: Just like the<br>Captain...<page><box>Setsu: This is<br>the Rescue Team.<page><box>Setsu: Would you like<br>to hear the previous<br>""Revival"" Password?"	
199:$636B	227:$7408	95	セツ<speaker>こちらは<br> 風来きゅうじょたいです。<page><box>セツ<speaker>前回の<br> 「ふっかつ」のじゅもんを<br> おききになりますか？	"Setsu: This is<br>the Rescue Team.<page><box>Setsu: Would you like<br>to hear the previous<br>""Revival"" Password?"	
199:$63A9	227:$7468	61	セツ<speaker>では<br> 風来きゅうじょたいの<br> せつめいをききますか？	Setsu: Then would you<br>like an explanation<br>of the Rescue Team?	
199:$63CB	227:$74A6	73	セツ<speaker>せつめいや「ふっかつ」の<br> じゅもんが ききたいときは<br> また きてください。<page>	"Setsu: Return anytime you<br>need an explanation or<br>the ""Revival"" Password.<page>"	
199:$63F8	227:$74F0	38	セツ<speaker>「ふっかつ」のじゅもんは<br><cF8>1<br> だったようです。<page>	"Setsu: The ""Revival""<br>Password was:<br><cF8>1<page>"	
199:$6417	227:$7517	124	グッド<speaker>おつかれさまであります！<br> よくぞ ごぶじで！<page><box>グッド<speaker>さっそくですが<br> 風来きゅうじょれんめいへの<br> とうろくを していただきます！<page><box>	Good: Welcome back! I am<br>glad you returned safely!<page><box>Good: Let us register<br>you with the Wanderer<br>Rescue Federation at once!<page><box>	
199:$6466	227:$7594	140	グッド<speaker>こちら風来、、<page>！！<page><box>グッド<speaker>おお！ アナタは！！<page><br> お待ちしていたであります！<page><box>グッド<speaker>では さっそく<br> てつづきを おこなうであります。<page><box>	Good: This is the Wanderer...<page><box>Good: !!<page><box>Good: Oh! It is you!!<page><box>Good: We have been waiting!<page><box>Good: Let us begin the<br>procedure immediately.<page><box>	
199:$64BC	227:$7621	45	グッド<speaker>どちらのせつぞくを<br> ごきぼうでありますか？	Good: Which connection<br>method would you like?	
199:$64D8	227:$764F	80	グッド<speaker>ラジャッ！<page><box>グッド<speaker>では じゅんびができしだい<br> こちらに おこしください！<page><box>グッド<speaker>お待ちしております！<page>	Good: Roger!<page><box>Good: Return here<br>once you are ready!<page><box>Good: We shall be waiting!<page>	
199:$6519	227:$76A0	299	グッド<speaker>とりけす、、？<page><br> 今 とりけすと言ったので<br> ありますか？！<page><box>グッド<speaker>どうしたのでありますか？！<br> ともだちが あなたの助けを<br> あきらめてしまったのですか？！<page><box>グッド<speaker>それとも ほかの人が<br> きゅうじょしたのですか？！<page><box>グッド<speaker>うおおおおおおおおお！<page><br> わかる！ わかりますぞ！<br> つらい、、ほんとうにつらい、、。<page><box>グッド<speaker>ではつぎの きゅうじょのため<br> 今回のにんむはしゅうりょうと<br> いうことでよろしいですね？	Good: Cancel...?<page><box>Good: Did you say<br>you wish to cancel?!<page><box>Good: What happened?!<br>Did your friend give<br>up waiting for you?!<page><box>Good: Or did someone else<br>perform the rescue?!<page><box>Good: Ooooooh!<page><box>Good: I understand!<br>This truly hurts...<page><box>Good: Then shall we close<br>this mission and prepare<br>for the next rescue?	
199:$65FF	227:$77CC	88	グッド<speaker>まようのもムリありません。<br> では すこしおかんがえください。<br> お待ちしているであります。<page><box>	Good: It is understandable<br>to hesitate. Please take time<br>to consider it. I shall wait.<page><box>	
199:$6636	227:$7825	243	グッド<speaker>わかったであります、、。<br> よくかんがえてのことで<br> ありましょう、、。<page><box>グッド<speaker>しかし！！ このグッド<br> アナタのがんばりに<br> とても カンドーいたしました！<page><box>グッド<speaker>ささやかではありますが<br> プレゼントをごよういしました！<page><br> おうけとり、、うおっ！<page><box>グッド<speaker>持ちものが<br> いっぱいなのであります！<page><box>グッド<speaker>持ちものをへらしてから<br> ぜひ またおこしください！<page>	Good: Understood... You<br>must have considered<br>this carefully.<page><box>Good: However! Your efforts<br>have deeply moved me!<page><box>Good: I prepared a small<br>gift!<page><box>Good: Please accept... Whoa!<page><box>Good: Your inventory is full!<page><box>Good: Make room,<br>then please return!<page>	
199:$66FD	227:$7919	170	グッド<speaker>わかったであります、、。<br> よくかんがえてのことで<br> ありましょう、、。<page><box>グッド<speaker>しかし！！ このグッド<br> アナタのがんばりに<br> とても カンドーいたしました！<page><box>グッド<speaker>ささやかではありますが<br> プレゼントをごよういしました！<page><br> どうか おうけとりください！<page><box>	Good: Understood... You<br>must have considered<br>this carefully.<page><box>Good: However! Your efforts<br>have deeply moved me!<page><box>Good: I prepared a small<br>gift!<page><box>Good: Please accept it!<page><box>	
199:$678B	227:$79C4	19	<name>は <br><cF8>fをもらった！<delay:50><page><box>	<name> received<br><cF8>f!<delay:50><page><box>	
199:$679D	227:$79D8	62	グッド<speaker>これにめげず<br> これからもがんばってください！<br> おつかれさまでした！<page>	Good: Do not be<br>discouraged. Keep doing<br>your best! Well done!<page>	
199:$67C7	227:$7A17	63	グッド<speaker>アナタが きゅうじょした<br> あいての方に わたしておきたい<br> アイテムはありますか？	Good: Would you like<br>to send an item to the<br>person you rescued?	
199:$67F8	227:$7A57	155	グッド<speaker>壺に入れたアイテムは<br> なくなってしまうのでちゅういして<br> ほしいのであります！<page><box>グッド<speaker>ケーブルをごりようですので<br> セレクトボタンで えらべば<br> いくつでもおわたしできます。<page><box>グッド<speaker>レッツ！ せんたく！<page><box>	Good: Items inside Pots<br>will be lost, so take care!<page><box>Good: Since you are using<br>a Cable, press Select to<br>choose as many as you like.<page><box>Good: Let us choose!<page><box>	
199:$686E	227:$7AF3	63	グッド<speaker>ラジャッ！<page><br> なにも おわたししないということで<br> てつづきを おこなうであります。<page><box>	Good: Roger!<page><box>Good: I shall proceed<br>without sending anything.<page><box>	
199:$68A1	227:$7B33	180	グッド<speaker>む、、？<page><box>グッド<speaker>おおお！ このままでは<br> 持ちものがいっぱいで きねんの<br> アイテムをおわたしできません！<page><box>グッド<speaker>きゅうじょしたあいてに<br> なにかあげるか<page> そうこに行って<br> 持ちものをへらしてください！<page><box>	Good: Hm...?<page><box>Good: Your inventory is<br>full, so I cannot give you<br>the commemorative item!<page><box>Good: Give something<br>to the rescued player,<page><box>Good: or visit the<br>warehouse and make room!<page><box>	
199:$6918	227:$7BE8	68	グッド<speaker>、、！<page><br> おわたしできるようなものは<br> お持ちでないようであります！<page><box>	Good: ...!<page><box>Good: You do not appear to<br>have anything you can send!<page><box>	
199:$6944	227:$7C2D	115	グッド<speaker>、、ぐおっ！<page><br> お気づきでありますか？！<br> もののけが おりますぞ！！<page><box>グッド<speaker>おわたしできるのは<br> アイテムだけであります！<br> もう一度 レッツ！ せんたく！<page><box>	Good: Gwah!<page><br>Did you notice?!<br>There is a monster here!!<page><box>Good: I can only send items!<page><box>Good: Let us choose again!<page><box>	
199:$69A2	227:$7CA1	439	グッド<speaker>では通信ケーブルを<br> つなぎ あいての方のじゅんびを<br> かくにんしてください。<page><box>グッド<speaker>ゲームメニューの「冒険に<br> 出る」から 「さあ ふっかつだ！」を<br> えらんでいるでありますか？<page><box>グッド<speaker>さらにその中の「ケーブル」を<br> えらんでいただければ じゅんびは<br> okなのであります。<page><box>グッド<speaker>アナタはaボタンをおして<br> 「ふっかつ」データを<br> あいての方に おくります<page><box>グッド<speaker>つぎにあいての方が<br> aボタンをおして うけとります。<page><box>グッド<speaker>アナタがおして！<br> あいてがおして！ さあ おくろう！<br> 「ふっかつ」をねがって！！	"Good: Connect the Link<br>Cable and make sure the<br>other player is ready.<page><box>Good: Did they select<br>""Adventure"", then ""Revive!""<br>from the game menu?<page><box>Good: They must<br>then select ""Cable"".<page><box>Good: That completes<br>their preparation.<page><box>Good: Press the A Button<br>to send your Revival<br>data to the other player.<page><box>Good: The other player<br>must then press the A<br>Button to receive it.<page><box>Good: You press! They<br>press! Now send it!<page><box>Good: Send your<br>wish for Revival!!"	
199:$6AC1	227:$7E59	37	グッド<speaker>む、、？<br> せつぞくが うまくいきません！<page><box>	Good: Hm...?<br>The connection failed!<page><box>	
199:$6ADE	227:$7E7F	131	グッド<speaker>む、、？<br> なにか いじょうじたいが<br> おこっているようです。<page><box>グッド<speaker>もうしわけありませんが<br> このきゅうじょはなかったことに<br> させていただきます。<page>	Good: Hmm...?<page><br>Something appears<br>to have gone wrong.<page><box>Good: I am sorry, but we<br>must treat this rescue as<br>though it never happened.<page>	
199:$6B33	227:$7F03	190	グッド<speaker>すこし おまちください！<page><box>グッド<speaker>、、<page><box>グッド<speaker>、、、、<page><box>グッド<speaker>、、、、、、<page><box>グッド<speaker>うおっ！！<page><box>グッド<speaker>風来きゅうじょれんめいより<br> きゅうじょの しょうごうと<br> アイテムが じゅよされます！<page><box>グッド<speaker>おめでとうございます！<page><box>	Good: Please wait a moment!<page><box>Good: ...<page><box>Good: ......<page><box>Good: .........<page><box>Good: Whoa!!<page><box>Good: The Wanderer Rescue<br>Federation will award you<br>a rescue title and an item!<page><box>Good: Congratulations!<page><box>	
199:$6BBB	227:$7FC2	47	<name>は <cF8>j名きゅうじょの<br>しょうごうと<br><cF8>fを<cF3>もらった！<delay:50><page><box>	<name> received a title<br>for <cF8>j rescues<cF3> and<br><cF8>f!<delay:50><page><box>	
199:$6BDF	228:$4000	185	グッド<speaker>では てつづきを<br> おこなうであります！<page><box>グッド<speaker>、、<page><box>グッド<speaker>、、、、<page><box>グッド<speaker>、、、、、、<page><box>グッド<speaker>うおっ！！<page><box>グッド<speaker>風来きゅうじょれんめいより<br> きゅうじょの しょうごうが<br> じゅよされます！<page><box>グッド<speaker>おめでとうございます！<page><box>	Good: I shall begin<br>the procedure!<page><box>Good: ...<page><box>Good: ......<page><box>Good: .........<page><box>Good: Whoa!!<page><box>Good: The Wanderer<br>Rescue Federation will<br>award you a rescue title!<page><box>Good: Congratulations!<page><box>	
199:$6C69	228:$40BA	39	<name>は <cF8>j名きゅうじょの<br>しょうごうをもらった！<delay:50><page><box>	<name> received a title<br>for <cF8>j rescues!<delay:50><page><box>	
199:$6C88	228:$40E2	117	グッド<speaker>もし きゅうじょのことで<br> わからないことが ありましたら<br> ハトがかりにおたずねください！<page><box>グッド<speaker>これからも ごかつやく<br> 期待しているであります！<page>	Good: If you have any<br>questions about rescues,<br>ask the Pigeon Handler!<page><box>Good: I look forward<br>to your future success!<page>	
199:$6CDF	228:$4158	80	グッド<speaker>ラジャッ！<page><box>グッド<speaker>では じゅんびができしだい<br> こちらに おこしください！<page><box>グッド<speaker>お待ちしております！<page>	Good: Roger!<page><box>Good: Return here<br>once you are ready!<page><box>Good: We shall be waiting!<page>	
199:$6D20	228:$41A9	63	グッド<speaker>アナタが きゅうじょした<br> あいての方に わたしておきたい<br> アイテムはありますか？	Good: Would you like<br>to send an item to the<br>person you rescued?	
199:$6D51	228:$41E9	143	グッド<speaker>壺に入れたアイテムは<br> なくなってしまうのでちゅういして<br> ほしいのであります！<page><box>グッド<speaker>ケーブルではありませんので<br> わたすことができるアイテムは<br> 1つだけであります。<page><box>グッド<speaker>レッツ！ せんたく！<page><box>	Good: Items inside Pots<br>will be lost, so take care!<page><box>Good: Since you are<br>not using a Cable, you<br>can only send one item.<page><box>Good: Let us choose!<page><box>	
199:$6DC4	228:$4279	63	グッド<speaker>ラジャッ！<page><br> なにも おわたししないということで<br> てつづきを おこなうであります。<page><box>	Good: Roger!<page><box>Good: I shall proceed<br>without sending anything.<page><box>	
199:$6DF7	228:$42B9	180	グッド<speaker>む、、？<page><box>グッド<speaker>おおお！ このままでは<br> 持ちものがいっぱいで きねんの<br> アイテムをおわたしできません！<page><box>グッド<speaker>きゅうじょしたあいてに<br> なにかあげるか<page> そうこに行って<br> 持ちものをへらしてください！<page><box>	Good: Hm...?<page><box>Good: Your inventory is<br>full, so I cannot give you<br>the commemorative item!<page><box>Good: Give something<br>to the rescued player,<page><box>Good: or visit the<br>warehouse and make room!<page><box>	
199:$6E6E	228:$436E	68	グッド<speaker>、、！<page><br> おわたしできるようなものは<br> お持ちでないようであります！<page><box>	Good: ...!<page><box>Good: You do not appear to<br>have anything you can send!<page><box>	
199:$6E9A	228:$43B3	115	グッド<speaker>ぐおっ、、！<page><br> お気づきでありますか？！<br> もののけが おりますぞ！！<page><box>グッド<speaker>おわたしできるのは<br> アイテムだけであります！<br> もう一度 レッツ！ せんたく！<page><box>	Good: Gwah!<page><br>Did you notice?!<br>There is a monster here!!<page><box>Good: I can only send items!<page><box>Good: Let us choose again!<page><box>	
199:$6EF8	228:$4427	85	グッド<speaker>すこし おまちください！<page><box>グッド<speaker>、、<page><box>グッド<speaker>、、、、<page><box>グッド<speaker>、、、、、、<page><box>グッド<speaker>うおっ！！<page><box>	Good: Please wait a moment!<page><box>Good: ...<page><box>Good: ......<page><box>Good: .........<page><box>Good: Whoa!!<page><box>	
199:$6F39	228:$447D	81	グッド<speaker>風来きゅうじょれんめいより<br> 「ふっかつ」のじゅもんと<br> アイテムが じゅよされます！<page><box>	Good: The Wanderer Rescue<br>Federation awards you an item<br>and a Revival Password!<page><box>	
199:$6F6E	228:$44CF	26	<name>は <br><cF8>1<br>と<cF8>fを もらった！<delay:50><page><box>	<name> received<br><cF8>1<br>and <cF8>f!<delay:50><page><box>	
199:$6F85	228:$44EA	81	グッド<speaker>風来きゅうじょれんめいより<br> 「ふっかつ」のじゅもんと<br> アイテムが じゅよされます！<page><box>	Good: The Wanderer Rescue<br>Federation awards you an item<br>and a Revival Password!<page><box>	
199:$6FBA	228:$453C	19	<name>は <br><cF8>1を<br>もらった！<delay:50><page><box>	<name> received<br><cF8>1!<delay:50><page><box>	
199:$6FCD	228:$4550	314	グッド<speaker>「ふっかつ」のじゅもんは<br> きゅうじょされた人が <br> ふっかつするためにひつようです。<page><box>グッド<speaker>ぜひ わすれずに<br> おしえてあげてください！<page><box>グッド<speaker>もしかすると<br> 「おれい」のじゅもんが<br> もらえるかもしれません！<page><box>グッド<speaker>「おれい」のじゅもんを<br> もらったら ハトがかりに<br> 声をかけるのであります！<page><box>グッド<speaker>さらに スバラシイものが<br> アナタにおくられることでしょう！<page><box>グッド<speaker>これからも ごかつやく<br> 期待しているであります！<page>	Good: The rescued player<br>needs the Revival<br>Password to revive.<page><box>Good: Be sure to<br>tell them what it is!<page><box>Good: They may send you<br>a Thank-You Password in<br>return!<page><box>Good: If you receive one,<br>speak to the Pigeon Handler!<page><box>Good: An even more wonderful<br>reward may await you!<page><box>Good: I look forward<br>to your future success!<page>	
199:$70BB	228:$468B	80	グッド<speaker>ラジャッ！<page><box>グッド<speaker>では じゅんびができしだい<br> こちらに おこしください！<page><box>グッド<speaker>お待ちしております！<page>	Good: Roger!<page><box>Good: Return here<br>once you are ready!<page><box>Good: We shall be waiting!<page>	
199:$70FC	228:$46DC	101	クメ<speaker>おや。なにかあったのかい？<page><br> 元気出して しっかりね！<page><box>クメ<speaker>そうこを ごりようかい？	Kume: Oh? Did<br>something happen?<page><box>Kume: Keep your chin up!<page><box>Kume: Would you like<br>to use the warehouse?	
199:$7132	228:$4742	162	クメ<speaker>このごろ あずけてたものを<br> とりにくるおきゃくさんが<br> おおくてねえ、、。<page><box>クメ<speaker>しょうばいあがったりだわね。<page><br> そうこを ごりようかい？	Kume: A lot of customers<br>have been coming to retrieve<br>their stored items lately...<page><box>Kume: It is terrible<br>for business.<page><box>Kume: Would you like<br>to use the warehouse?	
199:$7180	228:$47E5	155	クメ<speaker>アンタ にげなくて<br> だいじょうぶかい？<page><box>クメ<speaker>これから たいへんなことに<br> なるみたいだよ。<page><box>クメ<speaker>ああ そうだったね。<br> そうこを ごりようかい？	Kume: Are you sure<br>you should not flee?<page><box>Kume: It sounds like things<br>are about to get rough.<page><box>Kume: Oh, that is<br>right. Would you like<br>to use the warehouse?	
199:$71D4	228:$4881	152	クメ<speaker>ワタシら ずっとこの町で<br> 生きてきたんだ。<page><box>クメ<speaker>はいそうですかって<br> にげるわけにはいかないね！<page><box>クメ<speaker>さあ みじたくしっかり<br> ととのえていっておくれよ！	Kume: We have lived in<br>this town all our lives.<page><box>Kume: We cannot simply<br>pack up and run away!<page><box>Kume: Now make sure you are<br>fully prepared before you go!	
199:$722F	228:$491A	131	クメ<speaker>ごめんなさいねえ。<page><br> いま そうこの中<br> そうじ中なのよ。<page><box>クメ<speaker>そのうちおわるから<br> また きておくれね。<page>	Kume: Sorry, dear.<page><box>Kume: We are cleaning inside<br>the warehouse right now.<page><box>Kume: We should finish before<br>long, so come back later.<page>	
199:$7270	228:$499E	42	クメ<speaker>そうこを ごりようかい？	Kume: Would you like<br>to use the warehouse?	
199:$7281	228:$49C9	51	クメ<speaker>おや。行くのかい？<page><br> またきてちょうだいね。<page>	Kume: Oh, are you leaving?<page><box>Kume: Come back again.<page>	
199:$729F	228:$49FD	29	クメ<speaker>ほかに なにかあるかい？	Kume: Is there anything else?	
199:$72B0	228:$4A1B	56	クメ<speaker>あいよ。これだね？<page><br> 気をつけて お持ちよ。<page>	Kume: All right. This one?<page><box>Kume: Take good care of it.<page>	
199:$72CF	228:$4A54	53	クメ<speaker>あいよ。<page><br> たしかに あずかったからね。<page>	Kume: All right.<page><box>Kume: I will keep<br>it safe for you.<page>	
199:$72EA	228:$4A8A	71	クメ<speaker>おやおや、、。<page><br> 持ち物がいっぱいで ぜんぶは<br> わたせないみたいだねえ。<page><box>	Kume: Oh, my...<page><box>Kume: Your inventory is too<br>full to take everything.<page><box>	
199:$7319	228:$4AD2	51	クメ<speaker>あずかってるものは<br> なにも ないみたいだよ？<page><box>	Kume: It seems I am not<br>storing anything for you.<page><box>	
199:$7337	228:$4B06	68	クメ<speaker>おや、、。<page><br> あずかってあげられそうなものは<br> 持ってないみたいだねえ。<page><box>	Kume: Oh...<page><box>Kume: You do not appear to<br>have anything I can store.<page><box>	
199:$7364	228:$4B4B	74	クメ<speaker>すまないねえ、、。<page><br> そうこがいっぱいで<br> ぜんぶは 入りきらないみたい。<page><box>	Kume: I am sorry...<page><box>Kume: The warehouse is too<br>full to hold everything.<page><box>	
199:$7392	228:$4B96	77	<br>のろわれたアイテムははずせない！<page><box>クメ<speaker>どの持ち物を<br> あずかればいいんだい？	Cursed items<br>cannot be removed!<page><box>Kume: Which item would<br>you like me to store?	
199:$73BF	228:$4BE4	98	クメ<speaker>おや、、。<page><br> 持ち物がいっぱいで ぜんぶは<br> わたせないみたいだねえ。<page><box>クメ<speaker>どれを持っていくんだい？	Kume: Oh...<page><box>Kume: Your inventory is too<br>full to take everything.<page><box>Kume: Which item<br>will you take?	
199:$73FD	228:$4C47	118	クメ<speaker>すまないねえ、、。<page><br> そうこがいっぱいで<br> ぜんぶは 入りきらないみたい。<page><box>クメ<speaker>どの持ち物を<br> あずかればいいんだい？	Kume: I am sorry...<page><box>Kume: The warehouse is too<br>full to hold everything.<page><box>Kume: Which item would<br>you like me to store?	
199:$7444	228:$4CBE	64	クメ<speaker>壺の中みは 消えちゃうけど<br> それでも いいのかい？	Kume: The contents of<br>the Pot will disappear.<br>Is that all right?	
199:$7466	228:$4CFF	70	クメ<speaker>おや、、。<page><br> すててあげられそうなものは<br> 持ってないみたいだねえ。<page><box>	Kume: Oh...<page><box>Kume: You do not appear to<br>have anything I can discard.<page><box>	
199:$7491	228:$4D46	69	クメ<speaker>アンタの持ち物を ぜんぶ<br> すてちゃうけど いいかい？<page>	Kume: I will discard<br>everything you are<br>carrying. Is that all right?<page>	
199:$74B4	228:$4D8C	80	クメ<speaker>あいよ。<page><br> ワタシらが せきにんをもって<br> かようびには 出しておくからね。<page><box>	Kume: All right.<page><box>Kume: We will take<br>responsibility and<br>put it out by Tuesday.<page><box>	
199:$74E3	228:$4DDD	121	カメ<speaker>あららららら。<page><br> どうしたの？ なやみごと<EE>？<page><box>カメ<speaker>そんなときは<br> そうこのせつめいきいてって<EE>。	Kame: Oh, my, my.<page><box>Kame: What is wrong?<br>Something troubling you?<page><box>Kame: Then stay and listen<br>to my warehouse explanation.	
199:$751D	228:$4E57	140	カメ<speaker>あ<EE>いそがしいいそがしい。<page><br> え？<page> だってオバチャン<br> モテモテなんだもの<EE>！<page><box>カメ<speaker>ききにきたんでしょ？<br> オバチャンのせ<D2>つ<D2>め<D2>い。	Kame: Oh, so busy, busy!<page><box>Kame: Hm?<page><box>Kame: Why, Auntie is<br>simply irresistible!<page><box>Kame: You came to hear<br>Auntie's ex<D2>pla<D2>na<D2>tion,<br>did you not?	
199:$756B	228:$4EE4	186	カメ<speaker>こんな日は 店やらなくて<br> いいって言ったんだけどね<EE>。<page><box>カメ<speaker>クメさん マジメなのよ<EE>。<page><br> だからオバチャンも<br> おしごとしてるってワケなのね。<page><box>カメ<speaker>きいていくでしょ？<br> そうこのせつめい。	Kame: I said we should close<br>the shop on a day like this.<page><box>Kame: But Kume is so<br>diligent.<page><box>Kame: So Auntie is<br>here working too.<page><box>Kame: You will stay for the<br>warehouse explanation, right?	
199:$75D9	228:$4F9F	111	カメ<speaker>もうカクゴしまくりだわよっ！<page><box>カメ<speaker>気合をいれて そうこの<br> せつめいするんだからっ！<br> きいてってー！！<page><box>	Kame: I am more than ready!<page><box>Kame: I will put my heart into<br>this warehouse explanation!<page><box>Kame: So listen up!!<page><box>	
199:$7619	228:$500F	222	カメ<speaker>オバチャンは そうじなんて<br> しなくていいって言ったんだよ。<page><box>カメ<speaker>でも クメさんが<br> ホコリっぽいと むせるとか<br> なんとか言うもんでね。<page><box>カメ<speaker>もともと そうじなんてのは<page><br> 、、え？ あ そうそう<br> ようするにあとできてってこと！<page><box>カメ<speaker>わるいわね<EE>。<page>	Kame: Auntie said we<br>did not need to clean.<page><box>Kame: But Kume claimed<br>the dust would make<br>her cough or something.<page><box>Kame: Cleaning was always...<page><box>Kame: Hm? Oh, right.<page><box>Kame: The point is,<br>come back later!<page><box>Kame: Sorry, dear.<page>	
199:$76A8	228:$50EE	101	カメ<speaker>そうこのことなら<br> オバチャンに おまかせよ。<page><box>カメ<speaker>どう？<br> そうこのせつめい きく？	Kame: When it comes to<br>the warehouse, leave it to<br>Auntie.<page><box>Kame: Well? Would you<br>like an explanation?	
199:$76DB	228:$5154	100	カメ<speaker>んまあ！ <page>ワルぶって、。<page><box>カメ<speaker>ま いいわ。<br> オバチャン待ってるから。<page><br>	Kame: Well, I never!<page><box>Kame: Trying to<br>act tough, are we?<page><box>Kame: Very well.<br>Auntie will be waiting.<page><box>	
199:$770A	228:$51B9	105	カメ<speaker>うふふ、、。<br> きょうみしんしんだわね！<page><box>カメ<speaker>どのせつめいがききたい？	Kame: Tee-hee...<br>You are simply bursting<br>with curiosity!<page><box>Kame: Which explanation<br>would you like to hear?	
199:$7735	228:$5223	386	カメ<speaker>じゃあ みっちりミチミチ<br> おしえてあげるわよお。<page><box>カメ<speaker>ウチの店には 2しゅるいの<br> そうこがあるのよ。<page><box>カメ<speaker>ワタシのヒダリにいる<br> クメさんがうけつけしてるそうこ。<page><box>カメ<speaker>もう1つは アンタから見て<br> ミギがわにある ゆかが木で<br> できてる部屋のそうこ。<page><box>カメ<speaker>どっちも おなじそうこだけど<br> ミギがわのそうこは アイテムを<br> おくだけで あずけられるのよ。<page><box>カメ<speaker>べんりでしょ？<page><br> カンタンでしょ？<page><box>	Kame: Auntie will give<br>you the full rundown.<page><box>Kame: It will be jam-packed!<page><box>Kame: Our shop has two<br>kinds of warehouse.<page><box>Kame: The Receptionist<br>Kume to my left<br>manages one of them.<page><box>Kame: The other is<br>the wooden-floored<br>room on your right.<page><box>Kame: Both are warehouses.<page><box>Kame: In the room on<br>the right, simply place<br>an item to store it.<page><box>Kame: Convenient, is it not?<page><box>Kame: And easy too!<page><box>	
199:$7817	228:$53A6	968	カメ<speaker>じゃあ むっちりムチムチ<br> おしえてあげるわよお。<page><box>カメ<speaker>壺をあずけるときなんだけど<br> 中になにも入れない方がいいわ。<page><box>カメ<speaker>なぜって？<page><box>カメ<speaker>そりゃアンタ！<page><br> 壺の中のアイテムが<br> なくなっちゃうからよお！<page><box>カメ<speaker>わからないけど 壺の中に<br> 入れるほどだいじなら しっかり<br> 持ってなさいってことかしらね。<page><box>カメ<speaker>おいてけぼりにされた壺が<br> ヘソまげて 中のアイテムを<br> 消しちゃうのかも しれないわね。<page><box>カメ<speaker>そうそう！<page><br> なくなっちゃうと言えば<br> 思い出したわ！<page><box>カメ<speaker>たまあに いるんだけどさ<br> そうこの中で レベル上げてる<br> ヘンな風来人。<page><box>カメ<speaker>アレ ムダよ。ムダ。<br> ムダムダよ。<page><box>カメ<speaker>どうせ 店の外に出たら<br> 元のレベルにもどるんだから。<page><box>カメ<speaker>え？ なぜかって？<page><box>カメ<speaker>そりゃアンタ！<page><br> よの中 そんなインチキ<br> ゆるされるハズないでしょ？<page><box>カメ<speaker>オバチャンの名にかけて<br> ラクはさせないわよ。<page><box>カメ<speaker>まあ いいユメみたと思って<br> しっかり 生きていくことね。<page><box>	Kame: Auntie will give<br>you the full rundown.<page><box>Kame: A nice, juicy one!<page><box>Kame: When storing<br>a Pot, it is best to<br>leave nothing inside it.<page><box>Kame: Why, you ask?<page><box>Kame: Well, dear!<page><box>Kame: The items inside<br>the Pot will disappear!<page><box>Kame: I do not know why.<page><box>Kame: If it is important<br>enough to put in a Pot...<page><box>Kame: perhaps you should<br>carry it properly.<page><box>Kame: Maybe a Pot gets cross<br>when you leave it behind and<br>makes its contents vanish.<page><box>Kame: Oh, yes! Speaking<br>of things disappearing,<br>I just remembered!<page><box>Kame: Every so often, a<br>strange Wanderer appears.<page><box>Kame: They try to gain<br>levels inside the warehouse.<page><box>Kame: That is<br>pointless. Pointless!<page><box>Kame: Utterly pointless!<page><box>Kame: Your original<br>level returns as soon<br>as you leave the shop.<page><box>Kame: Hm? Why, you ask?<page><box>Kame: Well, dear!<page><box>Kame: The world would never<br>allow such cheating, would<br>it?<page><box>Kame: Auntie will not let<br>anyone take the easy way<br>out.<page><box>Kame: Just think of it<br>as a pleasant dream and<br>get on with your life.<page><box>	
199:$7A10	228:$576F	697	カメ<speaker>じゃあ もっちりモチモチ<br> おしえてあげるわよお。<page><box>カメ<speaker>ゆかが木でできてる部屋の<br> そうこいがいに アイテムを<br> 投げたりしないこと。<page><box>カメ<speaker>投げたアイテムは<br> つかいものにならなくなるわ。<page><box>カメ<speaker>え？ なぜかって？<page><box>カメ<speaker>そりゃアンタ！<page><br> オバチャンのパワーが<br> とどいてないからだわよ。<page><box>カメ<speaker>そんなとこまで<br> せきにんとらせないでっ！<page><box>カメ<speaker>イヤでしょ？<page><br> だいじなアイテムが<br> つかえなくなったら。<page><box>カメ<speaker>だったら むやみにアイテムを<br> 投げたりしないことだわね。<page><box>カメ<speaker>オバチャンがまもって<br> あげられるのは ミギがわの<br> ゆかが木でできてるトコだけ。<page><box>カメ<speaker>どうしても アイテムを<br> 投げたいなら あの中で<br> スキなだけ投げまくるがいいわ。<page><box>カメ<speaker>ただし アイテムが そうこの<br> 外にとび出したって オバチャン<br> ホントに知らないわよ。<page><box>	Kame: Auntie will give<br>you the full rundown.<page><box>Kame: Soft and chewy!<page><box>Kame: Do not throw items<br>outside the wooden-floored<br>warehouse room.<page><box>Kame: Items thrown<br>elsewhere become unusable.<page><box>Kame: Hm? Why, you ask?<page><box>Kame: Well, dear!<page><box>Kame: Auntie's power does<br>not reach anywhere else.<page><box>Kame: Do not expect me<br>to take responsibility<br>that far away!<page><box>Kame: You would hate for an<br>important item to become<br>useless, would you not?<page><box>Kame: Then do not go throwing<br>items around carelessly.<page><box>Kame: Auntie can only<br>protect the wooden-floored<br>room on the right.<page><box>Kame: If you simply must<br>throw items, go inside and<br>throw as many as you like.<page><box>Kame: But if an item flies<br>out of the warehouse,<br>do not blame Auntie!<page><box>	
199:$7BB1	228:$5A29	157	カメ<speaker>あら そう、、。<page><box>カメ<speaker>まあいいわ。<page><br> オバチャンがフルパワーで<br> まもったげるから。<page><box>カメ<speaker>まあ そうこはドンドンドコドコ<br> りようした方が おトクだわよ！<page>	Kame: Oh, I see...<page><box>Kame: Very well.<page><box>Kame: Auntie will protect<br>everything at full power.<page><box>Kame: You should make<br>generous use of the<br>warehouse. It pays off!<page>	
200:$40C8	230:$7C2A	24	マムル<speaker>なんかよう？<page><box>	Mamel: Need something?<page><box>	
200:$40D6	230:$7C43	29	<D5><speaker>まだ<D0>はいれないよ。<page><box>	Debug: You can't enter yet.<page><box>	
200:$40E6	230:$7C61	27	<D5><speaker>もう<D0>はいれるよ。<page><box>	Debug: You can enter now.<page><box>	
200:$40F5	230:$7C7D	38	<D5><speaker>かいわスクリプトさしかえ<page><box>	Debug: Conversation<br>script replaced.<page><box>	
200:$4107	230:$7CA4	21	<D5><speaker>とうめい！<page><box>	Debug: Transparent!<page><box>	
200:$4112	230:$7CBA	16	<D5><speaker>ふとうめい！<page><box>	Debug: Opaque!<page><box>	
200:$411E	230:$7CCB	25	<D5><speaker>うまくうごいてないざんす。<page>	Debug: It isn't working.<page>	
200:$4130	230:$7CE5	28	<D5><speaker>うまくうごいてます。かも？<page>	Debug: It might be working.<page>	
200:$4142	230:$7D02	65	コッパ<speaker>スタートボタンを おしながら<br> 十じキーで ナナメだけに<br> うごけるんだぜ！<page>	Koppa: Hold Start while<br>using the D-Pad to<br>move only diagonally!<page>	
200:$4170	230:$7D44	64	コッパ<speaker>スタートボタンを おせば<br> 十じキーで ナナメだけに<br> うごけるんだぜ！<page>	Koppa: Press Start,<br>then use the D-Pad to<br>move only diagonally!<page>	
200:$419C	230:$7D85	38	<D5><speaker>そんなマップしるかい！<page><box>	Debug: I've never<br>heard of that map!<page><box>	
200:$41AD	230:$7DAC	31	<D5><speaker>イルパの町（うえ）<page><box>	Debug: Ilpa Town, upper<br>area.<page><box>	
200:$41BF	230:$7DCC	31	<D5><speaker>イルパの町（した）<page><box>	Debug: Ilpa Town, lower<br>area.<page><box>	
200:$41D1	230:$7DEC	23	<D5><speaker>料理屋1f<page><box>	Debug: Restaurant 1F.<page><box>	
200:$41DF	230:$7E04	26	<D5><speaker>つれてってくれよ！<page><box>	Debug: Take me with you!<page><box>	
200:$41EE	230:$7E1F	26	ペケジ<speaker>おいら がんばるよ！<page><box>	Pekeji: I'll do my best!<page><box>	
200:$4200	230:$7E3A	29	ペケジ<speaker>ちぇっ<D0>つまんねぇの！<page><box>	Pekeji: Aw, this is boring!<page><box>	
200:$4213	230:$7E58	11	<D5><speaker>ウエです。<page>	Debug: Up.<page>	
200:$421D	230:$7E64	17	<D5><speaker>ミギ<26>ウエです。<page>	Debug: Up-right.<page>	
200:$422A	230:$7E76	14	<D5><speaker>ミギです。<page>	Debug: Right.<page>	
200:$4234	230:$7E85	19	<D5><speaker>ミギ<26>シタです。<page>	Debug: Down-right.<page>	
200:$4241	230:$7E99	13	<D5><speaker>シタです。<page>	Debug: Down.<page>	
200:$424B	230:$7EA7	18	<D5><speaker>ヒダリ<26>シタです。<page>	Debug: Down-left.<page>	
200:$4259	230:$7EBA	13	<D5><speaker>ヒダリです。<page>	Debug: Left.<page>	
200:$4264	230:$7EC8	16	<D5><speaker>ヒダリ<26>ウエです。<page>	Debug: Up-left.<page>	
200:$4272	230:$7ED9	34	<D5><speaker>これは<D0>ゲームボーイカラーだね！<page><box>	Debug: This is a<br>Game Boy Color!<page><box>	
200:$4288	230:$7EFC	36	<D5><speaker>これは<D0>アドバンスだね！<page><box>	Debug: This is a<br>Game Boy Advance!<page><box>	
200:$429A	230:$7F21	30	<D5><speaker>なかまとわかれた。<page>	Debug: Parted from<br>companion.<page>	
200:$42A8	230:$7F40	26	<D5><speaker>つれてってくれよ！<page><box>	Debug: Take me with you!<page><box>	
200:$42B7	230:$7F5B	25	ペケジ<speaker>おいら がんばるよ！<page>	Pekeji: I'll do my best!<page>	
200:$42C8	230:$7F75	28	ペケジ<speaker>ちぇっ<D0>つまんねぇの！<page>	Pekeji: Aw, this is boring!<page>	
200:$42DA	230:$7F92	56	<D5><speaker>アイテムもちすぎ！<br> なんか すてなよ。<page><box>	Debug: You're carrying<br>too many items!<br>Drop something.<page><box>	
200:$42F4	230:$7FCB	38	<D5><speaker><cF8>8か、、<br> すてるのかい。<page><box>	Debug: <cF8>8, huh?<br>Will you discard it?<page><box>	
200:$4308	231:$4000	21	<D5><speaker>ガイバラのかち！<page>	Debug: Gaibara wins!<page>	
200:$4315	231:$4016	20	<D5><speaker>シレンのかち！<page>	Debug: Shiren wins!<page>	
200:$4321	231:$402B	27	<D5><speaker>アイテムもちすぎデフ！<page>	Debug: Too many items, fu!<page>	
200:$4331	231:$4047	28	<D5><speaker>いってよろしいデフ！<page>	Debug: You may proceed, fu!<page>	
200:$4340	231:$4064	27	<D5><speaker>らんすうは2だよ！<page>	Debug: Random number is 2!<page>	
200:$434E	231:$4080	27	<D5><speaker>らんすうは0だよ！<page>	Debug: Random number is 0!<page>	
200:$435C	231:$409C	27	<D5><speaker>らんすうは1だよ！<page>	Debug: Random number is 1!<page>	
200:$436A	231:$40B8	26	<D5><speaker>どっかにお竜いるよ。<page>	Debug: Oryu is somewhere.<page>	
200:$437A	231:$40D3	24	<D5><speaker>お竜いないよ。<page>	Debug: Oryu isn't here.<page>	
200:$4387	231:$40EC	28	シレン<speaker>まじない まだまだ！<page>	Shiren: More spells remain!<page>	
200:$4398	231:$4109	29	シレン<speaker>まじない コンプリート！<page>	Shiren: All spells complete!<page>	
200:$43AB	231:$4127	27	シレン<speaker>サブルーチンコール1<page>	Shiren: Subroutine Call 1.<page>	
200:$43BC	231:$4143	27	シレン<speaker>サブルーチンコール2<page>	Shiren: Subroutine Call 2.<page>	
200:$43CD	231:$415F	184	グッド<speaker>おかえりなさいませ！！<page><br> こんかいは このようなけっかに<br> なってしまいましたが、、。<page><box>グッド<speaker>人を助けたいと思う<br> その気持ち<page> このグッドにも<br> ビンビンつたわってまいりました！<page><box>グッド<speaker>ぜひまた ちょうせんして<br> いただきたいのであります！<page><box>	Good: Welcome back!!<page><box>Good: This time, things<br>ended this way, but...<page><box>Good: Your desire<br>to help others...<page><box>Good: I felt it loud and<br>clear!<page><box>Good: I sincerely hope<br>you will try again!<page><box>	
200:$445A	231:$4218	192	ヒゲチヨ<speaker>ふむ、、。<page><br> さぞかし むねんじゃろうて。<page><box>ヒゲチヨ<speaker>だが しっぱいから<br> まなぶこともおおい。<page><box>ヒゲチヨ<speaker>ふぉっふぉっふぉっ。<br> まだまだ これからじゃよ。<page><br> おぬしが うらやましいわい。<page><box>	Higechiyo: Hmm...<page><box>Higechiyo: You must be<br>terribly disappointed.<page><box>Higechiyo: But much can<br>be learned from failure.<page><box>Higechiyo: Ho ho ho.<br>You are only getting<br>started.<page><box>Higechiyo: I envy you.<page><box>	
200:$44C8	231:$42D9	59	いろいろ やります。<br>ひとけのないところでプリーズ。	This does various things.<br>Please use it<br>somewhere deserted.	
200:$44E3	231:$4315	59	マーモが出るようになりました。<br>一度 しせつを出入りしてください。<page>	Mamo can now appear.<br>Please exit and<br>reenter the facility.<page>	
200:$450B	231:$4351	64	ゼンマイガーが出るようになりました。<br>一度 しせつを出入りしてください。<page>	Zenmaiger can now appear.<br>Please exit and<br>reenter the facility.<page>	
200:$4536	231:$4392	58	マーモが出るようになりました。<br>かじやのカマドを ひらきました。<page>	Mamo can now appear.<br>The Blacksmith's<br>Furnace has opened.<page>	
200:$4559	231:$43CD	32	ビッグモアイさまは 町を<br>おさりになられました。<page>	Big Moai has<br>departed the town.<page>	
200:$4574	231:$43EE	80	コッパ<speaker>ここだ！ <name>！<delay:1E><page><box>コッパ<speaker>ここで みぎ下にいけば<br> うまく にげられそうだぞ！<delay:1E><page><box>	Koppa: This way, <name>!<delay:1E><page><box>Koppa: Move down-right here,<br>and we should get away!<delay:1E><page><box>	
200:$45AA	231:$443F	46	スタートボタンを おしながら<br>みぎ下に いどうしよう！<delay:5A><page><box>	Hold START and move<br>down-right diagonally!<delay:5A><page><box>	
200:$45CB	231:$446E	50	セレクトボタンを おして<br>みぎ下に いどうしよう！<delay:5A><page><box>	Press SELECT, then move<br>down-right diagonally!<delay:5A><page><box>	
200:$45EA	231:$44A1	31	コッパ<speaker>うまいぞ！ <name>！<br> そのちょうしだ！<delay:1E><page>	Koppa: Nice, <name>!<br>Keep it up!<delay:1E><page>	
200:$4606	231:$44C1	49	コッパ<speaker>ここもナナメに動けば<br> ワナを ふまずにすむぞ。<delay:1E><page>	Koppa: Move diagonally<br>here to avoid the trap.<delay:1E><page>	
200:$4628	231:$44F3	44	スタートボタンを おしながら<br>みぎ上に動こう！<delay:5A><page><box>	Hold START and move<br>up-right diagonally!<delay:5A><page><box>	
200:$4646	231:$4520	48	セレクトボタンを おして<br>みぎ上に動こう！<delay:5A><page><box>	Press SELECT, then<br>move up-right diagonally!<delay:5A><page><box>	
200:$4662	231:$4551	47	コッパ<speaker>いいぞ！ そのちょうしだ！<br> どんどん先に すすもうぜ！<delay:1E><page>	Koppa: Great! Keep it up!<br>Let's keep moving!<delay:1E><page>	
200:$4688	231:$4581	46	コッパ<speaker>またナナメだ。<br> しんちょうに いこうぜ。<delay:1E><page>	Koppa: Another diagonal.<br>Take it carefully.<delay:1E><page>	
200:$46A6	231:$45B0	82	コッパ<speaker>うまいぞ！<br> さすが <name>！<page><box><delay:1E>コッパ<speaker>ヘン！ オイラたち<br> こんなワナには ひっかからない<br> からな！<delay:1E><page>	Koppa: Nice!<br>That's <name> for you!<page><box><delay:1E>Koppa: Hah! A trap like<br>that won't catch us!<delay:1E><page>	
200:$46E6	231:$4603	141	コッパ<speaker>ひえ<EE>！ ワナが<br> まばらに しかけてある！！<page><box>コッパ<speaker>ここは ナナメいどうで<br> ジグザグに動くしかない！<page><box>コッパ<speaker>もうすこしだ！<br> がんばろうぜ！ <name>！<page><box>	Koppa: Yikes! The traps<br>are scattered all over!<page><box>Koppa: We'll have to zigzag<br>through them diagonally!<page><box>Koppa: Almost there!<br>Keep going, <name>!<page><box>	
200:$4741	231:$4691	37	スタートボタンを おしたまま<br>れんぞくでナナメに動こう！<delay:5A><page><box>	Hold START and<br>zigzag diagonally!<delay:5A><page><box>	
200:$4763	231:$46B7	37	ナナメモードに したまま<br>ジグザグに動こう！<delay:5A><page><box>	Stay in diagonal<br>mode and zigzag!<delay:5A><page><box>	
200:$477F	231:$46DD	94	このダンジョンは アイテムを<br>もっていくことが できません。<page><box>アイテムを そうこに あずけるか<br>すてるかして ちょうせんして<br>下さい。<page>	You cannot bring items<br>into this dungeon.<page><box>Store or discard your<br>items before challenging it.<page>	
200:$47C6	231:$473C	94	このダンジョンは アイテムを<br>もっていくことが できません。<page><box>アイテムを そうこに あずけるか<br>すてるかして ちょうせんして<br>下さい。<page>	You cannot bring items<br>into this dungeon.<page><box>Store or discard your<br>items before challenging it.<page>	
200:$480D	231:$479B	49	<cF8>h<cF8>i号<speaker>ブオッフォ！<br> ソコハ イケナーイ！<br> ブオッフォ<D6><D7><D7><D7><D7><D7><D8>！<page>	<cF8>h<cF8>i Unit: Bwo-ho! I cannot<br>go there! Bwo-hoooo!<page>	
200:$4838	231:$47CD	47	マーモ<speaker>んん？<br> そこは ぼくは いけないよ。<br> マーモリー<D2>サラバー！<page>	Mamo: Hmm? I can't go<br>there. Mamo-ry farewell!<page>	
200:$485F	231:$47FD	66	お竜<speaker>そこは いけないなあ。<page><br> わたし 肉くさいのニガテなの。<br> じゃあね。<page>	Oryu: I can't go there.<page><box>Oryu: I hate the smell<br>of Meat. See you.<page>	
200:$488B	231:$4840	54	ペケジ<speaker>オレ そこのダンジョンは<br> ちょっと ニガテだあ。<br> またな！ アニキ！<page>	Pekeji: I'm not good with<br>that dungeon. See you, Bro!<page>	
200:$48B6	231:$4877	94	このダンジョンは アイテムを<br>もっていくことが できません。<page><box>アイテムを そうこに あずけるか<br>すてるかして ちょうせんして<br>下さい。<page>	You cannot bring items<br>into this dungeon.<page><box>Store or discard your<br>items before challenging it.<page>	
200:$48FD	231:$48D6	136	、、九つの道具が<br>きょうめいしはじめた！<page><box>九つの道具は<br>たがいに ゆうごうし、、<page><box>けいたいを へんかさせ、、<page><box>秘剣カブラステギに なった！！<page><box>	The nine tools<br>began to resonate!<page><box>The nine tools<br>fused together...<page><box>They changed form...<page><box>and became the secret<br>blade Kabura Sutegi!!<page><box>	
200:$4951	231:$495F	37	<name>は 秘剣カブラステギを<br>手に入れた！！<delay:F0><delay:C0><page><box>	<name> obtained<br>the Kabura Sutegi!!<delay:F0><delay:C0><page><box>	
200:$4971	231:$4985	139	グッド<speaker>おかえりなさいませ！！<page><br> いのちあっての 人助け<br> ごぶじで なによりであります！<page><box>グッド<speaker>ぜひまた ちょうせんして<br> いただきたいのであります！<page><box>	Good: Welcome back!!<page><box>Good: Your life comes<br>before any rescue. I am<br>glad you returned safely!<page><box>Good: I sincerely hope<br>you will try again!<page><box>	
200:$49C7	231:$4A11	135	ヒゲチヨ<speaker>ふぉっふぉっふぉっ。<page><br> なにも つきすすむことだけが<br> ただしき道ではない。<page><box>ヒゲチヨ<speaker>ときには しりぞく<br> ゆうきも ひつようなのじゃよ。<page><box>	Higechiyo: Ho ho ho.<page><box>Higechiyo: Charging ahead is<br>not always the right path.<page><box>Higechiyo: Sometimes one<br>needs the courage to<br>retreat.<page><box>	
200:$4A1A	231:$4A99	75	うけつけが いないので<br>「<hspace:02>お助けゲート<hspace:02>」に 入れません。<page>	"You cannot enter the<br>""<hspace:02>Rescue Gate<hspace:02>"" because the<br>Receptionist is absent.<page>"	
200:$4A3E	231:$4AE5	101	この「<hspace:02>お助けゲート<hspace:02>」には<br>まだ入れません。<page><box>となりの 風来きゅうじょたいの<br>うけつけで 入れるようになります。<page><box>	"You cannot enter this<br>""<hspace:02>Rescue Gate<hspace:02>"" yet.<page><box>The Rescue Team Receptionist<br>next door can unlock it.<page><box>"	
200:$4A82	231:$4B4B	83	グッド<speaker>どうか お気をつけて！<page><br> 旅の神クロンの追い風を！<page><box>	Good: Please be careful!<page><box>Good: May Kron, god<br>of travelers, grant<br>you fair winds!<page><box>	
200:$4AA9	231:$4B9F	95	このダンジョンは アイテムを<br>もっていくことが できません。<page><box>アイテムを そうこに あずけるか<br>すてるかして ちょうせんして<br>下さい。<page><box>	You cannot bring items<br>into this dungeon.<page><box>Store or discard your<br>items before challenging it.<page><box>	
200:$4AF1	231:$4BFF	204	魔城竜兵<speaker>ほうこくッ！<page><box>魔城竜兵<speaker>だっそうしゃは<br> 2かいを とっぱし<br> とうとう1かいへ！<page><box>魔城竜兵<speaker>こ このままだと<br> 外に にげられてしまうっ！<page><box>魔城竜兵<speaker>も もし、、<page><br> にがしでもしたら、、<page><box>	Dragon Guard: Report!<page><box>Dragon Guard: The escapees<br>broke through the second<br>floor and reached the first!<page><box>Dragon Guard: At this<br>rate, they'll get outside!<page><box>Dragon Guard: I-if...<page><br>if we let them escape...<page><box>	
200:$4B70	231:$4CCC	36	魔城竜兵<speaker>わ わかっております！<br> うわわわ<EF><EF><EF><hspace:01>！<page><box>	Dragon Guard: Y-yes, sir!<br>Uwaaaah!<page><box>	
200:$4B94	231:$4CF1	66	魔城竜兵<speaker>おえっ！ ぜったいに<br> つかまえるんだっ！！<page><br> そうしないと オレたちが、、。<page><box>	Dragon Guard: Gack! We<br>have to catch them!!<page><br>Otherwise, we're...<page><box>	
200:$4BC9	231:$4D34	43	魔城竜兵<speaker>いたぞー！<br> あそこだー！<page><box>	Dragon Guard: There they are!<br>Over there!<page><box>	
200:$4BE3	231:$4D60	73	コッパ<speaker>わわっ！<br> まだ おっかけてくるし<br> 目の前には ワナが、、。<page><box>	Koppa: Whoa!<br>They're still chasing us, and<br>now there are traps ahead...<page><box>	
200:$4C0C	231:$4DAA	135	コッパ<speaker><name>！<br> ここは ナナメの動きだ！<page><box>コッパ<speaker>ナナメに動けば<br> てきから なぐられずに<br> うまく にげられる。<page><box>コッパ<speaker>がんばろうぜ！<br> <name>！<page><box>	Koppa: <name>!<br>We need to move<br>diagonally here!<page><box>Koppa: If we move<br>diagonally, we can get<br>away without being hit.<page><box>Koppa: Keep going,<br><name>!<page><box>	
200:$4C61	231:$4E32	48	ナナメは スタートボタンを<br>おしながらだと 動きやすいぞ。<delay:5A><page><box>	Hold START to make<br>diagonal movement easier.<delay:5A><page><box>	
200:$4C84	231:$4E63	45	セレクトボタンをおせば<br>ナナメのみ動くモードに なるぞ。<delay:5A><page><box>	Press SELECT to enter<br>diagonal-only mode.<delay:5A><page><box>	
200:$4CA6	231:$4E91	162	魔城強兵<speaker>ほうこくッ！<page><box>魔城強兵<speaker>ヤツら<br> 3かいまで きてますぜ！<page><box>魔城強兵<speaker>このままじゃ<br> にげられてしまいます！！<page><box><delay:1E>魔城竜兵<speaker>ムム まずいな、、。<page><box><delay:3C>	Strong Guard: Report!<page><box>Strong Guard: They've already<br>reached the third floor!<page><box>Strong Guard: At this<br>rate, they'll escape!!<page><box><delay:1E>Dragon Guard: Hm. That's<br>bad...<page><box><delay:3C>	
200:$4D10	231:$4F34	185	<D5><speaker>どうしたのだ？<page><box><delay:1E>魔城竜兵<speaker>ハッ！<page><br> じつは だっそうしゃが<br> いるのですが、、<page><box>魔城竜兵<speaker>コイツが また<br> クセモノでして、、。<page><box><delay:1E><D5><speaker>クセモノか、、。<page><br> りようする かちは<br> ありそうだな、、。<page><box>魔城竜兵<speaker>は？<page><box>	???: What is it?<page><box><delay:1E>Dragon Guard: Sir!<page><br>There are escapees, but...<page><box>Dragon Guard: They're<br>quite troublesome...<page><box><delay:1E>???: Troublesome, you say...<page><br>They may be useful.<page><box>Dragon Guard: Sir?<page><box>	
200:$4D99	231:$4FEE	30	<D5><speaker>よいか。<page><br> ワナを つかうのだ。<page><box>	???: Listen.<page><br>Use the traps.<page><box>	
200:$4DB0	231:$500D	75	<D5><speaker>ワナに かかったところを<br> いっきに ほかくしろ。<page><box><delay:1E>魔城竜兵<speaker>ハッ！！<page><box>	???: Once a trap catches<br>them, seize them at once.<page><box><delay:1E>Dragon Guard: Sir!!<page><box>	
200:$4DE1	231:$5059	79	魔城竜兵<speaker>ねむりガスの通路に<br> おいこむぞ！<page><box><delay:1E>魔城強兵<speaker>ハッ！！<page><box>	Dragon Guard: Drive them<br>into the Sleep Trap<br>corridor!<page><box><delay:1E>Strong Guard: Sir!!<page><box>	
200:$4E13	231:$50A9	111	魔城強兵<speaker>おえ<EE>！<br> ぜったい にがすな<EE>！！<page><box><delay:1E>コッパ<speaker>ひえ<EE>っ！ どんどん<br> にげないとラチがあかねえ<EE>！<page><box>	Strong Guard: Gack!<br>Don't let them escape!!<page><box><delay:1E>Koppa: Yikes! We have<br>to keep moving or<br>we'll never lose them!<page><box>	
200:$4E55	231:$5119	48	魔城兵<speaker>いたぞっ！<br> おい！ あそこだ<EE>っ！<page><box>	Rookie Guard: There they are!<br>Hey! Over there!<page><box>	
200:$4E72	231:$514A	38	コッパ<speaker>わわわっ！<br> まだ おってくるよ！<page><box>	Koppa: Whoa!<br>They're still after us!<page><box>	
200:$4E8B	231:$5171	38	コッパ<speaker>、、。<page>出口は<br> どっちなんだろうな？、、。<page><box>	Koppa: ...<page>Which way<br>is the exit...?<page><box>	
200:$4EAB	231:$5198	80	魔城兵<speaker>おっ！ ろうやから<br> ぬけだしたヤツがいるぞ！！<page><box>魔城兵<speaker>つかまえろっ！！<page><box>	Rookie Guard: Hey! Someone<br>broke out of the jail!!<page><box>Rookie Guard: Catch them!!<page><box>	
200:$4EE0	231:$51E9	33	コッパ<speaker>うわあっ！<br> 見つかっちまったよ。にげろ！<page><box>	Koppa: Aah!<br>They found us. Run!<page><box>	
200:$4F9C	220:$77B9	55	モンスターの人気ナンバーワン。<br>ウワサだと シッポがウマイらしい。	The most popular monster.<br>Its tail is said to be tasty.	
200:$4FC0	220:$77F1	53	木の矢でこうげきするこども。<br>ハッキリいって まだ こども。	A kid shooting Wooden Arrows.<br>It is still only a kid.	
200:$4FE1	220:$7827	38	ウシのすがたで 大きなオノを<br>ふりまわす。とても きょうあく。	A vicious bull wielding<br>a massive axe.	
200:$5002	220:$784E	49	キズついたモンスターがいれば<br>とんでいって ちりょうするウサギ。	A rabbit who warps over<br>to heal wounded monsters.	
200:$5023	220:$7880	53	ダンジョンで むねんの しをとげた<br>むしゃの なれのはて。コワモテだ。	A warrior who died here.<br>It still looks intimidating.	
200:$5047	220:$78B6	57	モンスターにのりうつり レベルを<br>上げる。もう うらみまくりだ。	Possesses monsters to raise<br>their level. Full of grudges.	
200:$5069	220:$78F0	54	近づくと あわててにげる。<br>たおせば おにぎりになるぞ。	Flees when you draw near.<br>Defeat it to get an Onigiri.	
200:$5087	220:$7927	57	チリリンと なかまをよびつける。<br>まいにち カミをセットしているぞ。	Rings to summon its allies.<br>It styles its hair every day.	
200:$50AA	220:$7961	54	はさみうちをねらって 前へうしろへ<br>回りこむ。けっこうてごわい。	Circles around to flank you.<br>A surprisingly tough foe.	
200:$50CD	220:$7998	54	たおして 食べると おいしいぞ。<br>にても むしても おいしいぞ。	Delicious once you defeat it.<br>Tasty boiled or steamed.	
200:$50EF	220:$79CF	59	大ほうでこうげきする。見た目も<br>心も みごとな オヤジだ。	Attacks with a huge cannon. A<br>fine old man, inside and out.	
200:$5111	220:$7A0B	55	どんなアイテムも おにぎりにかえる。<br>もう にぎりフェスティバルだ。	Turns any item into Onigiri.<br>It is an Onigiri festival!	
200:$5134	220:$7A43	56	アイテム1つに のろいをかける。<br>ムカツキ度 80ムカツキだ。	Curses one of your items.<br>Annoyance level: 80 out of 80.	
200:$5155	220:$7A7C	52	さいみんじゅつでムリヤリアイテムを<br>つかわせる。ちょっとだけなら、、。	Hypnotizes you into using<br>an item. Just this once...	
200:$5179	220:$7AB1	50	一人ぼっちの ガキだいしょう。<br>ダンジョンの ワルガキだ。	A lonely gang leader.<br>The dungeon's resident brat.	
200:$5199	220:$7AE4	53	鉄の矢でこうげきする。<br>ちょっと強いが まだ こども。	A kid shooting Iron Arrows.<br>Stronger, but only a kid.	
200:$51B8	220:$7B1A	57	あまりのにおいに 目もかすむ！<br>剣や盾が さびつくぞ。	Its stench blurs your sight!<br>It rusts swords and shields.	
200:$51D7	220:$7B54	53	石を投げつけてくる。とべない<br>ブタでもすごいと思いこんでいる。	Throws stones from afar.<br>A proud pig that cannot fly.	
200:$51FA	220:$7B8A	50	あつい炎で こうげきしてくる。<br>あたれば ほんのりミディアムだ。	Breathes scorching flames.<br>One hit cooks you rare.	
200:$521C	220:$7BBD	52	アイテムをふきとばされることがある。<br>のろわれたモノなら ラッキーだ。	May blow away your items.<br>Lucky if they were cursed!	
200:$5240	220:$7BF2	53	むひょうじょうで こうげきしてくる。<br>手にしたカマは アニキのお古だ。	Attacks without expression.<br>Its scythe is secondhand.	
200:$5266	220:$7C28	57	かなりドロボウ。とにかくドロボウ。<br>ギタンをぬすんでかくしてしまうぞ。	A thief through and through.<br>Steals and hides your Gitan.	
200:$528A	220:$7C62	57	どく草を なげつけてくる。<br>あたまは草ボサボサ。草ボサボサ。	Throws Poison Grass at you.<br>Its hair is wildly overgrown.	
200:$52AC	220:$7C9C	53	ときどき こんらんさせられる。<br>キュートなひとみに メロメロだ。	Sometimes confuses you.<br>Its cute eyes will charm you.	
200:$52CD	220:$7CD2	50	ときどきねむらされる。あまい声で<br>オクサマたちを とりこにするぞ。	May lull you to sleep.<br>Its sweet voice charms all.	
200:$52F0	220:$7D05	53	アイテムをぬすんで ワープする。<br>ぬすめないと ぎゃくギレするぞ。	Steals an item, then warps.<br>Throws a fit if it fails.	
200:$5312	220:$7D3B	53	すすり すすられ すい すわれ<br>ちからをすい出す すすりムシ。	Sip Leech drains Strength.<br>A true, blue slurping bug.	
200:$5333	220:$7D71	56	アイテムにばけていることがある。<br>いがいと ゆだんならない。	May be disguised as an item.<br>Do not let your guard down.	
200:$5352	220:$7DAA	60	杖のこうかを きゅうしゅうする。<br>こう見えても 肉が食べられるぞ。	Absorbs the effect of staves.<br>Strangely, its Meat is edible.	
200:$5378	220:$7DE7	55	ほうっておくと ボンヤリ穴を<br>ほり続ける。カベがあるかぎり、、。	Left alone, it keeps digging<br>as long as walls remain...	
200:$539B	220:$7E1F	57	ガイコツなのに たおすと肉になる。<br>ホネおしみせず たたかおう。	All bones, yet it makes Meat.<br>Fight without holding back!	
200:$53BD	220:$7E59	55	近づくまでは じっとしている。<br>ドッキリさせるのが ねらいだ。	Waits until you approach.<br>It loves startling wanderers.	
200:$53DE	220:$7E91	60	満ぷく度をちょっと下げられる。<br>ふぐさし、、ふぐヒレざけ、、。	Lowers your Fullness a little.<br>It dreams of fugu and sake...	
200:$5401	220:$7ECE	49	食べ物のようだけど バクダン。<br>しばらくすると バクハツする。	Looks like food, but is a bomb.<br>It soon explodes.	
200:$5423	220:$7F00	56	そのフロアの モンスターにばける。<br>ハヤブサてんぐに あこがれている。	Copies a monster on its floor.<br>It idolizes Falcon Tengu.	
200:$5447	220:$7F39	47	みさかいなく バクダンを投げつけて<br>くる。いつもイライラしてるらしい。	Throws bombs everywhere.<br>It always seems angry.	
200:$546C	220:$7F69	59	コワイ顔を とばしてこうげきする。<br>顔には ちょっと自しんがある。	Attacks by launching its face.<br>It takes pride in that face.	
200:$5491	220:$7FA5	55	モンスターを おこらせるのがうまい。<br>せいかくのわるい カンガルーだ。	Skilled at enraging monsters.<br>A mean-spirited kangaroo.	
200:$54B5	221:$4000	55	アイテム2つを おなかで合成する。<br>アイテムに ヘンなにおいがつくぞ。	Mixes two items in its gut.<br>They come out smelling odd.	
200:$54DB	221:$4038	55	モンスターの大こうぶつ。うわさでは<br>りんごアメのあじがするらしい。	A favorite food of monsters.<br>Tastes like a candy apple.	
200:$54FE	221:$4070	53	ちりぎわにワナ。いさぎワルさが<br>キラリと光る。ナゾのニンジャ。	Leaves a Trap as it dies.<br>A sneaky, mysterious ninja.	
200:$551F	221:$40A6	50	とにかくヒマ。夜中 ホシのかずを<br>ずっと かぞえているくらいヒマ。	Always bored. It even counts<br>stars all night long.	
200:$5543	221:$40D9	53	こうげきりょくを はんぶんにする。<br>むかしのこい人メリーを想っている。	Halves your attack power.<br>Still misses dear old Mary.	
200:$5569	221:$410F	59	つかんでは投げる らんぼうなヤツ。<br>むかし ユメをつかみそこねたらしい。	A brute who grabs and throws.<br>It failed to grasp its dream.	
200:$558F	221:$414B	54	杖を飲みこんで しよう回数を<br>へらす。しかもにおう。さいあくだ。	Eats staves to drain uses.<br>It also smells. Just awful.	
200:$55B4	221:$4182	52	カウンターこうげきしてくる。<br>まけずぎらいな おサムライだ。	Launches counterattacks.<br>A very competitive samurai.	
200:$55D3	221:$41B7	59	目つぶしこうげきが とくい。<br>ダンジョンなのにイカ。うまいぞ。	Excels at blinding attacks. A<br>dungeon squid, and delicious!	
200:$55F4	221:$41F3	51	かわいい顔して ホイ ホイ ホイ。<br>杖ふりこうげき エイ エイ エイ。	Cute face: hoi, hoi, hoi!<br>Staff attack: ei, ei, ei!	
200:$561A	221:$4227	49	どんなアイテムでも 飲みこんで<br>しまう いやしいけいのしょく物だ。	A greedy plant that swallows<br>absolutely any item.	
200:$563E	221:$4259	55	けいほうを ならしてなかまに<br>ピンチを知らせる。でもハエだ。	Sounds an alarm to its allies.<br>Still, it is only a fly.	
200:$565E	221:$4291	43	かいだんをふきとばすイヤなヤツ。<br>えいえんの ドリブラー。	Blows Stairs far away.<br>An eternal dribbler.	
200:$567C	221:$42BD	54	とても 目がわるいモンスター。<br>ゴーグルは ただの気やすめらしい。	A monster with poor eyesight.<br>Its goggles barely help.	
200:$56A0	221:$42F4	53	コイツには 杖がきかない。べつの<br>ほうほうで たおすようにしよう。	Staves do not work on it.<br>Find some other way to win.	
200:$56C3	221:$432A	54	うまくこうげきがあたらなくなる。<br>思わずヒゲをひっぱりたくなるぞ。	Makes attacks miss often.<br>Its beard begs to be pulled.	
200:$56E6	221:$4361	55	その名のとおり いねむりすることが<br>ある。思わず いたわりたくなるぞ。	As its name says, it may nap.<br>You cannot help but care.	
200:$570C	221:$4399	57	壺をぬすんでにげる。足のはやさに<br>いたわりの心を なくしそうだ。	Steals a Pot and runs away.<br>Its speed will test patience.	
200:$5730	221:$43D3	58	持っているアイテムをうばって<br>投げる。かわいい顔でも 投げる。	Takes an item and throws it.<br>Even that cute face hurls it.	
200:$5754	221:$440E	59	カタイし 動くし イヤになる。<br>カニカマ カニめし カニラーメン。	Hard, mobile, and irritating.<br>Crab sticks, rice, and ramen.	
200:$5777	221:$444A	55	名前からして ちょっとワルそう。<br>でも ダンジョンはどこでもヤミ。	Its name sounds rather evil.<br>But every dungeon is dark.	
200:$579B	221:$4482	47	ちゅうとはんぱなキックで<br>みんなの気持ちを さかなでする。	Its halfhearted kicks annoy<br>everyone around it.	
200:$57BB	221:$44B2	49	すぐからんでくる。ひまガッパに<br>そうだんするほど ヒマなヘビ。	Consults Bored Kappa for fun.<br>Such a bored snake.	
200:$57DB	221:$44E4	53	こうげき よわい。まもりも よわい。<br>だって やっぱり こぶんだもの。	Weak attack, weak defense.<br>It is a minion, after all.	
200:$57FF	221:$451A	56	見た目も 心も やっぱりおさる。<br>からかわれても やられちゃこまる。	A monkey in looks and heart.<br>Do not let its teasing win.	
200:$5825	221:$4553	57	モンスターの人気 ナンバーツー。<br>おいしさナンバーワンのよび声も。	Second in monster popularity.<br>It may be the tastiest one.	
200:$584A	221:$458D	54	ふういんの杖を つかってくる。<br>パオパおうを ねたんでいる。	Uses a Sealing Staff on you.<br>It envies Monarch Tusker.	
200:$586A	221:$45C4	54	クネクネダンスで レベルを下げる。<br>マネしてみても もとにはもどらない。	Its dance lowers your level.<br>Copying it will not help.	
200:$5890	221:$45FB	55	にんげんに 食べられるのがイヤで<br>強くなった。かなりスパイシー。	Grew strong to avoid diners.<br>Now it is extremely spicy.	
200:$58B3	221:$4633	56	にんげんに 食べられるのがイヤで<br>にげ回っている。かなりヘルシー。	Flees to avoid being eaten.<br>Now it is extremely healthy.	
200:$58D7	221:$466C	56	しゅみは サンポ。とくぎは マネ。<br>スキなモンスターは ボウヤーだ。	Likes walks and imitation. It<br>likes the monster Bow Boy.	
200:$58FA	221:$46A5	51	2本のシッポも じつはしゃべる。<br>2本とも かなりクチがワルいぞ。	Both of its tails can speak.<br>Both have foul mouths.	
200:$591E	221:$46D9	55	ざぜんをしたまま 近づいてくる。<br>足がしびれている わけじゃないぞ。	Approaches while meditating.<br>No, its legs are not numb.	
200:$5943	221:$4711	52	いろいろあやしいが とくに<br>ミミがあるかどうかが あやしい。	Much about it is suspicious.<br>Does it even have ears?	
200:$5962	221:$4746	54	風来人のなれのはて。むかしの<br>ことは すっかりわすれている。	What remains of a wanderer.<br>It forgot all of its past.	
200:$5984	221:$477D	0		<empty>	
200:$5985	221:$477E	0		<empty>	
200:$5986	221:$477F	0		<empty>	
200:$5987	221:$4780	0		<empty>	
200:$5988	221:$4781	0		<empty>	
200:$5989	221:$4782	0		<empty>	
200:$5A28	221:$4783	56	ちょっぴり 強くなったマムル。<br>においは ほんのりメンソールだ。	A slightly stronger Mamel.<br>It smells faintly of menthol.	
200:$5A4A	221:$47BC	57	鉄の矢をうつ。ちょっとイタイ。<br>イタズラレベルの まだ こども。	Shoots painful Iron Arrows.<br>Still just a mischievous kid.	
200:$5A6D	221:$47F6	51	タウロスよりも さらに きょうあく。<br>つうこんのいちげきに気をつけろ。	More vicious than Tauros.<br>Beware its critical hits.	
200:$5A92	221:$482A	52	キズついたモンスターのそばに<br>ワープしてきて なおしてしまうぞ。	Warps to wounded monsters<br>and heals them right away.	
200:$5AB3	221:$485F	53	強いうらみによって 動いている。<br>ちょくせつこうげきをはんしゃする。	Driven by a powerful grudge.<br>Reflects direct attacks.	
200:$5AD8	221:$4895	55	うらみぜんかい！ そのうらみっぷりは<br>よの中すべてを うらむいきおいだ。	Full of pure resentment. It<br>holds a grudge against all.	
200:$5AFE	221:$48CD	54	近づくと ダッシュでにげる。<br>たおすと 大きなおにぎりになるぞ。	Dashes away if you approach.<br>It drops a Large Onigiri.	
200:$5B21	221:$4904	56	チリリンと なかまをよびつける。<br>まいしゅうヘアカラーでそめてるぞ。	Rings its bell to call allies.<br>Dyes its hair every week.	
200:$5B44	221:$493D	53	クビだけだからと あなどるなかれ。<br>けっこうてごわい そんざいだ。	Do not dismiss it as a head.<br>It is still a tough foe.	
200:$5B66	221:$4973	55	たおして 食べると おいしいぞ。<br>ビタミン カロチン たっぷりだ。	Delicious when defeated. Rich<br>in vitamins and carotene.	
200:$5B89	221:$49AB	57	ガンコさによって オヤジをこえた<br>オヤジ。ガンコっぷりにしびれる。	An old man beyond stubborn.<br>His stubbornness is electric.	
200:$5BAB	221:$49E5	52	自分が おにぎりにされてしまう。<br>これは にぎりカーニバルだ。	Turns you into an Onigiri.<br>It's an Onigiri carnival!	
200:$5BCD	221:$4A1A	56	アイテム2つに のろいをかける。<br>ムカツキ度も 90ムカツキだ。	Curses two of your items.<br>Annoyance level: 90 out of 90.	
200:$5BEF	221:$4A53	52	のろわれたアイテムも ムリヤリ<br>そうびさせられる。そんな、、。	Forces cursed gear onto you.<br>How could it do this...	
200:$5C0F	221:$4A88	50	えいえんの デュエリスト。<br>ダンジョンの あばれんぼうだ。	An eternal duelist. The<br>dungeon's wildest bruiser.	
200:$5C2D	221:$4ABB	54	ぎんの矢をうってくる。まだ こども。<br>やっぱり けっきょく まだ こども。	Shoots Silver Arrows at you.<br>Stronger, but only a kid.	
200:$5C54	221:$4AF2	54	おどろくほどくさい。そのくささに<br>たのしい思い出も 消えそうだ。	Stinks beyond all belief.<br>It can erase happy memories.	
200:$5C78	221:$4B29	53	さらに石を投げつけてくる。とべない<br>ブタこそ すごいと思いこんでいる。	Throws even more stones.<br>It worships flightless pigs.	
200:$5C9F	221:$4B5F	58	強い炎で こうげきしてくる。<br>あたれば こんがりウェルダンだ。	Attacks with powerful flames.<br>One hit cooks you well done.	
200:$5CC1	221:$4B9A	55	アイテムをふきとばすことがある。<br>大ピンチがとつぜんおとずれるぞ。	May blow away your items.<br>Disaster may strike suddenly.	
200:$5CE4	221:$4BD2	55	すばやく近づき こうげきしてくる。<br>手にしたカマは 名前入りだ。	Rushes in to attack quickly.<br>Its scythe bears its name.	
200:$5D0A	221:$4C0A	59	かなりドロボウ。やっぱりドロボウ。<br>さらにぬすむ。かなりあくしつだ。	A serious thief, as expected.<br>Steals even more. Truly vile.	
200:$5D2D	221:$4C46	45	どく草とこんらん草をつかいわける。<br>あたまは草ワサワサ。草ワサワサ。	Uses Poison Grass.<br>Also uses Confusion Grass.	
200:$5D54	221:$4C74	49	ときどき こんらんさせられる。<br>キュートなあたまに ドキドキだ。	May leave you confused.<br>Its cute head charms all.	
200:$5D75	221:$4CA6	58	ときどきねむらされる。せつない声で<br>わかものに大人気らしいぞ。	Sometimes lulls you to sleep.<br>Its sad voice charms youths.	
200:$5D99	221:$4CE1	55	アイテムをぬすんで ワープする。<br>ワナのよこに おかれることもある。	Steals an item, then warps.<br>May leave it beside a Trap.	
200:$5DBC	221:$4D19	57	ンパッチズルズルきゅういんちゅう。<br>そのすいっぷりに 声が出るぞ。	Slurp Leech drains Strength.<br>Its drinking makes you gasp.	
200:$5DE0	221:$4D53	56	アイテムにばけていることがある。<br>アソコは ぶらぶらしていない。	May be disguised as an item.<br>Nothing dangles underneath.	
200:$5E01	221:$4D8C	48	杖のこうかを はんしゃしてくる。<br>はんしゃできるのは 杖だけだ。	Reflects staff effects.<br>It reflects only staves.	
200:$5E24	221:$4DBD	58	ほうっておくと かしこく穴を<br>ほり続ける。カベがあるかぎり、、。	Keeps digging intelligently<br>while there are still walls...	
200:$5E47	221:$4DF8	56	ガイコツなのに たおすと肉になる。<br>ホネおりぞんと言わず たたかおう。	All bones, yet it leaves Meat.<br>No bones about it: fight!	
200:$5E6D	221:$4E31	61	近づくまでは じっとしている。<br>自分が ドッキリすることもあるぞ。	Waits still until you approach.<br>Sometimes it startles itself.	
200:$5E92	221:$4E6F	60	満ぷく度をバッチリ下げられる。<br>ふぐちり、、ふぐのからあげ、、。	Lowers Fullness significantly.<br>Fugu hot pot... Fried fugu...	
200:$5EB6	221:$4EAC	58	おいしそうだけど バクダン。<br>しばらくすると 大バクハツする。	Looks tasty, but is a bomb. A<br>huge explosion soon follows.	
200:$5ED7	221:$4EE7	54	そのフロアの モンスターにばける。<br>イヌワシてんぐに あこがれている。	Copies monsters on its floor.<br>It idolizes Eagle Tengu.	
200:$5EFB	221:$4F1E	53	みさかいなく バクダンを投げつけて<br>くる。いつもメラメラしてるらしい。	Hurls bombs without mercy.<br>It always burns with rage.	
200:$5F20	221:$4F54	59	ヤバイ顔を とばしてこうげきする。<br>顔には かなり自しんがある。	Attacks by launching its face.<br>It takes pride in that face.	
200:$5F44	221:$4F90	53	モンスターを あおるのがうまい。<br>せっかちな カンガルーだ。	Skilled at provoking monsters.<br>An impatient kangaroo.	
200:$5F63	221:$4FC6	59	アイテム3つを おなかで合成する。<br>合成したら ノリのにおいがするぞ。	Combines three items at once.<br>They emerge smelling of glue.	
200:$5F8B	221:$5002	15	みていぎ（バグ）	Undefined (Bug)	
200:$5F96	221:$5012	59	ちりぎわにワナ。いさぎワルさに<br>ためいきもれる。イキなニンジャ。	Leaves a Trap when defeated.<br>A stylish, dishonorable ninja.	
200:$5FB7	221:$504E	54	とにかくヒマ。ダイレクトメールに<br>へんじを かいているくらいヒマ。	So bored, it even replies<br>to every piece of junk mail.	
200:$5FD9	221:$5085	49	こうげきりょくを はんぶんにする。<br>てがみは よまずに食べるタイプ。	Halves your attack power.<br>It eats letters unread.	
200:$5FFD	221:$50B7	57	つかんでは投げる いんしつなヤツ。<br>むかし ユメでうなされたらしい。	Grabs and throws with malice.<br>Bad dreams once haunted it.	
200:$6021	221:$50F1	58	壺の しよう回数をへらす。<br>しかもニオイがこびりつく。イヤだ。	Drains a Pot's remaining uses.<br>And leaves a horrible odor.	
200:$6044	221:$512C	51	魔ほうこうげきを はねかえす。<br>かなりおくびょうな タイショウだ。	Reflects magical attacks.<br>A terribly timid general.	
200:$6067	221:$5160	56	目つぶしこうげきが とくい。<br>歩いているのにイカ。やわらかいぞ。	Excels at blinding attacks.<br>A soft, tasty walking squid!	
200:$608A	221:$5199	52	こにくらしい顔 ブン ブン ブン。<br>いろいろためすよ バン バ バン。	Annoying face: buzz, buzz.<br>Tries all: bang, ba-bang!	
200:$60AF	221:$51CE	54	飲みこんだアイテムを<br>しきべつするのうりょくがある。	Identifies items it swallows.<br>A rather useful ability.	
200:$60CB	221:$5205	58	なんとかたおすと 肉になる。<br>肉になる、、。でもハエだ。	Somehow leaves Meat behind.<br>Meat... but it is still a fly.	
200:$60EA	221:$5240	56	なぜ かいだんをふきとばすのか？それは本人にもわからないらしい。	Why does it blow Stairs away?<br>Even it does not know why.	
200:$610D	221:$5279	58	とても 目がわるいモンスター。<br>しかもトリ目なので こまっている。	A monster with poor eyesight.<br>It also has night blindness.	
200:$6131	221:$52B4	59	コイツには 巻物がきかない。ムダに<br>つかわないように 気をつけよう。	Scrolls have no effect on it.<br>Do not waste them against it.	
200:$6157	221:$52F0	55	なぜか せっきょうされてしまう。<br>思わず せいざしたくなるぞ。	Somehow it lectures you. You<br>may kneel down and listen.	
200:$6178	221:$5328	58	その名のとおり ねむることが<br>ある。思わず そいねしたくなるぞ。	As its name says, it may nap.<br>You may nap right beside it.	
200:$619B	221:$5363	56	壺をぬすんでにげる。ずるがしこさに<br>しんじることを わすれそうだ。	Steals a Pot and runs away.<br>Its tricks erode your trust.	
200:$61BE	221:$539C	56	持っているアイテムをうばって<br>投げる。ピョコっとしてても投げる。	Takes and throws your item.<br>Even that tiny thing throws.	
200:$61E2	221:$53D5	55	ツライし コワイし ダメになる。<br>やきガニ カニすき カニチャーハン。	Painful, scary, and ruinous.<br>Crab grill, hot pot, rice.	
200:$6206	221:$540D	51	かわいく言っても しょせんは<br>フイウチ。じゃ道まっしぐら。	Cute name, wicked ambush.<br>It walks the wicked path.	
200:$6226	221:$5441	55	ちょっと強くなったキックで<br>やっぱり 気持ちをさかなでする。	Its stronger kick still works<br>to rub all the wrong way.	
200:$6248	221:$5479	57	あきれるほどからむ。ヒマすぎて<br>さらに目つきも ワルくなった。	Clings to you beyond belief.<br>Its idle glare grows meaner.	
200:$6269	221:$54B3	52	こうげき つよい。まもり つよい。<br>だって やっぱり こぶんが見てる。	Strong attack and defense.<br>Its minions are watching.	
200:$628E	221:$54E8	56	気持ちもオシリも やっぱりおさる。<br>チャカされたってやられちゃこまる。	A monkey in heart and rear.<br>Do not fall for its teasing.	
200:$62B4	221:$5521	51	人気ナンバーワンをめざすわけでも<br>なく ちんたらと生きている。	Drifts along with no desire<br>to become most popular.	
200:$62D7	221:$5555	56	どん足の杖を つかってくる。<br>パオパおーンを ねらっている。	Uses a Sluggish Staff on you.<br>It targets Emperor Tusker.	
200:$62F8	221:$558E	15	みていぎ（バグ）	Undefined (Bug)	
200:$6303	221:$559E	58	にんげんに 食べられるのがイヤで<br>わりと強くなった。かなりジューシー。	Grew stronger to avoid diners.<br>Now it is remarkably juicy.	
200:$6329	221:$55D9	15	みていぎ（バグ）	Undefined (Bug)	
200:$6334	221:$55E9	52	しゅみは どくしょ。とくぎは マネ。<br>スキなモンスターは いやしウサギだ。	Reads books to copy others.<br>It favors Healer Rabbit.	
200:$635A	221:$561E	57	2本のシッポは イキもピッタリ。<br>ミギがボケで ヒダリがツッコミだ。	Its two tails work in harmony.<br>Right jokes, left retorts.	
200:$637E	221:$5658	58	ざぜんをしたまま ういている。<br>ユウレイでも 気のせいでもないぞ。	Floats while still meditating.<br>It is no ghost or illusion.	
200:$63A1	221:$5693	49	いろいろおびえているが とくに<br>自分の顔に おびえている。	Fears many things, but most<br>of all, its own face.	
200:$63C2	221:$56C5	57	風来人の 旅へのみれんや<br>しゅうねんが へんかしたすがた。	A wanderer's lingering regrets<br>and obsessions given form.	
200:$63E4	221:$56FF	0		<empty>	
200:$63E5	221:$5700	0		<empty>	
200:$63E6	221:$5701	0		<empty>	
200:$63E7	221:$5702	0		<empty>	
200:$63E8	221:$5703	0		<empty>	
200:$63E9	221:$5704	0		<empty>	
200:$6488	221:$5705	53	けっこう 強くなったマムル。<br>しっぽから ほんのりあまいかおり。	A much stronger Mamel. Its<br>tail smells faintly sweet.	
200:$64AA	221:$573B	15	みていぎ（バグ）	Undefined (Bug)	
200:$64B5	221:$574B	51	つうこんのいちげきに ようちゅうい！<br>イタイというより イタアツイぞ。	Beware its critical hits!<br>They hurt, and they burn.	
200:$64D9	221:$577F	15	みていぎ（バグ）	Undefined (Bug)	
200:$64E4	221:$578F	53	あらゆるものを うらんでいる。<br>おみくじのけっかですら うらむぞ。	Resents all of existence.<br>Even its fortune angers it.	
200:$6506	221:$57C5	58	あきれるほど うらんでいる。なにを<br>うらんでいたのか わすれるほどだ。	Holds grudges beyond belief.<br>It forgot how they all began.	
200:$652A	221:$5800	60	近づくと もうれつににげる。<br>たおせば なにか落としていくぞ。	Flees furiously if approached.<br>Defeat it for a dropped item.	
200:$654C	221:$583D	59	チリリンと なかまをよびつける。<br>まい月 カツラをとりかえているぞ。	Rings its bell to call allies.<br>Changes its wig every month.	
200:$6570	221:$5879	50	そういえば 気になる コイツの体。<br>じつは いえでなまけているかも。	Its body makes you wonder.<br>Maybe it lazes at home.	
200:$6595	221:$58AC	51	たおして 食べると おいしいぞ。<br>サラダにケーキ プリンも ござれ。	Delicious when defeated.<br>Salad, cake, pudding--yes!	
200:$65B9	221:$58E0	47	オヤジ道を きわめた オヤジの中の<br>オヤジ。キングオブ oyazi。	The greatest old man of all.<br>King of all oyaji.	
200:$65DE	221:$5910	58	にぎりあざやか にぎりもとじめ。<br>もはや にぎりパラダイスだ。	Masterful grip, Nigiri Master.<br>Now it is Onigiri paradise.	
200:$65FE	221:$594B	55	アイテム4つに のろいをかける。<br>ムカツキ度は もう100ムカツキだ。	Curses four of your items.<br>Annoyance level: a full 100.	
200:$6623	221:$5983	56	レベルも上がって もう なんでも<br>ありだ。すきにして、、。	Its level has risen, and now<br>absolutely anything goes...	
200:$6642	221:$59BC	57	きんだんの リーサルウェポン。<br>さわるもの みな キズつけるぞ。	A forbidden lethal weapon. It<br>wounds all that it touches.	
200:$6663	221:$59F6	15	みていぎ（バグ）	Undefined (Bug)	
200:$666E	221:$5A06	53	においのげんかいをこえた？！<br>命がとうといものだと気づくぞ。	Stench beyond all limits?!<br>It makes you cherish life.	
200:$668F	221:$5A3C	50	とにかく石を投げつける。とべない<br>ブタが さい強だとしんじている。	Throws stones endlessly.<br>Flightless pigs are best.	
200:$66B4	221:$5A6F	55	すごい炎で こうげきしてくる。<br>あたれば黒こげ バーベqだ。	Attacks with mighty flames.<br>One hit leaves you charred.	
200:$66D5	221:$5AA7	53	アイテムをふきとばすことがある。<br>もうピンチというよりイヤになるぞ。	May blow away your items.<br>Beyond danger, it is awful.	
200:$66F8	221:$5ADD	58	すばやく近づき こうげきしてくる。<br>手にしたカマは いっきゅうひんだ。	Rushes in to attack quickly.<br>Its scythe is of finest make.	
200:$671E	221:$5B18	59	かなりドロボウ。やっぱりドロボウ。<br>ぬすんで カベにうめる。さいあく。	A serious thief, as expected.<br>Steals items and buries them.	
200:$6742	221:$5B54	52	すいみん草を なげつけてくる。<br>あたまは草ボーボー。草ボーボー。	Throws Sedating Grass.<br>Its head is thick with weeds.	
200:$6766	221:$5B89	49	ときどき こんらんさせられる。<br>キュートなせなかに ドギマギだ。	May leave you confused.<br>Its cute back charms all.	
200:$6787	221:$5BBB	59	ときどきねむらされる。やさしい声で<br>おとしよりもウットリだ。	Sometimes lulls you to sleep.<br>Its soft voice charms elders.	
200:$67A7	221:$5BF7	56	アイテムをぬすんで ワープする。<br>ぬすんだものを うられることもある。	Steals an item, then warps.<br>May even sell what it stole.	
200:$67CB	221:$5C30	54	ゴキュリゴキュブル がぶのみムシ。<br>その のみっぷりに もだえるぞ。	Gulp Leech drains Strength.<br>It drinks, and you writhe.	
200:$67EE	221:$5C67	49	アイテムにばけていることがある。<br>月がないので おどらない。	May be disguised as an item.<br>No moon, no dancing.	
200:$680E	221:$5C99	49	杖のこうかを らんはんしゃする。<br>杖はつかわないのが いいらしい。	Reflects staff effects.<br>Do not use a staff on it.	
200:$6832	221:$5CCB	44	ほうっておくと すばやくかしこく<br>ほり続ける。カベforever。	Quickly and cleverly digs on.<br>Walls forever.	
200:$6855	221:$5CF8	59	ガイコツなのに たおすと肉になる。<br>ホネのずいまで しゃぶりたおそう。	All bones, yet it leaves Meat.<br>Suck it clean to the marrow.	
200:$687A	221:$5D34	55	近づくまでは じっとしている。<br>本気で ねていることもあるぞ。	Waits until you approach.<br>Sometimes it truly is asleep.	
200:$689D	221:$5D6C	60	さい大満ぷく度を下げられる。<br>ふぐしゃぶ、、ふぐのにつけ、、。	Lowers your maximum Fullness.<br>Fugu shabu... Simmered fugu...	
200:$68C1	221:$5DA9	53	食べたくなるけど バクダン。<br>しばらくすると 大大バクハツする。	Tempting, but it is a bomb.<br>A colossal blast follows.	
200:$68E5	221:$5DDF	54	そのフロアの モンスターにばける。<br>とびぴーたんに あこがれている。	Copies monsters on its floor.<br>It idolizes Leaping Egg.	
200:$6908	221:$5E16	54	みさかいなく バクダンを投げつけて<br>くる。いつもギラギラしてるらしい。	Hurls bombs without mercy.<br>It always blazes with rage.	
200:$692D	221:$5E4D	58	キツイ顔を とばしてこうげきする。<br>だれよりも ダンディだと思っている。	Attacks by hurling its face.<br>It thinks itself quite dandy.	
200:$6954	221:$5E88	49	モンスターを りようするのがうまい。<br>ズルがしこい カンガルーだ。	Exploits monsters with skill.<br>A cunning kangaroo.	
200:$6976	221:$5EBA	51	アイテム4つを おなかで合成する。<br>合成したらソースのにおいがするぞ。	Combines four items at once.<br>They smell like sauce.	
200:$699E	221:$5EEE	15	みていぎ（バグ）	Undefined (Bug)	
200:$69A9	221:$5EFE	56	ちりぎわにワナ。いさぎワルさに<br>あきれ顔。ステキなニンジャ。	Leaves a Trap when defeated.<br>A fine, dishonorable ninja.	
200:$69C9	221:$5F37	51	とにかくヒマ。どれくらいヒマなのか<br>なかまと話しあうくらいヒマ。	So bored, it discusses<br>its boredom with its allies.	
200:$69EB	221:$5F6B	53	こうげきりょくを はんぶんにする。<br>どちらかといえば インファイター。	Halves your attack power.<br>It is more of an infighter.	
200:$6A0F	221:$5FA1	49	つかんでは投げる 強ぼうなヤツ。<br>むかし ユメまくらに立たれたらしい。	A violent throwing brute.<br>It once haunted dreams.	
200:$6A36	221:$5FD3	59	アイテムの とくしゅのうりょくを<br>へらす。くさいわ へらすわ、、。	Weakens item special powers.<br>It stinks and weakens items...	
200:$6A58	221:$600F	55	投げたものを はねかえす。<br>かなりイタがりな トノサマだ。	Reflects anything you throw.<br>A terribly sensitive lord.	
200:$6A77	221:$6047	54	目つぶしこうげきが とくい。<br>イカスシぜっぴん！あまみがあるぞ。	Excels at blinding attacks.<br>Sweet squid sushi--superb!	
200:$6A99	221:$607E	51	つえふりワルガキ ガン ガン ガン！<br>なんでもこわすよ バン バキ ウッ！	Brat Mage: bang, bang!<br>Smashes all: bam, crack, ow!	
200:$6ABF	221:$60B2	51	飲みこんだアイテムを しゅくふく<br>じょうたいにするのうりょくがある。	Blesses items it swallows.<br>A rather useful ability.	
200:$6AE3	221:$60E6	57	肉になったら食べられる。<br>食べられる、、。でもハエだ。	Its Meat is safe to eat.<br>Edible... but it is still a fly.	
200:$6B02	221:$6120	53	コイツの肉を食べれば かいだんを<br>いどうさせられる。りようしよう。	Eat its Meat to move Stairs.<br>Use that ability wisely.	
200:$6B26	221:$6156	49	とても 目がわるいモンスター。<br>ビタミンaを とるようにしている。	A monster with poor eyesight.<br>It takes vitamin A.	
200:$6B49	221:$6188	55	コイツには投げた物があたらない。<br>ときには にげることも大事だ。	Thrown items cannot hit it.<br>Sometimes, retreat matters.	
200:$6B6E	221:$61C0	49	なぜか みを かわされてしまう。<br>思わず ふくをつかみたくなるぞ。	Somehow, it always dodges.<br>Try grabbing its robe.	
200:$6B91	221:$61F2	53	その名のとおり くようが大スキ。<br>思わず 手を合わせたくなるぞ。	It loves funeral rites.<br>You may want to pray with it.	
200:$6BB7	221:$6228	55	壺をぬすんでにげる。もう いかりを<br>とおりこして わらうしかないぞ。	Steals a Pot and runs away.<br>You can only laugh in rage.	
200:$6BDB	221:$6260	56	持っているアイテムをうばって<br>投げる。クリクリしてても 投げる。	Takes and throws your item.<br>Even those round eyes throw.	
200:$6BFF	221:$6299	59	ツヨイし イタイし ムキになる。<br>カニみそ カニさし カニぞうすい。	Strong, painful, and enraging.<br>Crab paste, sashimi, congee.	
200:$6C22	221:$62D5	53	名前からして もうヤケクソ。<br>てきもみかたもないらしい。	Its name sounds desperate.<br>It knows no friend or foe.	
200:$6C41	221:$630B	57	さらに強くなったキックで<br>けっきょく 気持ちを さかなでする。	Its even stronger kick still<br>rubs everyone the wrong way.	
200:$6C64	221:$6345	56	ひたすらからむ。ヒマすぎて<br>もう なんでもよくなっている。	Pesters others without end.<br>It is too bored to care now.	
200:$6C82	221:$637E	57	こうげき まもりはちょうイチりゅう。<br>だけどくろまく ひみつがおおい。	Top-class attack and defense.<br>The mastermind has secrets.	
200:$6CA6	221:$63B8	55	ミミもシッポも やっぱりおさる。<br>みくだされてちゃカッコワルい。	Monkey ears and tail, always.<br>It hates being belittled.	
200:$6CC7	221:$63F0	53	チンタラの中で ナンバーワン。<br>だけどやっぱり ちんたらしている。	The number one Chintala.<br>Yet it still keeps dawdling.	
200:$6CEA	221:$6426	59	クオーターの杖を つかってくる。<br>このポジションで ねばっている。	Uses a Quarter Staff on you.<br>It clings tightly to its role.	
200:$6D0D	221:$6462	15	みていぎ（バグ）	Undefined (Bug)	
200:$6D18	221:$6472	15	みていぎ（バグ）	Undefined (Bug)	
200:$6D23	221:$6482	15	みていぎ（バグ）	Undefined (Bug)	
200:$6D2E	221:$6492	55	しゅみは食べ歩き。とくぎは マネ。<br>スキなモンスターは ぴーたんだ。	A foodie who copies others.<br>Its favorite is Scurry Egg.	
200:$6D53	221:$64CA	58	2本のシッポも じつは うたう。<br>ダンジョンのうた姫として人気だ。	Its two tails can also sing. A<br>popular dungeon songstress.	
200:$6D79	221:$6505	59	ざぜんをしたまま 顔いろがワルい。<br>しゅぎょうがつらいわけじゃないぞ。	Meditates with a sickly face.<br>The training is not too hard.	
200:$6D9E	221:$6541	56	いろいろなげいているが とくに<br>アキカンのポイすてに なげいている。	Laments many things, mostly<br>the littering of empty cans.	
200:$6DC1	221:$657A	52	生きている風来人を うらみ<br>そして にくみ続けている。	Resents all living wanderers.<br>Its hatred never ends.	
200:$6DE2	221:$65AF	0		<empty>	
200:$6DE3	221:$65B0	0		<empty>	
200:$6DE4	221:$65B1	0		<empty>	
200:$6DE5	221:$65B2	0		<empty>	
200:$6DE6	221:$65B3	0		<empty>	
200:$6DE7	221:$65B4	0		<empty>	
200:$6EB0	221:$65B5	45	風来おうぎ その一<27><br> ナナメせんかいきゃく！	Wanderer's Secret No. 1<27><br> Diagonal Spin Kick!	
200:$6ECB	221:$65E3	42	hpが のこりわずかになったら<br>こうげきをやめて にげよう。	When HP runs low, stop<br>attacking and flee.	
200:$6EEA	221:$660E	53	モンスターは かいふくしないから<br>じぶんのhpだけを かいふくできる。	Monsters do not recover HP.<br>Only your HP will return.	
200:$6F0E	221:$6644	58	ナナメいどうを じょうずにつかって<br>こうげきされないように あるこう。	Use diagonal movement well to<br>walk without being attacked.	
200:$6F32	221:$667F	56	もし ナナメいどうをしないと<br>こうげきのチャンスをあたえてしまう。	Skip diagonal movement, and<br>the monster gets a free hit.	
200:$6F54	221:$66B8	50	ナナメだけにいどうする そうさで<br>かくじつに ナナメにあるけるぞ。	Use diagonal lock to move<br>diagonally without fail.	
200:$6F76	221:$66EB	50	hpが かいふくしてきたら<br>はんげきして また にげよう。	Once your HP recovers, strike<br>back and flee again.	
200:$6F94	221:$671E	53	こうしてピンチを だっしゅつしよう。<br>さぁ さいごの はんげきだ！	Escape danger this way. Now<br>launch your final attack!	
200:$6FB6	221:$6754	19	その一<27>ナナメ「よび」	No. 1<27>Diagonal Prep	
200:$6FC3	221:$6768	42	風来おうぎ その二<27><br> とうそう通路はだん！	Wanderer's Secret No. 2<27><br> Corridor Escape!	
200:$6FDF	221:$6793	51	モンスターが 3体いて キツイ！<br>こんなときは 通路に にげろ！！	Three monsters! This is tough!<br>Flee into a hallway!	
200:$7004	221:$67C7	55	通路であれば<br>1体づつ たたけるぞ！	In a hallway, you can fight<br>the monsters one at a time!	
200:$701A	221:$67FF	49	これが 風来おうぎ その二。<br><quoteOpen>とうそう通路はだん<quoteClose>だ！ きえぇ！	Wanderer's Secret No. 2:<br>Corridor Escape! Kiyaah!	
200:$7043	221:$6831	53	あぶなくなったら 歩いて<br>すこしでも hpを かいふくしろ。	In danger, walk around to<br>recover all the HP you can.	
200:$7063	221:$6867	16	その二<27>通路はだん「6」	No. 2<27>Corridor 6	
200:$7073	221:$6878	16	その二<27>通路はだん「7」	No. 2<27>Corridor 7	
200:$7083	221:$6889	16	その二<27>通路はだん「8」	No. 2<27>Corridor 8	
200:$7093	221:$689A	16	その二<27>通路はだん「9」	No. 2<27>Corridor 9	
200:$70A3	221:$68AB	17	その二<27>通路はだん「10」	No. 2<27>Corridor 10	
200:$70B4	221:$68BD	47	風来おうぎ その三<27><br> どく草たいきゃくけん！	Wanderer's Secret No. 3<27><br> Poison Grass Retreat!	
200:$70D0	221:$68ED	30	あいてを よく見て動け！	Watch the foe. Move with care!	
200:$70DF	221:$690C	60	部屋のスミに おいこまれても<br>いれかわれるぞ！	Even when cornered in a room,<br>you can switch places with it!	
200:$70F9	221:$6949	29	てきは どんそく！ あせらずに。	The foe is slow! Do not rush.	
200:$710A	221:$6967	28	一回こうげき 一歩下がる！	Attack once, then step back!	
200:$711D	221:$6984	20	その三<27>どく草「6」	No. 3<27>Poison Grass 6	
200:$712A	221:$6999	20	その三<27>どく草「7」	No. 3<27>Poison Grass 7	
200:$7137	221:$69AE	20	その三<27>どく草「8」	No. 3<27>Poison Grass 8	
200:$7144	221:$69C3	20	その三<27>どく草「9」	No. 3<27>Poison Grass 9	
200:$7151	221:$69D8	21	その三<27>どく草「10」	No. 3<27>Poison Grass 10	
200:$715F	221:$69EE	47	風来おうぎ その四<27><br> ばいそくこうたいは！	Wanderer's Secret No. 4<27><br> Double-Speed Retreat!	
200:$7179	221:$6A1E	54	しあわせ草を じぶんでつかわずに<br>モンスターに なげてみよう。	Keep that Fortune Grass.<br>Try throwing it at a monster!	
200:$719A	221:$6A55	54	てごわいあいてでも すばやさ草が<br>あれば<hspace:04>たたかれずにたおせるぞ。	Even a tough foe cannot hit<br>after you use Swift Grass.	
200:$71BE	221:$6A8C	50	<box>2ばいのはやさで こうどうできるから<br>にげながら こうげきできるぞ。	<box>At double speed, you can<br>attack while retreating.	
200:$71E2	221:$6ABF	52	草の こうかは しばらくすると<br>きえてしまうから ちゅういしよう！	Grass effects wear off after<br>a while, so stay alert!	
200:$7205	221:$6AF4	53	これが 風来おうぎ その四<br><quoteOpen>ばいそくこうたいは<quoteClose>だ！ ちぇすと！	Wanderer's Secret No. 4:<br>Double-Speed Retreat! Hiyah!	
200:$722C	221:$6B2A	23	その四<27>ばいそく「よび」	No. 4<27>Double-Speed Prep	
200:$723A	221:$6B42	40	風来おうぎ その五<27><br> とびつき三かくとび！	Wanderer's Secret No. 5<27><br> Triangle Leap!	
200:$7255	221:$6B6B	57	ひきつけては はなれて 通路に<br>にげて 1体ずつ たたかえ！	Draw them out, then retreat<br>and fight them one at a time!	
200:$7277	221:$6BA5	46	これが 風来おうぎ その五<br><quoteOpen>とびつき三かくとび<quoteClose>だ！ はああっ！	Wanderer's Secret No. 5:<br>Triangle Leap! Haaah!	
200:$729F	221:$6BD4	27	風来おうぎ <26>そうごうへん<26>	Wanderer's Secrets <26>Review<26>	
200:$72B0	221:$6BF0	30	hpは 歩いても かいふくする。	Walking naturally restores HP.	
200:$72C2	221:$6C0F	53	足がはやい時は さがってこうげきを<br>くりかえすと ダメージをうけないぞ。	While fast, step back and<br>attack to avoid all damage.	
200:$72E9	221:$6C45	55	せいいきの巻物をおいて その<br>上にのれば こうげきをうけない。	Place a Sanctuary Scroll.<br>Stand on it to block attacks.	
200:$730C	221:$6C7D	53	ドラゴン草は はなれていても<br>炎が あたるぞ。	Dragon Grass can hit distant<br>enemies with its flames.	
200:$7326	221:$6CB3	30	hpが すくなくなったら<br>やく草を つかおう。	When HP runs low, use an Herb.	
200:$733F	221:$6CD2	53	ちからの腕輪を そうびすると<br>こうげきりょくが 上がるぞ。	Equip a Strength Bracelet to<br>raise your attack power.	
200:$7360	221:$6D08	44	風来おうぎ その六<27><br> しばりせんかいきゃく！	Wanderer's Secret No. 6<27><br> Binding Spin Kick!	
200:$737B	221:$6D35	62	たたかいにつかれ hpも<br>のこりあとわずか、、。	Battle has left you exhausted,<br>with hardly any HP remaining...	
200:$7394	221:$6D74	52	この大ピンチにモンスターが<br>2体もあらわれた！ 大大ピンチ！	Now two monsters appear!<br>The crisis is twice as bad!	
200:$73B7	221:$6DA9	53	しかし このじょうきょうを<br>こくふくしてこそ風来人！	Overcoming this crisis is<br>what makes a true wanderer!	
200:$73D5	221:$6DDF	14	その六<27>グルグル「5」	No. 6<27>Circle 5	
200:$73E2	221:$6DEE	49	まずは モンスターの動きを<br>かなしばりの杖で ピタリととめる！	First, halt the monsters with<br>a Paralyzing Staff!	
200:$7404	221:$6E20	56	すかさず モンスターのまわりを<br>いどう！ ナナメの動きのおうようだ！	Quickly circle the monsters!<br>It uses advanced diagonals!	
200:$7428	221:$6E59	52	hpが かいふくしたら<br>まとめて はんげきだ！	Once your HP is restored,<br>counterattack all at once!	
200:$7440	221:$6E8E	14	その六<27>グルグル「9」	No. 6<27>Circle 9	
200:$744D	221:$6E9D	15	その六<27>グルグル「10」	No. 6<27>Circle 10	
200:$745B	221:$6EAD	45	風来おうぎ その七<27><br> うきしまとうたつは！	Wanderer's Secret No. 7<27><br> Reaching an Island!	
200:$7475	221:$6EDB	61	うきしまに モンスターがいれば<br>ばしょがえの杖で じょうりくできる。	If a monster is on the island,<br>use a Switching Staff to land.	
200:$7499	221:$6F19	49	しかし モンスターがいなくても<br>じょうりくすることができるぞ！	You can still land there,<br>even without a monster!	
200:$74B9	221:$6F4B	47	ふきとばしの杖が かならず10マス<br>ふきとばすのを りようしよう。	A Knockback Staff blows foes<br>exactly 10 spaces.	
200:$74DC	221:$6F7B	56	あとは ばしょがえの杖で<br>じょうりくすれば かんぺきだ！	Then use a Switching Staff<br>to land and finish the trick!	
200:$74FA	221:$6FB4	14	その七<27>うきしま「6」	No. 7<27>Island 6	
200:$7507	221:$6FC3	14	その七<27>うきしま「7」	No. 7<27>Island 7	
200:$7514	221:$6FD2	14	その七<27>うきしま「8」	No. 7<27>Island 8	
200:$7521	221:$6FE1	14	その七<27>うきしま「9」	No. 7<27>Island 9	
200:$752E	221:$6FF0	15	その七<27>うきしま「10」	No. 7<27>Island 10	
200:$753C	221:$7000	47	風来おうぎ その九<27><br> こんざつ部屋きほんほう！	Wanderer's Secret No. 9<27><br> Monster House Basics!	
200:$755A	221:$7030	17	お！ お店だ！	Oh! It is a shop!	
200:$7563	221:$7042	52	このさい ぜんぶ<br> ひろってしまおう！	At this point, why not pick up<br>everything in sight?!	
200:$7577	221:$7077	61	ギタンもないし<br>ここは いっぱつ ドロボーだ！	You have no Gitan, so there is<br>only one choice: steal it all!	
200:$758F	221:$70B5	28	店主が かいだんに 来たぞ！	The shopkeeper is at Stairs!	
200:$75A1	221:$70D2	26	ここで ばしょがえの杖だ！	Now use a Switching Staff!	
200:$75B0	221:$70ED	49	<box>ワナを 一通り たしかめたあとは<br>たくさんのアイテムを ゲットだ！	<box>After checking the traps,<br>claim all those items!	
200:$75D5	221:$711F	44	つるはしは カベをこわせるので<br>ちかみちが できる。	A Pickaxe breaks walls to<br>create a shortcut.	
200:$75F0	221:$714C	51	モンスターハウスは 通路で<br>たたかえ！	Fight a Monster House from<br>the safety of a hallway!	
200:$7606	221:$7180	55	モンスターハウスは ワナがおおい。<br>剣をふって たしかめろ！	Monster Houses have traps.<br>Swing a weapon to find them!	
200:$7626	221:$71B8	43	風来おうぎ その八<27><br> ギタンれっぷうざん！	Wanderer's Secret No. 8<27><br> Gitan Gale Slash!	
200:$7640	221:$71E4	53	お金がふえる ギタンぶくろには<br>べつの つかいみちがある。	A Gitan Bag grows your money,<br>but it has another use.	
200:$765F	221:$721A	35	bボタンを おしながら<br>ギタンぶくろの 上にのってみよう。	Hold B and step onto the<br>Gitan Bag.	
200:$767E	221:$723E	50	こうすると <quoteOpen>あしもと<quoteClose>のギタンを<br>なげられるぞ。	Now choose At Feet to throw<br>the Gitan beneath you.	
200:$769A	221:$7271	52	あたえるダメージは 10ぶんの1。<br>76ギタンなら<hspace:04>7ダメージあたえるぞ。	It deals 1/10 of its value.<br>76 Gitan deals 7 damage.	
200:$76C1	221:$72A6	51	あしもとのギタンを 壺にいれて<br>もちはこぶことも できるぞ。	Put Gitan at your feet in<br>a Pot to carry it around.	
200:$76E1	221:$72DA	54	なげて 大ダメージをあたえる<br><quoteOpen>ギタンれっぷうざん<quoteClose>のかんせいだ！	Throw it for huge damage to<br>complete Gitan Gale Slash!	
200:$7706	221:$7311	20	その九<27>かいだんドロボー「8」	No. 9<27>Stairs Theft 8	
200:$7717	221:$7326	20	その九<27>かいだんドロボー「9」	No. 9<27>Stairs Theft 9	
200:$7728	221:$733B	21	その九<27>かいだんドロボー「10」	No. 9<27>Stairs Theft 10	
200:$773A	221:$7351	47	風来おうぎ その十<27><br> こんざつ部屋いっそうけん！	Wanderer's Secret No. 10<27><br> Monster House Sweep!	
200:$7759	221:$7381	52	とつぜんのモンスターハウス！<br>あわてず しんちょうに行動しよう。	A sudden Monster House!<br>Stay calm and act carefully.	
200:$777C	221:$73B6	56	ピンチを チャンスにかえる。<br>これが風来おうぎの しんずいだ！	Turn danger into a chance.<br>That is the heart of Secrets!	
200:$779E	221:$73EF	53	まずは しんくうぎりの巻物で<br>モンスターたちを よわらせておこう。	First, use a Windblade Scroll<br>to weaken the monsters.	
200:$77C2	221:$7425	50	かこまれたら こんらんの巻物で<br>モンスターのちゅういを そらそう。	Use a Confusion Scroll.<br>It distracts the monsters.	
200:$77E6	221:$7458	52	いつでもにげられる 入口ちかくで<br>モンスターを たおしていこう。	Fight each monster near<br>the entrance, ready to flee.	
200:$7809	221:$748D	57	こんらんが おさまったら<br>入口をとじて カドからこうげきだ。	Once confusion ends, block<br>the entrance and use a corner.	
200:$782A	221:$74C7	54	ワナに 気をつけながら<br>アイテムを ゴッソリいただこう！	Watch for traps while you<br>help yourself to every item!	
200:$7848	221:$74FE	46	これぞ 風来おうぎ その十<br><quoteOpen>こんざつ部屋いっそうけん<quoteClose>なり！	Wanderer's Secret No. 10:<br>Monster House Sweep!	
200:$786F	221:$752D	23	その十<27>モンスターハウス「10」	No. 10<27>Monster House 10	
201:$4094	231:$520B	0		<empty>	
201:$4095	231:$520C	44	<26>まむるのにく<26><br>食べると マムルに<br>へんしんできるぞ。	<26>Mamel Meat<26><br>Eat it to transform<br>into Mamel.	
201:$40B3	231:$5239	83	<26>ぼうやーのにく<26><br>食べると ボウヤーに<br>へんしんできるぞ。<br>「とくぎ」<br>木の矢がうてるぞ。	<26>Bow Boy Meat<26><br>Eat it to transform<br>into Bow Boy.<br><26>Ability<26><br>Can shoot Wooden Arrows.	
201:$40E5	231:$528D	77	<26>たうろすのにく<26><br>食べると タウロスに<br>へんしんできるぞ。<br>「とくぎ」<br>ときどき 会心のいちげきが<br>出せるぞ。	<26>Taur Meat<26><br>Eat it to transform into Taur.<br><26>Ability<26><br>May land a critical hit.	
201:$4122	231:$52DB	91	<26>いやしうさぎのにく<26><br>食べると いやしウサギに<br>へんしんできるぞ。<br>「とくぎ」<br>自分のhpをかいふくするぞ。	<26>Healer Rabbit Meat<26><br>Eat it to transform<br>into Healer Rabbit.<br><26>Ability<26><br>Can restore your HP.	
201:$415D	231:$5337	117	<26>きめんむしゃのにく<26><br>食べると きめんむしゃに<br>へんしんできるぞ。<br>「とくぎ」<br>たおされても ぼうれいむしゃに<br>へんしんできるぞ。	<26>Demon Warrior Meat<26><br>Eat it to transform<br>into Demon Warrior.<br><26>Ability<26><br>Transforms into a Ghost<br>Warrior when defeated.	
201:$41A1	231:$53AD	93	<26>ぼうれいむしゃのにく<26><br>食べると ぼうれいむしゃに<br>へんしんできるぞ。<br>「とくぎ」<br>モンスターに のりうつれるぞ。	<26>Ghost Warrior Meat<26><br>Eat it to transform<br>into Ghost Warrior.<br><26>Ability<26><br>Can possess a monster.	
201:$41DD	231:$540B	90	<26>ぴーたんのにく<26><br>食べると ぴーたんに<br>へんしんできるぞ。<br>「とくぎ」<br>すばやく動けるぞ。	<26>Scurry Egg Meat<26><br>Eat it to transform<br>into Scurry Egg.<br><26>Ability<26><br>Can move at double speed.	
201:$420E	231:$5466	181	<26>しゅーべるのにく<26><br>食べると シューベルに<br>へんしんできるぞ。<br>「とくぎ」<br>レベル1のモンスターを1匹<br>よびだすぞ。<br>よびだしたモンスターは しばらく<br>自分のみがわりになるぞ。<br>みがわりになるのは<br>一度に1体だけだぞ。	<26>Schubell Meat<26><br>Eat it to transform<br>into Schubell.<br><26>Ability<26><br>Can summon one Level 1<br>monster. The summoned<br>monster acts as your<br>decoy for a while. Only one<br>decoy can exist at a time.	
201:$4284	231:$551C	117	<26>とおせんりゅうのにく<26><br>食べると とおせんりゅうに<br>へんしんできるぞ。<br>「とくぎ」<br>地面にもぐって<br>2マス先に いどうできるぞ。	<26>Floor Dragon Meat<26><br>Eat it to transform<br>into Floor Dragon.<br><26>Ability<26><br>Can burrow underground<br>and move two tiles ahead.	
201:$42CA	231:$5592	116	<26>ぱこれぷきんのにく<26><br>食べると パコレプキンに<br>へんしんできるぞ。<br>「とくぎ」<br>カベを通りぬけられるぞ。<br>水の上も いどうできるぞ。	<26>Pumphantasm Meat<26><br>Eat it to transform<br>into Pumphantasm.<br><26>Ability<26><br>Can pass through walls.<br>Can also move over water.	
201:$4312	231:$5607	100	<26>おやじせんしゃのにく<26><br>食べると オヤジせんしゃに<br>へんしんできるぞ。<br>「とくぎ」<br>たいほうが うてるぞ。<br>でも動きがおそくなるぞ。	<26>Pop Tank Meat<26><br>Eat it to transform<br>into Pop Tank.<br><26>Ability<26><br>Can fire a cannon.<br>Moves at half speed.	
201:$4358	231:$566C	107	<26>にぎりへんげのにく<26><br>食べると にぎりへんげに<br>へんしんできるぞ。<br>「とくぎ」<br>モンスターをたおすと<br>ときどき おにぎりが出るぞ。	<26>Nigiri Morph Meat<26><br>Eat it to transform<br>into Nigiri Morph.<br><26>Ability<26><br>Defeated monsters<br>may drop an Onigiri.	
201:$439D	231:$56D8	145	<26>のろーじょのにく<26><br>食べると ノロージョに<br>へんしんできるぞ。<br>「とくぎ」<br>肉を食べると<br>持っているアイテムの<br>のろいが とけるぞ。<br>壺の中のものはダメだぞ。	<26>Curse Girl Meat<26><br>Eat it to transform<br>into Curse Girl.<br><26>Ability<26><br>Eating Meat removes curses<br>from carried items. Items<br>inside Pots are unaffected.	
201:$43F4	231:$576A	95	<26>げいずのにく<26><br>食べると ゲイズに<br>へんしんできるぞ。<br>「とくぎ」<br>モンスターを うしろ向きにしか<br>こうげきできないようにするぞ。	<26>Gazer Meat<26><br>Eat it to transform<br>into Gazer.<br><26>Ability<26><br>Can make a monster<br>attack only backward.	
201:$4439	231:$57CA	95	<26>かっとびいのししのにく<26><br>食べると かっとびイノシシに<br>へんしんできるぞ。<br>「とくぎ」<br>あいてを つきとばすぞ。	<26>Impact Boar Meat<26><br>Eat it to transform<br>into Impact Boar.<br><26>Ability<26><br>Can knock a target backward.	
201:$4474	231:$582A	83	<26>こどもせんしゃのにく<26><br>食べると コドモせんしゃに<br>へんしんできるぞ。<br>「とくぎ」<br>鉄の矢がうてるぞ。	<26>Boy Tank Meat<26><br>Eat it to transform<br>into Boy Tank.<br><26>Ability<26><br>Can shoot Iron Arrows.	
201:$44AC	231:$587E	96	<26>みどろのにく<26><br>食べると ミドロに<br>へんしんできるぞ。<br>「とくぎ」<br>モンスターのこうげきりょくと<br>ぼうぎょりょくを下げるぞ。	<26>Slime Meat<26><br>Eat it to transform<br>into Slime.<br><26>Ability<26><br>Can lower a monster's<br>Attack and Defense.	
201:$44EE	231:$58DF	71	<26>でぶーたのにく<26><br>食べると デブータに<br>へんしんできるぞ。<br>「とくぎ」<br>石が投げられるぞ。	<26>Porky Meat<26><br>Eat it to transform<br>into Porky.<br><26>Ability<26><br>Can throw rocks.	
201:$4520	231:$5927	74	<26>どらごんのにく<26><br>食べると ドラゴンに<br>へんしんできるぞ。<br>「とくぎ」<br>炎のこうげきができるぞ。	<26>Dragon Meat<26><br>Eat it to transform<br>into Dragon.<br><26>Ability<26><br>Can breathe fire.	
201:$4554	231:$5972	160	<26>せるあーまーのにく<26><br>食べると セルアーマーに<br>へんしんできるぞ。<br>「とくぎ」<br>あいてが持っているアイテムを<br>はじきとばすぞ。<br>ただし はじくのは<br>1体につき1回までだぞ。<br>水の上も いどうできるぞ。	<26>Cell Armor Meat<26><br>Eat it to transform<br>into Cell Armor.<br><26>Ability<26><br>Can knock away a target's<br>held item. Works only<br>once on each monster. Can<br>also move over water.	
201:$45C0	231:$5A13	112	<26>しのつかいのにく<26><br>食べると しのつかいに<br>へんしんできるぞ。<br>「とくぎ」<br>れんぞくこうげきができるぞ。<br>水の上も いどうできるぞ。	<26>Death Reaper Meat<26><br>Eat it to transform<br>into Death Reaper.<br><26>Ability<26><br>Can attack twice. Can<br>also move over water.	
201:$4607	231:$5A84	149	<26>わるがまらのにく<26><br>食べると ワルガマラに<br>へんしんできるぞ。<br>「とくぎ」<br>おカネをぬすんで ワープするぞ。<br>でも こうげきできないぞ。<br>ぬすめるのは<br>1体につき1回だけだぞ。	<26>Bad Froggo Meat<26><br>Eat it to transform<br>into Bad Froggo.<br><26>Ability<26><br>Can steal Gitan and warp<br>away. Cannot attack. Can steal<br>only once from each monster.	
201:$4664	231:$5B1A	84	<26>おばけだいこんのにく<26><br>食べると おばけダイコンに<br>へんしんできるぞ。<br>「とくぎ」<br>どく草が投げられるぞ。	<26>Mutaikon Meat<26><br>Eat it to transform<br>into Mutaikon.<br><26>Ability<26><br>Can throw Poison Grass.	
201:$469E	231:$5B6F	83	<26>ひゃくめのにく<26><br>食べると ヒャクメに<br>へんしんできるぞ。<br>「とくぎ」<br>モンスターを こんらんさせるぞ。	<26>Gawkulus Meat<26><br>Eat it to transform<br>into Gawkulus.<br><26>Ability<26><br>Can confuse a monster.	
201:$46D5	231:$5BC3	90	<26>まどろみつかいのにく<26><br>食べると まどろみつかいに<br>へんしんできるぞ。<br>「とくぎ」<br>モンスターをねむらせるぞ。	<26>Doze Mage Meat<26><br>Eat it to transform<br>into Doze Mage.<br><26>Ability<26><br>Can put a monster to sleep.	
201:$470F	231:$5C1E	210	<26>わるっとどのにく<26><br>食べると ワルっトドに<br>へんしんできるぞ。<br>「とくぎ」<br>あいてが持っているアイテムを<br>ぬすんで ワープできるぞ。<br>ただし おなじフロアに店がある<br>ときは うりものになってしまうぞ。<br>ぬすめるのは<br>1体につき1回だけだぞ。	<26>Bad Zalokleft Meat<26><br>Eat it to transform<br>into Bad Zalokleft.<br><26>Ability<26><br>Can steal a target's held item<br>and warp away. If the floor<br>has a shop, the item becomes<br>merchandise. Can steal only<br>once from each monster.	
201:$478E	231:$5CF1	95	<26>すすりむしのにく<26><br>食べると すすりムシに<br>へんしんできるぞ。<br>「とくぎ」<br>肉を食べると ちからが1ポイント<br>かいふくするぞ。	<26>Sip Leech Meat<26><br>Eat it to transform<br>into Sip Leech.<br><26>Ability<26><br>Eating Meat<br>restores 1 Strength.	
201:$47D2	231:$5D51	107	<26>かさたぬきのにく<26><br>食べると 壺にへんしんするぞ。<br>しばらくすると もとにもどるぞ。<br>「とくぎ」<br>壺にへんしんして モンスターから<br>かくれるぞ。	<26>Wily Tanuki Meat<26><br>Eat it to transform<br>into Wily Tanuki.<br><26>Ability<26><br>Can become a Pot and<br>hide from monsters.	
201:$481F	231:$5DBD	123	<26>えーてるでびるのにく<26><br>食べると エーテルデビルに<br>へんしんできるぞ。<br>「とくぎ」<br>すがたを消せるぞ。<br>杖のこうげきを すいとって<br>うちけすぞ。	<26>Ether Devil Meat<26><br>Eat it to transform<br>into Ether Devil.<br><26>Ability<26><br>Can become invisible. Absorbs<br>and nullifies Staff magic.	
201:$486C	231:$5E39	89	<26>へいたいありのにく<26><br>食べると へいたいアリに<br>へんしんできるぞ。<br>「とくぎ」<br>カベがほれるぞ。	<26>Soldier Ant Meat<26><br>Eat it to transform<br>into Soldier Ant.<br><26>Ability<26><br>Can dig through walls.	
201:$489F	231:$5E93	102	<26>がいこつまどうのにく<26><br>食べると ガイコツまどうに<br>へんしんできるぞ。<br>「とくぎ」<br>いろいろな こうかがある杖が<br>つかえるぞ。	<26>Skull Mage Meat<26><br>Eat it to transform<br>into Skull Mage.<br><26>Ability<26><br>Can use a Staff with<br>various effects.	
201:$48E2	231:$5EFA	52	<26>じんめんいわのにく<26><br>食べると じんめんいわに<br>へんしんできるぞ。	<26>Rock Head Meat<26><br>Eat it to transform<br>into Rock Head.	
201:$4906	231:$5F2F	149	<26>ちょうちんふぐのにく<26><br>食べると ちょうちんフグに<br>へんしんできるぞ。<br>「とくぎ」<br>モンスターに向かって<br>とくぎをつかうと<br>自分のまんぷくどを<br>かいふくできるぞ。<br>一度つかうと もとのすがたに<br>もどるぞ。	<26>Lamp Puffer Meat<26><br>Eat it to transform<br>into Lamp Puffer.<br><26>Ability<26><br>Use the ability on a monster<br>to restore Fullness. Returns<br>to normal after one use.	
201:$4974	231:$5FC5	131	<26>ばくだんうにのにく<26><br>食べると ばくだんウニに<br>へんしんできるぞ。<br>「とくぎ」<br>この肉を食べると<br>ジバクスイッチが入るぞ。<br>しばらくすると<br>自分がバクハツするぞ！	<26>Explochin Meat<26><br>Eat it to transform<br>into Explochin.<br><26>Ability<26><br>Eating this Meat activates<br>self-destruct. You<br>explode after a while!	
201:$49CD	231:$6049	54	<26>からすてんぐのにく<26><br>食べると カラスてんぐに<br>へんしんできるぞ。	<26>Crow Tengu Meat<26><br>Eat it to transform<br>into Crow Tengu.	
201:$49F1	231:$6080	81	<26>うるろいどのにく<26><br>食べると ウルロイドに<br>へんしんできるぞ。<br>「とくぎ」<br>バクダンを投げられるぞ。	<26>Wolf Droid Meat<26><br>Eat it to transform<br>into Wolf Droid.<br><26>Ability<26><br>Can throw bombs.	
201:$4A27	231:$60D2	93	<26>あいあんへっどのにく<26><br>食べると アイアンヘッドに<br>へんしんできるぞ。<br>「とくぎ」<br>2マス先まで こうげきできるぞ。	<26>Ironhead Meat<26><br>Eat it to transform<br>into Ironhead.<br><26>Ability<26><br>Can attack up to<br>two tiles away.	
201:$4A65	231:$6130	90	<26>ばっとかんがるーのにく<26><br>食べると バットカンガルーに<br>へんしんできるぞ。<br>「とくぎ」<br>モンスターを おこらせるぞ。	<26>Bat Kangaroo Meat<26><br>Eat it to transform<br>into Bat Kangaroo.<br><26>Ability<26><br>Can enrage a monster.	
201:$4AA2	231:$618B	211	<26>みにまぜるんのにく<26><br>食べると ミニマゼルンに<br>へんしんできるぞ。<br>「とくぎ」<br>アイテムの上にのって食べると<br>おなかの中で合成できるぞ。<br>ちがう しゅるいは合成できないぞ。<br>2つ食べると おなかいっぱいだ。<br>もとのすがたにもどると<br>アイテムが手に入るぞ。	<26>Mini Mixer Meat<26><br>Eat it to transform<br>into Mini Mixer.<br><26>Ability<26><br>Eat an item underfoot<br>to Synthesize it in your<br>stomach. Categories cannot<br>be mixed. Your stomach<br>holds two items. Return<br>to normal to retrieve it.	
201:$4B2E	231:$625F	77	<26>たべられるーのにく<26><br>食べると タベラレルーに<br>へんしんできるぞ。<br>「とくぎ」<br>動きが おそくなるぞ。	<26>Snacky Meat<26><br>Eat it to transform<br>into Snacky.<br><26>Ability<26><br>Moves at half speed.	
201:$4B65	231:$62AD	54	<26>わなにんのにく<26><br>食べると ワナニンに<br>へんしんできるぞ。	<26>Trap Genin Meat<26><br>Eat it to transform<br>into Trap Genin.	
201:$4B85	231:$62E4	96	<26>ひまがっぱのにく<26><br>食べると ひまガッパに<br>へんしんできるぞ。<br>「とくぎ」<br>足元のアイテムを投げるぞ。	<26>Bored Kappa Meat<26><br>Eat it to transform<br>into Bored Kappa.<br><26>Ability<26><br>Can throw the item underfoot.	
201:$4BBE	231:$6345	98	<26>ひつじしんかんのにく<26><br>食べると ヒツジしんかんに<br>へんしんできるぞ。<br>「とくぎ」<br>モンスターのこうげきりょくを<br>はんぶんにするぞ。	<26>Sheep Priest Meat<26><br>Eat it to transform<br>into Sheep Priest.<br><26>Ability<26><br>Can halve a monster's Attack.	
201:$4C03	231:$63A8	141	<26>こくわがったーのにく<26><br>食べると コクワガッターに<br>へんしんできるぞ。<br>「とくぎ」<br>目の前にいるモンスターを<br>ほかのモンスターに向かって<br>投げるぞ。<br>でも あまり遠くには<br>投げられないぞ。	<26>Punter Scarab Meat<26><br>Eat it to transform<br>into Punter Scarab.<br><26>Ability<26><br>Can throw the monster<br>ahead at another monster.<br>Cannot throw very far.	
201:$4C6A	231:$6436	77	<26>ぎゃどんのにく<26><br>食べると ギャドンに<br>へんしんできるぞ。<br>「とくぎ」<br>水の上を いどうできるぞ。	<26>Gyadon Meat<26><br>Eat it to transform<br>into Gyadon.<br><26>Ability<26><br>Can move over water.	
201:$4CA0	231:$6484	95	<26>さむらいどんのにく<26><br>食べると サムライどんに<br>へんしんできるぞ。<br>「とくぎ」<br>こうげきの一部を はねかえすぞ。	<26>Samuraidon Meat<26><br>Eat it to transform<br>into Samuraidon.<br><26>Ability<26><br>Can reflect part of an attack.	
201:$4CDD	231:$64E4	85	<26>いかきんぐのにく<26><br>食べると イカキングに<br>へんしんできるぞ。<br>「とくぎ」<br>目つぶしこうげきができるぞ。	<26>Squid King Meat<26><br>Eat it to transform<br>into Squid King.<br><26>Ability<26><br>Can blind a monster.	
201:$4D15	231:$653A	89	<26>つえふりわらべのにく<26><br>食べると つえふりわらべに<br>へんしんできるぞ。<br>「とくぎ」<br>ばしょがえの杖がつかえるぞ。	<26>Baby Mage Meat<26><br>Eat it to transform<br>into Baby Mage.<br><26>Ability<26><br>Can use a Switching Staff.	
201:$4D51	231:$6594	189	<26>うつぼかずらのにく<26><br>食べると ウツボカズラに<br>へんしんできるぞ。<br>「とくぎ」<br>足元にあるアイテムを食べて<br>草に へんかさせるぞ。<br>もとのすがたに もどると<br>おなかの中のアイテムが<br>手に入るぞ。<br>しかし いどうできないぞ。	<26>Pitcher Plant Meat<26><br>Eat it to transform<br>into Pitcher Plant.<br><26>Ability<26><br>Can eat the item underfoot<br>and turn it into Grass.<br>Return to normal to<br>retrieve the item in your<br>stomach. Cannot move.	
201:$4DCA	231:$6652	111	<26>けいほうばえのにく<26><br>食べると けいほうバエに<br>へんしんできるぞ。<br>「とくぎ」<br>ねむっているモンスターをおこすぞ。<br>水の上を いどうできるぞ。	<26>Alert Fly Meat<26><br>Eat it to transform<br>into Alert Fly.<br><26>Ability<26><br>Can wake sleeping monsters.<br>Can move over water.	
201:$4E16	231:$66C2	105	<26>はじきこがねのにく<26><br>食べると はじきコガネに<br>へんしんできるぞ。<br>「とくぎ」<br>かいだんに向かって とっしんすると<br>かいだんを動かすことができるぞ。	<26>Lobber Beetle Meat<26><br>Eat it to transform<br>into Lobber Beetle.<br><26>Ability<26><br>Charge at the<br>Stairs to move them.	
201:$4E65	231:$672C	48	<26>ごーぐらーのにく<26><br>食べると ゴーグラーに<br>へんしんできるぞ。	<26>Goggler Meat<26><br>Eat it to transform<br>into Goggler.	
201:$4E87	231:$675D	123	<26>やみかむろのにく<26><br>食べると やみかむろに<br>へんしんできるぞ。<br>「とくぎ」<br>杖のまほうや ようじゅつなどの<br>こうげきを すいとって<br>うちけすぞ。	<26>Dark Slasher Meat<26><br>Eat it to transform<br>into Dark Slasher.<br><26>Ability<26><br>Absorbs and nullifies Staff<br>magic and similar attacks.	
201:$4ED3	231:$67D9	101	<26>からぶりせんにんのにく<26><br>食べると からぶりせんにんに<br>へんしんできるぞ。<br>「とくぎ」<br>あいての手もとを くるわせて<br>からぶりをさせる じゅつを<br>つかうぞ。	<26>Daze Hermit Meat<26><br>Eat it to transform<br>into Daze Hermit.<br><26>Ability<26><br>Can make a monster's<br>attacks miss.	
201:$4F25	231:$683F	81	<26>いねむりせんにんのにく<26><br>食べると いねむりせんにんに<br>へんしんできるぞ。<br>「とくぎ」<br>ときどき ねむってしまうぞ。	<26>Dozy Genie Meat<26><br>Eat it to transform<br>into Dozy Genie.<br><26>Ability<26><br>May fall asleep.	
201:$4F62	231:$6891	98	<26>つぼつりじじいのにく<26><br>食べると 壺つりジジイに<br>へんしんできるぞ。<br>「とくぎ」<br>モンスターをたおすと<br>ときどき 壺が手に入るぞ。	<26>Pot Fisher Meat<26><br>Eat it to transform<br>into Pot Fisher.<br><26>Ability<26><br>Defeated monsters<br>may drop a Pot.	
201:$4FAA	231:$68F4	160	<26>じゃんがりがんのにく<26><br>食べると ジャンガリガンに<br>へんしんできるぞ。<br>「とくぎ」<br>あいてが持っているアイテムを<br>ぬすんで じめんにおくぞ。<br>ただし ぬすめるのは<br>1体につき1回だけだぞ。	<26>Jungarian Meat<26><br>Eat it to transform<br>into Jungarian.<br><26>Ability<26><br>Can steal a target's held<br>item and place it on the<br>ground. Can steal only<br>once from each monster.	
201:$500E	231:$6995	107	<26>ぎゃざーのにく<26><br>食べると ギャザーに<br>へんしんできるぞ。<br>「とくぎ」<br>モンスターのとくしゅこうげきを<br>ふつうのダメージに変えるぞ。	<26>Gyaza Meat<26><br>Eat it to transform<br>into Gyaza.<br><26>Ability<26><br>Converts monster special<br>attacks into normal damage.	
201:$5054	231:$6A01	56	<26>やみうっちーのにく<26><br>食べると ヤミウッチーに<br>へんしんできるぞ。	<26>Dark Vassal Meat<26><br>Eat it to transform<br>into Dark Vassal.	
201:$5078	231:$6A3A	46	<26>もらびーのにく<26><br>食べると モラビーに<br>へんしんできるぞ。	<26>Morabi Meat<26><br>Eat it to transform<br>into Morabi.	
201:$5098	231:$6A69	56	<26>にらみへびのにく<26><br>食べると にらみヘビに<br>へんしんできるぞ。	<26>Glare Snake Meat<26><br>Eat it to transform<br>into Glare Snake.	
201:$50BA	231:$6AA2	58	<26>ねずみこぶんのにく<26><br>食べると ねずみこぶんに<br>へんしんできるぞ。	<26>Minion Mouse Meat<26><br>Eat it to transform<br>into Minion Mouse.	
201:$50DE	231:$6ADD	60	<26>からかいおさるのにく<26><br>食べると カラカイおさるに<br>へんしんできるぞ。	<26>Teaser Monkey Meat<26><br>Eat it to transform<br>into Teaser Monkey.	
201:$5104	231:$6B1A	50	<26>ちんたらのにく<26><br>食べると チンタラに<br>へんしんできるぞ。	<26>Chintala Meat<26><br>Eat it to transform<br>into Chintala.	
201:$5124	231:$6B4D	91	<26>ぱおうのにく<26><br>食べると パおうに<br>へんしんできるぞ。<br>「とくぎ」<br>ふういんの杖がつかえるぞ。	<26>King Tusker Meat<26><br>Eat it to transform<br>into King Tusker.<br><26>Ability<26><br>Can use a Sealing Staff.	
201:$5157	231:$6BA9	100	<26>くねくねはにーのにく<26><br>食べると くねくねハニーに<br>へんしんできるぞ。<br>「とくぎ」<br>あいてのレベルを1つ下げるぞ。	<26>Twisty Hani Meat<26><br>Eat it to transform<br>into Twisty Hani.<br><26>Ability<26><br>Can lower a<br>monster's level by 1.	
201:$5194	231:$6C0E	62	<26>ますたーちきんのにく<26><br>食べると マスターチキンに<br>へんしんできるぞ。	<26>Master Chicken Meat<26><br>Eat it to transform<br>into Master Chicken.	
201:$51BB	231:$6C4D	99	<26>ちきんのにく<26><br>食べると チキンに<br>へんしんできるぞ。<br>「とくぎ」<br>すばやく動けるけど<br>とってもよわいぞ。	<26>Chicken Meat<26><br>Eat it to transform<br>into Chicken.<br><26>Ability<26><br>Moves at double speed,<br>but is very weak.	
201:$51F4	231:$6CB1	108	<26>あくまだんしゃくのにく<26><br>食べると あくまだんしゃくに<br>へんしんできるぞ。<br>「とくぎ」<br>目の前にいるモンスターに<br>へんしんすることができるぞ。	<26>Vampire Baron Meat<26><br>Eat it to transform<br>into Vampire Baron.<br><26>Ability<26><br>Can transform into<br>the monster ahead.	
201:$5240	231:$6D1E	46	<26>だぎゃんのにく<26><br>食べると ダギャンに<br>へんしんできるぞ。	<26>Dagyan Meat<26><br>Eat it to transform<br>into Dagyan.	
201:$5260	231:$6D4D	81	<26>ざぜんどうしのにく<26><br>食べると ざぜんどうしに<br>へんしんできるぞ。<br>「とくぎ」<br>水の上を いどうできるぞ。	<26>Zen Guru Meat<26><br>Eat it to transform<br>into Zen Guru.<br><26>Ability<26><br>Can move over water.	
201:$529A	231:$6D9F	85	<26>あやしいひとだまのにく<26><br>食べると あやしいひとだまに<br>へんしんできるぞ。<br>「とくぎ」<br>水の上を いどうできるぞ。	<26>Shady Wisp Meat<26><br>Eat it to transform<br>into Shady Wisp.<br><26>Ability<26><br>Can move over water.	
201:$52D8	231:$6DF5	111	<26>きりせんにんのにく<26><br>食べると きりせんにんに<br>へんしんできるぞ。<br>「とくぎ」<br>あいてのhpのはんぶんの<br>ダメージをあたえるぞ。	<26>Fog Hermit Meat<26><br>Eat it to transform<br>into Fog Hermit.<br><26>Ability<26><br>Can deal damage equal<br>to half the target's HP.	
201:$53AF	231:$6E65	0		<empty>	
201:$53B0	231:$6E66	52	<26>あなぐらまむるのにく<26><br>食べると あなぐらマムルに<br>へんしんできるぞ。	<26>Pit Mamel Meat<26><br>Eat it to transform<br>into Pit Mamel.	
201:$53D6	231:$6E9B	91	<26>くろすぼうやーのにく<26><br>食べると クロスボウヤーに<br>へんしんできるぞ。<br>「とくぎ」<br>鉄の矢がうてるぞ。	<26>Crossbow Boy Meat<26><br>Eat it to transform<br>into Crossbow Boy.<br><26>Ability<26><br>Can shoot Iron Arrows.	
201:$540E	231:$6EF7	85	<26>みのたうろすのにく<26><br>食べると ミノタウロスに<br>へんしんできるぞ。<br>「とくぎ」<br>ときどき 会心のいちげきが<br>出せるぞ。	<26>Minotaur Meat<26><br>Eat it to transform<br>into Minotaur.<br><26>Ability<26><br>May land a critical hit.	
201:$544F	231:$6F4D	107	<26>きゅうめいうさぎのにく<26><br>食べると きゅうめいウサギに<br>へんしんできるぞ。<br>「とくぎ」<br>自分と まわりにいる生物のhpを<br>かいふくするぞ。	<26>Life Rabbit Meat<26><br>Eat it to transform<br>into Life Rabbit.<br><26>Ability<26><br>Restores HP to you<br>and nearby creatures.	
201:$549B	231:$6FB9	146	<26>はんにゃむしゃのにく<26><br>食べると はんにゃむしゃに<br>へんしんできるぞ。<br>「とくぎ」<br>ちょくせつこうげきを はんしゃ<br>できるぞ。<br>たおされても ぼうれいはんにゃに<br>へんしんできるぞ。	<26>Hannya Warrior Meat<26><br>Eat it to transform<br>into Hannya Warrior.<br><26>Ability<26><br>Can reflect direct attacks.<br>Transforms into a Ghost<br>Hannya when defeated.	
201:$54F8	231:$704C	128	<26>ぼうれいはんにゃのにく<26><br>食べると ぼうれいはんにゃに<br>へんしんできるぞ。<br>「とくぎ」<br>ちょくせつこうげきを はんしゃ<br>できるぞ。<br>のりうつりはできないぞ。	<26>Ghost Hannya Meat<26><br>Eat it to transform<br>into Ghost Hannya.<br><26>Ability<26><br>Can reflect direct<br>attacks. Cannot possess<br>another monster.	
201:$5549	231:$70CD	113	<26>にげぴーたんのにく<26><br>食べると にげピータンに<br>へんしんできるぞ。<br>「とくぎ」<br>すばやく動けるぞ。<br>こうげきされると ワープするぞ。	<26>Scamper Egg Meat<26><br>Eat it to transform<br>into Scamper Egg.<br><26>Ability<26><br>Can move at double speed.<br>Warps when attacked.	
201:$558F	231:$713F	179	<26>めんべるすのにく<26><br>食べると メンベルスに<br>へんしんできるぞ。<br>「とくぎ」<br>レベル2のモンスターを1匹<br>よびだすぞ。<br>よびだしたモンスターは しばらく<br>自分のみがわりになるぞ。<br>みがわりになるのは<br>一度に1体だけだぞ。	<26>Menbell Meat<26><br>Eat it to transform<br>into Menbell.<br><26>Ability<26><br>Can summon one Level 2<br>monster. The summoned<br>monster acts as your<br>decoy for a while. Only one<br>decoy can exist at a time.	
201:$5605	231:$71F3	115	<26>どらごんへっどのにく<26><br>食べると ドラゴンヘッドに<br>へんしんできるぞ。<br>「とくぎ」<br>地面にもぐって<br>2マス先に いどうできるぞ。	<26>Dragon Head Meat<26><br>Eat it to transform<br>into Dragon Head.<br><26>Ability<26><br>Can burrow underground<br>and move two tiles ahead.	
201:$564B	231:$7267	114	<26>ぱこれぷきーなのにく<26><br>食べると パコレプキーナに<br>へんしんできるぞ。<br>「とくぎ」<br>カベを通りぬけられるぞ。<br>水の上も いどうできるぞ。	<26>Pumphantom Meat<26><br>Eat it to transform<br>into Pumphantom.<br><26>Ability<26><br>Can pass through walls.<br>Can also move over water.	
201:$5695	231:$72DA	85	<26>がんこせんしゃのにく<26><br>食べると ガンコせんしゃに<br>へんしんできるぞ。<br>「とくぎ」<br>たいほうが うてるぞ。	<26>Grampa Tank Meat<26><br>Eat it to transform<br>into Grampa Tank.<br><26>Ability<26><br>Can fire a cannon.	
201:$56CD	231:$7330	110	<26>にぎりおやかたのにく<26><br>食べると にぎりおやかたに<br>へんしんできるぞ。<br>「とくぎ」<br>モンスターをたおすと<br>ときどき 大きなおにぎりが出るぞ。	<26>Nigiri Boss Meat<26><br>Eat it to transform<br>into Nigiri Boss.<br><26>Ability<26><br>Defeated monsters may<br>drop a Large Onigiri.	
201:$5718	231:$739F	149	<26>のろーじょのあねのにく<26><br>食べると ノロージョのあねに<br>へんしんできるぞ。<br>「とくぎ」<br>肉を食べると<br>持っているアイテムの<br>のろいが とけるぞ。<br>壺の中のものはダメだぞ。	<26>Curse Sister Meat<26><br>Eat it to transform<br>into Curse Sister.<br><26>Ability<26><br>Eating Meat removes curses<br>from carried items. Items<br>inside Pots are unaffected.	
201:$5775	231:$7435	107	<26>すーぱーげいずのにく<26><br>食べると スーパーゲイズに<br>へんしんできるぞ。<br>「とくぎ」<br>モンスターを うしろ向きにしか<br>こうげきできないようにするぞ。	<26>Super Gazer Meat<26><br>Eat it to transform<br>into Super Gazer.<br><26>Ability<26><br>Can make a monster<br>attack only backward.	
201:$57C2	231:$74A1	93	<26>げきとついのししのにく<26><br>食べると げきとつイノシシに<br>へんしんできるぞ。<br>「とくぎ」<br>あいてを つきとばすぞ。	<26>Crash Boar Meat<26><br>Eat it to transform<br>into Crash Boar.<br><26>Ability<26><br>Can knock a target backward.	
201:$57FD	231:$74FF	87	<26>ちびたんくのにく<26><br>食べると ちびタンクに<br>へんしんできるぞ。<br>「とくぎ」<br>銀の矢がうてるぞ。	<26>Mini Tank Meat<26><br>Eat it to transform<br>into Mini Tank.<br><26>Ability<26><br>Can shoot Silver Arrows.	
201:$5831	231:$7557	96	<26>げどろのにく<26><br>食べると ゲドロに<br>へんしんできるぞ。<br>「とくぎ」<br>モンスターのこうげきりょくと<br>ぼうぎょりょくを下げるぞ。	<26>Grime Meat<26><br>Eat it to transform<br>into Grime.<br><26>Ability<26><br>Can lower a monster's<br>Attack and Defense.	
201:$5873	231:$75B8	88	<26>でぶーちょのにく<26><br>食べると デブーチョに<br>へんしんできるぞ。<br>「とくぎ」<br>すこし遠くまで石が投げられるぞ。	<26>Porko Meat<26><br>Eat it to transform<br>into Porko.<br><26>Ability<26><br>Can throw rocks<br>a little farther.	
201:$58AF	231:$7611	162	<26>すかいどらごんのにく<26><br>食べると スカイドラゴンに<br>へんしんできるぞ。<br>「とくぎ」<br>おなじ部屋にいるモンスターに<br>炎のこうげきができるぞ。<br>モンスターがいなければ まっすぐ<br>炎を はくぞ。	<26>Sky Dragon Meat<26><br>Eat it to transform<br>into Sky Dragon.<br><26>Ability<26><br>Can breathe fire at a<br>monster in the same room. If<br>none are nearby, breathes<br>fire straight ahead.	
201:$5914	231:$76B4	164	<26>くろむあーまーのにく<26><br>食べると クロムアーマーに<br>へんしんできるぞ。<br>「とくぎ」<br>あいてが持っているアイテムを<br>はじきとばすぞ。<br>ただし はじくのは<br>1体につき1回までだぞ。<br>水の上も いどうできるぞ。	<26>Chrome Armor Meat<26><br>Eat it to transform<br>into Chrome Armor.<br><26>Ability<26><br>Can knock away a target's<br>held item. Works only<br>once on each monster. Can<br>also move over water.	
201:$5982	231:$7759	130	<26>じごくのししゃのにく<26><br>食べると じごくのししゃに<br>へんしんできるぞ。<br>「とくぎ」<br>すばやく動けて<br>れんぞくこうげきができるぞ。<br>水の上を いどうできるぞ。	<26>Hell Reaper Meat<26><br>Eat it to transform<br>into Hell Reaper.<br><26>Ability<26><br>Can move at double<br>speed and attack twice.<br>Can move over water.	
201:$59D6	231:$77DC	155	<26>わるがまぐっちのにく<26><br>食べると ワルガマグッチに<br>へんしんできるぞ。<br>「とくぎ」<br>おカネをぬすんで ワープするぞ。<br>でも こうげきできないぞ。<br>ぬすめるのは<br>1体につき1回だけだぞ。	<26>Bad Froggucci Meat<26><br>Eat it to transform<br>into Bad Froggucci.<br><26>Ability<26><br>Can steal Gitan and warp<br>away. Cannot attack. Can steal<br>only once from each monster.	
201:$5A37	231:$7878	85	<26>めまわしだいこんのにく<26><br>食べると めまわしダイコンに<br>へんしんできるぞ。<br>「とくぎ」<br>こんらん草が投げられるぞ。	<26>Dazikon Meat<26><br>Eat it to transform<br>into Dazikon.<br><26>Ability<26><br>Can throw Confusion Grass.	
201:$5A75	231:$78CE	83	<26>おおひゃくめのにく<26><br>食べると おおヒャクメに<br>へんしんできるぞ。<br>「とくぎ」<br>モンスターを こんらんさせるぞ。	<26>Lockulus Meat<26><br>Eat it to transform<br>into Lockulus.<br><26>Ability<26><br>Can confuse a monster.	
201:$5AB0	231:$7922	98	<26>ねむりそうりょのにく<26><br>食べると ねむりそうりょに<br>へんしんできるぞ。<br>「とくぎ」<br>モンスターをねむらせるぞ。	<26>Sleep Warlock Meat<26><br>Eat it to transform<br>into Sleep Warlock.<br><26>Ability<26><br>Can put a monster to sleep.	
201:$5AEA	231:$7985	212	<26>ぎゃんぐっとどのにく<26><br>食べると ギャングっトドに<br>へんしんできるぞ。<br>「とくぎ」<br>あいてが持っているアイテムを<br>ぬすんでワープできるぞ。<br>ただし おなじフロアに店があった<br>ときは うりものになってしまうぞ。<br>ぬすめるのは<br>1体につき1回だけだぞ。	<26>Gang Zalokleft Meat<26><br>Eat it to transform<br>into Gang Zalokleft.<br><26>Ability<26><br>Can steal a target's held item<br>and warp away. If the floor<br>has a shop, the item becomes<br>merchandise. Can steal only<br>once from each monster.	
201:$5B6D	231:$7A5A	99	<26>きゅういんちゅうのにく<26><br>食べると きゅういんちゅうに<br>へんしんできるぞ。<br>「とくぎ」<br>肉を食べると ちからが2ポイント<br>かいふくするぞ。	<26>Slurp Leech Meat<26><br>Eat it to transform<br>into Slurp Leech.<br><26>Ability<26><br>Eating Meat<br>restores 2 Strength.	
201:$5BB7	231:$7ABE	111	<26>からかさたぬきのにく<26><br>食べると 壺にへんしんするぞ。<br>しばらくすると もとにもどるぞ。<br>「とくぎ」<br>壺にへんしんして モンスターから<br>かくれるぞ。	<26>Tricky Tanuki Meat<26><br>Eat it to transform<br>into Tricky Tanuki.<br><26>Ability<26><br>Can become a Pot and<br>hide from monsters.	
201:$5C06	231:$7B2E	117	<26>ほるむでーもんのにく<26><br>食べると ホルムデーモンに<br>へんしんできるぞ。<br>「とくぎ」<br>すがたを消せるぞ。<br>杖のこうげきを はねかえすぞ。	<26>Phantom Devil Meat<26><br>Eat it to transform<br>into Phantom Devil.<br><26>Ability<26><br>Can become invisible.<br>Can reflect Staff magic.	
201:$5C4E	231:$7BA4	89	<26>たいちょうありのにく<26><br>食べると たいちょうアリに<br>へんしんできるぞ。<br>「とくぎ」<br>カベがほれるぞ。	<26>Captain Ant Meat<26><br>Eat it to transform<br>into Captain Ant.<br><26>Ability<26><br>Can dig through walls.	
201:$5C83	231:$7BFE	106	<26>がいこつまじんのにく<26><br>食べると ガイコツまじんに<br>へんしんできるぞ。<br>「とくぎ」<br>いろいろな こうかがある杖が<br>つかえるぞ。	<26>Skull Wizard Meat<26><br>Eat it to transform<br>into Skull Wizard.<br><26>Ability<26><br>Can use a Staff with<br>various effects.	
201:$5CC6	231:$7C69	52	<26>きめんがんせきのにく<26><br>食べると きめんがんせきに<br>へんしんできるぞ。	<26>Ogre Rock Meat<26><br>Eat it to transform<br>into Ogre Rock.	
201:$5CEC	231:$7C9E	155	<26>あんどんふぐのにく<26><br>食べると あんどんフグに<br>へんしんできるぞ。<br>「とくぎ」<br>モンスターに向かって<br>とくぎをつかうと<br>自分のまんぷくどを<br>かいふくできるぞ。<br>一度つかうと もとのすがたに<br>もどるぞ。	<26>Lantern Puffer Meat<26><br>Eat it to transform<br>into Lantern Puffer.<br><26>Ability<26><br>Use the ability on a monster<br>to restore Fullness. Returns<br>to normal after one use.	
201:$5D58	231:$7D3A	150	<26>ばくれつうにのにく<26><br>食べると ばくれつウニに<br>へんしんできるぞ。<br>「とくぎ」<br>この肉を食べると<br>ジバクスイッチが入るぞ。<br>しばらくすると<br>自分が大バクハツするぞ！	<26>Concusschin Meat<26><br>Eat it to transform<br>into Concusschin.<br><26>Ability<26><br>Eating this Meat activates<br>self-destruct. You cause a<br>huge explosion after a while!	
201:$5DB3	231:$7DD1	58	<26>はやぶさてんぐのにく<26><br>食べると ハヤブサてんぐに<br>へんしんできるぞ。	<26>Falcon Tengu Meat<26><br>Eat it to transform<br>into Falcon Tengu.	
201:$5DD9	231:$7E0C	100	<26>ごりぼっとのにく<26><br>食べると ゴリボットに<br>へんしんできるぞ。<br>「とくぎ」<br>すこし遠くまで<br>バクダンを投げられるぞ。	<26>Gorilla Bot Meat<26><br>Eat it to transform<br>into Gorilla Bot.<br><26>Ability<26><br>Can throw bombs<br>a little farther.	
201:$5E18	231:$7E71	95	<26>ちぇいんへっどのにく<26><br>食べると チェインヘッドに<br>へんしんできるぞ。<br>「とくぎ」<br>2マス先まで こうげきできるぞ。	<26>Chainhead Meat<26><br>Eat it to transform<br>into Chainhead.<br><26>Ability<26><br>Can attack up to<br>two tiles away.	
201:$5E56	231:$7ED1	103	<26>えびるかんがるーのにく<26><br>食べると エビルカンガルーに<br>へんしんできるぞ。<br>「とくぎ」<br>モンスターを はや足にするぞ。	<26>Evil Kangaroo Meat<26><br>Eat it to transform<br>into Evil Kangaroo.<br><26>Ability<26><br>Can give a monster<br>double speed.	
201:$5E95	232:$4000	219	<26>みにまぜもんのにく<26><br>食べると ミニマゼモンに<br>へんしんできるぞ。<br>「とくぎ」<br>アイテムの上にのって食べると<br>おなかの中で合成できるぞ。<br>ちがう しゅるいは合成できないぞ。<br>3つ食べると おなかいっぱいだ。<br>もとのすがたにもどると<br>アイテムが手に入るぞ。	<26>Mini Mixermon Meat<26><br>Eat it to transform<br>into Mini Mixermon.<br><26>Ability<26><br>Eat an item underfoot<br>to Synthesize it in your<br>stomach. Categories cannot<br>be mixed. Your stomach<br>holds three items. Return<br>to normal to retrieve it.	
201:$5F21	232:$40DC	0		<empty>	
201:$5F22	232:$40DD	56	<26>わなにんじゃのにく<26><br>食べると ワナニンジャに<br>へんしんできるぞ。	<26>Trap Chunin Meat<26><br>Eat it to transform<br>into Trap Chunin.	
201:$5F46	232:$4116	94	<26>いやすぎがっぱのにく<26><br>食べると いやすぎガッパに<br>へんしんできるぞ。<br>「とくぎ」<br>足元のアイテムを投げるぞ。	<26>Kappa Pest Meat<26><br>Eat it to transform<br>into Kappa Pest.<br><26>Ability<26><br>Can throw the item underfoot.	
201:$5F83	232:$4175	96	<26>やぎしさいのにく<26><br>食べると ヤギしさいに<br>へんしんできるぞ。<br>「とくぎ」<br>モンスターのこうげきりょくを<br>はんぶんにするぞ。	<26>Goat Pastor Meat<26><br>Eat it to transform<br>into Goat Pastor.<br><26>Ability<26><br>Can halve a monster's Attack.	
201:$5FC4	232:$41D6	160	<26>くーわがったーのにく<26><br>食べると クーワガッターに<br>へんしんできるぞ。<br>「とくぎ」<br>目の前にいるモンスターを<br>ほかのモンスターやワナに<br>向かって投げるぞ。<br>すこし遠くまで投げられるぞ。	<26>Striker Scarab Meat<26><br>Eat it to transform<br>into Striker Scarab.<br><26>Ability<26><br>Can throw the monster<br>ahead toward another<br>monster or trap. Can<br>throw a little farther.	
201:$6029	232:$4277	79	<26>ぎゃいらすのにく<26><br>食べると ギャイラスに<br>へんしんできるぞ。<br>「とくぎ」<br>水の上を いどうできるぞ。	<26>Gyairas Meat<26><br>Eat it to transform<br>into Gyairas.<br><26>Ability<26><br>Can move over water.	
201:$6061	232:$42C7	89	<26>たいしょうどんのにく<26><br>食べると タイショウどんに<br>へんしんできるぞ。<br>「とくぎ」<br>まほうこうげきを はねかえすぞ。	<26>Taishodon Meat<26><br>Eat it to transform<br>into Taishodon.<br><26>Ability<26><br>Can reflect magic attacks.	
201:$609E	232:$4321	85	<26>いかだいおうのにく<26><br>食べると イカだいおうに<br>へんしんできるぞ。<br>「とくぎ」<br>目つぶしこうげきができるぞ。	<26>Squid Lord Meat<26><br>Eat it to transform<br>into Squid Lord.<br><26>Ability<26><br>Can blind a monster.	
201:$60D8	232:$4377	87	<26>つえふりぼうずのにく<26><br>食べると つえふりぼうずに<br>へんしんできるぞ。<br>「とくぎ」<br>ふきとばしの杖がつかえるぞ。	<26>Boy Mage Meat<26><br>Eat it to transform<br>into Boy Mage.<br><26>Ability<26><br>Can use a Knockback Staff.	
201:$6114	232:$43CF	181	<26>しきべつかずらのにく<26><br>食べると しきべつカズラに<br>へんしんできるぞ。<br>「とくぎ」<br>足元にあるアイテムを食べて<br>しきべつするぞ。<br>もとのすがたに もどると<br>おなかの中のアイテムが<br>手に入るぞ。<br>しかし いどうできないぞ。	<26>Identify Plant Meat<26><br>Eat it to transform<br>into Identify Plant.<br><26>Ability<26><br>Can eat and identify the<br>item underfoot. Return to<br>normal to retrieve the item<br>in your stomach. Cannot move.	
201:$618B	232:$4485	109	<26>みっこくばえのにく<26><br>食べると みっこくバエに<br>へんしんできるぞ。<br>「とくぎ」<br>ねむっているモンスターをおこすぞ。<br>水の上を いどうできるぞ。	<26>Fink Fly Meat<26><br>Eat it to transform<br>into Fink Fly.<br><26>Ability<26><br>Can wake sleeping monsters.<br>Can move over water.	
201:$61D7	232:$44F3	105	<26>ふきとばぼたるのにく<26><br>食べると ふきとばボタルに<br>へんしんできるぞ。<br>「とくぎ」<br>かいだんに向かって とっしんすると<br>かいだんを動かすことができるぞ。	<26>Heaver Beetle Meat<26><br>Eat it to transform<br>into Heaver Beetle.<br><26>Ability<26><br>Charge at the<br>Stairs to move them.	
201:$6228	232:$455D	60	<26>わーすごーぐらーのにく<26><br>食べると ワースゴーグラーに<br>へんしんできるぞ。	<26>Worth Goggler Meat<26><br>Eat it to transform<br>into Worth Goggler.	
201:$6250	232:$459A	127	<26>ようまかむろのにく<26><br>食べると ようまかむろに<br>へんしんできるぞ。<br>「とくぎ」<br>杖のまほうや ようじゅつなどの<br>こうげきを すいとって<br>うちけすぞ。	<26>Sneaky Slasher Meat<26><br>Eat it to transform<br>into Sneaky Slasher.<br><26>Ability<26><br>Absorbs and nullifies Staff<br>magic and similar attacks.	
201:$629E	232:$461A	100	<26>こごとせんにんのにく<26><br>食べると こごとせんにんに<br>へんしんできるぞ。<br>「とくぎ」<br>モンスターにせっきょうをして<br>ねむらせるぞ。	<26>Scold Hermit Meat<26><br>Eat it to transform<br>into Scold Hermit.<br><26>Ability<26><br>Can lecture a<br>monster to sleep.	
201:$62E1	232:$467F	85	<26>すいみんせんにんのにく<26><br>食べると すいみんせんにんに<br>へんしんできるぞ。<br>「とくぎ」<br>ときどき ねむってしまうぞ。	<26>Groggy Genie Meat<26><br>Eat it to transform<br>into Groggy Genie.<br><26>Ability<26><br>May fall asleep.	
201:$631E	232:$46D5	98	<26>つぼつりおきなのにく<26><br>食べると 壺つりおきなに<br>へんしんできるぞ。<br>「とくぎ」<br>モンスターをたおすと<br>ときどき 壺が手に入るぞ。	<26>Pot Angler Meat<26><br>Eat it to transform<br>into Pot Angler.<br><26>Ability<26><br>Defeated monsters<br>may drop a Pot.	
201:$6366	232:$4738	162	<26>きゃんべらんのにく<26><br>食べると キャンベランに<br>へんしんできるぞ。<br>「とくぎ」<br>あいてが持っているアイテムを<br>ぬすんで じめんにおくぞ。<br>ただし ぬすめるのは<br>1体につき1回だけだぞ。	<26>Campbellan Meat<26><br>Eat it to transform<br>into Campbellan.<br><26>Ability<26><br>Can steal a target's held<br>item and place it on the<br>ground. Can steal only<br>once from each monster.	
201:$63C8	232:$47DB	121	<26>きらーぎゃざーのにく<26><br>食べると キラーギャザーに<br>へんしんできるぞ。<br>「とくぎ」<br>モンスターのとくしゅこうげきを<br>ふつうのダメージに変えるぞ。	<26>Killer Gyaza Meat<26><br>Eat it to transform<br>into Killer Gyaza.<br><26>Ability<26><br>Converts monster special<br>attacks into normal damage.	
201:$6414	232:$4855	58	<26>ふいうっちーのにく<26><br>食べると フイウッチーに<br>へんしんできるぞ。	<26>Demon Vassal Meat<26><br>Eat it to transform<br>into Demon Vassal.	
201:$6438	232:$4890	46	<26>わらびーのにく<26><br>食べると ワラビーに<br>へんしんできるぞ。	<26>Warabi Meat<26><br>Eat it to transform<br>into Warabi.	
201:$6458	232:$48BF	54	<26>ぎょろつきへびのにく<26><br>食べると ギョロつきヘビに<br>へんしんできるぞ。	<26>Leer Snake Meat<26><br>Eat it to transform<br>into Leer Snake.	
201:$647E	232:$48F6	60	<26>ねずみおやぶんのにく<26><br>食べると ねずみおやぶんに<br>へんしんできるぞ。	<26>Mobster Mouse Meat<26><br>Eat it to transform<br>into Mobster Mouse.	
201:$64A4	232:$4933	62	<26>ちゃかしおさるのにく<26><br>食べると チャカシおさるに<br>へんしんできるぞ。	<26>Derider Monkey Meat<26><br>Eat it to transform<br>into Derider Monkey.	
201:$64CA	232:$4972	58	<26>ちゅうちんたらのにく<26><br>食べると ちゅうチンタラに<br>へんしんできるぞ。	<26>Mid Chintala Meat<26><br>Eat it to transform<br>into Mid Chintala.	
201:$64F0	232:$49AD	95	<26>ぱおぱおうのにく<26><br>食べると パオパおうに<br>へんしんできるぞ。<br>「とくぎ」<br>動きをおそくする杖がつかえるぞ。	<26>Monarch Tusker Meat<26><br>Eat it to transform<br>into Monarch Tusker.<br><26>Ability<26><br>Can use a Sloth Staff.	
201:$652B	232:$4A0D	0		<empty>	
201:$652C	232:$4A0E	113	<26>ぐれーとちきんのにく<26><br>食べると グレートチキンに<br>へんしんできるぞ。<br>「とくぎ」<br>すばやく動けて<br>れんぞくこうげきができるぞ。	<26>Great Chicken Meat<26><br>Eat it to transform<br>into Great Chicken.<br><26>Ability<26><br>Can move at double<br>speed and attack twice.	
201:$6570	232:$4A80	0		<empty>	
201:$6571	232:$4A81	106	<26>あくまこうしゃくのにく<26><br>食べると あくまこうしゃくに<br>へんしんできるぞ。<br>「とくぎ」<br>目の前にいるモンスターに<br>へんしんすることができるぞ。	<26>Vampire Duke Meat<26><br>Eat it to transform<br>into Vampire Duke.<br><26>Ability<26><br>Can transform into<br>the monster ahead.	
201:$65BD	232:$4AEC	50	<26>だぎゃだぎゃんのにく<26><br>食べると ダギャダギャンに<br>へんしんできるぞ。	<26>Dagyagan Meat<26><br>Eat it to transform<br>into Dagyagan.	
201:$65E3	232:$4B1F	81	<26>ざぜんそくぶつのにく<26><br>食べると ざぜんそくぶつに<br>へんしんできるぞ。<br>「とくぎ」<br>水の上を いどうできるぞ。	<26>Zen Monk Meat<26><br>Eat it to transform<br>into Zen Monk.<br><26>Ability<26><br>Can move over water.	
201:$661F	232:$4B71	89	<26>おびえたしりょうのにく<26><br>食べると おびえたしりょうに<br>へんしんできるぞ。<br>「とくぎ」<br>水の上を いどうできるぞ。	<26>Fearful Wisp Meat<26><br>Eat it to transform<br>into Fearful Wisp.<br><26>Ability<26><br>Can move over water.	
201:$665D	232:$4BCB	113	<26>みのせんにんのにく<26><br>食べると みのせんにんに<br>へんしんできるぞ。<br>「とくぎ」<br>あいてのhpのはんぶんの<br>ダメージをあたえるぞ。	<26>Haze Hermit Meat<26><br>Eat it to transform<br>into Haze Hermit.<br><26>Ability<26><br>Can deal damage equal<br>to half the target's HP.	
201:$6734	232:$4C3D	0		<empty>	
201:$6735	232:$4C3E	54	<26>どうくつまむるのにく<26><br>食べると どうくつマムルに<br>へんしんできるぞ。	<26>Cave Mamel Meat<26><br>Eat it to transform<br>into Cave Mamel.	
201:$675B	232:$4C75	0		<empty>	
201:$675C	232:$4C76	85	<26>めがたうろすのにく<26><br>食べると メガタウロスに<br>へんしんできるぞ。<br>「とくぎ」<br>ときどき 会心のいちげきが<br>出せるぞ。	<26>Megataur Meat<26><br>Eat it to transform<br>into Megataur.<br><26>Ability<26><br>May land a critical hit.	
201:$679D	232:$4CCC	0		<empty>	
201:$679E	232:$4CCD	102	<26>しょうぐんのにく<26><br>食べると しょうぐんに<br>へんしんできるぞ。<br>「とくぎ」<br>たおされても しょうぐんゾンビに<br>へんしんできるぞ。	<26>Shogun Meat<26><br>Eat it to transform<br>into Shogun.<br><26>Ability<26><br>Transforms into a Ghost<br>Shogun when defeated.	
201:$67E1	232:$4D34	152	<26>しょうぐんぞんびのにく<26><br>食べると しょうぐんゾンビに<br>へんしんできるぞ。<br>「とくぎ」<br>となりにいるなかまが たおされて<br>しまった時に よみがえらせるぞ。<br>のりうつりはできないぞ。	<26>Ghost Shogun Meat<26><br>Eat it to transform<br>into Ghost Shogun.<br><26>Ability<26><br>Can revive an adjacent<br>ally when they are<br>defeated. Cannot possess<br>another monster.	
201:$683F	232:$4DCD	110	<26>とびぴーたんのにく<26><br>食べると とびピータンに<br>へんしんできるぞ。<br>「とくぎ」<br>すばやく動けて<br>すきな時にワープできるぞ。	<26>Leaping Egg Meat<26><br>Eat it to transform<br>into Leaping Egg.<br><26>Ability<26><br>Moves at double speed<br>and can warp at will.	
201:$6881	232:$4E3C	185	<26>べるとーべんのにく<26><br>食べると ベルトーベンに<br>へんしんできるぞ。<br>「とくぎ」<br>レベル3のモンスターを1匹<br>よびだすぞ。<br>よびだしたモンスターは しばらく<br>自分のみがわりになるぞ。<br>みがわりになるのは<br>一度に1体だけだぞ。	<26>Bellthoven Meat<26><br>Eat it to transform<br>into Bellthoven.<br><26>Ability<26><br>Can summon one Level 3<br>monster. The summoned<br>monster acts as your<br>decoy for a while. Only one<br>decoy can exist at a time.	
201:$68F9	232:$4EF6	119	<26>するーどらごんのにく<26><br>食べると スルードラゴンに<br>へんしんできるぞ。<br>「とくぎ」<br>地面にもぐって<br>2マス先に いどうできるぞ。	<26>Tunnel Dragon Meat<26><br>Eat it to transform<br>into Tunnel Dragon.<br><26>Ability<26><br>Can burrow underground<br>and move two tiles ahead.	
201:$693F	232:$4F6E	114	<26>ぱこれぷきんぐのにく<26><br>食べると パコレプキングに<br>へんしんできるぞ。<br>「とくぎ」<br>カベを通りぬけられるぞ。<br>水の上も いどうできるぞ。	<26>Pumpanshee Meat<26><br>Eat it to transform<br>into Pumpanshee.<br><26>Ability<26><br>Can pass through walls.<br>Can also move over water.	
201:$6989	232:$4FE1	111	<26>いってつせんしゃのにく<26><br>食べると イッテツせんしゃに<br>へんしんできるぞ。<br>「とくぎ」<br>たいほうが うてるぞ。<br>すばやく動けるぞ。	<26>Ornery Tank Meat<26><br>Eat it to transform<br>into Ornery Tank.<br><26>Ability<26><br>Can fire a cannon. Can<br>move at double speed.	
201:$69CE	232:$5051	113	<26>にぎりもとじめのにく<26><br>食べると にぎりもとじめに<br>へんしんできるぞ。<br>「とくぎ」<br>モンスターをたおすと<br>ときどき きょだいなおにぎりが<br>出るぞ。	<26>Nigiri Master Meat<26><br>Eat it to transform<br>into Nigiri Master.<br><26>Ability<26><br>Defeated monsters may<br>drop a Huge Onigiri.	
201:$6A1B	232:$50C3	143	<26>のろーじょのははのにく<26><br>食べると ノロージョのははに<br>へんしんできるぞ。<br>「とくぎ」<br>肉を食べると<br>持っているアイテムの<br>のろいが とけるぞ。<br>壺の中のものはダメだぞ。	<26>Curse Mom Meat<26><br>Eat it to transform<br>into Curse Mom.<br><26>Ability<26><br>Eating Meat removes curses<br>from carried items. Items<br>inside Pots are unaffected.	
201:$6A78	232:$5153	107	<26>はいぱーげいずのにく<26><br>食べると ハイパーゲイズに<br>へんしんできるぞ。<br>「とくぎ」<br>モンスターを うしろ向きにしか<br>こうげきできないようにするぞ。	<26>Hyper Gazer Meat<26><br>Eat it to transform<br>into Hyper Gazer.<br><26>Ability<26><br>Can make a monster<br>attack only backward.	
201:$6AC5	232:$51BF	97	<26>かいめついのししのにく<26><br>食べると かいめつイノシシに<br>へんしんできるぞ。<br>「とくぎ」<br>あいてを つきとばすぞ。	<26>Wrecker Boar Meat<26><br>Eat it to transform<br>into Wrecker Boar.<br><26>Ability<26><br>Can knock a target backward.	
201:$6B00	232:$5221	0		<empty>	
201:$6B01	232:$5222	103	<26>おどろのにく<26><br>食べると オドロに<br>へんしんできるぞ。<br>「とくぎ」<br>モンスターのこうげきりょくと<br>ぼうぎょりょくをゼロにするぞ。	<26>Ooze Meat<26><br>Eat it to transform into Ooze.<br><26>Ability<26><br>Can reduce a monster's<br>Attack and Defense to zero.	
201:$6B44	232:$528A	89	<26>でぶーとんのにく<26><br>食べると デブートンに<br>へんしんできるぞ。<br>「とくぎ」<br>遠くまで石が投げられるぞ。	<26>Porkon Meat<26><br>Eat it to transform<br>into Porkon.<br><26>Ability<26><br>Can throw rocks<br>a long distance.	
201:$6B7D	232:$52E4	195	<26>あーくどらごんのにく<26><br>食べると アークドラゴンに<br>へんしんできるぞ。<br>「とくぎ」<br>いっていはんい内のモンスターに<br>向かって カベをもつきぬける<br>炎のこうげきができるぞ。<br>モンスターがいなければ まっすぐ<br>炎を はくぞ。この場合はカベを<br>つきぬけないぞ。	<26>Archdragon Meat<26><br>Eat it to transform<br>into Archdragon.<br><26>Ability<26><br>Breathes fire through walls<br>at monsters in range. If<br>none are nearby, breathes<br>fire straight ahead. That<br>fire cannot pierce walls.	
201:$6C05	232:$53A8	168	<26>ちたんあーまーのにく<26><br>食べると チタンアーマーに<br>へんしんできるぞ。<br>「とくぎ」<br>あいてが持っているアイテムを<br>はじきとばすぞ。<br>ただし はじくのは<br>1体につき1回までだぞ。<br>水の上も いどうできるぞ。	<26>Titanium Armor Meat<26><br>Eat it to transform<br>into Titanium Armor.<br><26>Ability<26><br>Can knock away a target's<br>held item. Works only<br>once on each monster. Can<br>also move over water.	
201:$6C73	232:$5451	164	<26>しにがみのにく<26><br>食べると しにがみに<br>へんしんできるぞ。<br>「とくぎ」<br>すばやく動けて<br>れんぞくこうげきができるぞ。<br>カベも通りぬけられるぞ。<br>水の上も いどうできるぞ。	<26>Grim Reaper Meat<26><br>Eat it to transform<br>into Grim Reaper.<br><26>Ability<26><br>Can move at double speed<br>and attack twice. Can<br>also pass through walls.<br>Can also move over water.	
201:$6CCF	232:$54F6	180	<26>わるがまごんのにく<26><br>食べると ワルガマゴンに<br>へんしんできるぞ。<br>「とくぎ」<br>おカネをぬすんで ワープするぞ。<br>そのうえ カベもすりぬけられるぞ！<br>でも こうげきできないぞ。<br>ぬすめるのは<br>1体につき1回だけだぞ。	<26>Bad Froggon Meat<26><br>Eat it to transform<br>into Bad Froggon.<br><26>Ability<26><br>Can steal Gitan and<br>warp away. Can also pass<br>through walls! Cannot<br>attack. Can steal only<br>once from each monster.	
201:$6D40	232:$55AB	84	<26>ねむりだいこんのにく<26><br>食べると ねむりダイコンに<br>へんしんできるぞ。<br>「とくぎ」<br>すいみん草が投げられるぞ。	<26>Dozikon Meat<26><br>Eat it to transform<br>into Dozikon.<br><26>Ability<26><br>Can throw Sedating Grass.	
201:$6D7C	232:$5600	99	<26>ひゃくめまじんのにく<26><br>食べると ヒャクメまじんに<br>へんしんできるぞ。<br>「とくぎ」<br>部屋にいるモンスターを<br>こんらんさせるぞ。	<26>Hawkulus Meat<26><br>Eat it to transform<br>into Hawkulus.<br><26>Ability<26><br>Can confuse every<br>monster in the room.	
201:$6DC0	232:$5664	100	<26>こんすいどうしのにく<26><br>食べると こんすいどうしに<br>へんしんできるぞ。<br>「とくぎ」<br>モンスターをねむらせるぞ。	<26>Slumber Wizard Meat<26><br>Eat it to transform<br>into Slumber Wizard.<br><26>Ability<26><br>Can put a monster to sleep.	
201:$6DFA	232:$56C9	210	<26>ごっとどふぁーざのにく<26><br>食べると ゴットドファーザに<br>へんしんできるぞ。<br>「とくぎ」<br>あいてが持っているアイテムを<br>ぬすんでワープできるぞ。<br>ただし おなじフロアに店があった<br>ときは うりものになってしまうぞ。<br>ぬすめるのは<br>1体につき1回だけだぞ。	<26>Mob Zalokleft Meat<26><br>Eat it to transform<br>into Mob Zalokleft.<br><26>Ability<26><br>Can steal a target's held item<br>and warp away. If the floor<br>has a shop, the item becomes<br>merchandise. Can steal only<br>once from each monster.	
201:$6E7F	232:$579C	101	<26>がぶのみむしのにく<26><br>食べると がぶのみムシに<br>へんしんできるぞ。<br>「とくぎ」<br>肉を食べると ちからがすべて<br>かいふくするぞ。	<26>Gulp Leech Meat<26><br>Eat it to transform<br>into Gulp Leech.<br><26>Ability<26><br>Eating Meat fully<br>restores Strength.	
201:$6EC3	232:$5802	111	<26>たんたんたぬきのにく<26><br>食べると 壺にへんしんするぞ。<br>しばらくすると もとにもどるぞ。<br>「とくぎ」<br>壺にへんしんして モンスターから<br>かくれるぞ。	<26>Crafty Tanuki Meat<26><br>Eat it to transform<br>into Crafty Tanuki.<br><26>Ability<26><br>Can become a Pot and<br>hide from monsters.	
201:$6F12	232:$5872	145	<26>めちるさたんのにく<26><br>食べると メチルサタンに<br>へんしんできるぞ。<br>「とくぎ」<br>すがたを消せて すばやく動けるぞ。<br>そのうえ 杖のこうげきを<br>はねかえすぞ。	<26>Mirage Devil Meat<26><br>Eat it to transform<br>into Mirage Devil.<br><26>Ability<26><br>Can become invisible and<br>move at double speed. Can<br>also reflect Staff magic.	
201:$6F66	232:$5904	115	<26>しょうぐんありのにく<26><br>食べると しょうぐんアリに<br>へんしんできるぞ。<br>「とくぎ」<br>すばやく動けて カベがほれるぞ。	<26>General Ant Meat<26><br>Eat it to transform<br>into General Ant.<br><26>Ability<26><br>Moves at double speed and<br>can dig through walls.	
201:$6FA4	232:$5978	106	<26>がいこつまおうのにく<26><br>食べると ガイコツまおうに<br>へんしんできるぞ。<br>「とくぎ」<br>いろいろな こうかがある杖が<br>つかえるぞ。	<26>Skull Wraith Meat<26><br>Eat it to transform<br>into Skull Wraith.<br><26>Ability<26><br>Can use a Staff with<br>various effects.	
201:$6FE7	232:$59E3	54	<26>でーもんずろっくのにく<26><br>食べると デーモンズロックに<br>へんしんできるぞ。	<26>Demon Rock Meat<26><br>Eat it to transform<br>into Demon Rock.	
201:$700F	232:$5A1A	155	<26>かんてらふぐのにく<26><br>食べると かんてらフグに<br>へんしんできるぞ。<br>「とくぎ」<br>モンスターに向かって<br>とくぎをつかうと<br>自分のさいだいまんぷくどを<br>上げられるぞ。<br>一度つかうと もとのすがたに<br>もどるぞ。	<26>Beacon Puffer Meat<26><br>Eat it to transform<br>into Beacon Puffer.<br><26>Ability<26><br>Use the ability on a monster<br>to raise Max Fullness. Returns<br>to normal after one use.	
201:$707E	232:$5AB6	150	<26>だいふんかうにのにく<26><br>食べると だいふんかウニに<br>へんしんできるぞ。<br>「とくぎ」<br>この肉を食べると<br>ジバクスイッチが入るぞ。<br>しばらくすると<br>自分が 大バクハツするぞ！	<26>Fulminachin Meat<26><br>Eat it to transform<br>into Fulminachin.<br><26>Ability<26><br>Eating this Meat activates<br>self-destruct. You cause a<br>huge explosion after a while!	
201:$70DC	232:$5B4D	56	<26>いぬわしてんぐのにく<26><br>食べると イヌワシてんぐに<br>へんしんできるぞ。	<26>Eagle Tengu Meat<26><br>Eat it to transform<br>into Eagle Tengu.	
201:$7102	232:$5B86	95	<26>べあぼーぐのにく<26><br>食べると ベアボーグに<br>へんしんできるぞ。<br>「とくぎ」<br>遠くまでバクダンを投げられるぞ。	<26>Bear Borg Meat<26><br>Eat it to transform<br>into Bear Borg.<br><26>Ability<26><br>Can throw bombs<br>a long distance.	
201:$713D	232:$5BE6	95	<26>ぎがへっどのにく<26><br>食べると ギガヘッドに<br>へんしんできるぞ。<br>「とくぎ」<br>3マス先まで こうげきできるぞ。	<26>Gigahead Meat<26><br>Eat it to transform<br>into Gigahead.<br><26>Ability<26><br>Can attack up to<br>three tiles away.	
201:$7177	232:$5C46	119	<26>でびるかんがるーのにく<26><br>食べると デビルカンガルーに<br>へんしんできるぞ。<br>「とくぎ」<br>モンスターを おこらせた上に<br>はや足にするぞ。	<26>Devil Kangaroo Meat<26><br>Eat it to transform<br>into Devil Kangaroo.<br><26>Ability<26><br>Can enrage a monster<br>and give it double speed.	
201:$71BF	232:$5CBE	218	<26>みにまぜごんのにく<26><br>食べると ミニマゼゴンに<br>へんしんできるぞ。<br>「とくぎ」<br>アイテムの上にのって食べると<br>おなかの中で合成できるぞ。<br>ちがう しゅるいは合成できないぞ。<br>4つ食べると おなかいっぱいだ。<br>もとのすがたにもどると<br>アイテムが手に入るぞ。	<26>Mini Mixergon Meat<26><br>Eat it to transform<br>into Mini Mixergon.<br><26>Ability<26><br>Eat an item underfoot<br>to Synthesize it in your<br>stomach. Categories cannot<br>be mixed. Your stomach<br>holds four items. Return<br>to normal to retrieve it.	
201:$724B	232:$5D99	0		<empty>	
201:$724C	232:$5D9A	54	<26>わなにんにんのにく<26><br>食べると ワナニンニンに<br>へんしんできるぞ。	<26>Trap Jonin Meat<26><br>Eat it to transform<br>into Trap Jonin.	
201:$7270	232:$5DD1	138	<26>たまらんがっぱのにく<26><br>食べると たまらんガッパに<br>へんしんできるぞ。<br>「とくぎ」<br>足元のアイテムを投げるぞ。<br>投げたアイテムは<br>カベやモンスターをつきぬけるぞ。	<26>Vexing Kappa Meat<26><br>Eat it to transform<br>into Vexing Kappa.<br><26>Ability<26><br>Can throw the item<br>underfoot. Thrown items<br>pierce walls and monsters.	
201:$72C8	232:$5E5C	98	<26>がぜるきょうこうのにく<26><br>食べると ガゼルきょうこうに<br>へんしんできるぞ。<br>「とくぎ」<br>モンスターのこうげきりょくを<br>はんぶんにするぞ。	<26>Gazelle Pope Meat<26><br>Eat it to transform<br>into Gazelle Pope.<br><26>Ability<26><br>Can halve a monster's Attack.	
201:$730F	232:$5EBF	157	<26>のこぎがったーのにく<26><br>食べると ノコギガッターに<br>へんしんできるぞ。<br>「とくぎ」<br>目の前にいるモンスターを<br>ほかのモンスターやワナに<br>向かって投げるぞ。<br>遠くまで投げられるぞ。	<26>Kicker Scarab Meat<26><br>Eat it to transform<br>into Kicker Scarab.<br><26>Ability<26><br>Can throw the monster<br>ahead toward another<br>monster or trap. Can<br>throw a long distance.	
201:$7371	232:$5F5D	81	<26>ぎゃんどらーのにく<26><br>食べると ギャンドラーに<br>へんしんできるぞ。<br>「とくぎ」<br>水の上を いどうできるぞ。	<26>Gyandora Meat<26><br>Eat it to transform<br>into Gyandora.<br><26>Ability<26><br>Can move over water.	
201:$73AB	232:$5FAF	94	<26>とのさまどんのにく<26><br>食べると トノサマどんに<br>へんしんできるぞ。<br>「とくぎ」<br>投げられたものを はねかえすぞ。	<26>Tonosamadon Meat<26><br>Eat it to transform<br>into Tonosamadon.<br><26>Ability<26><br>Can reflect thrown objects.	
201:$73E7	232:$600E	107	<26>いかえんぺらーのにく<26><br>食べると イカエンペラーに<br>へんしんできるぞ。<br>「とくぎ」<br>部屋の中にいるモンスターに<br>目つぶしこうげきができるぞ。	<26>Squid Emperor Meat<26><br>Eat it to transform<br>into Squid Emperor.<br><26>Ability<26><br>Can blind every<br>monster in the room.	
201:$7434	232:$607A	90	<26>つえふりわるがきのにく<26><br>食べると つえふりワルガキに<br>へんしんできるぞ。<br>「とくぎ」<br>かなしばりの杖がつかえるぞ。	<26>Brat Mage Meat<26><br>Eat it to transform<br>into Brat Mage.<br><26>Ability<26><br>Can use a Paralyzing Staff.	
201:$7472	232:$60D5	178	<26>しゅくふくかずらのにく<26><br>食べると しゅくふくカズラに<br>へんしんできるぞ。<br>「とくぎ」<br>足元にあるアイテムを食べて<br>しゅくふくするぞ。<br>もとのすがたに もどると<br>おなかの中のアイテムが<br>手に入るぞ。<br>しかし いどうできないぞ。	<26>Blessing Plant Meat<26><br>Eat it to transform<br>into Blessing Plant.<br><26>Ability<26><br>Can eat and bless the item<br>underfoot. Return to normal<br>to retrieve the item in<br>your stomach. Cannot move.	
201:$74EC	232:$6188	109	<26>たれこみばえのにく<26><br>食べると たれこみバエに<br>へんしんできるぞ。<br>「とくぎ」<br>ねむっているモンスターをおこすぞ。<br>水の上を いどうできるぞ。	<26>Nark Fly Meat<26><br>Eat it to transform<br>into Nark Fly.<br><26>Ability<26><br>Can wake sleeping monsters.<br>Can move over water.	
201:$7538	232:$61F6	107	<26>はねとばかぶとのにく<26><br>食べると はねとばカブトに<br>へんしんできるぞ。<br>「とくぎ」<br>かいだんに向かって とっしんすると<br>かいだんを動かすことができるぞ。	<26>Slinger Beetle Meat<26><br>Eat it to transform<br>into Slinger Beetle.<br><26>Ability<26><br>Charge at the<br>Stairs to move them.	
201:$7589	232:$6262	60	<26>ぐれんごーぐらーのにく<26><br>食べると グレンゴーグラーに<br>へんしんできるぞ。	<26>Glenn Goggler Meat<26><br>Eat it to transform<br>into Glenn Goggler.	
201:$75B1	232:$629F	110	<26>あんこくかむろのにく<26><br>食べると あんこくかむろに<br>へんしんできるぞ。<br>「とくぎ」<br>モンスターが投げてきたものを<br>しょうめつさせるぞ。	<26>Shadow Slasher Meat<26><br>Eat it to transform<br>into Shadow Slasher.<br><26>Ability<26><br>Can erase objects<br>thrown by monsters.	
201:$75F8	232:$630E	92	<26>みかわしせんにんのにく<26><br>食べると みかわしせんにんに<br>へんしんできるぞ。<br>「とくぎ」<br>ちょくせつこうげきを よけるぞ。	<26>Spry Hermit Meat<26><br>Eat it to transform<br>into Spry Hermit.<br><26>Ability<26><br>Can dodge direct attacks.	
201:$7637	232:$636B	85	<26>おだぶつせんにんのにく<26><br>食べると おだぶつせんにんに<br>へんしんできるぞ。<br>「とくぎ」<br>ときどき ねむってしまうぞ。	<26>Sleepy Genie Meat<26><br>Eat it to transform<br>into Sleepy Genie.<br><26>Ability<26><br>May fall asleep.	
201:$7674	232:$63C1	98	<26>つぼつりちょうろうのにく<26><br>食べると 壺つりちょうろうに<br>へんしんできるぞ。<br>「とくぎ」<br>モンスターをたおすと<br>ときどき 壺が手に入るぞ。	<26>Pot Giller Meat<26><br>Eat it to transform<br>into Pot Giller.<br><26>Ability<26><br>Defeated monsters<br>may drop a Pot.	
201:$76C0	232:$6424	162	<26>ぐろばらんのにく<26><br>食べると グロバランに<br>へんしんできるぞ。<br>「とくぎ」<br>あいてが持っているアイテムを<br>ぬすんで じめんにおくぞ。<br>ただし ぬすめるのは<br>1体につき1回だけだぞ。	<26>Blackbelly Meat<26><br>Eat it to transform<br>into Blackbelly.<br><26>Ability<26><br>Can steal a target's held<br>item and place it on the<br>ground. Can steal only<br>once from each monster.	
201:$7720	232:$64C7	117	<26>へるぎゃざーのにく<26><br>食べると ヘルギャザーに<br>へんしんできるぞ。<br>「とくぎ」<br>モンスターのとくしゅこうげきを<br>ふつうのダメージに変えるぞ。	<26>Hell Gyaza Meat<26><br>Eat it to transform<br>into Hell Gyaza.<br><26>Ability<26><br>Converts monster special<br>attacks into normal damage.	
201:$776A	232:$653D	99	<26>みだれうっちーのにく<26><br>食べると ミダレウッチーに<br>へんしんできるぞ。<br>「とくぎ」<br>からだのコントロールが<br>きかなくなるぞ。	<26>Sable Vassal Meat<26><br>Eat it to transform<br>into Sable Vassal.<br><26>Ability<26><br>You lose control of your body.	
201:$77AB	232:$65A1	46	<26>たかびーのにく<26><br>食べると タカビーに<br>へんしんできるぞ。	<26>Takabi Meat<26><br>Eat it to transform<br>into Takabi.	
201:$77CB	232:$65D0	54	<26>がんたれへびのにく<26><br>食べると ガンたれヘビに<br>へんしんできるぞ。	<26>Ogle Snake Meat<26><br>Eat it to transform<br>into Ogle Snake.	
201:$77EF	232:$6607	60	<26>ねずみくろまくのにく<26><br>食べると ねずみくろまくに<br>へんしんできるぞ。	<26>Skipper Mouse Meat<26><br>Eat it to transform<br>into Skipper Mouse.	
201:$7815	232:$6644	60	<26>みくだしおさるのにく<26><br>食べると ミクダシおさるに<br>へんしんできるぞ。	<26>Mocker Monkey Meat<26><br>Eat it to transform<br>into Mocker Monkey.	
201:$783B	232:$6681	58	<26>おおちんたらのにく<26><br>食べると おおチンタラに<br>へんしんできるぞ。	<26>Big Chintala Meat<26><br>Eat it to transform<br>into Big Chintala.	
201:$785F	232:$66BC	97	<26>ぱおぱおーんのにく<26><br>食べると パオパおーンに<br>へんしんできるぞ。<br>「とくぎ」<br>クオーターの杖がつかえるぞ。	<26>Emperor Tusker Meat<26><br>Eat it to transform<br>into Emperor Tusker.<br><26>Ability<26><br>Can use a Quarter Staff.	
201:$7899	232:$671E	0		<empty>	
201:$789A	232:$671F	0		<empty>	
201:$789B	232:$6720	0		<empty>	
201:$789C	232:$6721	110	<26>あくまぼうくんのにく<26><br>食べると あくまぼうくんに<br>へんしんできるぞ。<br>「とくぎ」<br>目の前にいるモンスターに<br>へんしんすることができるぞ。	<26>Vampire Tyrant Meat<26><br>Eat it to transform<br>into Vampire Tyrant.<br><26>Ability<26><br>Can transform into<br>the monster ahead.	
201:$78E6	232:$6790	56	<26>だぎゃぎゃぎゃんのにく<26><br>食べると ダギャギャギャンに<br>へんしんできるぞ。	<26>Dagyagyagan Meat<26><br>Eat it to transform<br>into Dagyagyagan.	
201:$790E	232:$67C9	85	<26>ざぜんにゅうどうのにく<26><br>食べると ざぜんにゅうどうに<br>へんしんできるぞ。<br>「とくぎ」<br>水の上を いどうできるぞ。	<26>Zen Priest Meat<26><br>Eat it to transform<br>into Zen Priest.<br><26>Ability<26><br>Can move over water.	
201:$794C	232:$681F	89	<26>なげきあくりょうのにく<26><br>食べると なげきあくりょうに<br>へんしんできるぞ。<br>「とくぎ」<br>水の上を いどうできるぞ。	<26>Wailing Wisp Meat<26><br>Eat it to transform<br>into Wailing Wisp.<br><26>Ability<26><br>Can move over water.	
201:$798A	232:$6879	113	<26>かすみせんにんのにく<26><br>食べると かすみせんにんに<br>へんしんできるぞ。<br>「とくぎ」<br>あいてのhpのはんぶんの<br>ダメージをあたえるぞ。	<26>Mist Hermit Meat<26><br>Eat it to transform<br>into Mist Hermit.<br><26>Ability<26><br>Can deal damage equal<br>to half the target's HP.	
202:$41B0	217:$420A	49	しきべつされていないので<br>よくわからない	This item is unidentified.<br>Its effect is unknown.	
202:$41C5	217:$423C	74	<26>こんぼう<26><br>きほんこうげきりょく  <27><br>合成できる数    <hspace:02><27><br>かたい木を けずりだして<br>にぎりやすくした ぶき。	<26>Club<26><br>Atk <27><br>Slots <hspace:02><27><br>Carved from solid wood and<br>shaped for an easy grip.	
202:$4207	217:$4287	58	<26>せいどうのたち<26><br>きほんこうげきりょく  <27><br>合成できる数    <hspace:02><27><br>有{F174=明}でつくられた剣。	<26>Bronze Sword<26><br>Atk <27><br>Slots <hspace:02><27><br>A sword forged from bronze.	
202:$423F	217:$42C2	74	<26>かたな<26><br>きほんこうげきりょく  <27><br>合成できる数    <hspace:02><27><br>風来人に<br>広くあいようされている剣。	<26>Katana<26><br>Atk <27><br>Slots <hspace:02><27><br>A reliable sword favored by<br>Wanderers everywhere.	
202:$427D	217:$430D	75	<26>どうたぬき<26><br>きほんこうげきりょく  <27><br>合成できる数    <hspace:02><27><br>天下の名刀。<br>どうたぬきゲンマさく。	<26>Doutanuki<26><br>Atk <27><br>Slots <hspace:02><27><br>A world-famous blade forged<br>by Genma Doutanuki.	
202:$42BC	217:$4359	69	<26>どらごんきらー<26><br>きほんこうげきりょく  <27><br>合成できる数    <hspace:02><27><br>ドラゴンけいモンスターに<br>大きなダメージをあたえるぞ。	<26>Dragonkiller<26><br>Atk <27><br>Slots <hspace:02><27><br>Deals heavy damage to Dragon<br>monsters.	
202:$4303	217:$439F	84	<26>ごうけんまんじかぶら<26><br>きほんこうげきりょく  <27><br>合成できる数    <hspace:02><27><br>天さいとうこうしカブラが<br>つくった まぼろしともいえる<br>きだいのごう剣。	<26>Manji Kabura<26><br>Atk <27><br>Slots <hspace:02><27><br>A masterpiece forged by the<br>genius swordsmith Kabura.	
202:$4357	217:$43F4	75	<26>じょうぶつのかま<26><br>きほんこうげきりょく  <27><br>合成できる数    <hspace:02><27><br>ゴーストけいモンスターに<br>大きなダメージをあたえるぞ。	<26>Sickle of Salvation<26><br>Atk <27><br>Slots <hspace:02><27><br>Deals heavy damage to Ghost<br>monsters.	
202:$439F	217:$4440	87	<26>つるはし<26><br>きほんこうげきりょく  <27><br>合成できる数    <hspace:02><27><br>カベをほることができるぞ。<br>しかし つかっていると<br>こわれてしまうこともあるぞ。	<26>Pickaxe<26><br>Atk <27><br>Slots <hspace:02><27><br>Use it to dig through walls.<br>It may break after repeated<br>use.	
202:$43EF	217:$4498	99	<26>さとりのつるはし<26><br>きほんこうげきりょく  <27><br>合成できる数    <hspace:02><27><br>なんと！<br>このつるはしは こわれない。<br>もちろん カベもほれるぞ。	<26>Wonder Pick<26><br>Atk <27><br>Slots <hspace:02><27><br>This remarkable pickaxe never<br>breaks and can still dig<br>through walls.	
202:$443C	217:$44FC	59	<26>ひっちゅうのけん<26><br>きほんこうげきりょく  <27><br>合成できる数    <hspace:02><27><br>必ず こうげきがあたる<br>すばらしい剣。	<26>Accurate Sword<26><br>Atk <27><br>Slots <hspace:02><27><br>Normal attacks never miss.	
202:$447D	217:$4538	64	<26>みのたうろすのおの<26><br>きほんこうげきりょく  <27><br>合成できる数    <hspace:02><27><br>会心のいちげきが出やすくなるぞ。	<26>Axe of the Minotaur<26><br>Atk <27><br>Slots <hspace:02><27><br>Often lands critical hits.	
202:$44BD	217:$4579	79	<26>ようとうかまいたち<26><br>きほんこうげきりょく  <27><br>合成できる数    <hspace:02><27><br>前方3方向を いっぺんに<br>こうげきできるぞ。	<26>Kama Itachi<26><br>Atk <27><br>Slots <hspace:02><27><br>Attacks all three spaces in<br>front of you at once.	
202:$4504	217:$45C9	71	<26>ひとつめごろし<26><br>きほんこうげきりょく  <27><br>合成できる数    <hspace:02><27><br>1ツ目けいモンスターに<br>大きなダメージをあたえるぞ。	<26>Cyclops Bane<26><br>Atk <27><br>Slots <hspace:02><27><br>Deals heavy damage to<br>one-eyed monsters.	
202:$454B	217:$4611	79	<26>どれいんばすたー<26><br>きほんこうげきりょく  <27><br>合成できる数    <hspace:02><27><br>ステータスをすいとるモンスターに<br>大きなダメージをあたえるぞ。	<26>Drain Slayer<26><br>Atk <27><br>Slots <hspace:02><27><br>Deals heavy damage to<br>monsters that drain stats.	
202:$4597	217:$4661	81	<26>かじんふうまとう<26><br>きほんこうげきりょく  <27><br>合成できる数    <hspace:02><27><br>風来人であれば だれもが<br>あこがれる伝説のカタナ。	<26>Kajin Fuuma<26><br>Atk <27><br>Slots <hspace:02><27><br>A legendary katana coveted by<br>Wanderers everywhere.	
202:$45E1	217:$46B3	144	<26>ひけんかぶらすてぎ<26><br>きほんこうげきりょく  <27><br>合成できる数    <hspace:02><27><br>いにしえの とうこうしカブラを<br>もってしても めったにつくることが<br>できなかったと言われる<br>まぼろしの剣。<br>この剣の そんざいを知る風来人は<br>すくない。	<26>Kabura Sutegi<26><br>Atk <27><br>Slots <hspace:02><27><br>A mythical sword so rare that<br>even the ancient smith Kabura<br>could seldom forge it. Few<br>Wanderers know it exists.	
202:$4661	217:$4744	146	<26>まむるのけん<26><br>きほんこうげきりょく  <27><br>合成できる数    <hspace:02><27><br>むかし マムルのごせんぞさまが<br>強くなるために つくったと<br>言われる伝説のごう剣。<br>しかし マムルたちにはそうび<br>できなかったので あきらめたらしい。	<26>Mamel Sword<26><br>Atk <27><br>Slots <hspace:02><27><br>Mamel ancestors forged this<br>legendary sword in hopes of<br>becoming stronger. No Mamel<br>could equip it, so they gave<br>up.	
202:$46DB	217:$47D7	81	<26>にょいぼう<26><br>きほんこうげきりょく  <27><br>合成できる数    <hspace:02><27><br>モンスターやカベにあたると<br>自分が1歩あとずさるぞ。	<26>Power Pole<26><br>Atk <27><br>Slots <hspace:02><27><br>Hitting a monster or wall<br>knocks you back one space.	
202:$4721	217:$4829	90	<26>せるあーまーのけん<26><br>きほんこうげきりょく  <27><br>合成できる数    <hspace:02><27><br>こうげきした時 あいての持っている<br>アイテムを はじくことがあるぞ。	<26>Cell Armor Sword<26><br>Atk <27><br>Slots <hspace:02><27><br>An attack may knock away an<br>item carried by the target.	
202:$4772	217:$4884	112	<26>つかいすてのけん<26><br>きほんこうげきりょく  <27><br>合成できる数    <hspace:02><27><br>はじめのこうげきりょくは たかいが<br>こうげきするたびに<2D>値が<br>へっていくぞ。	<26>Break-Off Blade<26><br>Atk <27><br>Slots <hspace:02><27><br>It begins with high attack,<br>but its Upgrade Value drops<br>every time you attack.	
202:$47C5	217:$48F5	117	<26>きづち<26><br>きほんこうげきりょく  <27><br>合成できる数    <hspace:02><27><br>ワナをこわせるぞ。<br>しかし こわしているうちに<br>木づちのほうが 先にこわれる<br>ことがあるので ちゅういが<br>ひつようだ。	<26>Wooden Mallet<26><br>Atk <27><br>Slots <hspace:02><27><br>Use it to destroy traps. Be<br>careful, since the mallet may<br>break before the trap does.	
202:$4829	217:$496B	114	<26>すぱーくそーど<26><br>きほんこうげきりょく  <27><br>合成できる数    <hspace:02><27><br>からぶりした回数が<br>あるていど たまると<br>次のこうげきで 必ずあたる<br>会心のいちげきが出るぞ。	<26>Jagged Sword<26><br>Atk <27><br>Slots <hspace:02><27><br>After enough missed attacks,<br>your next attack is<br>guaranteed to land a critical<br>hit.	
202:$488A	217:$49DE	83	<26>かいふくのけん<26><br>きほんこうげきりょく  <27><br>合成できる数    <hspace:02><27><br>こうげきして ダメージをあたえると<br>hpがすこし かいふくするぞ。	<26>Healing Sword<26><br>Atk <27><br>Slots <hspace:02><27><br>Dealing damage with an attack<br>restores a little HP.	
202:$48D6	217:$4A32	70	<26>おおかぶとのおの<26><br>きほんこうげきりょく  <27><br>合成できる数    <hspace:02><27><br>オオカブトのカラでつくられた<br>じょうぶな斧。	<26>Beetle Axe<26><br>Atk <27><br>Slots <hspace:02><27><br>A sturdy axe made from an<br>Ookabuto shell.	
202:$4919	217:$4A79	116	<26>ひゃっきのけん<26><br>きほんこうげきりょく  <27><br>合成できる数    <hspace:02><27><br>百匹のオニをも たおすと<br>言い伝えられている ひじょうに<br>こうげきりょくの たかい剣。	<26>Demon Slayer<26><br>Atk <27><br>Slots <hspace:02><27><br>Legend says it can defeat one<br>hundred demons. Its attack<br>power is exceptionally high.	
202:$4974	217:$4AEE	98	<26>ようこうのやり<26><br>きほんこうげきりょく  <27><br>合成できる数    <hspace:02><27><br>2マス分 こうげきがつきぬけるぞ。<br>しかし つかいこなすのは<br>むずかしいぞ。	<26>Aura Spear<26><br>Atk <27><br>Slots <hspace:02><27><br>Its attack pierces through<br>two spaces, but mastering it<br>is difficult.	
202:$49C6	217:$4B51	145	<26>ぶふーのほうちょう<26><br>きほんこうげきりょく  <27><br>合成できる数    <hspace:02><27><br>食神ブフーのたましいがやどった<br>まぼろしのほうちょう。<br>てきをたおすと肉になることが<br>あるぞ。<br>つかいすぎると こわれてしまうぞ。	<26>Bufu's Cleaver<26><br>Atk <27><br>Slots <hspace:02><27><br>A mythical cleaver imbued<br>with Bufu's spirit. Defeated<br>foes may turn into Meat. It<br>can break after too much use.	
202:$4A37	217:$4BE3	78	<26>こんとんのおの<26><br>きほんこうげきりょく  <27><br>合成できる数    <hspace:02><27><br>てきを こうげきすると<br>こんらんさせたり ねむらせたり<br>することがあるぞ。	<26>Chaos Axe<26><br>Atk <27><br>Slots <hspace:02><27><br>Attacks may confuse the<br>target or put it to sleep.	
202:$4A87	217:$4C32	174	<26>たましいのかま<26><br>きほんこうげきりょく  <27><br>合成できる数    <hspace:02><27><br>こうげきが命中すると<br>モンスターのhpが1になり<br>すいとったhpが剣の<2D>値に<br>たされるぞ。<br>ただし からぶりをすると よわく<br>なるぞ。剣が強くなりすぎると<br>こわれてしまうぞ。	<26>Soul Sickle<26><br>Atk <27><br>Slots <hspace:02><27><br>A hit reduces the monster's<br>HP to 1 and adds the drained<br>HP to the weapon's Upgrade<br>Value. A miss weakens it. It<br>breaks if strengthened too<br>far.	
202:$4B0F	217:$4CE1	71	<26>ざんくうけん<26><br>きほんこうげきりょく  <27><br>合成できる数    <hspace:02><27><br>毒中に ういているモンスターに<br>大きなダメージをあたえるぞ。	<26>Sky Splitter<26><br>Atk <27><br>Slots <hspace:02><27><br>Deals heavy damage to<br>Floating monsters.	
202:$4B5A	217:$4D29	74	<26>みかづきとう<26><br>きほんこうげきりょく  <27><br>合成できる数    <hspace:02><27><br>バクダンけいモンスターに<br>大きなダメージをあたえるぞ。	<26>Crescent Blade<26><br>Atk <27><br>Slots <hspace:02><27><br>Deals heavy damage to<br>Exploding monsters.	
202:$4BA0	217:$4D74	102	<26>ふうまとう<26><br>きほんこうげきりょく  <27><br>合成できる数    <hspace:02><27><br>風魔鉄から つくられた<br>ひじょうに こうげきりょくの<br>たかい剣。	<26>Fuuma Katana<26><br>Atk <27><br>Slots <hspace:02><27><br>Forged from Fuuma iron, this<br>sword has exceptionally high<br>attack power.	
202:$4BED	217:$4DDB	151	<26>ひだまりのけん<26><br>きほんこうげきりょく  <27><br>合成できる数    <hspace:02><27><br>旅の神に しゅくふくされたと<br>伝えられる九つの道具のひとつ。<br>この剣を たいせつに<br>持ちつづけていると<br>こうふくがおとずれると<br>言われている。	<26>Hidamari Sword<26><br>Atk <27><br>Slots <hspace:02><27><br>One of nine legendary items<br>blessed by Kron, the God of<br>Travel. It is said to bring<br>good fortune to those who<br>keep it.	
202:$4C68	217:$4E73	79	<26>はらもちのたて<26><br>きほんぼうぎょりょく  <27><br>合成できる数    <hspace:02><27><br>とてもかるい盾なので<br>おなかがへりにくくなるぞ。	<26>Shield of Sating<26><br>Def <27><br>Slots <hspace:02><27><br>Its light weight slows the<br>loss of Fullness.	
202:$4CAC	217:$4EC3	60	<26>せいどうこうのたて<26><br>きほんぼうぎょりょく  <27><br>合成できる数    <hspace:02><27><br>有{F174=明}でつくられた盾。	<26>Bronze Shield<26><br>Def <27><br>Slots <hspace:02><27><br>A shield forged from bronze.	
202:$4CE6	217:$4F00	65	<26>もっこうのたて<26><br>きほんぼうぎょりょく  <27><br>合成できる数    <hspace:02><27><br>木でつくられた盾。<br>サビないぞ。	<26>Wooden Shield<26><br>Def <27><br>Slots <hspace:02><27><br>A wooden shield that never<br>rusts.	
202:$4D23	217:$4F42	56	<26>てっこうのたて<26><br>きほんぼうぎょりょく  <27><br>合成できる数    <hspace:02><27><br>鉄でつくられた盾。	<26>Iron Shield<26><br>Def <27><br>Slots <hspace:02><27><br>A shield forged from iron.	
202:$4D59	217:$4F7B	64	<26>どらごんしーるど<26><br>きほんぼうぎょりょく  <27><br>合成できる数    <hspace:02><27><br>ドラゴンの炎から うける<br>ダメージがすくなくなるぞ。	<26>Dragon Shield<26><br>Def <27><br>Slots <hspace:02><27><br>Reduces damage from Dragon<br>fire.	
202:$4DA0	217:$4FBC	98	<26>ふうまのたて<26><br>きほんぼうぎょりょく  <27><br>合成できる数    <hspace:02><27><br>風魔鉄からつくられた<br>ひじょうに ぼうぎょりょくの<br>たかい盾。	<26>Fuuma Shield<26><br>Def <27><br>Slots <hspace:02><27><br>Forged from Fuuma iron, this<br>shield has exceptionally high<br>defense.	
202:$4DED	217:$501F	88	<26>ばとるかうんたー<26><br>きほんぼうぎょりょく  <27><br>合成できる数    <hspace:02><27><br>モンスターのこうげきの一部を<br>カウンターで はねかえすぞ。	<26>Counter Shield<26><br>Def <27><br>Slots <hspace:02><27><br>Returns part of the damage<br>from direct monster attacks.	
202:$4E38	217:$5078	91	<26>じゅうそうのたて<26><br>きほんぼうぎょりょく  <27><br>合成できる数    <hspace:02><27><br>ぼうぎょりょくは たかいが<br>とても重いので おなかが<br>へりやすくなるぞ。	<26>Heavy Shield<26><br>Def <27><br>Slots <hspace:02><27><br>It has high defense, but its<br>weight speeds up Fullness<br>loss.	
202:$4E89	217:$50D4	81	<26>やまびこのたて<26><br>きほんぼうぎょりょく  <27><br>合成できる数    <hspace:02><27><br>杖のまほうこうげきや ようじゅつ<br>などを はねかえすぞ。	<26>Echo Shield<26><br>Def <27><br>Slots <hspace:02><27><br>Reflects staff magic and<br>monster special abilities.	
202:$4ED1	217:$5126	70	<26>みきりのたて<26><br>きほんぼうぎょりょく  <27><br>合成できる数    <hspace:02><27><br>てきのこうげきが<br>あたりにくくなるぞ。	<26>Watchful Shield<26><br>Def <27><br>Slots <hspace:02><27><br>Makes enemy attacks miss<br>more often.	
202:$4F0E	217:$516D	114	<26>ひゃっきのたて<26><br>きほんぼうぎょりょく  <27><br>合成できる数    <hspace:02><27><br>百匹のオニからも 守ると<br>言い伝えられている ひじょうに<br>ぼうぎょりょくの たかい盾。	<26>Demon Shield<26><br>Def <27><br>Slots <hspace:02><27><br>Legend says it can withstand<br>one hundred demons. Its<br>defense is exceptionally high.	
202:$4F6A	217:$51E0	104	<26>つかいすてのたて<26><br>きほんぼうぎょりょく  <27><br>合成できる数    <hspace:02><27><br>ぼうぎょりょくが たかいが<br>こうげきを うけるたびに<br>よわくなっていく盾。	<26>Break-Off Shield<26><br>Def <27><br>Slots <hspace:02><27><br>It begins with high defense,<br>but weakens whenever you take<br>an attack.	
202:$4FBC	217:$5249	62	<26>じらいなばりのたて<26><br>きほんぼうぎょりょく  <27><br>合成できる数    <hspace:02><27><br>バクハツのダメージをへらすぞ。	<26>Blast Shield<26><br>Def <27><br>Slots <hspace:02><27><br>Reduces damage from<br>explosions.	
202:$4FF8	217:$5288	84	<26>とどのたて<26><br>きほんぼうぎょりょく  <27><br>合成できる数    <hspace:02><27><br>アイテムや おカネを<br>ぬすまれなくなるぞ。	<26>Walrus Shield<26><br>Def <27><br>Slots <hspace:02><27><br>Prevents monsters from<br>stealing your items or Gitan.	
202:$5036	217:$52DD	129	<26>らせんふうまのたて<26><br>きほんぼうぎょりょく  <27><br>合成できる数    <hspace:02><27><br>名だたる とうこうしでさえ<br>つくることができなかった<br>まぼろしの盾。<br>ゆえに そのそんざいを知る<br>風来人は すくない。	<26>Rasen Fuuma<26><br>Def <27><br>Slots <hspace:02><27><br>A mythical shield that even<br>the greatest smiths could not<br>forge. Few Wanderers know<br>that it exists.	
202:$50A4	217:$535F	148	<26>まむるのたて<26><br>きほんぼうぎょりょく  <27><br>合成できる数    <hspace:02><27><br>むかし マムルのごせんぞさまが<br>強くなるために つくったと言われる<br>伝説の盾。<br>しかし マムルたちにはそうび<br>できなかったので あきらめたらしい。	<26>Mamel Shield<26><br>Def <27><br>Slots <hspace:02><27><br>Mamel ancestors forged this<br>legendary shield in hopes of<br>becoming stronger. No Mamel<br>could equip it, so they gave<br>up.	
202:$511C	217:$53F4	90	<26>そうこうかぶらさらい<26><br>きほんぼうぎょりょく  <27><br>合成できる数    <hspace:02><27><br>天さいとうこうしカブラが<br>つくった まぼろしともいえる盾。	<26>Kabura's Guard<26><br>Def <27><br>Slots <hspace:02><27><br>A mythical shield forged by<br>the genius swordsmith Kabura.	
202:$5169	217:$544F	122	<26>みかわしのたて<26><br>きほんぼうぎょりょく  <27><br>合成できる数    <hspace:02><27><br>とんできたアイテムをよけるぞ。<br>うっかり矢のワナなどにかかった<br>時でも キズをおわずにすむぞ。<br>ただし 盾ではふせぎきれないものも<br>あるぞ。	<26>Dodge Shield<26><br>Def <27><br>Slots <hspace:02><27><br>Dodges incoming items,<br>including arrows fired by<br>traps. Some projectiles cannot<br>be avoided.	
202:$51DD	217:$54CA	95	<26>はねかえしのたて<26><br>きほんぼうぎょりょく  <27><br>合成できる数    <hspace:02><27><br>とんできたアイテムをはねかえすぞ。<br>ただし 盾ではふせぎきれないものも<br>あるぞ。	<26>Reflect Shield<26><br>Def <27><br>Slots <hspace:02><27><br>Reflects incoming items. Some<br>projectiles cannot be<br>deflected.	
202:$5232	217:$552A	55	<26>のろいよけのたて<26><br>きほんぼうぎょりょく  <27><br>合成できる数    <hspace:02><27><br>のろいをうけなくなるぞ。	<26>Holy Shield<26><br>Def <27><br>Slots <hspace:02><27><br>Protects you from curses.	
202:$526A	217:$5562	92	<26>からくろいどのたて<26><br>きほんぼうぎょりょく  <27><br>合成できる数    <hspace:02><27><br>ワナづくりのテクが しみこんでいて<br>ワナに ひっかからなくなるぞ。	<26>Traproid Shield<26><br>Def <27><br>Slots <hspace:02><27><br>Its trap-making knowledge<br>keeps you from triggering<br>traps.	
202:$52B8	217:$55BF	116	<26>がまらのたて<26><br>きほんぼうぎょりょく  <27><br>合成できる数    <hspace:02><27><br>ガマラのギタンずきの<br>たましいが こめられている。<br>モンスターからちょくせつダメージを<br>うけると ギタンがもらえるぞ。	<26>Froggo Shield<26><br>Def <27><br>Slots <hspace:02><27><br>Imbued with Gamara's love of<br>Gitan. Taking direct damage<br>from a monster earns Gitan.	
202:$531D	217:$5634	84	<26>しあわせのたて<26><br>きほんぼうぎょりょく  <27><br>合成できる数    <hspace:02><27><br>モンスターからちょくせつダメージを<br>うけると 経験値がもらえるぞ。	<26>Happy Shield<26><br>Def <27><br>Slots <hspace:02><27><br>Taking direct damage from a<br>monster earns Experience.	
202:$536C	217:$5689	62	<26>ぱわーしーるど<26><br>きほんぼうぎょりょく  <27><br>合成できる数    <hspace:02><27><br>ぼうぎょりょくだけでなく<br>こうげきりょくも上がるぞ。	<26>Power Shield<26><br>Def <27><br>Slots <hspace:02><27><br>Raises both attack and<br>defense.	
202:$53B2	217:$56C8	120	<26>さとりのたて<26><br>きほんぼうぎょりょく  <27><br>合成できる数    <hspace:02><27><br>そうびしているあいだは おなかが<br>へらなくなるぞ。<br>ただし 一度でもそうびすると<br>さいだいまんぷくどが0%に<br>なってしまうぞ。	<26>Nirvana Shield<26><br>Def <27><br>Slots <hspace:02><27><br>Fullness never falls while it<br>is equipped. Equipping it once<br>reduces Max Fullness to 0.	
202:$541E	217:$5741	131	<26>ぷりずむのたて<26><br>きほんぼうぎょりょく  <27><br>合成できる数    <hspace:02><27><br>モンスターのとくしゅこうげきを<br>ふつうのダメージに変えるぞ。<br>ただし なかには ふせぎきれない<br>強力なとくしゅこうげきもあるぞ。	<26>Prism Shield<26><br>Def <27><br>Slots <hspace:02><27><br>Turns monster special attacks<br>into ordinary damage. Some<br>powerful abilities still<br>cannot be blocked.	
202:$548C	217:$57C5	76	<26>おおかぶとのたて<26><br>きほんぼうぎょりょく  <27><br>合成できる数    <hspace:02><27><br>オオカブトのカラでつくられた<br>じょうぶな盾。	<26>Beetle Shield<26><br>Def <27><br>Slots <hspace:02><27><br>A sturdy shield made from an<br>Ookabuto shell.	
202:$54CF	217:$5812	150	<26>けしんのたて<26><br>きほんぼうぎょりょく<27><br>合成できる数    <hspace:02><27><br>旅の神に しゅくふくされたと<br>伝えられる九つの道具のひとつ。<br>この盾を たいせつに<br>持ちつづけていると<br>こうふくがおとずれると<br>言われている。	<26>Keshin Shield<26><br>Def <27><br>Slots <hspace:02><27><br>One of nine legendary items<br>blessed by Kron, the God of<br>Travel. It is said to bring<br>good fortune to those who<br>keep it.	
202:$5547	217:$58A9	33	<26><26><br>きほんぼうぎょりょく  <27><br>合成できる数    <hspace:02><27><br>	<26>Unused Shield 2<26><br>Def <27><br>Slots <hspace:02><27>	
202:$556A	217:$58CB	57	<26>つうかのうでわ<26><br>合成できる数    <hspace:02><27><br>そうびすると 水の上を<br>歩けるようになるぞ。	<26>Waterwalk Bracelet<26><br>Slots <hspace:02><27><br>Equip it to walk on water.	
202:$55A0	217:$5905	180	<26>わなしのうでわ<26><br>合成できる数    <hspace:02><27><br>ワナが見えるようになり<br>ワナにかからなくなるぞ。<br>そのかわり モンスターが<br>ワナにかかるようになるぞ。<br>ワナのモトをひろって<br>ワナをしかけることもできるぞ。	<26>Trapper's Bracelet<26><br>Slots <hspace:02><27><br>Reveals traps and prevents<br>you from triggering them.<br>Monsters can trigger traps<br>instead. You can also collect<br>Trap Parts and use them to<br>place traps.	
202:$560C	217:$59BA	107	<26>かいふくのうでわ<26><br>合成できる数    <hspace:02><27><br>そうびするとhpのかいふくが<br>はやくなるぞ。<br>しかし そのあいだハラヘリも<br>はやいぞ。	<26>Healing Bracelet<26><br>Slots <hspace:02><27><br>Speeds up HP recovery while<br>equipped, but also speeds up<br>the loss of Fullness.	
202:$5655	217:$5A26	88	<26>つうこんのうでわ<26><br>合成できる数    <hspace:02><27><br>そうびすると つうこんのいちげきを<br>うけやすくなるぞ。	<26>Dreaded Bracelet<26><br>Slots <hspace:02><27><br>Makes you more likely to take<br>critical hits while equipped.	
202:$568E	217:$5A7F	88	<26>のろいよけのうでわ<26><br>合成できる数    <hspace:02><27><br>そうびすると 持っているアイテムが<br>のろわれなくなるぞ。	<26>Cursebreak Bracelet<26><br>Slots <hspace:02><27><br>Prevents carried items from<br>being cursed while equipped.	
202:$56CA	217:$5AD8	104	<26>えんとうのうでわ<26><br>合成できる数    <hspace:02><27><br>これをそうびしてアイテムを投げると<br>投げたものが カベやモンスターを<br>つきぬけて とんでいくぞ。	<26>Far-throwing Bracelet<26><br>Slots <hspace:02><27><br>Thrown items pierce through<br>monsters and walls while this<br>is equipped.	
202:$571A	217:$5B41	93	<26>たれながしのうでわ<26><br>合成できる数    <hspace:02><27><br>そうびして歩いていると<br>持っているアイテムを<br>ぽろぽろ落としてしまうぞ。	<26>Item-losing Bracelet<26><br>Slots <hspace:02><27><br>You may drop carried items as<br>you walk while it is equipped.	
202:$5760	217:$5B9F	139	<26>とうしのうでわ<26><br>合成できる数    <hspace:02><27><br>そうびすると<br>モンスターやアイテムの<br>いちが わかるぞ。<br>入ったことのない部屋の中も<br>見えるようになるぞ。	<26>Clairvoyant Bracelet<26><br>Slots <hspace:02><27><br>Reveals monster and item<br>locations while equipped. You<br>can also see inside rooms you<br>have not yet entered.	
202:$57B7	217:$5C2B	64	<26>こんらんよけのうでわ<26><br>合成できる数    <hspace:02><27><br>そうびすると こんらんしなくなるぞ。	<26>Focusing Bracelet<26><br>Slots <hspace:02><27><br>Prevents confusion while<br>equipped.	
202:$57E9	217:$5C6C	61	<26>ちからのうでわ<26><br>合成できる数    <hspace:02><27><br>そうびすると ちからが上がるぞ。	<26>Strength Bracelet<26><br>Slots <hspace:02><27><br>Raises Strength while<br>equipped.	
202:$5817	217:$5CAA	84	<26>たかとびのうでわ<26><br>合成できる数    <hspace:02><27><br>そうびして歩いていると<br>ときどき ワープするぞ。	<26>Leaping Bracelet<26><br>Slots <hspace:02><27><br>You may randomly warp as you<br>walk while it is equipped.	
202:$584E	217:$5CFF	75	<26>はらへらずのうでわ<26><br>合成できる数    <hspace:02><27><br>そうびすると<br>おなかが へらなくなるぞ。	<26>No Hunger Bracelet<26><br>Slots <hspace:02><27><br>Fullness never falls while<br>this is equipped.	
202:$5881	217:$5D4B	73	<26>はらへりのうでわ<26><br>合成できる数    <hspace:02><27><br>そうびすると<br>おなかが へりやすくなるぞ。	<26>Hunger Bracelet<26><br>Slots <hspace:02><27><br>Fullness falls faster while<br>this is equipped.	
202:$58B4	217:$5D95	81	<26>よくみえのうでわ<26><br>合成できる数    <hspace:02><27><br>そうびすると 見えないものが<br>見えるようになるぞ。	<26>Vision Bracelet<26><br>Slots <hspace:02><27><br>Reveals invisible creatures<br>and traps while equipped.	
202:$58ED	217:$5DE7	82	<26>どれいんよけのうでわ<26><br>合成できる数    <hspace:02><27><br>そうびすると<br>のうりょくを下げるこうげきを<br>ふせぐぞ。	<26>No Drain Bracelet<26><br>Slots <hspace:02><27><br>Blocks attacks that lower<br>your stats while equipped.	
202:$5929	217:$5E3A	110	<26>めざましのうでわ<26><br>合成できる数    <hspace:02><27><br>そうびすると モンスターが<br>目をさますぞ。<br>ねむらせようとしても<br>ねむらなくなるぞ。<br>自分も ねむらなくなるぞ。	<26>Alarm Bracelet<26><br>Slots <hspace:02><27><br>Wakes monsters and prevents<br>them from sleeping. It also<br>prevents you from sleeping.	
202:$5982	217:$5EA9	102	<26>まがりのうでわ<26><br>合成できる数    <hspace:02><27><br>そうびしてアイテムを投げると<br>投げたアイテムが通路をつたって<br>まがってとんでいくぞ。	<26>Bend Bracelet<26><br>Slots <hspace:02><27><br>Thrown items follow corridors<br>and fly around corners while<br>this is equipped.	
202:$59CD	217:$5F10	114	<26>かみひとえのうでわ<26><br>合成できる数    <hspace:02><27><br>モンスターのこうげきをかわす<br>かくりつが上がるぞ。<br>しかし かみで できているので<br>もえてしまうぞ。	<26>Paper Thin Bracelet<26><br>Slots <hspace:02><27><br>Raises your chance to evade<br>monster attacks. It is made<br>of paper and will burn up.	
202:$5A1F	217:$5F83	86	<26>ばくはつのうでわ<26><br>合成できる数    <hspace:02><27><br>そうびして歩いていると<br>ときどきバクハツするぞ。	<26>Blasting Bracelet<26><br>Slots <hspace:02><27><br>You may suddenly explode<br>while walking with it<br>equipped.	
202:$5A56	217:$5FDA	87	<26>あたらずのうでわ<26><br>合成できる数    <hspace:02><27><br>そうびすると モンスターに<br>投げたものがあたらなくなるぞ。	<26>Bad-aim Bracelet<26><br>Slots <hspace:02><27><br>Items thrown at monsters<br>always miss while it is<br>equipped.	
202:$5A92	217:$6032	83	<26>わなあてのうでわ<26><br>合成できる数    <hspace:02><27><br>そうびして アイテムを投げると<br>近くのワナに向かって<br>アイテムがとんでいくぞ。	<26>Trap Seek Bracelet<26><br>Slots <hspace:02><27><br>Thrown items fly toward<br>nearby traps while equipped.	
202:$5ADA	217:$6086	137	<26>きょうだのうでわ<26><br>合成できる数    <hspace:02><27><br>そうびして モンスターを<br>こうげきすると<br>大きなダメージをあたえられるぞ。<br>こうげきをうけると<br>なくなってしまうぞ。	<26>Critical Bracelet<26><br>Slots <hspace:02><27><br>Your attacks against monsters<br>become critical hits while it<br>is equipped. It breaks when<br>you take an attack.	
202:$5B33	217:$6110	91	<26>のーこんのうでわ<26><br>合成できる数    <hspace:02><27><br>そうびすると 投げたものが<br>でたらめに とんでいくぞ。	<26>No Control Bracelet<26><br>Slots <hspace:02><27><br>Thrown items fly in random<br>directions while it is<br>equipped.	
202:$5B6D	217:$616C	88	<26>よわらずのうでわ<26><br>合成できる数    <hspace:02><27><br>そうびすると<br>ちからが下がらなくなるぞ。	<26>Cleansing Bracelet<26><br>Slots <hspace:02><27><br>Prevents your Strength from<br>being lowered while equipped.	
202:$5BA0	217:$61C5	147	<26>がんじょうなうでわ<26><br>合成できる数 <27><br>とても がんじょうに<br>つくられている腕輪なので<br>こわれないぞ。<br>これを元に合成すれば<br>こわれないままだが<br>なかには れいがいもあるぞ。	<26>Sturdy Bracelet<26><br>Slots <27><br>This exceptionally sturdy<br>bracelet never breaks. Using<br>it as a synthesis base<br>preserves that trait, with<br>some exceptions.	
202:$5C02	217:$6259	148	<26>きんのうでわ<26><br>合成できる数 <27><br>おうごんでつくられている<br>ピカピカの腕輪。<br>こわれないぞ。<br>これを元に合成すれば<br>こわれないままだが<br>なかには れいがいもあるぞ。	<26>Gold Bracelet<26><br>Slots <27><br>A gleaming bracelet made of<br>gold that never breaks. Using<br>it as a synthesis base<br>preserves that trait, with<br>some exceptions.	
202:$5C5F	217:$62EE	142	<26>んふうのうでわ<26><br>合成できる数 <27><br>旅の神に しゅくふくされたと<br>伝えられる九つの道具のひとつ。<br>この腕輪を たいせつに<br>持ちつづけていると<br>こうふくがおとずれると<br>言われている。	<26>Nfuu Bracelet<26><br>Slots <27><br>One of nine legendary items<br>blessed by Kron, the God of<br>Travel. It is said to bring<br>good fortune to those who<br>keep it.	
202:$5CC9	217:$637D	91	<26>きのや<26><br>遠くからモンスターを<br>こうげきできるぞ。<br>そうびすれば<br>セレクトボタンをおしながら<br>aボタンで 矢をうてるぞ。	<26>Wooden Arrow<26><br>Attack monsters from a<br>distance. Equip it, hold<br>Select, and press A to fire.	
202:$5D0A	217:$63D9	125	<26>てつのや<26><br>遠くからモンスターを<br>こうげきできるぞ。<br>そうびすれば<br>セレクトボタンをおしながら<br>aボタンで 矢をうてるぞ。<br>木の矢より強いぞ。	<26>Iron Arrow<26><br>Attack monsters from a<br>distance. Equip it, hold<br>Select, and press A to fire.<br>It is stronger than a Wooden<br>Arrow.	
202:$5D59	217:$6457	130	<26>ぎんのや<26><br>遠くからモンスターを<br>こうげきできるぞ。<br>そうびすれば<br>セレクトボタンをおしながら<br>aボタンで 矢をうてるぞ。<br>モンスターやカベを つきぬけて<br>とんでいくぞ。	<26>Silver Arrow<26><br>Attack monsters from a<br>distance. Equip it, hold<br>Select, and press A to fire.<br>It pierces through monsters<br>and walls.	
202:$5DB3	217:$64DA	129	<26>ふきとばしのや<26><br>遠くからモンスターを<br>こうげきできるぞ。<br>そうびすれば<br>セレクトボタンをおしながら<br>aボタンで 矢をうてるぞ。<br>あたると モンスターがふきとぶぞ。	<26>Knockback Arrow<26><br>Attack monsters from a<br>distance. Equip it, hold<br>Select, and press A to fire. A<br>hit knocks the monster<br>backward.	
202:$5E0A	217:$655C	153	<26>とどめのや<26><br>遠くからモンスターを<br>こうげきできるぞ。<br>そうびすれば<br>セレクトボタンをおしながら<br>aボタンで 矢をうてるぞ。<br>なかなか あたらないが<br>あたると モンスターを<br>いちげきで たおせるぞ。	<26>Killer Arrow<26><br>Attack monsters from a<br>distance. Equip it, hold<br>Select, and press A to fire.<br>It rarely hits, but defeats a<br>monster instantly when it<br>does.	
202:$5E72	217:$65F6	132	<26>どくや<26><br>遠くからモンスターを<br>こうげきできるぞ。<br>そうびすれば<br>セレクトボタンをおしながら<br>aボタンで 矢をうてるぞ。<br>あたると モンスターの<br>こうげきりょくを下げるぞ。	<26>Poison Arrow<26><br>Attack monsters from a<br>distance. Equip it, hold<br>Select, and press A to fire. A<br>hit lowers the monster's<br>attack power.	
202:$5ECE	217:$667B	134	<26>からんばのや<26><br>旅の神に しゅくふくされたと<br>伝えられる九つの道具のひとつ。<br>この矢を たいせつに<br>持ちつづけていると<br>こうふくがおとずれると<br>言われている。	<26>Karanba Arrow<26><br>One of nine legendary items<br>blessed by Kron, the God of<br>Travel. It is said to bring<br>good fortune to those who<br>keep it.	
202:$5F29	217:$6702	46	<26>おにぎり<26><br>食べると おなかが すこし<br>ふくれるぞ。	<26>Onigiri<26><br>Eat it to restore a little<br>Fullness.	
202:$5F47	217:$6731	43	<26>おおきなおにぎり<26><br>食べると おなかが ふくれるぞ。	<26>Large Onigiri<26><br>Eat it to restore Fullness.	
202:$5F65	217:$675D	79	<26>まずそうなおにぎり<26><br>食べると おなかが すこし<br>ふくれるが<br>どくで からだをこわしてしまうぞ。	<26>Rotten Onigiri<26><br>It restores a little Fullness,<br>but its poison harms your<br>body.	
202:$5F99	217:$67AD	77	<26>きょだいなおにぎり<26><br>食べると おなかが<br>いっぱいになるぞ。<br>さいだいまんぷくども<br>すこしだけ ふえるぞ。	<26>Huge Onigiri<26><br>Completely restores Fullness<br>and slightly raises Max<br>Fullness.	
202:$5FD2	217:$67FB	77	<26>とくせいおにぎり<26><br>食べると おなかが すこし<br>ふくれるぞ。<br>とくべつな ちからを<br>みにつけられることもあるぞ。	<26>Special Onigiri<26><br>Restores a little Fullness and<br>may grant a special ability.	
202:$600E	217:$6849	6	<26>にく<26>	<26>Meat<26>	
202:$6013	217:$6850	145	<26>ぶふーのおにぎり<26><br>旅の神に しゅくふくされたと<br>伝えられる九つの道具のひとつ。<br>このおにぎりを たいせつに<br>持ちつづけていると<br>こうふくがおとずれると<br>言われている。	<26>Bufu's Riceball<26><br>This special Onigiri is one of<br>nine legendary items blessed<br>by Kron, the God of Travel. It<br>is said to bring its keeper<br>fortune.	
202:$6072	217:$68E2	60	<26>やくそう<26><br>飲むと hpがすこし<br>かいふくするぞ。<br>こんらんじょうたいも なおるぞ。	<26>Herb<26><br>Consume it to restore a little<br>HP and cure confusion.	
202:$60A0	217:$691F	71	<26>おとぎりそう<26><br>飲むと hpがたくさん<br>かいふくするぞ。<br>とくしゅな じょうたいも<br>なおるぞ。	<26>Otogirisou<26><br>Consume it to restore lots of<br>HP and cure status ailments.	
202:$60D3	217:$6967	67	<26>めぐすりそう<26><br>飲むと 見えないものが<br>見えるようになるぞ。	<26>Seewell Grass<26><br>Consume it to reveal invisible<br>creatures and traps.	
202:$60F7	217:$69AB	63	<26>どらごんそう<26><br>飲むと 口から火をふくぞ。<br>遠くまでとどくぞ。	<26>Dragon Grass<26><br>Consume it to breathe fire<br>over a long distance.	
202:$611D	217:$69EB	121	<26>ふっかつそう<26><br>持っていると 一度だけ<br>ふっかつすることができるぞ。<br>壺の中に入れているとダメだぞ。<br>一度つかったあとは<br>ただの ざっそうになってしまうぞ。	<26>Revival Grass<26><br>Carry it to revive once when<br>you collapse. It does not work<br>inside a Pot. Afterward, it<br>turns into Weeds.	
202:$6176	217:$6A65	40	<26>いのちのくさ<26><br>飲むと さいだいhpが上がるぞ。	<26>Life Grass<26><br>Consume it to raise Max HP.	
202:$6193	217:$6A8E	52	<26>いかくちょうのたね<26><br>飲むと さいだいまんぷくどが<br>上がるぞ。	<26>Bellyexpand Seed<26><br>Consume it to raise Max<br>Fullness.	
202:$61B7	217:$6AC3	52	<26>いしゅくしょうのたね<26><br>飲むと さいだいまんぷくどが<br>下がるぞ。	<26>Bellyshrink Seed<26><br>Consume it to lower Max<br>Fullness.	
202:$61DC	217:$6AF8	47	<26>しあわせそう<26><br>飲むと レベルが上がるぞ。	<26>Fortune Grass<26><br>Consume it to raise your<br>level.	
202:$61F6	217:$6B28	49	<26>てんしのたね<26><br>飲むと レベルが3つ上がるぞ。	<26>Angel Seed<26><br>Consume it to raise your level<br>by 3.	
202:$6212	217:$6B5A	51	<26>ふこうのたね<26><br>飲むと レベルが1つ下がって<br>しまうぞ。	<26>Unlucky Seed<26><br>Consume it to lower your<br>level by 1.	
202:$6233	217:$6B8E	54	<26>どくけしそう<26><br>飲むと ちからが さいだい値まで<br>かいふくするぞ。	<26>Antidote Grass<26><br>Consume it to fully restore<br>Strength.	
202:$6259	217:$6BC5	95	<26>ちからのくさ<26><br>飲むと ちからが上がるぞ。<br>ちからがマンタンの時に飲むと<br>ちからのさいだい値が1上がるぞ。	<26>Strength Grass<26><br>Consume it to restore<br>Strength. At full Strength, it<br>raises Max Strength by 1.	
202:$6297	217:$6C25	74	<26>どくそう<26><br>飲むと ちからとhpが<br>下がってしまい 動きもおそく<br>なってしまうぞ。	<26>Poison Grass<26><br>Consume it to lower HP and<br>Strength and slow your<br>movement.	
202:$62C6	217:$6C70	48	<26>こんらんそう<26><br>飲むと こんらんしてしまうぞ。	<26>Confusion Grass<26><br>Consume it to become<br>confused.	
202:$62E1	217:$6CA1	61	<26>すいみんそう<26><br>飲むと しばらくねむって<br>しまうぞ。	<26>Sedating Grass<26><br>Consume it to fall asleep for<br>a short while.	
202:$62FF	217:$6CDF	89	<26>ざっそう<26><br>ただの草だぞ。<br>飲めば すこしは<br>はらのたしに なるぞ。	<26>Weeds<26><br>Plain weeds with no special<br>effect. They restore a little<br>Fullness when consumed.	
202:$6326	217:$6D39	63	<26>たかとびそう<26><br>飲むと どこかへワープするぞ。	<26>Leaping Grass<26><br>Consume it to warp somewhere<br>else on the floor.	
202:$6341	217:$6D79	58	<26>すばやさそう<26><br>飲むと すこしのあいだ<br>すばやく動けるようになるぞ。	<26>Swift Grass<26><br>Consume it to move faster for<br>a short while.	
202:$6368	217:$6DB4	133	<26>らんざんのくさ<26><br>旅の神に しゅくふくされたと<br>伝えられる九つの道具のひとつ。<br>この草を たいせつに<br>持ちつづけていると<br>こうふくがおとずれると<br>言われている。	<26>Ranzan Grass<26><br>One of nine legendary items<br>blessed by Kron, the God of<br>Travel. It is said to bring<br>good fortune to those who<br>keep it.	
202:$63C4	217:$6E3A	48	<26>しきべつのまきもの<26><br>読むと アイテムを<br>しきべつできるぞ。	<26>Identifier Scroll<26><br>Read it to identify an item.	
202:$63E6	217:$6E6B	84	<26>あかりのまきもの<26><br>読むと 今いるばしょの地形と<br>モンスターやアイテムの いちが<br>わかるぞ。	<26>Mapping Scroll<26><br>Reveals the floor's layout and<br>the locations of monsters and<br>items.	
202:$641B	217:$6EC0	57	<26>つぼぞうだいのまきもの<26><br>読むと 壺が大きくなるぞ。	<26>Pot-upsize Scroll<26><br>Read it to increase a Pot's<br>capacity.	
202:$643B	217:$6EFA	53	<26>しんくうぎりのまきもの<26><br>読むと 部屋にいる<br>すべてのモンスターにダメージを<br>あたえるぞ。	<26>Windblade Scroll<26><br>Damages every monster in the<br>room.	
202:$646E	217:$6F30	101	<26>くちなしのまきもの<26><br>読んだフロアでは<br>口がつかえなくなり<br>食べる<D2>飲む<D2>読む<br>ことができなくなるぞ。	<26>Muzzle Scroll<26><br>Prevents you from using your<br>mouth for the rest of the<br>floor. You cannot eat or read.	
202:$64A9	217:$6F96	70	<26>ばいそくのまきもの<26><br>読むと モンスターの動きが<br>はやくなるぞ。<br>なかまにも きくぞ。	<26>Swift Foe Scroll<26><br>Makes monsters move faster.<br>It also affects allies.	
202:$64D9	217:$6FDD	128	<26>ばくすいのまきもの<26><br>読むと 部屋にいる<br>すべてのモンスターが<br>しばらく ねむってしまうぞ。<br>ねむりからさめると<br>ばいそくになるぞ。<br>なかまにも きいてしまうぞ。	<26>Slumber Scroll<26><br>Puts every monster in the<br>room to sleep for a short<br>while. They awaken at double<br>speed. It also affects allies.	
202:$6530	217:$705E	69	<26>ぱわーあっぷのまきもの<26><br>読んだフロアにいる あいだは<br>こうげきりょくが たかくなるぞ。	<26>Power Up Scroll<26><br>Raises your attack power for<br>the rest of the floor.	
202:$6560	217:$70A4	112	<26>じばくのまきもの<26><br>読むと 自分がバクハツして<br>近くにいるモンスターを<br>こなごなに ふきとばすぞ。<br>自分は たおれないが<br>うけるダメージは大きいぞ。	<26>Bomber Scroll<26><br>Makes you explode and<br>destroys nearby monsters. It<br>cannot defeat you, but it<br>deals heavy damage.	
202:$65B4	217:$7115	62	<26>おおべやのまきもの<26><br>読むと フロアが大部屋になるぞ。	<26>Wall-less Scroll<26><br>Turns the entire floor into<br>one large room.	
202:$65D6	217:$7154	70	<26>もんすたーのまきもの<26><br>読むと フロアのひと部屋に<br>モンスターハウスができるぞ。	<26>Monstercall Scroll<26><br>Creates a Monster House in<br>one room on the floor.	
202:$6604	217:$719B	126	<26>こんらんのまきもの<26><br>読むと 部屋にいる<br>すべてのモンスターが<br>しばらく こんらんして<br>まっすぐ歩けなくなるぞ。<br>なかまにも きいてしまうぞ。	<26>Confusion Scroll<26><br>Confuses every monster in the<br>room for a short while, making<br>them move erratically. It also<br>affects allies.	
202:$6652	217:$721A	166	<26>ねだやしのまきもの<26><br>モンスターに投げると<br>そのしゅるいのモンスターは<br>出てこなくなるぞ。<br>ねだやせるのは一度に1しゅるい<br>だけだぞ。<br>ただし ふしぎなちからが<br>はたらいた場合は<br>すがたを あらわすこともあるぞ。	<26>Eradication Scroll<26><br>Throw it at a monster to stop<br>that species from appearing.<br>Only one species can be<br>erased at a time. Mysterious<br>forces may still make one<br>appear.	
202:$66C5	217:$72C1	79	<26>ぞわぞわのまきもの<26><br>読むと モンスターのせなかを<br>ゾワゾワさせて こっちを向かなく<br>するぞ。<br>なかまにも きいてしまうぞ。	<26>Fear Scroll<26><br>Makes monsters afraid to turn<br>toward you. It also affects<br>allies.	
202:$6708	217:$7311	50	<26>すいだしのまきもの<26><br>読むと 壺のなかみを<br>とり出せるぞ。	<26>Extraction Scroll<26><br>Removes everything from a<br>Pot.	
202:$672B	217:$7344	80	<26>ひろえずのまきもの<26><br>読んだフロアでは<br>アイテムを ひろえなくなるぞ。	<26>Carry-ban Scroll<26><br>Prevents you from picking up<br>items for the rest of the<br>floor.	
202:$6752	217:$7395	97	<26>おはらいのまきもの<26><br>読むと 持っているアイテムの<br>のろいが とけるぞ。<br>壺に入れているアイテムには<br>きかないぞ。	<26>Exorcism Scroll<26><br>Removes curses from carried<br>items. It does not affect<br>items stored inside Pots.	
202:$6792	217:$73F7	51	<26>てんのめぐみのまきもの<26><br>読むと そうびしている剣が<br>強くなるぞ。	<26>Heavenly Scroll<26><br>Strengthens your equipped<br>weapon.	
202:$67B9	217:$742B	50	<26>ちのめぐみのまきもの<26><br>読むと そうびしている盾が<br>強くなるぞ。	<26>Earthly Scroll<26><br>Strengthens your equipped<br>shield.	
202:$67DF	217:$745E	97	<26>めっきのまきもの<26><br>剣や盾をメッキすることができるぞ。<br>メッキするとサビなくなるぞ。<br>腕輪にメッキするとヒビがなおるぞ。	<26>Plating Scroll<26><br>Plates a weapon or shield to<br>prevent rust. It also repairs<br>cracks in a Bracelet.	
202:$6822	217:$74C0	64	<26>もちかえりのまきもの<26><br>アイテムを持ったまま<br>町へ もどれるぞ。	<26>Escape Scroll<26><br>Returns you to town with all<br>your carried items.	
202:$6847	217:$7501	49	<26>わなのまきもの<26><br>読むと あちこちにワナができるぞ。	<26>Trap Scroll<26><br>Creates traps throughout the<br>floor.	
202:$6865	217:$7533	93	<26>はくしのまきもの<26><br>今まで読んだことのある<br>巻物の名前をかいて<br>つかうことができるぞ。	<26>Blank Scroll<26><br>Write the name of any Scroll<br>you have read before to use<br>that Scroll's effect.	
202:$6899	217:$7591	137	<26>せいいきのまきもの<26><br>ゆかにおいて その上にのると<br>てきから ちょくせつこうげき<br>されないぞ。<br>ただし 投げられたものは<br>あたってしまうぞ。<br>読んでもムダだぞ。	<26>Sanctuary Scroll<26><br>Place it on the floor and<br>stand on it to block direct<br>attacks. Thrown objects still<br>hit you. Reading it has no<br>effect.	
202:$68EF	217:$761B	62	<26>へっぴりごしのまきもの<26><br>これを読むと<br>へっぴりごしになってしまい<br>しばらくの間 こうげきが<br>あたらなくなるぞ。	<26>Inaccurate Scroll<26><br>Makes your attacks miss for a<br>short while.	
202:$692C	217:$765A	61	<26>わなけしのまきもの<26><br>読むと 今いるフロアにある<br>ワナが消えるぞ。	<26>Trap-eraser Scroll<26><br>Removes every trap on the<br>current floor.	
202:$6953	217:$7698	49	<26>つぼわれずのまきもの<26><br>読むと 壺がわれなくなるぞ。	<26>Sturdy Pot Scroll<26><br>Prevents a Pot from breaking.	
202:$6972	217:$76CA	52	<26>しいれなおしのまきもの<26><br>読むと 店のしょうひんが<br>入れかわるぞ。	<26>Restock Scroll<26><br>Replaces the merchandise in a<br>shop.	
202:$6999	217:$76FF	80	<26>ひきよせのまきもの<26><br>読むと はぐれたなかまを<br>よびもどせるぞ。<br>なかまをつれていない時に読むと、	<26>Attraction Scroll<26><br>Calls separated allies back to<br>you. If you have no allies...	
202:$69D0	217:$7750	65	<26>たにんかいふくのまきもの<26><br>読むと 部屋にいるモンスターや<br>なかまのhpをかいふくさせるぞ。	<26>Altruism Scroll<26><br>Restores HP to monsters and<br>allies in the room.	
202:$6A04	217:$7792	60	<26>だいばくはつのまきもの<26><br>読むと フロアにいる<br>すべてのモンスターがバクハツするぞ！	<26>Explosion Scroll<26><br>Makes every monster on the<br>floor explode!	
202:$6A32	217:$77CF	73	<26>ふはつのまきもの<26><br>これを読むと<br>フロア中の火やくを しけらせて<br>バクハツさせなくなるぞ。	<26>Damp Scroll<26><br>Dampens all explosives on the<br>floor so they cannot explode.	
202:$6A65	217:$7819	136	<26>すめらぎのまきもの<26><br>旅の神に しゅくふくされたと<br>伝えられる九つの道具のひとつ。<br>この巻物を たいせつに<br>持ちつづけていると<br>こうふくがおとずれると<br>言われている。	<26>Sumeragi Scroll<26><br>One of nine legendary items<br>blessed by Kron, the God of<br>Travel. It is said to bring<br>good fortune to those who<br>keep it.	
202:$6AC5	217:$78A2	92	<26>いかすしのまきもの<26><br>おいし<EE>いイカのおすしだよっ！<br>もとのネタはなんであれ<br>だまされたと思って食べてみなっ！	<26>Squid Sushi Scroll<26><br>Delicious squid sushi!<br>Whatever it used to be, trust<br>me and try a bite!	
202:$6B01	217:$78FF	98	<26>ふきとばしのつえ<26><br>この杖をふると いろいろなものが<br>ふきとばせるぞ。<br>ただし 店のうりものは<br>ふきとばせないぞ。	<26>Knockback Staff<26><br>Wave it to blow away all kinds<br>of things. Shop merchandise<br>cannot be blown away.	
202:$6B3F	217:$7962	82	<26>しあわせのつえ<26><br>モンスターに向かってふると<br>モンスターのレベルが上がって<br>しまうぞ。<br>ただし モンスターのなかには<br>きかないものも いるようだ。	<26>Fortune Staff<26><br>Wave it at a monster to raise<br>its level. Some monsters are<br>immune.	
202:$6B8D	217:$79B5	82	<26>ふこうのつえ<26><br>モンスターに向かってふると<br>モンスターのレベルを<br>下げられるぞ。<br>ただし モンスターのなかには<br>きかないものも いるようだ。	<26>Unlucky Staff<26><br>Wave it at a monster to lower<br>its level. Some monsters are<br>immune.	
202:$6BD8	217:$7A08	72	<26>みがわりのつえ<26><br>モンスターに向かってふると<br>モンスターを自分のみがわりに<br>するぞ。	<26>Disguising Staff<26><br>Wave it at a monster to turn<br>it into a decoy for you.	
202:$6C08	217:$7A51	62	<26>ばしょがえのつえ<26><br>モンスターに向かってふると<br>モンスターと自分のいるばしょが<br>いれかわるぞ。	<26>Switching Staff<26><br>Wave it at a monster to swap<br>places with it.	
202:$6C3D	217:$7A90	81	<26>まどうのつえ<26><br>モンスターに向かってふると<br>いろいろなことが おこるぞ。	<26>Skull Mage's Staff<26><br>Wave it at a monster to cause<br>one of several random effects.	
202:$6C65	217:$7AE2	98	<26>かなしばりのつえ<26><br>モンスターに向かってふると<br>モンスターをかなしばりにするぞ。<br>こうかは ずっとつづくが<br>こうげきすると おきるぞ。	<26>Paralyzing Staff<26><br>Wave it at a monster to<br>paralyze it indefinitely.<br>Attacking it ends the effect.	
202:$6CAC	217:$7B45	82	<26>いちじしのぎのつえ<26><br>モンスターに向かってふると<br>モンスターを出口のところへ<br>ワープさせて かなしばりにするぞ。	<26>Narrow-escape Staff<26><br>Wave it at a monster to warp<br>it to the exit and paralyze it.	
202:$6CEA	217:$7B98	119	<26>いたみわけのつえ<26><br>モンスターに向かってふると<br>自分がうけた いたみを<br>モンスターにも<br>かんじさせることができるぞ。<br>こうかがあるのは<br>一度に1体のモンスターだけだぞ。	<26>Empathetic Staff<26><br>Wave it at a monster to make<br>it share any damage you take.<br>Only one monster can be<br>linked at a time.	
202:$6D47	217:$7C10	67	<26>ふういんのつえ<26><br>モンスターに向かってふると<br>モンスターの のうりょくを<br>ふういんできるぞ。	<26>Sealing Staff<26><br>Wave it at a monster to seal<br>its special abilities.	
202:$6D79	217:$7C54	72	<26>へんげのつえ<26><br>モンスターに向かってふると<br>ほかのモンスターに へんかさせる<br>ことができるぞ。	<26>Presto Staff<26><br>Wave it at a monster to turn<br>it into a different monster.	
202:$6DAC	217:$7C9D	66	<26>からぶりのつえ<26><br>モンスターに向かってふると<br>モンスターのちょくせつこうげきが<br>あたらなくなるぞ。	<26>Miss Staff<26><br>Wave it at a monster to make<br>its direct attacks miss.	
202:$6DE1	217:$7CE0	96	<26>くさなげのつえ<26><br>草の上にのって この杖をふると<br>その草のこうかが まほうの玉と<br>なって とんでいくぞ。	<26>Grass Tosser<26><br>Stand on a Grass and wave it<br>to launch that Grass's effect<br>as a magic projectile.	
202:$6E1D	217:$7D41	88	<26>くさうけのつえ<26><br>草の上にのって この杖をふると<br>その草のこうかが自分に向かって<br>とんでくるぞ。	<26>Grass Gainer<26><br>Stand on a Grass and wave it<br>to send that Grass's effect<br>toward yourself.	
202:$6E57	217:$7D9A	44	<26>とんねるのつえ<26><br>この杖をふると カベをこわせるぞ。	<26>Burrowing Staff<26><br>Wave it to destroy a wall.	
202:$6E75	217:$7DC7	98	<26>ころばぬさきのつえ<26><br>この杖を持っているだけで<br>ころばなくなるぞ。<br>モンスターに向かってつかうと<br>モンスターがころぶぞ。	<26>Balance Staff<26><br>Simply carrying it prevents<br>you from falling over. Use it<br>on a monster to trip it.	
202:$6EB7	217:$7E2A	61	<26>とうめいのつえ<26><br>この杖をふると あたったあいてが<br>とうめいになるぞ。	<26>Invisible Staff<26><br>Wave it to turn whatever it<br>hits invisible.	
202:$6EDE	217:$7E68	69	<26>くおーたーのつえ<26><br>モンスターに向かってふると<br>hpを1<25>4にすることが<br>できるぞ。	<26>Quarter Staff<26><br>Wave it at a monster to<br>reduce its HP to one quarter.	
202:$6F0C	217:$7EAE	97	<26>ひきよせのつえ<26><br>この杖を ものに向かってふると<br>自分のところに ひきよせることが<br>できるぞ。<br>ただし 店の うりものは<br>ひきよせられないぞ。	<26>Pull Staff<26><br>Wave it at an object to pull<br>the object toward you. It<br>cannot pull shop merchandise.	
202:$6F5B	217:$7F10	57	<26>ぶふーのつえ<26><br>モンスターに向かってふると<br>肉にすることができるぞ。	<26>Bufu's Staff<26><br>Wave it at a monster to turn<br>it into Meat.	
202:$6F82	217:$7F4A	152	<26>いかりのつえ<26><br>モンスターに向かってふると<br>モンスターを おこらせてしまうぞ。<br>おこったモンスターは<br>こうげきりょくが上がってしまうぞ。<br>とくぎを持つモンスターは<br>必ず とくぎをつかって<br>こうげき してくるぞ。	<26>Rage Staff<26><br>Wave it at a monster to<br>enrage it and raise its attack<br>power. A monster with a<br>special ability will always<br>use that ability when<br>attacking.	
202:$6FF2	218:$4000	53	<26>ばいそくのつえ<26><br>この杖をふると あたった<br>あいての動きが はやくなるぞ。	<26>Swift Staff<26><br>Wave it to make the target<br>move faster.	
202:$701C	218:$4036	102	<26>とびつきのつえ<26><br>この杖をふると あたった先に<br>いどうできるぞ。<br>ただし カベにひっかかる場合は<br>いどうできないぞ。	<26>Vaulting Staff<26><br>Wave it to move to the point<br>it hits. You cannot move there<br>if a wall blocks the way.	
202:$705D	218:$409D	108	<26>せんこうだんのつえ<26><br>この杖を まだ入ったことのない<br>部屋に向かってふると<br>明かりの玉が部屋をてらし<br>中が見えるようになるぞ。	<26>Flash Bomb Staff<26><br>Wave it toward a room you<br>have not entered. A ball of<br>light will illuminate its<br>interior.	
202:$70AA	218:$410A	133	<26>てんじんのつえ<26><br>旅の神に しゅくふくされたと<br>伝えられる九つの道具のひとつ。<br>この杖を たいせつに<br>持ちつづけていると<br>こうふくがおとずれると<br>言われている。	<26>Tenjin Staff<26><br>One of nine legendary items<br>blessed by Kron, the God of<br>Travel. It is said to bring<br>good fortune to those who<br>keep it.	
202:$7106	218:$4190	66	<26>ゆうじょうのつえ<26><br>この杖をモンスターに<br>向かってふると<br>自分のなかまにできるぞ。	<26>Friendship Staff<26><br>Wave it at a monster to turn<br>it into your ally.	
202:$7136	218:$41D3	60	<26>ほぞんのつぼ<26><br>アイテムを入れることができるぞ。<br>とり出すこともできるぞ。	<26>Preservation Pot<26><br>Items can be freely inserted<br>and removed.	
202:$7160	218:$4210	201	<26>きょうかのつぼ<26><br>剣や盾をこの壺に入れて<br>フロアを下りると<br>ときどき強くなるぞ。<br>杖は回数がふえるぞ。<br>ただし 一度つかうと<br>ふつうの壺になってしまうぞ。<br>カベに投げてわれば<br>なかみを とり出せるぞ。	<26>Upgrading Pot<26><br>Weapons and shields inside<br>may grow stronger on the next<br>floor. Staves gain charges.<br>After it activates once, it<br>becomes an Ordinary Pot.<br>Break it against a wall to<br>remove the contents.	
202:$71D5	218:$42DA	99	<26>しきべつのつぼ<26><br>壺に入れたアイテムを<br>しきべつできるぞ。<br>カベに投げてわれば<br>なかみを とり出せるぞ。	<26>Identifier Pot<26><br>Identifies items inserted<br>into it. Break it against a<br>wall to remove the contents.	
202:$7210	218:$433E	70	<26>かいふくのつぼ<26><br>アイテムを入れると<br>自分のhpが かいふくするぞ。<br>入れたアイテムは なくなるぞ。	<26>Heal Pot<26><br>Insert an item to restore HP.<br>The inserted item disappears.	
202:$7249	218:$4385	142	<26>じゃっかのつぼ<26><br>剣や盾を この壺に入れて<br>フロアを下りると よわくなるぞ。<br>杖は回数がへるぞ。<br>カベに投げてわれば<br>なかみを とり出せるぞ。	<26>Degrading Pot<26><br>Weapons and shields inside<br>grow weaker on the next floor.<br>Staves lose charges. Break it<br>against a wall to remove the<br>contents.	
202:$729D	218:$4414	102	<26>へんげのつぼ<26><br>壺に入れたアイテムが<br>へんかするぞ。<br>カベに投げてわれば<br>なかみを とり出せるぞ。	<26>Transmutation Pot<26><br>Transforms items inserted<br>into it. Break it against a<br>wall to remove the contents.	
202:$72D5	218:$447B	224	<26>ごうせいのつぼ<26><br>剣<D2>盾<D2>杖<D2>腕輪が合成できるぞ。<br>ただし ちがうしゅるいのアイテムは<br>合成できないぞ。<br>はじめに入れたものに あとから<br>入れたものの のうりょくや強さが<br>合成されるぞ。<br>杖は ふる回数が合成されるぞ。<br>カベに投げてわれば<br>なかみを とり出せるぞ。	<26>Synthesis Pot<26><br>Synthesizes weapons, shields,<br>Staves, or Bracelets.<br>Categories cannot be mixed.<br>The first item absorbs later<br>items' abilities and strength.<br>Staff charges merge. Break it<br>against a wall to remove the<br>contents.	
202:$7371	218:$455C	147	<26>とじこめのつぼ<26><br>モンスターに向かって投げると<br>とじこめることができるぞ。<br>1体しか入らないぞ。<br>壺を投げて わると<br>とじこめられていたモンスターは<br>目が見えなくなっているぞ。	<26>Imprison Pot<26><br>Throw it at a monster to<br>confine the monster inside. It<br>can hold only one. Breaking<br>the Pot frees the monster but<br>leaves it blinded.	
202:$73D4	218:$45F0	169	<26>きゅうしゅうのつぼ<26><br>モンスターの とくぎを<br>すいとることができるぞ。<br>壺をおすと さいしょにすいとった<br>ものから じゅんばんに<br>ひとつのとくぎが つかえるぞ。<br>とくぎのこうかは 1ターンだけだぞ。	<26>Absorb Pot<26><br>Captures a monster's Ability.<br>Each press uses the next<br>captured ability in order.<br>Only one ability can be used<br>at a time, and its effect<br>lasts for one turn.	
202:$743B	218:$469A	104	<26>たいほうのつぼ<26><br>アイテムを入れてから 壺をおすと<br>アイテムが たまとなって<br>とんでいくぞ。<br>あたったものは つきぬけていくぞ。	<26>Cannon Pot<26><br>Insert an item, then press<br>the Pot to fire it as a<br>projectile. It pierces<br>anything it hits.	
202:$7480	218:$4703	148	<26>みずがめ<26><br>水をためておくことができるぞ。<br>ひろった時はカラッポなので<br>まずは水をくもう。<br>剣を持ったモンスターに水をかけると<br>こうげきりょくを下げることが<br>できるぞ。<br>ワナにかけると ワナをこわせるぞ。	<26>Water Pot<26><br>Stores water, but is empty<br>when found. Fill it at a water<br>source. Water lowers the<br>attack of sword-wielding<br>monsters and destroys traps.	
202:$74F0	218:$4798	90	<26>のろいのつぼ<26><br>アイテムを入れると<br>のろわれてしまうぞ。<br>カベに投げてわれば<br>なかみを とり出せるぞ。	<26>Curse Pot<26><br>Curses items inserted into it.<br>Break it against a wall to<br>remove the contents.	
202:$7529	218:$47F3	94	<26>しゅくふくのつぼ<26><br>アイテムを入れると<br>しゅくふくされるぞ。<br>カベに投げてわれば<br>なかみを とり出せるぞ。	<26>Blessing Pot<26><br>Blesses items inserted into<br>it. Break it against a wall to<br>remove the contents.	
202:$7564	218:$4852	107	<26>くうかんいどうのつぼ<26><br>この壺に入ると<br>おなじフロアに おちている<br>くうかんいどうの壺に<br>いどうするぞ。<br>フロアに くうかんいどうの壺が<br>なければ いどうしないぞ。	<26>Teleport Pot<26><br>Use it to warp to another<br>Teleport Pot lying on the<br>floor. Nothing happens if<br>there is none.	
202:$75BD	218:$48BE	122	<26>ふつうのつぼ<26><br>どこにでもありそうな<br>ふつうの壺だぞ。<br>カベに投げてわれば<br>なかみを とり出せるぞ。	<26>Ordinary Pot<26><br>An ordinary Pot that looks<br>like it could be found<br>anywhere. Break it against a<br>wall to remove the contents.	
202:$75F5	218:$4939	133	<26>ぎめんしゃのつぼ<26><br>旅の神に しゅくふくされたと<br>伝えられる九つの道具のひとつ。<br>この壺を たいせつに<br>持ちつづけていると<br>こうふくがおとずれると<br>言われている。	<26>Gimensha Pot<26><br>One of nine legendary items<br>blessed by Kron, the God of<br>Travel. It is said to bring<br>good fortune to those who<br>keep it.	
202:$7652	218:$49BF	98	<26>ぎたん<26><br>これは おカネだ。<br>モンスターに投げても きくぞ。<br>やはり よのなか カネしだい、、。	<26>Gitan<26><br>Money. It also works when<br>thrown at monsters. Money<br>really does make the world go<br>round...	
202:$7686	218:$4A22	6	<26>にく<26>	<26>Meat<26>	
202:$768B	218:$4A29	8	<26>かいだん<26>	<26>Stairs<26>	
202:$7692	218:$4A32	245	<26>わなのもと<26><br>いろいろなワナがつくれるぞ。<br>ワナしの腕輪を そうびしていれば<br>しかけたワナをカイゾウすることも<br>できるぞ。<br>フロアによって<br>つくれるワナのしゅるいが ちがうぞ。<br>一度しかけたワナは ひろえないぞ。<br>あぶないので<br>町には もちかえれないぞ。	<26>Trap Parts<26><br>Use them to build various<br>traps. With a Trapper's<br>Bracelet, you can modify<br>traps you have placed.<br>Available trap types vary by<br>floor. Placed traps cannot be<br>recovered, and Trap Parts<br>cannot return to town because<br>they are dangerous.	
202:$7719	218:$4B28	84	<26>かさタヌキ<26><br>これは かさタヌキだ。<br>どうやら もとのすがたに<br>もどったことに<br>気づいていないらしい。	<26>Kasa Tanuki<26><br>A Kasa Tanuki. It seems<br>unaware that it has returned<br>to its true form.	
202:$7750	218:$4B7D	92	<26>からかさタヌキ<26><br>これは からかさタヌキだ。<br>どうやら もとのすがたに<br>もどったことに<br>気づいていないらしい。	<26>Karakasa Tanuki<26><br>A Karakasa Tanuki. It seems<br>unaware that it has returned<br>to its true form.	
202:$778B	218:$4BDA	168	<26>たんたんタヌキ<26><br>これは たんたんタヌキだ。<br>ずっとがんばって ばけていたけど<br>ちょっと気をぬいたひょうしに<br>もとのすがたに<br>もどってしまったことに<br>どうやら 気づいていないらしい。	<26>Tantan Tanuki<26><br>A Tantan Tanuki. It worked<br>hard to maintain its disguise,<br>but relaxed for just a moment<br>and returned to its true form.<br>It does not seem to have<br>noticed.	
202:$77EB	218:$4C83	107	<26>ぎんのおまもり<26><br>いつのまにか てにはいり<br>いつのまにか きえている<br>なぞのおまもり。<br>いろちがいもあるぞ。	<26>Silver Talisman<26><br>A mysterious talisman that<br>appears and disappears before<br>you know it. Other colors<br>exist.	
202:$7824	218:$4CEF	105	<26>きんのおまもり<26><br>いつのまにか てにはいり<br>いつのまにか きえている<br>なぞのおまもり。<br>いろちがいもあるぞ。	<26>Gold Talisman<26><br>A mysterious talisman that<br>appears and disappears before<br>you know it. Other colors<br>exist.	
202:$785D	218:$4D59	15	<26>どらごんぶれす<26>	<26>Dragon Breath<26>	
202:$7867	218:$4D69	12	<26>たいほうのたま<26>	<26>Cannonball<26>	
202:$7871	218:$4D76	6	<26>いし<26>	<26>Rock<26>	
202:$7876	218:$4D7D	19	<26>ばんのうのつえ<26>	<26>All-purpose Staff<26>	
202:$7880	218:$4D91	7	<26>みず<26>	<26>Water<26>	
202:$7885	218:$4D99	9	<26>もんすたー<26>	<26>Monster<26>	
202:$788D	218:$4DA3	12	<26>とくぎ<26>	<26>'s Ability<26>	
203:$4120	228:$5AC7	54	アモカチ<speaker>つーか やっぱり<br> ここの りょうりは うめー！！<page>	Amokachi: Anyway, the food<br>here really is delicious!!<page>	
203:$4141	228:$5AFE	102	アモカチ<speaker>うむむ<br> また たいへんなことに<br> なってきたなあ。<page><box>アモカチ<speaker>けど やっぱり<br> ここの りょうりは うめー！！<page>	Amokachi: Hmm... Things<br>are getting serious again.<page><box>Amokachi: But the food<br>here really is delicious!!<page>	
203:$4183	228:$5B65	46	アモカチ<speaker>やっぱり<br> ここの りょうりは うめー！！<page>	Amokachi: The food here<br>really is delicious!!<page>	
203:$41A0	228:$5B94	85	アモカチ<speaker>セレクトボタンを おしながら<br> aボタンでも ワナが かいぞう<br> できて べんりなんだな<EE>。<page>	Amokachi: You can also modify<br>a trap by pressing A while<br>holding Select. Handy, huh?<page>	
203:$41D6	228:$5BEA	48	アモカチ<speaker>町の ぎょうじの<br> じゅんびをしているんだ。<page>	Amokachi: I am preparing<br>for the town festival.<page>	
203:$41F5	228:$5C1B	44	アモカチ<speaker>ねばれるだけ<br> ねばってやるぜ！<page>	Amokachi: I will hold<br>out as long as I can!<page>	
203:$420D	228:$5C48	36	アモカチ<speaker>たのんだぞ！<br> <name>さん！<page>	Amokachi: I am counting<br>on you, <name>!<page>	
203:$4222	228:$5C6D	81	アモカチ<speaker>たしかに心配しても<br> しょうがないよな。<page><br> とりあえず メシだ メシ。<page>	Amokachi: I guess<br>worrying will not help.<page><box>Amokachi: For now,<br>it is time to eat.<page>	
203:$4250	228:$5CBF	57	アモカチ<speaker>あんなブッソウなとこ<br> いくのは ヤダしなあ、、。<page>	Amokachi: I do not want to<br>go anywhere that dangerous...<page>	
203:$4271	228:$5CF9	49	アモカチ<speaker>ここの りょうりは<br> あいかわらず うめー！<page>	Amokachi: The food here<br>is as delicious as ever!<page>	
203:$428F	228:$5D2B	49	アモカチ<speaker>ここの りょうりは<br> すごく うめー！<page>	Amokachi: The food here<br>is incredibly delicious!<page>	
203:$42AA	228:$5D5D	549	おはらいオババ<speaker>まさか奈落の果て<br> まで とうたつしてしまうとは！<page><box>おはらいオババ<speaker>おぬしの名は<br> この砂漠の町に えいえんと<br> かたりつがれようぞ！<page><box>おはらいオババ<speaker>大気の よどみも<br> なくなった。<page>もはや わざわいが<br> おこることも ないであろう。<page><box>おはらいオババ<speaker>ただし、、<page><br> これは わざわいでは<br> ないが、、。<page><box>おはらいオババ<speaker>くずれた魔城からは<br> まだ なにかを かんじるのじゃ。<page><box>おはらいオババ<speaker>大天守閣と<br> 東小天守、、<page>あそこには<br> べつの毒気が ながれておる。<page><box>おはらいオババ<speaker>ばんぶつの<br> へんかする しゅうきが<br> あそこだけ ちがうような、、。<page>	Obaba: To think you<br>reached the very end<br>of the Abyssal Depths!<page><box>Obaba: Your name will<br>forever be passed down<br>in this desert town!<page><box>Obaba: The miasma in the<br>air has also vanished.<page><box>Obaba: No further<br>calamity should befall us.<page><box>Obaba: However...<page><box>Obaba: This is not<br>a calamity, but...<page><box>Obaba: I still sense something<br>from the fallen Magic<br>Castle.<page><box>Obaba: The Castle Keep<br>and the Castle Tower...<page><box>Obaba: A different miasma<br>flows through those places.<page><box>Obaba: The cycle by<br>which all things change...<page><box>Obaba: It seems different<br>in those places alone...<page>	
203:$43EB	228:$5F83	178	おはらいオババ<speaker>奈落の果ては<br> 町の入口を出て 砂漠の<br> むこうがわにある。<page><box>おはらいオババ<speaker>今までで いちばん<br> きびしい旅になると思うが、、<page><br> おねがいだ。姫さまを、、。<page>	Obaba: The Abyssal Depths<br>lie beyond the desert<br>outside the town entrance.<page><box>Obaba: I fear this<br>will be your most<br>grueling journey yet...<page><box>Obaba: But please,<br>save the Princess...<page>	
203:$4455	228:$6036	179	おはらいオババ<speaker>奈落の果ては<br> 町の入口を出て 砂漠の<br> むこうがわにある。<page><box>おはらいオババ<speaker>なにも<br> 持って いけないし<br> なかまも つれていけぬ。<page><box>おはらいオババ<speaker>今までで<br> いちばん きびしい旅になるぞ。<page>	Obaba: The Abyssal Depths<br>lie beyond the desert<br>outside the town entrance.<page><box>Obaba: You can take neither<br>items nor companions.<page><box>Obaba: This will be your<br>most grueling journey yet.<page>	
203:$44D1	228:$60EA	285	おはらいオババ<speaker>そのご<br> きゅうきょくの土は<br> 見つかったかのう？<page><box>おはらいオババ<speaker>え？、、<page><br> まだ？、、<page>かっかっかっかっ！！<page><br> いや しつれい。<page><box>おはらいオババ<speaker>まあ ちょっと<br> かわったダンジョンのようだし<br> きながに がんばることじゃ。<page><box>おはらいオババ<speaker>しかし、、<page><br> 毒気の ながれが<br> やはり ミョウな、、。<page>	Obaba: Have you found the<br>Ultimate Soil since then?<page><box>Obaba: What...?<page><box>Obaba: Not yet...?<page><box>Obaba: Ka-ka-ka-ka!!<page><box>Obaba: Forgive me.<page><box>Obaba: It seems to be a<br>rather unusual dungeon.<page><box>Obaba: Take your<br>time and keep trying.<page><box>Obaba: Yet...<page><box>Obaba: The flow of miasma<br>still feels strange...<page>	
203:$4580	228:$6208	58	おはらいオババ<speaker>ムム、、<br> 毒気の ながれが<br> なんかミョウな、、。<page>	Obaba: Hmm...<br>The flow of miasma<br>feels somehow strange...<page>	
203:$45A7	228:$6243	96	おはらいオババ<speaker>なにを<br> おっしゃいまする。<page><box>おはらいオババ<speaker>ババは くいとめてた<br> だけのこと。すべては <name>の<br> おかげですじゃ。<page>	Obaba: What are you saying?<page><box>Obaba: I merely held it back.<page><box>Obaba: Everything was<br>thanks to <name>.<page>	
203:$45EF	228:$62A4	57	おはらいオババ<speaker>砂丘で なにか<br> おこっているらしいが、、。<page>	Obaba: Something appears to<br>be happening in the dunes...<page>	
203:$4612	228:$62DE	73	おはらいオババ<speaker>領主さまのことは<br> ワシに まかせておけ。<page><box>おはらいオババ<speaker>おぬしは<br> いっこくもはやく キュラスを！<page>	Obaba: Leave the Lord to me.<page><box>Obaba: You must hurry<br>after Curas at once!<page>	
203:$4654	228:$6328	85	おはらいオババ<speaker>天地の光よ。<br> 暗黒の邪気を おいはらわん<br> ことを、、。<page>	Obaba: Light of<br>heaven and earth...<page><box>Obaba: Drive away the<br>dark and wicked miasma...<page>	
203:$4683	228:$637E	84	おはらいオババ<speaker>うむむ、、マズイ。<page><br> どう かんがえてもマズイ、、。<page>	Obaba: Hmm... This is bad.<page><box>Obaba: No matter how I<br>consider it, this is very<br>bad...<page>	
203:$46A9	228:$63D3	45	おはらいオババ<speaker>もうじき<br> まん月が やってくる、、。<page>	Obaba: The full moon<br>will soon be upon us...<page>	
203:$46C8	228:$6401	128	おはらいオババ<speaker>おお オマエのような<br> おさないコまで しんぱいを、、。<page><box>おはらいオババ<speaker>だいじょうぶじゃ。<br> しんぱい するでない。<page><br> きっと きぼうは やってくる。<page>	Obaba: Oh, even a young<br>child like you is worried...<page><box>Obaba: It will be all<br>right. Do not worry.<page><box>Obaba: Hope will surely come.<page>	
203:$4722	228:$6482	136	おはらいオババ<speaker>ものごとは たえず<br> 見えぬところで うごいておる。<page><box>おはらいオババ<speaker>だれの目にも<br> うごいて見えてからでは<br> おそいのじゃ。<page>	Obaba: Events are always<br>unfolding where none can<br>see.<page><box>Obaba: By the time their<br>movement is plain to everyone,<br>it is already too late.<page>	
203:$4771	228:$650B	60	おはらいオババ<speaker>なにかが、、<page><br> なにかが おきようと<br> しておる、、。<page>	Obaba: Something...<page><box>Obaba: Something is<br>about to happen...<page>	
203:$4798	228:$6548	96	おはらいオババ<speaker>大気が<br> よどんでおる、、。<page><box>おはらいオババ<speaker>こんなときは<br> なにか ワルイことが<br> おきそうな気がするのだが、、。<page>	Obaba: The air is stagnant...<page><box>Obaba: Times like this<br>make me fear something<br>bad will happen...<page>	
203:$47E2	228:$65A9	15	ビビンギダ<speaker>、、。<page>	Bibingida: ...<page>	
203:$47EE	228:$65B9	47	ビビンギダ<speaker>姫さまが<br> ぶじで よかったわ<EE>！！<page>	Bibingida: I am so glad<br>the Princess is safe!!<page>	
203:$480A	228:$65E9	40	ビビンギダ<speaker>姫さまが<br> さらわれたンだって？！！<page>	Bibingida: The Princess<br>was abducted?!!<page>	
203:$4826	228:$6612	42	ビビンギダ<speaker>いったい<br> なにが あったの？、、。<page>	Bibingida: What in<br>the world happened...?<page>	
203:$4841	228:$663D	115	ビビンギダ<speaker>ヌワンコの家の<br> かけじくウラが じつは<br> ダンジョンだったんだって？<page><box>ビビンギダ<speaker>おっどろき<EF><EF><hspace:01>っ！！<page>	Bibingida: The hanging<br>scroll in Nuwanko's house...<page><box>Bibingida: concealed<br>a dungeon?<page><box>Bibingida: What a surprise!!<page>	
203:$4883	228:$66B1	94	ビビンギダ<speaker><name>さんの<br> おかげで みんな また<br> しあわせに くらせるわ。<page><box>ビビンギダ<speaker>ホントありがとね！<page>	Bibingida: Thanks to you,<br><name>, everyone<br>can live happily again.<page><box>Bibingida: Thank you so much!<page>	
203:$48BE	228:$6710	94	ビビンギダ<speaker><name>さんの<br> おかげで みんな また<br> しあわせに くらせるわ。<page><box>ビビンギダ<speaker>ホントありがとね！<page>	Bibingida: Thanks to you,<br><name>, everyone<br>can live happily again.<page><box>Bibingida: Thank you so much!<page>	
203:$48F9	228:$676F	163	ビビンギダ<speaker>店を<br> ひろげている場合じゃない！<page><br> わたしも たたかうわ！！<page><box>ビビンギダ<speaker>この巻物も<br> なにかの役に立つかも！<page><br> 、、よんでみる？<page><box>	Bibingida: This is no<br>time to expand the shop!<page><box>Bibingida: I will fight too!!<page><box>Bibingida: This Scroll<br>may prove useful!<page><box>Bibingida: Would you<br>like me to read it?<page><box>	
203:$4950	228:$6813	111	ビビンギダ<speaker>がんばって！！<page><box>ビビンギダ<speaker>もしかしたら<br> この巻物も 役に立つかも！<page><br> 、、よんでみる？<page><box>	Bibingida: Do your best!!<page><box>Bibingida: This Scroll<br>may prove useful!<page><box>Bibingida: Would you<br>like me to read it?<page><box>	
203:$498E	228:$6883	251	ビビンギダ<speaker><quoteOpen>ダンジョンを うまく<br> こうりゃくするコツ、、<page>それは<br> ヒントを 見ることだ！<quoteClose><page><box>ビビンギダ<speaker><quoteOpen>ヒントは<br> bボタンで メニューをひらくと<br> 見ることができるぞ！<quoteClose><page><box>ビビンギダ<speaker><quoteOpen>ヒントを見て<br> キミも一流の風来人になろう！<quoteClose><page><box>ビビンギダ<speaker>、、ねえ？<br> なんかタメになった？<page>	"Bibingida: ""The secret<br>to conquering dungeons...<page><box>Bibingida: is to<br>read the Hints!""<page><box>Bibingida: ""Press B to open<br>the menu and view Hints!""<page><box>Bibingida: ""Read the<br>Hints and become a<br>first-rate Wanderer!""<page><box>Bibingida: Well? Did you<br>learn anything useful?<page>"	
203:$4A36	228:$697F	94	ビビンギダ<speaker>そっか。<br> まあ 見たくなったら いつでも<br> いいし。とにかく がんばって！<page>	Bibingida: I see.<br>You can read it anytime<br>you feel like it.<page><box>Bibingida: Anyway,<br>do your best!<page>	
203:$4A66	228:$69DE	74	ビビンギダ<speaker>もう<br> ゆうがただし そろそろ<br> 店をたたむかねえ、、。<page>	Bibingida: It is already<br>evening. Perhaps it is<br>time to close the shop...<page>	
203:$4A8C	228:$6A29	163	ビビンギダ<speaker>みんな さわがしい<br> けどサ なにかあったのかなあ？<page><box>ビビンギダ<speaker>ところで こんな巻物を<br> もらったンだけど、、。<page><br> よんでみる？<page><box>	Bibingida: Everyone<br>is making such a fuss.<br>Did something happen?<page><box>Bibingida: By the way,<br>someone gave me this<br>Scroll...<page><box>Bibingida: Would you<br>like me to read it?<page><box>	
203:$4ADC	228:$6ACD	132	ビビンギダ<speaker>なんか<br> さわがしいわねえ。<page><box>ビビンギダ<speaker>ところで こんな巻物を<br> もらったンだけど、、。<page><br> よんでみる？<page><box>	Bibingida: It<br>certainly is noisy.<page><box>Bibingida: By the way,<br>someone gave me this<br>Scroll...<page><box>Bibingida: Would you<br>like me to read it?<page><box>	
203:$4B20	228:$6B52	85	ビビンギダ<speaker>こんな巻物を<br> もらったンだけど、、。<page><br> よんでみる？<page><box>	Bibingida: Someone<br>gave me this Scroll...<page><box>Bibingida: Would you<br>like me to read it?<page><box>	
203:$4B48	228:$6BA8	241	ビビンギダ<speaker><quoteOpen>ダンジョンを うまく<br> こうりゃくするコツ、、<page>それは<br> ヒントを 見ることだ！<quoteClose><page><box>ビビンギダ<speaker><quoteOpen>ヒントは<br> bボタンで メニューをひらくと<br> 見ることができるぞ！<quoteClose><page><box>ビビンギダ<speaker><quoteOpen>ヒントを見て<br> キミも一流の風来人になろう！<quoteClose><page><box>ビビンギダ<speaker>、、なんなのよ？<br> これ？<page>	"Bibingida: ""The secret<br>to conquering dungeons...<page><box>Bibingida: is to<br>read the Hints!""<page><box>Bibingida: ""Press B to open<br>the menu and view Hints!""<page><box>Bibingida: ""Read the<br>Hints and become a<br>first-rate Wanderer!""<page><box>Bibingida: What in<br>the world is this?<page>"	
203:$4BEC	228:$6C9A	62	ビビンギダ<speaker>なんだろう、、<br> 気になるなあ この巻物、、。<page>	Bibingida: What could it be...?<br>This Scroll has me curious...<page>	
203:$4C0F	228:$6CD9	98	ビビンギダ<speaker>今日も おきゃくが<br> おおくて ハンジョウしてるワ。<page><box>ビビンギダ<speaker>おに<EE>さんも<br> なにか かってってぇ<EE>。<page>	Bibingida: Business is<br>booming again today.<page><box>Bibingida: Come on, handsome.<br>Buy something from me.<page>	
203:$4C51	228:$6D3C	43	ブブヤロ<speaker>にいちゃんだったら<br> きっと やると思ったよ！<page>	Bubuyaro: I knew you<br>could do it, big bro!<page>	
203:$4C71	228:$6D68	147	ブブヤロ<speaker>奈落の果ては<br> くんれん所で レベルを上げても<br> カンケーないけど<page><box>ブブヤロ<speaker>にいちゃんだったら<br> 姫さまを助けることが きっと<br> できるよ！！<page>	Bubuyaro: Levels gained in<br>the training grounds will not<br>count in the Abyssal Depths.<page><box>Bubuyaro: But I know you<br>can rescue the Princess, big<br>bro!!<page>	
203:$4CCA	228:$6DFC	81	ブブヤロ<speaker>町の入口の方が<br> さわがしいけど、、<page>なんか<br> あったの？<page>	Bubuyaro: It is noisy<br>near the town entrance...<page><box>Bubuyaro: Did<br>something happen?<page>	
203:$4CF3	228:$6E4E	116	ブブヤロ<speaker>くんれん所で<br> レベルを上げても<page><box>ブブヤロ<speaker>レベルが もとに<br> もどってしまうダンジョンが<br> ふえているみたいだね。<page>	Bubuyaro: Even if you<br>gain levels in the<br>training grounds...<page><box>Bubuyaro: More dungeons seem<br>to reset your level now.<page>	
203:$4D39	228:$6EC3	116	ブブヤロ<speaker>ワナ道って<br> むずかしそうだよな。<page><box>ブブヤロ<speaker>くんれん所で レベルを<br> 上げても ダンジョンに入ると<br> もどっちゃうらしいしな、、。<page>	Bubuyaro: The trap<br>arts sound difficult.<page><box>Bubuyaro: I hear your level<br>resets when you enter,<br>even after training...<page>	
203:$4D89	228:$6F38	102	ブブヤロ<speaker>なんか 町で<br> ぎょうじを やるみたいだぜ。<page><box>ブブヤロ<speaker>オトナたちが<br> あつまって 話してたよ。<page>	Bubuyaro: It sounds like the<br>town is holding a festival.<page><box>Bubuyaro: I heard the<br>adults discussing it.<page>	
203:$4DC5	228:$6F9F	94	ブブヤロ<speaker>にいちゃん<br> がんばってね！<page><box>ブブヤロ<speaker>ジャハンナムのとびらへ<br> いく前に くんれんしていくと<br> いいぜ！<page>	Bubuyaro: Do your<br>best, big bro!<page><box>Bubuyaro: You should<br>train before going<br>to Jahannam's Gate!<page>	
203:$4E05	228:$6FFE	67	ブブヤロ<speaker>トンファンで<br> 話があるって きいたんだけど。<page>	Bubuyaro: I heard there<br>is something to discuss<br>at Tonfan's place.<page>	
203:$4E25	228:$7042	28	ブブヤロ<speaker>ねえちゃん<br> ハラへったよう<EE>。<page>	Bubuyaro: Sis, I am hungry.<page>	
203:$4E3D	228:$705F	132	ブブヤロ<speaker>なんだか<br> ブッソウに なってきたよな。<page><box>ブブヤロ<speaker>そんなときは<br> くんれんだ！<page> くんれんして<br> レベルアップすべし！！<page>	Bubuyaro: Things are<br>starting to get dangerous.<page><box>Bubuyaro: Times like<br>these call for training!<page><box>Bubuyaro: Train<br>hard and level up!!<page>	
203:$4E84	228:$70E4	196	ブブヤロ<speaker>ここは くんれん所だ。<page><box>ブブヤロ<speaker>ここで きたえると<br> レベルが上がり そのレベルのまま<br> ダンジョンへ いけるんだ。<page><box>ブブヤロ<speaker>ダンジョンに いくまえに<br> ここで きたえておくといいぜ。<page>	Bubuyaro: These are<br>the training grounds.<page><box>Bubuyaro: Train here to raise<br>your level, then enter a<br>dungeon at that same level.<page><box>Bubuyaro: It is a good<br>idea to train here before<br>entering a dungeon.<page>	
203:$4EF0	228:$71A9	69	ブブヤロ<speaker>まるで 魔城じたいが<br> 生きてるみたいだ、、。<page>	Bubuyaro: It is almost<br>as though the Magic<br>Castle itself is alive...<page>	
203:$4F12	228:$71EF	196	ブブヤロ<speaker>ここは くんれん所だ。<page><box>ブブヤロ<speaker>ここで きたえると<br> レベルが上がり そのレベルのまま<br> ダンジョンへ いけるんだ。<page><box>ブブヤロ<speaker>ダンジョンに いくまえに<br> ここで きたえておくといいぜ。<page>	Bubuyaro: These are<br>the training grounds.<page><box>Bubuyaro: Train here to raise<br>your level, then enter a<br>dungeon at that same level.<page><box>Bubuyaro: It is a good<br>idea to train here before<br>entering a dungeon.<page>	
203:$4F7E	228:$72B4	194	ゴト<speaker>いいかい？<br> ここだけの話だぜ、、。<page><box>ゴト<speaker>じつはな、、<page><br> さっき ヘンな かみきれを<br> ひろったんだ。<page><box>ゴト<speaker>なんか 宝クジが どうとか<br> かいてあるんだけど、、<page><br> こころあたりある？<page><box>	Goto: Listen. Keep<br>this between us...<page><box>Goto: The truth is...<page><box>Goto: I found a strange<br>scrap of paper earlier.<page><box>Goto: It says something<br>about a lottery...<page><box>Goto: Does that mean<br>anything to you?<page><box>	
203:$4FEA	228:$7377	21	ゴト<speaker>これなんだけど、、。<page><box>	Goto: This is it...<page><box>	
203:$4FFB	228:$738D	41	ゴト<speaker>どうだろ？<br> なんか わかったかい？<page>	Goto: Well? Did you<br>figure anything out?<page>	
203:$5013	228:$73B7	49	ゴト<speaker>見たくなったら いつでも<br> 声かけてくれよな。<page>	Goto: Speak to me anytime<br>you want another look.<page>	
203:$5032	228:$73E9	76	ゴト<speaker>ここは われわれが<br> なんとか くいとめる！<page><box>ゴト<speaker>だから <name>さんは<br> ジャハンナムのとびらへ！！<page>	Goto: We will hold<br>them back somehow!<page><box>Goto: Hurry to Jahannam's<br>Gate, <name>!!<page>	
203:$506C	228:$7436	31	ゴト<speaker>オレたちも がんばるぜ！<page>	Goto: We will do our best<br>too!<page>	
203:$507E	228:$7456	31	ゴト<speaker>たのみましたぜ！！<page>	Goto: We are counting on<br>you!!<page>	
203:$508D	228:$7476	44	ゴト<speaker>オレたちが<br> 今 どうするってワケ<br> いかないもんな。<page>	Goto: There is nothing<br>we can do right now.<page>	
203:$50AF	228:$74A3	49	ゴト<speaker>このままだと<br> まずいよなあ、、。<page>	Goto: Things will turn<br>out badly at this rate...<page>	
203:$50C6	228:$74D5	76	ゴト<speaker>この町の人たちは<br> みんな ウワサ話が すきだよな。<page><box>ゴト<speaker>、、て オレも そうだけど。<page>	Goto: Everyone in this<br>town loves gossip.<page><box>Goto: Though I<br>suppose I do too.<page>	
203:$50FD	228:$7522	76	ゴト<speaker>さいきん ザガンという男が<br> 領主さまの一番家来になった<br> らしいのだが、、。<page>	Goto: I hear a man named<br>Zagan recently became the<br>Lord's chief retainer...<page>	
203:$5131	228:$756F	146	風来のハチ<speaker>ボク ゲートを<br> くぐろうと思うんだ。<page><box>風来のハチ<speaker>ともだちを<br> 助けたいんだ！<page><br> 今度こそ、、かならず！<page>	Hachi the Wanderer: I am<br>going through the Gate.<page><box>Hachi the Wanderer: I<br>want to rescue my friend!<page><box>Hachi the Wanderer:<br>This time... I will do it!<page>	
203:$517A	228:$7602	172	風来のハチ<speaker>また sosの<br> じゅもんがとどいたんだ、、。<page><box>風来のハチ<speaker>でも まよってる。<page><br> こんなボクに 助けるしかくが<br> あるのかどうか、、。<page>	Hachi the Wanderer: Another<br>SOS Password arrived...<page><box>Hachi the Wanderer:<br>But I am hesitating.<page><box>Hachi the Wanderer: Do I<br>truly deserve to rescue<br>anyone after what I did...?<page>	
203:$51CE	228:$76AF	154	風来のハチ<speaker>目の前で ともだちが<br> バクハツに まきこまれて、、。<br> うう、、。<page>それで、、それで、、。<page>	Hachi the Wanderer: My friend<br>was caught in an explosion<br>right before my eyes...<page><box>Hachi the Wanderer: Ugh...<page><box>Hachi the Wanderer:<br>And then... And then...<page>	
203:$5209	228:$774A	114	風来のハチ<speaker>ボクは、、<page><br> ボクは、、<page>とりかえしの<br> つかないことを、、。<page>	Hachi the Wanderer: I...<page><box>Hachi the Wanderer: I...<page><box>Hachi the Wanderer:<br>did something that<br>can never be undone...<page>	
203:$5234	228:$77BD	139	風来のハチ<speaker>またsosの<br> じゅもんをうけとったんだ。<page><box>風来のハチ<speaker>バッチリ助けに<br> 行ってくる！ うでがなるなあ！<page>	Hachi the Wanderer:<br>I received another<br>SOS Password.<page><box>Hachi the Wanderer: I am off<br>to rescue them! I cannot wait<br>to put my skills to work!<page>	
203:$5279	228:$7849	168	風来のハチ<speaker>さっきグッドさんに<br> カンシャされちゃった！<br> これからも期待してるってさ！<page><box>風来のハチ<speaker>うれしくって 足が<br> ガクガクしちゃったよ！<page>	Hachi the Wanderer:<br>Good thanked me earlier!<page><box>Hachi the Wanderer: He said<br>he expects great things from<br>me!<page><box>Hachi the Wanderer: I was<br>so happy my legs started<br>shaking!<page>	
203:$52CE	228:$78F2	226	風来のハチ<speaker>グッドさんはね<br> 体じゅうに たくさんのキズが<br> あるんだって。<page><box>風来のハチ<speaker>いつも 体をはって<br> だれかを助けていたんだねえ。<page><box>風来のハチ<speaker>ボクも どんどん<br> 助けて しんらいされる<br> 風来人になるゾ！<page>	Hachi the Wanderer:<br>They say Good has<br>scars all over his body.<page><box>Hachi the Wanderer: He<br>must have risked himself to<br>rescue others many times.<page><box>Hachi the Wanderer: I will<br>rescue lots of people too and<br>become a trusted Wanderer!<page>	
203:$534E	228:$79D5	143	風来のハチ<speaker>sosのじゅもんを<br> 持って やって来るハトが<br> あとをたたないんだ。<page><box>風来のハチ<speaker>ボクは 一人でも<br> おおくの人を 助けるつもりだよ。<page>	Hachi the Wanderer: Pigeons<br>carrying SOS Passwords<br>keep arriving without end.<page><box>Hachi the Wanderer: I<br>intend to rescue as<br>many people as I can.<page>	
203:$53A7	228:$7A65	213	風来のハチ<speaker>ボクも風来人に<br> なりたてのころ きゅうじょたいに<br> たすけられたことがあってね、、。<page><box>風来のハチ<speaker>あのとき<br> ボクを助けてくれたのは<br> そこにいるグッドさんなんだ。<page><box>風来のハチ<speaker>あのときのことは<br> 今でもハッキリおぼえてる、、。<page>	Hachi the Wanderer: When I<br>first became a Wanderer, a<br>rescue party saved me too...<page><box>Hachi the Wanderer: The<br>one who rescued me was<br>Good, right over there.<page><box>Hachi the Wanderer: I still<br>remember that day clearly...<page>	
203:$5432	228:$7B3B	124	風来のハチ<speaker>なんで人助けばかり<br> してるかって？<page><box>風来のハチ<speaker>べ べつに おれいを<br> 期待してるわけじゃないゾ！<page>	Hachi the Wanderer:<br>Why do I spend all my<br>time rescuing people?<page><box>Hachi the Wanderer:<br>I-It is not because<br>I expect a reward!<page>	
203:$5477	228:$7BB8	87	風来のハチ<speaker>ともだちが<br> 助けをもとめているんだ！<page><br> はやく いかなきゃ！！<page>	Hachi the Wanderer: My<br>friend is calling for help!<page><box>Hachi the Wanderer:<br>I must hurry!!<page>	
203:$54A4	228:$7C10	117	ヒゲチヨ<speaker>ふぉっふぉっ。ここは<br> とっくんダンジョンじゃ。<page><box>ヒゲチヨ<speaker>じゃが まだ<br> やっておらん。すまんのう。<br> ふぉっふぉっ。<page>	Higechiyo: Ho ho. This<br>is the Training Dungeon.<page><box>Higechiyo: But it is not<br>open yet. My apologies.<page><box>Higechiyo: Ho ho.<page>	
203:$54EA	228:$7C86	261	ヒゲチヨ<speaker>ふぉっふぉっふぉっ。<page><box>ヒゲチヨ<speaker>ここは レベルを1に<br> もどし 心も体もきたえなおす<br> とっくんダンジョンじゃよ。<page><box>ヒゲチヨ<speaker>おぬし、、<page><br> いい目をしておるな。<page><box>ヒゲチヨ<speaker>おのが道をきわめよ。<page><br> さあ なにをのぞむ？	Higechiyo: Ho ho ho.<page><box>Higechiyo: This is<br>the Training Dungeon.<page><box>Higechiyo: It returns you<br>to Level 1 so you may<br>retrain your body and spirit.<page><box>Higechiyo: You...<page><box>Higechiyo: You have fine<br>eyes.<page><box>Higechiyo: Master<br>your own path.<page><box>Higechiyo: Now,<br>what do you seek?	
203:$5569	228:$7D8C	267	ヒゲチヨ<speaker>ふぉっふぉっふぉっ。<page><box>ヒゲチヨ<speaker>ここは レベルを1に<br> もどし 心も体もきたえなおす<br> とっくんダンジョンじゃよ。<page><box>ヒゲチヨ<speaker>、、<page><br> キズつき たおれても<br> なお おのが道を行くか、、。<page><box>ヒゲチヨ<speaker>それも よかろう、、。<page><br> なにを おのぞみかな？	Higechiyo: Ho ho ho.<page><box>Higechiyo: This is<br>the Training Dungeon.<page><box>Higechiyo: It returns you<br>to Level 1 so you may<br>retrain your body and spirit.<page><box>Higechiyo: Even wounded<br>and defeated, you still<br>walk your own path...<page><box>Higechiyo: Very well...<page><box>Higechiyo: What do you seek?	
203:$55F7	228:$7E98	221	ヒゲチヨ<speaker>ふぉっふぉっふぉっ。<page><box>ヒゲチヨ<speaker>ここは レベルを1に<br> もどし 心も体もきたえなおす<br> とっくんダンジョンじゃよ。<page><box>ヒゲチヨ<speaker>おぬしの目、、<br> まだしんでは おらんようじゃ。<page><box>ヒゲチヨ<speaker>なにを おのぞみかな？	Higechiyo: Ho ho ho.<page><box>Higechiyo: This is<br>the Training Dungeon.<page><box>Higechiyo: It returns you<br>to Level 1 so you may<br>retrain your body and spirit.<page><box>Higechiyo: The light has<br>not yet left your eyes.<page><box>Higechiyo: What do you seek?	
203:$566F	229:$4000	171	ヒゲチヨ<speaker>ふぉっふぉっふぉっ。<page><box>ヒゲチヨ<speaker>ここは レベルを1に<br> もどし 心も体もきたえなおす<br> とっくんダンジョンじゃよ。<page><box>ヒゲチヨ<speaker>なにを おのぞみかな？	Higechiyo: Ho ho ho.<page><box>Higechiyo: This is<br>the Training Dungeon.<page><box>Higechiyo: It returns you<br>to Level 1 so you may<br>retrain your body and spirit.<page><box>Higechiyo: What do you seek?	
203:$56C6	229:$40AC	45	ヒゲチヨ<speaker>ふぉっふぉっ。そうかね。<br> また いつでも いらっしゃい。<page>	Higechiyo: Ho ho. I see.<br>Come again anytime.<page>	
203:$56EB	229:$40DA	164	ヒゲチヨ<speaker>ムムッ、、<page><br> ザンネンじゃが、、。<page><box>ヒゲチヨ<speaker>とっくんするときは<br> アイテムの持ちこみを<br> きんじておってのう、、。<page><box>ヒゲチヨ<speaker>一度 そうこに<br> あずけるなどして じゅんびが<br> できたら またいらっしゃい。<page>	Higechiyo: Hmm...<page><box>Higechiyo: I am afraid...<page><box>Higechiyo: Training<br>with items is forbidden.<page><box>Higechiyo: Store them<br>in the warehouse, then<br>return when you are ready.<page>	
203:$5762	229:$417F	225	ヒゲチヨ<speaker>ホヘ？<page><br> おぬし まだとっくんしたことが<br> ないようじゃのう、、。<page><box>ヒゲチヨ<speaker>どれ、、。<page><br> みつくろってしんぜよう。<page><box>ヒゲチヨ<speaker>ふむ これなんかどうじゃ？<br> 「<cF8>9<cF8>af」じゃ。<page><br> どうかの？	"Higechiyo: Hoh?<page><box>Higechiyo: It seems you<br>have never trained before...<page><box>Higechiyo: Let me see...<page><box>Higechiyo: I shall<br>choose one for you.<page><box>Higechiyo: Hmm. How<br>does this sound?<page><box>Higechiyo: ""<cF8>9<cF8>af"".<page><box>Higechiyo: What do you think?"	
203:$57D0	229:$4261	67	ヒゲチヨ<speaker>ふぉっ！<page><br> ことわりおった、、。<page><box>ヒゲチヨ<speaker>それも よかろう、、。<page>	Higechiyo: Hoh!<page><box>Higechiyo: You refuse...<page><box>Higechiyo: Very well...<page>	
203:$57FC	229:$42A5	71	ヒゲチヨ<speaker>では とっくんする<br> ダンジョンのなんいどを<br> せっていしてくだされ。<page><box>	Higechiyo: Set the<br>difficulty of the dungeon<br>where you wish to train.<page><box>	
203:$5828	229:$42ED	82	ヒゲチヨ<speaker>ふぉっふぉっ。<page><br> おつぎは フロアせっていじゃよ。<br><hspace:0F><hspace:0F><hspace:0F><hspace:0F><hspace:0F><hspace:0F><hspace:0F><hspace:0F>f	Higechiyo: Ho ho.<page><box>Higechiyo: Next, choose<br>the number of floors.<br><hspace:0F><hspace:0F><hspace:0F><hspace:0F><hspace:0F><hspace:0F><hspace:0F><hspace:0F>f	
203:$585B	229:$4340	52	ヒゲチヨ<speaker>むむむ、、。<br> すまんが それはできんのう。<page><box>	Higechiyo: Hmm...<br>I am afraid that<br>cannot be done.<page><box>	
203:$587A	229:$4375	48	ヒゲチヨ<speaker>ふぉっふぉっ。<br> 「<cF8>9<cF8>af」で<br> まちがいは ないかの？	"Higechiyo: Ho ho.<br>Are you certain about ""<cF8>9<cF8>af""?"	
203:$589F	229:$43A6	453	ヒゲチヨ<speaker>ふぉっふぉっふぉ、、。<br> では とっくんを、、<page>ムッ？<page><box>ヒゲチヨ<speaker>ふぉっふぉっふぉっ。<page><br> こころぼそいのはわかるが<br> ここからさきは 一人じゃよ。<page><box>ヒゲチヨ<speaker>おなかまがいては<br> どこかにあまえが生まれるもの。<page><box>ヒゲチヨ<speaker>いのちをおとしてからでは<br> おそいのじゃよ。<page><box>ヒゲチヨ<speaker>じぶんにきびしく。<br> 人にやさしく。<page>よいかな？<page><box>ヒゲチヨ<speaker>では とっくんかいしじゃ。<br> あまり ムリをするでないぞ。<page><box>	Higechiyo: Ho ho ho...<br>Then let the training...<page><box>Higechiyo: Hm?<page><box>Higechiyo: Ho ho ho.<page><box>Higechiyo: I know you<br>feel uneasy, but you<br>must go alone from here.<page><box>Higechiyo: A companion may<br>tempt you to rely upon them.<page><box>Higechiyo: It will be too<br>late once you lose your life.<page><box>Higechiyo: Be strict<br>with yourself.<page><box>Higechiyo: Be kind to others.<page><box>Higechiyo: Do you<br>understand?<page><box>Higechiyo: Then let<br>the training begin.<page><box>Higechiyo: Do not push<br>yourself too hard.<page><box>	
203:$597C	229:$456C	89	ヒゲチヨ<speaker>ふぉっふぉっ。<br> では とっくん かいしじゃ。<page><box>ヒゲチヨ<speaker>あまり<br> ムリをするでないぞ。	Higechiyo: Ho ho.<br>Then let the training begin.<page><box>Higechiyo: Do not push<br>yourself too hard.	
203:$59B1	229:$45C6	109	ヒゲチヨ<speaker>前とおなじダンジョンで<br> とっくんを するのじゃな？<page><box>ヒゲチヨ<speaker>ふぉっふぉっ。<br> 「<cF8>9<cF8>af」で<br> まちがいは ないかの？	"Higechiyo: You wish<br>to train in the same<br>dungeon as before?<page><box>Higechiyo: Ho ho.<br>Are you certain about ""<cF8>9<cF8>af""?"	
203:$59F9	229:$4634	125	ヒゲチヨ<speaker>ん、、？<br> つうしんで ダンジョンのデータを<br> うけとっておるようじゃな。<page><box>ヒゲチヨ<speaker>ふぉっふぉっ。<br> 「<cF8>9<cF8>af」で<br> まちがいは ないかの？	"Higechiyo: Hm...?<br>It seems you received dungeon<br>data through communication.<page><box>Higechiyo: Ho ho.<br>Are you certain about ""<cF8>9<cF8>af""?"	
203:$5A4B	229:$46B2	666	ヒゲチヨ<speaker>ふぉっふぉっ。では、、。<page><box>ヒゲチヨ<speaker>とっくんについて<br> せつめいしようかの。<page><box>ヒゲチヨ<speaker>ふしぎのダンジョンは<br> 一度外に出てしまえば 中が<br> ガラリとかわってしまう。<page><box>ヒゲチヨ<speaker>だが<br> とっくんダンジョンは<br> とくべつなのじゃよ。<page><box>ヒゲチヨ<speaker>ダンジョンの せっていを<br> かえなければ またおなじ<br> ダンジョンであそべるのじゃよ。<page><box>ヒゲチヨ<speaker>つまり ダンジョンの<br> こうぞうが きおくされておると<br> いうわけじゃな。<page><box>ヒゲチヨ<speaker>どこに どんなアイテムが<br> おちていたか おぼえることも<br> できてしまうのう。ふぉっふぉっ。<page><box>ヒゲチヨ<speaker>ダンジョンを えらぶとき<br> 「前とおなじ」を えらべば 前と<br> おなじダンジョンに入れるぞ。<page><box>ヒゲチヨ<speaker>ただし、、<page><box>ヒゲチヨ<speaker>それをえらばずに<br> せっていをかえてしまうと 次から<br> そちらが きおくされてしまう。<page><box>ヒゲチヨ<speaker>気をつけなされ。<page><box>	"Higechiyo: Ho ho. Now then...<page><box>Higechiyo: Shall I<br>explain training?<page><box>Higechiyo: Leave a Mysterious<br>Dungeon once, and everything<br>inside changes completely.<page><box>Higechiyo: But the Training<br>Dungeon is special.<page><box>Higechiyo: Unless you change<br>its settings, you may play<br>the same dungeon again.<page><box>Higechiyo: In other words,<br>the dungeon layout is<br>remembered.<page><box>Higechiyo: You can even<br>remember where each<br>item was found. Ho ho.<page><box>Higechiyo: When choosing<br>a dungeon, select<br>""Same as Before"".<page><box>Higechiyo: You will enter<br>the previous dungeon again.<page><box>Higechiyo: However...<page><box>Higechiyo: If you change the<br>settings instead, those will<br>be remembered from then on.<page><box>Higechiyo: Take care.<page><box>"	
203:$5BF3	229:$494D	100	イチペバ<speaker>よかったー。<page><br> オレ じつは 姫さまのことが<br> スキなんだあ。<page>ポッ。<page>	Ichipeba: What a relief.<page><box>Ichipeba: The truth is, I am<br>in love with the Princess.<page><box>Ichipeba: Blush.<page>	
203:$5C20	229:$49B2	21	イチペバ<speaker>姫さまぁーっ！<page>	Ichipeba: Princess!!<page>	
203:$5C30	229:$49C8	78	イチペバ<speaker>天下一ワナ道会は<br> おわったけど まだ<br> もぐれるんだな<EE>。<page>	Ichipeba: The Wanado<br>Tournament is over, but you<br>can still enter the dungeon.<page>	
203:$5C5B	229:$4A17	78	イチペバ<speaker>天下一ワナ道会は<br> おわったけど まだ<br> もぐれるんだな<EE>。<page>	Ichipeba: The Wanado<br>Tournament is over, but you<br>can still enter the dungeon.<page>	
203:$5C86	229:$4A66	26	イチペバ<speaker>ワナのモトがっ！<page>	Ichipeba: The Trap Parts!<page>	
203:$5C96	229:$4A81	47	イチペバ<speaker>ボク<br> 町のぎょうじの おてつだい。<page>	Ichipeba: I am helping<br>with the town festival.<page>	
203:$5CB1	229:$4AB1	29	イチペバ<speaker>まん月だ！<page>	Ichipeba: It is a full moon!<page>	
203:$5CBF	229:$4ACF	31	イチペバ<speaker>ま 魔城が！<page>	Ichipeba: Th-The Magic<br>Castle!<page>	
203:$5CCF	229:$4AEF	68	イチペバ<speaker>魔城から<br> オーラみたいなものが 見える。<page>	Ichipeba: I can see<br>something like an aura<br>around the Magic Castle.<page>	
203:$5CEF	229:$4B34	31	イチペバ<speaker>ここは 砂丘だ。<page>	Ichipeba: These are the<br>dunes.<page>	
203:$5D01	229:$4B54	48	イチペバ<speaker>三人いっしょじゃ<br> とおれねえ！<page>	Ichipeba: All three of<br>us cannot pass together!<page>	
203:$5D1B	229:$4B85	63	キコ<speaker>姫さまを助けてくれたのね！<br> ありがとう！<page> だいすき！！<page>	Kiko: You rescued the<br>Princess! Thank you!<page><box>Kiko: I love you!!<page>	
203:$5D40	229:$4BC5	48	キコ<speaker>おねがい！<br> 姫さまを助けてあげて！！<page>	Kiko: Please!<br>You have to rescue<br>the Princess!!<page>	
203:$5D5B	229:$4BF6	125	キコ<speaker>わたし きのう 姫さまと<br> いっしょに あそんだのよ。<page><box>キコ<speaker>オニごっこや あと<br> 本も よんでくれて、、。<page><box>キコ<speaker>姫さま すごく<br> やさしかった。<page>	Kiko: I played with the<br>Princess yesterday.<page><box>Kiko: We played tag, and<br>she read me a book...<page><box>Kiko: The Princess<br>was so kind.<page>	
203:$5DB2	229:$4C74	36	キコ<speaker>わあ<EE>！ キレイなお花！<page>	Kiko: Wow! What a<br>beautiful flower!<page>	
203:$5DC5	229:$4C99	44	キコ<speaker>領主さま<br> 元気になって よかったよね。<page>	Kiko: I am glad the<br>Lord is feeling better.<page>	
203:$5DE3	229:$4CC6	38	キコ<speaker>わたしでも たたかえるかな？<page>	Kiko: Do you think<br>I could fight too?<page>	
203:$5DF7	229:$4CED	52	キコ<speaker>うううっ<br> わたしは トンファンのほうが<br> いいけどなぁ。<page>	Kiko: Ugh...<br>I would rather stay<br>at Tonfan's place.<page>	
203:$5E1A	229:$4D22	60	キコ<speaker>そんなあ。<page><br> もうちょっと じぶんたちで<br> がんばってみようよ。<page>	Kiko: Oh, no.<page><box>Kiko: Let us try a little<br>harder on our own.<page>	
203:$5E41	229:$4D5F	58	キコ<speaker>オババさま。<page><br> イルパの町は どうなっちゃうの？<page>	Kiko: Obaba.<page><box>Kiko: What will happen<br>to the Town of Ilpa?<page>	
203:$5E61	229:$4D9A	60	キコ<speaker>まさかあ。<page>いくら なんでも<br> それは ないよお。<page>	Kiko: No way.<page><box>Kiko: Even so, that<br>cannot possibly be true.<page>	
203:$5E80	229:$4DD7	80	キコ<speaker>まさかあ。<page>いくら フシギな<br> ちからが あるからっていっても<br> それは ないよお。<page>	Kiko: No way.<page><box>Kiko: Even with<br>mysterious powers, that<br>cannot possibly be true.<page>	
203:$5EB0	229:$4E28	80	キコ<speaker>まさかあ。<page>いくら フシギな<br> ちからが あるからっていっても<br> それは ないよお。<page>	Kiko: No way.<page><box>Kiko: Even with<br>mysterious powers, that<br>cannot possibly be true.<page>	
203:$5EE0	229:$4E79	75	コマル<speaker>ダンジョンデータのやりとりは<br> ボクに おまかせだよ。<page><br> なんでも きいてね！	Komaru: Leave the exchange<br>of dungeon data to me.<page><box>Komaru: Ask me anything!	
203:$5F0E	229:$4EC5	52	コマル<speaker>やめちゃうの？<page><br> また きてね<EE>。<page>	Komaru: You are stopping?<page><box>Komaru: Come back again.<page>	
203:$5F27	229:$4EFA	38	コマル<speaker>どれを せつめいしようか？	Komaru: Which method<br>should I explain?	
203:$5F3A	229:$4F21	658	コマル<speaker>オッケ<EE>！ ではでは、、。<page><br> パスワードの せつめい<EE>。<page><box>コマル<speaker>キミがとっくんしている<br> ダンジョンを ともだちにも<br> おしえたいって思ったことない？<page><box>コマル<speaker>そのほうほうの1つが<br> このパスワードってわけ。<page><box>コマル<speaker>キミが今 もぐってる<br> ダンジョンを パスワードにして<br> ボクがおしえてあげるんだ。<page><box>コマル<speaker>キミは それをメモして<br> ともだちに あげるだけ。<page><box>コマル<speaker>メモをもらったともだちは<br> ボクのところにきてパスワードを<br> 入力してくれればオッケ<EE>。<page><box>コマル<speaker>カンタンでしょ？<page><box>コマル<speaker>いろいろルールをきめて<br> ともだちとあそぶとたのしいかも！<page><box>コマル<speaker>あ でもでも かんちがい<br> しないでね。<page>ダンジョンの中が<br> おんなじだけだからね。<page><box>コマル<speaker>キミといっしょに<br> ダンジョンにもぐるってことじゃ<br> ないからね。<page><box>	Komaru: Okay! Now then...<page><box>Komaru: I will<br>explain Passwords.<page><box>Komaru: Have you ever wanted<br>to show a friend the dungeon<br>where you are training?<page><box>Komaru: A Password<br>is one way to do that.<page><box>Komaru: I turn the dungeon<br>you are currently exploring<br>into a Password for you.<page><box>Komaru: Simply write it down<br>and give it to your friend.<page><box>Komaru: Your friend brings<br>the note to me and enters<br>the Password. That is all!<page><box>Komaru: Easy, right?<page><box>Komaru: Make up different<br>rules and it could be<br>fun to play with friends!<page><box>Komaru: But do<br>not misunderstand.<page><box>Komaru: Only the inside<br>of the dungeon will be<br>identical.<page><box>Komaru: You will not actually<br>enter the dungeon together.<page><box>	
203:$60C5	229:$51B4	661	コマル<speaker>オッケ<EE>！ ではでは、、。<page><br> ケーブルの せつめい<EE>。<page><box>コマル<speaker>キミがとっくんしている<br> ダンジョンを ともだちにも<br> カンタンなほうほうでおしえたい。<page><box>コマル<speaker>そう思ったことってない？<page><box>コマル<speaker>そんなときこそ<br> ケーブルの でばんなんだ<EE>。<page><box>コマル<speaker>ボクに はなしかけて<br> ケーブルのてつづきをしてくれれば<br> アッというま！<page><box>コマル<speaker>おどろきのはやさで<br> ともだちに キミがもぐってる<br> ダンジョンを おしえちゃうよ。<page><box>コマル<speaker>それで ともだちは<br> キミがもぐってたのと まったく<br> おなじダンジョンであそべちゃう。<page><box>コマル<speaker>べんりだよね<EE>。<page><box>コマル<speaker>いろいろルールをきめて<br> ともだちとあそぶとたのしいかも！<page><box>コマル<speaker>あ でもでも かんちがい<br> しないでね。<page>ダンジョンの中が<br> おんなじだけだからね。<page><box>コマル<speaker>キミといっしょに<br> ダンジョンにもぐるってことじゃ<br> ないからね。<page><box>	Komaru: Okay!<page><box>Komaru: Now then...<page><box>Komaru: I will<br>explain the Cable.<page><box>Komaru: Ever wished for an<br>easy way to show a friend<br>your training dungeon?<page><box>Komaru: That is exactly<br>when the Cable comes in!<page><box>Komaru: Speak to me and<br>follow the Cable procedure.<page><box>Komaru: In no time at all,<br>your friend will receive the<br>dungeon you are exploring.<page><box>Komaru: Then your friend<br>can play an identical<br>copy of that dungeon.<page><box>Komaru: Convenient, right?<page><box>Komaru: Make up different<br>rules and it could be<br>fun to play with friends!<page><box>Komaru: But do<br>not misunderstand.<page><box>Komaru: Only the inside<br>of the dungeon will be<br>identical.<page><box>Komaru: You will not actually<br>enter the dungeon together.<page><box>	
203:$626B	229:$544A	65	コマル<speaker>ダンジョンデータを<br> あいてに おくるの？<page><br> それとも うけとるの？	Komaru: Do you want<br>to send dungeon data?<page><box>Komaru: Or receive it?	
203:$6294	229:$548C	357	コマル<speaker>ダンジョンデータを<br> おくるんだね？<page><box>コマル<speaker>通信ケーブルはつないだ？<page><br> あいての人のじゅんびはいい？<page><box>コマル<speaker>キミのデータをうけとるには<br> あいての人も ボクのところに<br> 来てもらわないとダメだよ。<page><box>コマル<speaker>ボクにはなしかけて<br> 「ケーブル」をえらんで<br> 「うけとる」にしてもらってね。<page><box>コマル<speaker>キミが データをおくったら<br> すぐにaボタンをおしてもらってね。<br> じゃあ データをおくってみようか！	"Komaru: You want to<br>send dungeon data?<page><box>Komaru: Is the Link<br>Cable connected?<page><box>Komaru: Is the<br>other player ready?<page><box>Komaru: To receive your<br>data, the other player<br>must visit me too.<page><box>Komaru: Have them speak<br>to me, select ""Cable"",<br>then choose ""Receive"".<page><box>Komaru: Once you send<br>the data, have them press<br>the A Button immediately.<page><box>Komaru: Now, shall we send it?"	
203:$6370	229:$55F2	36	コマル<speaker>あれれ、、！？<br> せつぞく できないよ？<page><box>	Komaru: Huh...?!<br>I cannot connect.<page><box>	
203:$638C	229:$5617	127	コマル<speaker>オッケ<EE>！<page><box>コマル<speaker>「<cF8>9<cF8>af」の<br> ダンジョンデータを<br> あいての人に とどけたよ！<page><box>コマル<speaker>なんかあったら<br> また ボクんとこきてよね。<page>	"Komaru: Okay!<page><box>Komaru: The dungeon<br>data for ""<cF8>9<cF8>af"" reached<br>the other player!<page><box>Komaru: Come see me again<br>if you need anything.<page>"	
203:$63DF	229:$5697	333	コマル<speaker>ダンジョンデータを<br> うけとるんだね？<page><box>コマル<speaker>通信ケーブルはつないだ？<page><br> あいての人のじゅんびはいい？<page><box>コマル<speaker>キミにデータをおくるには<br> あいての人も ボクのところに<br> 来てもらわないとダメだよ。<page><box>コマル<speaker>ボクにはなしかけて<br> 「ケーブル」をえらんで<br> 「おくる」にしてもらってね。<page><box>コマル<speaker>あいての人が データを<br> おくったら aボタンをおすんだよ。<br> さあ うけとってみて！	"Komaru: You want to<br>receive dungeon data?<page><box>Komaru: Is the Link<br>Cable connected?<page><box>Komaru: Is the<br>other player ready?<page><box>Komaru: To send you<br>data, the other player<br>must visit me too.<page><box>Komaru: Have them speak<br>to me, select ""Cable"",<br>then choose ""Send"".<page><box>Komaru: When they send the<br>data, press the A Button.<page><box>Komaru: Now, let us receive it!"	
203:$64B3	229:$57E5	36	コマル<speaker>あれれ、、！？<br> せつぞく できないよ？<page><box>	Komaru: Huh...?!<br>I cannot connect.<page><box>	
203:$64CF	229:$580A	122	コマル<speaker>まだ そのダンジョンには<br> 行けないみたい。<page><box>コマル<speaker>もうちょっと<br> シナリオが すすまないと<br> だめみたいだよ。がんばって！<page>	Komaru: It seems you cannot<br>enter that dungeon yet.<page><box>Komaru: You need to<br>advance the story a little<br>further. Keep trying!<page>	
203:$6518	229:$5885	246	コマル<speaker>きたきた！<page><box>コマル<speaker>「<cF8>9<cF8>af」の<br> ダンジョンデータがおくられて<br> きたみたい！<page><box>コマル<speaker>ダンジョンを えらぶときに<br> 「前とおなじ」をえらべば<br> あそべるからね！<page><box>コマル<speaker>そうそう、、<page><box>コマル<speaker>ほかの ダンジョンを<br> えらぶと もうあそべなく<br> なっちゃうから気をつけてね！<page>	"Komaru: Here it comes!<page><box>Komaru: The dungeon data<br>for ""<cF8>9<cF8>af""<br>has arrived!<page><box>Komaru: Select ""Same as<br>Before"" when choosing<br>a dungeon to play it!<page><box>Komaru: One more thing...<page><box>Komaru: If you select<br>another dungeon, you will<br>lose this one. Be careful!<page>"	
203:$65B5	229:$597C	90	コマル<speaker>もらったパスワードを<br> 入力する？ <page>それとも自分の<br> ダンジョンの パスワードを見る？	Komaru: Enter a<br>Password you received?<page><box>Komaru: Or view the Password<br>for your own dungeon?	
203:$65EC	229:$59D7	248	コマル<speaker>あれ？<page><box>コマル<speaker>まだ とっくんしたこと<br> ないんだね。<page><box>コマル<speaker>でも だいじょうぶ！<br> ボクが みつくろってあげるよ。<page><box>コマル<speaker>ど<EE>れ<EE>が<EE>いいか<EE>な<EE>、<page><box>コマル<speaker>、、これなんかどう？<br> 「<cF8>9<cF8>af」だって。<page><box>コマル<speaker>パスワードは、、<br> 「<cF8>3」<br> 、、だって。メモしてね。<page>	"Komaru: Huh?<page><box>Komaru: You have<br>never trained before.<page><box>Komaru: But do not worry!<br>I will choose one for you.<page><box>Komaru: Let me see...<page><box>Komaru: How about this?<page><box>Komaru: It says ""<cF8>9<cF8>af"".<page><box>Komaru: The Password is...<page><box>Komaru: ""<cF8>3"".<page><box>Komaru: Write it down.<page>"	
203:$6687	229:$5AD0	164	コマル<speaker>あ、、。<br> 通信で ダンジョンのデータ<br> うけとったんだったね。<page><box>コマル<speaker>そのダンジョンは<br> 「<cF8>9<cF8>af」だって。<page><box>コマル<speaker>パスワードは、、<br> 「<cF8>3」<br> 、、だって。メモしてね。<page>	"Komaru: Oh...<br>You received dungeon data<br>through communication.<page><box>Komaru: That dungeon is<br>""<cF8>9<cF8>af"".<page><box>Komaru: The Password is...<page><box>Komaru: ""<cF8>3"".<page><box>Komaru: Write it down.<page>"	
203:$66EF	229:$5B75	131	コマル<speaker>え、、と<br> 前に入ったダンジョンは<br> 「<cF8>9<cF8>af」だって。<page><box>コマル<speaker>パスワードは、、<br> 「<cF8>3」<br> 、、だって。メモしてね。<page>	"Komaru: Let me see...<br>The dungeon you last<br>entered was ""<cF8>9<cF8>af"".<page><box>Komaru: The Password is...<page><box>Komaru: ""<cF8>3"".<page><box>Komaru: Write it down.<page>"	
203:$6739	229:$5BF9	38	コマル<speaker>オッケ<EE>。それじゃあ<br> パスワードを 入力してね。<page>	Komaru: Okay. Now<br>enter the Password.<page>	
203:$675B	229:$5C20	246	コマル<speaker>きたきた！<page><box>コマル<speaker>「<cF8>9<cF8>af」の<br> ダンジョンデータがおくられて<br> きたみたい！<page><box>コマル<speaker>ダンジョンを えらぶときに<br> 「前とおなじ」をえらべば<br> あそべるからね！<page><box>コマル<speaker>そうそう、、<page><box>コマル<speaker>ほかの ダンジョンを<br> えらぶと もうあそべなく<br> なっちゃうから気をつけてね！<page>	"Komaru: Here it comes!<page><box>Komaru: The dungeon data<br>for ""<cF8>9<cF8>af""<br>has arrived!<page><box>Komaru: Select ""Same as<br>Before"" when choosing<br>a dungeon to play it!<page><box>Komaru: One more thing...<page><box>Komaru: If you select<br>another dungeon, you will<br>lose this one. Be careful!<page>"	
203:$67F8	229:$5D17	67	コマル<speaker>パスワードが ちがうみたい。<br> もう一度 入力してみて。<page><box>	Komaru: That Password<br>appears to be wrong.<br>Try entering it again.<page><box>	
203:$6820	229:$5D5B	122	コマル<speaker>まだ そのダンジョンには<br> 行けないみたい。<page><box>コマル<speaker>もうちょっと<br> おはなしが すすまないと<br> だめみたいだよ。がんばって！<page>	Komaru: It seems you cannot<br>enter that dungeon yet.<page><box>Komaru: You need to<br>advance the story a little<br>further. Keep trying!<page>	
203:$6869	229:$5DD6	63	コッパ<speaker>せっかく きたんだし<br> もうすこし 見てまわろうよ。<page>	Koppa: We came all<br>this way. Let us look<br>around a little more.<page>	
203:$688B	229:$5E16	91	ワンダ<speaker>お竜さんって人を<br> さがしているのかい？<page><box>ワンダ<speaker>だったら 砂丘の方に<br> いくのを見かけたぜ。<page>	Wanda: Are you looking<br>for a woman named Oryu?<page><box>Wanda: I saw her heading<br>toward the dunes.<page>	
203:$68C9	229:$5E72	89	今は たたかいにいく時ではない！<br>魔城の見える丘で<br>お竜が待っている！<page>	Now is not the time to<br>fight!<page><box>Oryu is waiting on the<br>hill overlooking the Magic<br>Castle!<page>	
203:$69A4	229:$5ECC	72	風来のロク<speaker>オレも たくさん助けて<br> ゆうめい人に なるぞ！！<page>	Roku the Wanderer: I will<br>rescue lots of people<br>and become famous too!!<page>	
203:$69CA	229:$5F15	60	風来のサブ<speaker>オマエ これまで<br> なん人 助けた？<page>	Sabu the Wanderer:<br>How many people have<br>you rescued so far?<page>	
203:$69E9	229:$5F52	97	サチ<speaker>おはよう！<page><br> 朝ゴハン まだでしょ？<br> ゆっくりしていってね。<page>	Sachi: Good morning!<page><box>Sachi: You have not eaten<br>breakfast yet, have you?<page><box>Sachi: Take your time.<page>	
203:$6A10	229:$5FB4	40	サチ<speaker><name>さん。<br> アテカのこと、、おねがいね。<page>	Sachi: <name>.<br>Please take care of Ateka...<page>	
203:$6A2B	229:$5FDD	35	サチ<speaker>だいじょうぶですか？<br> 領主さま。<page>	Sachi: Are you all<br>right, my Lord?<page>	
203:$6A44	229:$6001	56	サチ<speaker>ガイバラ先生 じぶんで<br> とりにいけば いいのにね。<page>	Sachi: Master Gaibara could<br>simply go fetch it himself.<page>	
203:$6A66	229:$603A	71	サチ<speaker>ゆうしょう おめでとう！<page><br> さすが <name>さんね！<page>	Sachi: Congratulations<br>on winning!<page><box>Sachi: I knew you could<br>do it, <name>!<page>	
203:$6A85	229:$6082	200	サチ<speaker>おはよう！<page> 天下一<br> ワナ道会で おとうさんが<br> しかい してたでしょ？<page><box>サチ<speaker>おとうさん しかいすると<br> 人が かわるのよね、、。<page><box>サチ<speaker>ま とにかく<br> 天下一ワナ道会 がんばってね！<page>	Sachi: Good morning!<page><box>Sachi: My father<br>announced the Wanado<br>Tournament, remember?<page><box>Sachi: He becomes a<br>different person when he is<br>announcing...<page><box>Sachi: Anyway, do your best<br>in the Wanado Tournament!<page>	
203:$6AF8	229:$614B	60	サチ<speaker>店に お花が かざれて<br> うれしいわ<EE>。ルンルン。<page>	Sachi: I love having flowers<br>decorating the shop.<br>La-la-la.<page>	
203:$6B19	229:$6188	99	サチ<speaker>ペケジって ずっと<br> 食べてばかり、、。<page><box>サチ<speaker>いいかげん はたらこうとか<br> 思ったことは ないのかしら？<page>	Sachi: Pekeji does<br>nothing but eat...<page><box>Sachi: Has he ever considered<br>doing some work for a<br>change?<page>	
203:$6B58	229:$61EC	40	サチ<speaker>イルパの町は<br> わたしたちが 守るわ！<page>	Sachi: We will defend<br>the Town of Ilpa!<page>	
203:$6B73	229:$6215	40	サチ<speaker>イルパの町は<br> わたしたちが 守るわ！<page>	Sachi: We will defend<br>the Town of Ilpa!<page>	
203:$6B8E	229:$623E	53	サチ<speaker>領主さま。<br> すごく 苦しそう、、。<page>	Sachi: The Lord looks like<br>he is in terrible pain...<page>	
203:$6BA9	229:$6274	94	サチ<speaker>もう 夜だから<br> 店じまいなの。<page><br> かたずけも タイヘン。<page>	Sachi: It is already night,<br>so we are closing the shop.<page><box>Sachi: Cleaning up<br>is hard work too.<page>	
203:$6BCF	229:$62D3	74	サチ<speaker>まだ 回復しないの。<page><br> だいじょうぶかな、、。<page>	Sachi: He still<br>has not recovered.<page><box>Sachi: I hope he<br>will be all right...<page>	
203:$6BEF	229:$631E	21	サチ<speaker>かわいそうに、、。<page>	Sachi: Poor thing...<page>	
203:$6BFE	229:$6334	21	サチ<speaker>ガンバってね！<page>	Sachi: Do your best!<page>	
203:$6C0B	229:$634A	32	サチ<speaker>ペケジは どうしたの？<page>	Sachi: What<br>happened to Pekeji?<page>	
203:$6C1C	229:$636B	104	サンペバ<speaker>よかったー。<page><br> オレ じつは 姫さまのことが<br> スキなんだあ！<page> ぼぼぼぼぼ！！<page>	Sanpeba: What a relief.<page><box>Sanpeba: The truth is, I am<br>in love with the Princess!<page><box>Sanpeba: B-B-B-Blush!!<page>	
203:$6C4E	229:$63D4	34	サンペバ<speaker>姫さァマァァァァァ<br> ァァァァァァ<D6><D7><D7><D7><D8>ッ！！！<page>	Sanpeba:<br>Priiiiiinceeeeeesssss!!!<page>	
203:$6C71	229:$63F7	62	サンペバ<speaker>ここの おくそこは<br> いったい なにが<br> あるんだろう？<page>	Sanpeba: I wonder<br>what lies at the very<br>bottom of this place?<page>	
203:$6C95	229:$6436	62	サンペバ<speaker>ここの おくそこは<br> いったい なにが<br> あるんだろう？<page>	Sanpeba: I wonder<br>what lies at the very<br>bottom of this place?<page>	
203:$6CB9	229:$6475	30	サンペバ<speaker>ワナのモトがぁぁぁ<br> ぁぁぁ<D6><D7><D7><D7><D7><D7><D7><D7><D8>っ！！<page>	Sanpeba: The Trap<br>Paaaaarts!!<page>	
203:$6CDB	229:$6494	75	サンペバ<speaker>ボクも おてつだい。<page><br> でも けっきょくのところ<br> みてるだけ。<page>	Sanpeba: I am helping too.<page><box>Sanpeba: Though in the<br>end, all I do is watch.<page>	
203:$6D04	229:$64E0	91	サンペバ<speaker>まん月と魔城。<page><br> なんか ハラがへってきたな。<page>	Sanpeba: The full moon<br>and the Magic Castle.<page><box>Sanpeba: Somehow, they<br>are making me hungry.<page>	
203:$6D27	229:$653C	32	サンペバ<speaker>魔城がああぁぁ！！<page>	Sanpeba: The<br>Magic Caaaaastle!!<page>	
203:$6D3A	229:$655D	67	サンペバ<speaker>あれを見ていると<br> ボクらも なんだか もえて<br> くるぞ。<page>うおー！<page>	Sanpeba: Looking at that<br>somehow fires us up too.<page><box>Sanpeba: Raaah!<page>	
203:$6D65	229:$65A1	79	サンペバ<speaker>こうやって<br> 三人ならんで たたずむと<br> なんか みが ひきしまるよな。<page><box>	Sanpeba: Standing solemnly<br>in a row of three like this<br>makes me feel focused.<page><box>	
203:$6D94	229:$65F1	45	サンペバ<speaker>、、という<br> ぼくらは ペバ三きょうだい。<page>	Sanpeba: And we are the<br>three Peba brothers.<page>	
203:$6DB2	229:$661F	38	サンペバ<speaker>せ せまいよ<EE>！<br> どいてくれよ！<page><box>	Sanpeba: I-It is<br>cramped! Move over!<page><box>	
203:$6DCC	229:$6646	45	サンペバ<speaker>、、という<br> ぼくらは ペバ三きょうだい。<page>	Sanpeba: And we are the<br>three Peba brothers.<page>	
203:$6DEA	229:$6674	71	サラ<speaker>姫さまが助かってよかった！<page><br> <name>さん。ほんとうに<br> ありがとうございます。<page>	Sara: I am so glad<br>the Princess is safe!<page><box>Sara: Thank you so<br>much, <name>.<page>	
203:$6E19	229:$66BC	101	サラ<speaker>姫さまは 今ごろ<br> 魔物のいる地下ふかくで、、<page><br> ああ しんぱいです。<page>	Sara: The Princess must<br>be deep underground among<br>the monsters by now...<page><box>Sara: Oh, I am so worried.<page>	
203:$6E49	229:$6722	53	サラ<speaker>こんど おれいを<br> いわなくちゃね。姫さまに。<page>	Sara: I must thank the<br>Princess next time I see<br>her.<page>	
203:$6E67	229:$6758	86	サラ<speaker>カワイイですね。<br> そこの こいぬ。<page>トンファンで<br> かうことに したのですか？<page>	Sara: What a cute little<br>puppy.<page><box>Sara: Have you decided to<br>keep it at Tonfan's place?<page>	
203:$6E95	229:$67AF	26	サラ<speaker><name>さん！<br> おねがいします！<page>	Sara: <name>!<br>Please help us!<page>	
203:$6EAA	229:$67CA	52	サラ<speaker>さっき オンナの人が<br> 砂丘のほうに いきましたけど。<page>	Sara: A woman headed toward<br>the dunes a moment ago.<page>	
203:$6ECE	229:$67FF	75	サラ<speaker>コラ！<br> おかあさんの前で<br> それを言っちゃダメよ。<page><box>サラ<speaker>けど たしかに<br> そうなんだけど、、。<page>	Sara: Hey!<br>Do not say that in<br>front of Mother.<page><box>Sara: Though it is true...<page>	
203:$6F09	229:$684B	112	サラ<speaker>姫さまの わるいウワサが<br> さいきん きこえますが、、<page><box>サラ<speaker>わたしには そのようなことを<br> する人には 思えません。<page>	Sara: I have heard<br>nasty rumors about<br>the Princess lately...<page><box>Sara: But I cannot imagine<br>her doing such things.<page>	
203:$6F4F	229:$68BC	167	サラ<speaker>魔城となってからは<br> わたしたち砂漠の民でも 城の<br> 中に 入ったことがないんです。<page><box>サラ<speaker>いちど 入ったら<br> にどと 出ることができないとか<br> いろいろウワサされています。<page>	Sara: Since it became the<br>Magic Castle, even we desert<br>folk have not been inside.<page><box>Sara: They say all sorts of<br>things, such as that anyone<br>who enters can never leave.<page>	
203:$6FB8	229:$6964	40	サラ<speaker>やっぱり おいしいですね。<br> ここのりょうり。<page>	Sara: The food here<br>truly is delicious.<page>	
203:$6FD5	229:$698D	109	サラ<speaker>この町には トンファンという<br> お店が あります。<page><box>サラ<speaker>そこの りょうりが<br> とっても おいしいんですよ。<br> ぜひ よってみて下さい。<page>	Sara: This town has a<br>restaurant called Tonfan.<page><box>Sara: The food there<br>is delicious. You<br>really must stop by.<page>	
203:$7024	229:$69FB	94	このダンジョンは アイテムを<br>もっていくことが できません。<page><box>アイテムを そうこに あずけるか<br>すてるかして ちょうせんして<br>下さい。<page>	You cannot bring items<br>into this dungeon.<page><box>Store or discard your<br>items before challenging it.<page>	
203:$706B	229:$6A5A	174	風来のシロ<speaker>助けたヤツから<br> おれいのじゅもんなんてモンが<br> とどいてよお<EE>。<page><box>風来のシロ<speaker>ケッ！ うざってえ。<page><br> うざってえよ、、。<page>ヘヘっ、、。<page>	Shiro the Wanderer: The<br>person I rescued sent me<br>a Thank-You Password.<page><box>Shiro the Wanderer:<br>Tch! What a pain.<page><box>Shiro the Wanderer:<br>Such a pain...<page><box>Shiro the Wanderer: Heh...<page>	
203:$70C0	229:$6B09	127	風来のシロ<speaker>あのハチってヤツ<br> すっかりダメになっちまった。<page><box>風来のシロ<speaker>人助けなんてよお<br> カンタンなことじゃねえのさ。<page>	Shiro the Wanderer:<br>That fellow Hachi has<br>completely fallen apart.<page><box>Shiro the Wanderer: Rescuing<br>people is not easy, you know.<page>	
203:$7108	229:$6B89	151	風来のシロ<speaker>あの ハチってヤツ<br> ともだちが バクハツに<br> 巻きこまれちまったらしいぜ。<page><box>風来のシロ<speaker>ワザとやったわけじゃ<br> ねえだろうに。まだ気にして<br> やがるみたいだなあ。<page>	Shiro the Wanderer: I<br>hear Hachi's friend was<br>caught in an explosion.<page><box>Shiro the Wanderer: It was<br>not deliberate, but he still<br>seems torn up about it.<page>	
203:$716B	229:$6C21	146	風来のシロ<speaker>なんとなくだけどよ<EE><br> 人にカンシャされるってのも<br> ワルくねえかな<EE>なんて、、。<page><box>風来のシロ<speaker>あ、、。<page><box>風来のシロ<speaker>バッ バッカヤロ！<br> じょ じょうだんだって<EE>！<page>	Shiro the Wanderer: I<br>guess being thanked by<br>someone is not so bad...<page><box>Shiro the Wanderer: Oh...<page><box>Shiro the Wanderer:<br>I-Idiot! I was only joking!<page>	
203:$71D2	229:$6CB4	193	風来のシロ<speaker>イタタタタ、、<br> ミノタウロスのヤロー、、。<page><br> お？ アンタか。<page><box>風来のシロ<speaker>な なんだよ！<br> べ べつに 人助けなんか<br> してないからな！<page><box>風来のシロ<speaker>オレはごほうびが<br> ほしかっただけだって<EE>の！<page>	Shiro the Wanderer: Oww...<br>That blasted Minotaur...<page><box>Shiro the Wanderer:<br>Oh? It is you.<page><box>Shiro the Wanderer: Wh-What?!<br>I was not rescuing anyone!<page><box>Shiro the Wanderer: I<br>only wanted the reward!<page>	
203:$724C	229:$6D76	132	風来のシロ<speaker>あのカウンターの人<br> オレに がんばってくださいとか<br> 言うんだよ<EE>。<page><box>風来のシロ<speaker>イタイのとか<br> コワイのとかイヤなんだよなあ<EE>。<page>	Shiro the Wanderer: The<br>man at that counter told<br>me to keep doing my best.<page><box>Shiro the Wanderer: But I<br>hate pain and scary things...<page>	
203:$729F	229:$6DFB	218	風来のシロ<speaker>な<EE>んかさあ<EE>。<br> ラクして人助けするほうほうとか<br> しらねえ<EE>かな？<page><box>風来のシロ<speaker>ムリすっとさあ<EE><br> つかれっちまうだろ<EE>？<page><br> ケガすんのも イヤだしさあ<EE>。<page><box>風来のシロ<speaker>あ<EE> 肉食いてえ<EE>。<page>	Shiro the Wanderer: Say...<br>Do you know an easy<br>way to rescue people?<page><box>Shiro the Wanderer: Pushing<br>yourself is exhausting,<br>right?<page><box>Shiro the Wanderer: And<br>I hate getting hurt.<page><box>Shiro the Wanderer:<br>Ah, I want some Meat.<page>	
203:$7318	229:$6ED6	119	風来のシロ<speaker>あのカウンターの人<br> いつも アツいよなあ<EE>。<br>風来のシロ<speaker>なんでいつも<br> コーフンしてんのかなあ<EE>。<page>	Shiro the Wanderer: The<br>man at that counter<br>is always so intense.<page><box>Shiro the Wanderer: Why is<br>he constantly worked up?<page>	
203:$735A	229:$6F4E	207	風来のシロ<speaker>いろいろな人を<br> 助けには行くんだけどさあ<EE>。<br> うまくいかねえ<EE>。<page><box>風来のシロ<speaker>なあ<EE>にが<br> いけねえのかなあ、、。<page><box>風来のシロ<speaker>やっぱ<br> すでじゃ ムリかなあ<EE>、、。<page>	Shiro the Wanderer: I try to<br>rescue all sorts of people...<page><box>Shiro the Wanderer:<br>But it never works out.<page><box>Shiro the Wanderer: What<br>am I doing wrong...?<page><box>Shiro the Wanderer: Maybe<br>bare hands are not enough...<page>	
203:$73C5	229:$701E	192	風来のシロ<speaker>なん人助けた？！<page><br> オレ まだ一人も助けてねえ<EE>。<page><box>風来のシロ<speaker>あっちにいる<br> ハチとかいうヤツは けっこう<br> 助けてるみたいなんだよなあ<EE>。<page>	Shiro the Wanderer: How many<br>people have you rescued?!<page><box>Shiro the Wanderer: I have<br>not rescued anyone yet.<page><box>Shiro the Wanderer: That<br>Hachi fellow over there seems<br>to have rescued quite a few.<page>	
203:$7422	229:$70DF	134	風来のシロ<speaker>きゅうじょに<br> せいこうすると ごほうびが<br> もらえるらしいぜえ<EE>。<page><box>風来のシロ<speaker>それでオレも<br> ちょうせんしようと思ったわけ。<page>	Shiro the Wanderer: I<br>hear you receive a reward<br>for a successful rescue.<page><box>Shiro the Wanderer:<br>That is why I decided<br>to try it myself.<page>	
203:$7472	229:$7166	20	シズ<speaker>あいしてるよ<EE>！！<page>	Shizu: I love you!!<page>	
203:$7481	229:$717B	55	シズ<speaker>わたしからも おねがいだよ。<br> どうか 姫さまを！<page>	Shizu: I am begging you too.<br>Please save the Princess!<page>	
203:$74A1	229:$71B3	38	シズ<speaker>いい人だよね。姫さまは。<page>	Shizu: The Princess<br>is a good person.<page>	
203:$74B5	229:$71DA	187	シズ<speaker>かなりインケンな人じゃないと<br> ここは こうりゃくできないんじゃ<br> ないかねえ、、。<page><box>シズ<speaker>え？ アタシ？<page><box>シズ<speaker>インケンだから<br> まさにピッタリだって？<page><box>シズ<speaker>シツレイしちゃうわね。<br> あたしゃ ムリだよ。<page>	Shizu: This place may<br>require a truly devious<br>person to conquer it...<page><box>Shizu: What? Me?<page><box>Shizu: You say it<br>suits me perfectly<br>because I am devious?<page><box>Shizu: How rude! I<br>could never do it.<page>	
203:$752A	229:$7296	81	シズ<speaker>姫さまも<br> ワルい人じゃ なかったしね。<page><box>シズ<speaker>わたしも そうじゃないかと<br> 思ってたんだよ。<page>	Shizu: The Princess was<br>not a bad person after all.<page><box>Shizu: I suspected as much.<page>	
203:$7564	229:$72E8	54	シズ<speaker>あつまってくれって<br> いわれたんだけど なんなのよ？<page>	Shizu: They told us to gather<br>here. What is going on?<page>	
203:$7584	229:$731F	122	シズ<speaker>ひさしぶりに<br> りょうり つくったんで<br> カタこっちゃったよ。<page><box>シズ<speaker>どうだい？<br> アンタも 食べてみるかい？<page>	Shizu: I cooked for the<br>first time in ages, and now<br>my shoulders are stiff.<page><box>Shizu: Well? Would you<br>like to try some too?<page>	
203:$75C4	229:$739A	92	シズ<speaker>いろいろ<br> メンドウな ことはさあ、、<page><box>シズ<speaker>ビッグモアイさまに なんとか<br> してもらえないかねぇ？、、。<page>	Shizu: All these<br>troublesome matters...<page><box>Shizu: Could Big Moai not<br>do something about them?<page>	
203:$7601	229:$73F7	42	シズ<speaker>ビッグモアイさまに<br> おがんでみようかねぇ？<page>	Shizu: Perhaps I should<br>pray to Big Moai?<page>	
203:$761D	229:$7422	110	シズ<speaker>もしかしたら だけどさあ、、<page><box>シズ<speaker>領主さまと 姫さまって<br> じつは ほんとうのオヤコでは<br> ないんじゃないかねぇ？、、。<page>	Shizu: This is only a<br>thought...<page><box>Shizu: But perhaps the<br>Lord and Princess are not<br>truly father and daughter?<page>	
203:$7665	229:$7491	129	シズ<speaker>なんか ブッソウだねえ、、。<page><box>シズ<speaker>あたしゃ やっぱり<br> あの姫さまが あやしいと<br> 思うよ。<page><box>シズ<speaker>姫さまが なんか<br> ヘンなことを しているんじゃ<br> ないかねえ、、。<page>	Shizu: Things are<br>becoming dangerous...<page><box>Shizu: I still suspect<br>that Princess.<page><box>Shizu: Perhaps she is<br>doing something strange...<page>	
203:$76C7	229:$7513	112	シズ<speaker>もしかしたら だけどさあ、、<page><box>シズ<speaker>魔物たちを 城によびよせて<br> いるのは 領主さまじゃなくて<br> 姫さまなんじゃないかねぇ？、、。<page>	Shizu: This is only a<br>thought...<page><box>Shizu: Perhaps the Princess,<br>not the Lord, is drawing<br>monsters to the castle?<page>	
203:$7716	229:$7584	118	シズ<speaker>あたしゃ やっぱり<br> 思うんだけどさ、、。<page><box>シズ<speaker>魔物たちを 城によびよせて<br> いるのは 領主さまじゃなくて<br> 姫さまなんじゃないかねぇ？、、。<page>	Shizu: I still cannot<br>help thinking...<page><box>Shizu: Perhaps the Princess,<br>not the Lord, is drawing<br>monsters to the castle?<page>	
203:$776D	229:$75FB	11	ソンガ<speaker>、、。<page>	Songa: ...<page>	
203:$7777	229:$7607	37	ソンガ<speaker>また これで<br> へいわが やってくるぞ！<page>	Songa: Peace will<br>return once again!<page>	
203:$7792	229:$762D	25	ソンガ<speaker>たいへんなことになった！<page>	Songa: This is terrible!<page>	
203:$77A5	229:$7647	44	ソンガ<speaker>ひえ<EF><EF><hspace:01>っ？！<br> どうなっちゃったんだァ？！<page>	Songa: Eeeek?!<br>What in the world happened?!<page>	
203:$77C4	229:$7674	92	ソンガ<speaker>こんどは<br> 壺のダンジョンだって？<page><box>ソンガ<speaker>だいぶヘンテコな<br> ダンジョンだって きいたけど<br> まあ がんばれよ<EE>！<page>	Songa: Now it is<br>a Pot dungeon?<page><box>Songa: I hear it<br>is a very strange<br>dungeon, but good luck!<page>	
203:$7808	229:$76D1	78	ソンガ<speaker>天下一ワナ道会は<br> なかまも つれていけないって<br> 話しだから たいへんだよな。<page>	Songa: The Wanado Tournament<br>sounds difficult, since<br>companions cannot enter.<page>	
203:$783D	229:$7720	79	ソンガ<speaker>町も へいわになったし<br> オレもまた しょうばいできる。<br> うれしいねえ。<page>	Songa: The town is peaceful<br>again, so I can return to<br>business. What a relief.<page>	
203:$786A	229:$7770	29	ソンガ<speaker>そろそろ<br> オレの でばんだな！<page>	Songa: It is nearly my turn!<page>	
203:$7881	229:$778E	32	ソンガ<speaker>町は オレたちが！<page>	Songa: We will<br>defend the town!<page>	
203:$7892	229:$77AF	151	ソンガ<speaker>こんなカミが<br> おちてたんだけど、、。<page><box>ソンガ<speaker><quoteOpen>ダンジョンに<br> なかまは ひとりしか つれて<br> いけないぞ<quoteClose>、、。<page><box>ソンガ<speaker>、、よくわからないけど<br> どういうイミだろうな？ これ。<page>	"Songa: I found this<br>scrap of paper...<page><box>Songa: ""You may take only one<br>companion into a dungeon.""<page><box>Songa: I do not<br>quite understand.<br>What could it mean?<page>"	
203:$78FA	229:$7847	50	ソンガ<speaker>なんか かってくかい？<br> 安いヨ！ 安いヨ！<page>	Songa: Want to buy something?<br>It is cheap! Cheap!<page>	
203:$7919	229:$787A	32	タオ<speaker>にいちゃん スゴイよ！！<page>	Tao: You are amazing, big<br>bro!!<page>	
203:$792B	229:$789B	99	タオ<speaker>ここは 風来きゅうじょたいの<br> 家だけど、、<page> 今は姫さまを<br> きゅうじょしてあげて！<page>	Tao: This is the Wanderer<br>Rescue Team building...<page><box>Tao: But right now, please<br>rescue the Princess!<page>	
203:$7961	229:$78FF	147	タオ<speaker>天下一ワナ道会<br> ゆうしょうおめでとう！！<page><box>タオ<speaker>おにいちゃんなら きっと<br> やると思ってたよ。<page><box>タオ<speaker>ぼくも おにいちゃんのような<br> 風来人に なりたいなあ。<page>	Tao: Congratulations<br>on winning the<br>Wanado Tournament!!<page><box>Tao: I knew you<br>could do it, big bro.<page><box>Tao: I want to become a<br>Wanderer like you someday.<page>	
203:$79C4	229:$7993	130	タオ<speaker>トップは いまのところ<br> ガイバラ先生です。<page><box>タオ<speaker>きろくは 1万ターン。<page><br> トップになるには これを<br> 上まわらなければ なりません。<page>	Tao: Master Gaibara<br>currently holds the top<br>spot.<page><box>Tao: His record<br>is 10,000 turns.<page><box>Tao: You must beat that<br>to take first place.<page>	
203:$7A15	229:$7A16	19	タオ<speaker>たたかえるさ！<page>	Tao: We can fight!<page>	
203:$7A22	229:$7A2A	45	タオ<speaker>オトナたちが<br> うるさくて ねむれないや。<page>	Tao: The adults are so<br>noisy I cannot sleep.<page>	
203:$7A3D	229:$7A58	102	タオ<speaker>たいへんなことに<br> なってきたみたいだね。<page><box>タオ<speaker>はっきりいって 人助け<br> どころじゃ なさそうだよね。<page>	Tao: It sounds like things<br>are becoming serious.<page><box>Tao: Honestly, this is no<br>time for rescuing people.<page>	
203:$7A7B	229:$7ABF	115	タオ<speaker>ここは<br> 風来きゅうじょたいの家だよ。<page><box>タオ<speaker>ダンジョンでちからつきた<br> 風来人を 助けるために<br> がんばっているんだってさ。<page>	Tao: This is the Wanderer<br>Rescue Team building.<page><box>Tao: They work hard to<br>rescue Wanderers who<br>collapse in dungeons.<page>	
203:$7AC9	229:$7B33	39	タオ<speaker>おにいちゃん<br> どこから きたの？<page>	Tao: Where did you<br>come from, big bro?<page>	
204:$40C6	232:$68EB	9	ゼンマイガ<26>	Zenmaiger	
204:$40CD	232:$68F5	15	ゼンマイガ<26>2号	Zenmaiger No. 2	
204:$40D7	232:$6905	15	ゼンマイガ<26>3号	Zenmaiger No. 3	
204:$40E1	232:$6915	15	ゼンマイガ<26>4号	Zenmaiger No. 4	
204:$40EB	232:$6925	15	ゼンマイガ<26>5号	Zenmaiger No. 5	
204:$40F5	232:$6935	15	ゼンマイガ<26>6号	Zenmaiger No. 6	
204:$40FF	232:$6945	15	ゼンマイガ<26>7号	Zenmaiger No. 7	
204:$4109	232:$6955	15	ゼンマイガ<26>8号	Zenmaiger No. 8	
204:$4113	232:$6965	15	ゼンマイガ<26>9号	Zenmaiger No. 9	
204:$411D	232:$6975	16	ゼンマイガ<26>10号	Zenmaiger No. 10	
204:$4128	232:$6986	16	ゼンマイガ<26>11号	Zenmaiger No. 11	
204:$4133	232:$6997	16	ゼンマイガ<26>12号	Zenmaiger No. 12	
204:$413E	232:$69A8	16	ゼンマイガ<26>13号	Zenmaiger No. 13	
204:$4149	232:$69B9	16	ゼンマイガ<26>14号	Zenmaiger No. 14	
204:$4154	232:$69CA	16	ゼンマイガ<26>15号	Zenmaiger No. 15	
204:$415F	232:$69DB	16	ゼンマイガ<26>16号	Zenmaiger No. 16	
204:$416A	232:$69EC	16	ゼンマイガ<26>17号	Zenmaiger No. 17	
204:$4175	232:$69FD	16	ゼンマイガ<26>18号	Zenmaiger No. 18	
204:$4180	232:$6A0E	16	ゼンマイガ<26>19号	Zenmaiger No. 19	
204:$418B	232:$6A1F	16	ゼンマイガ<26>20号	Zenmaiger No. 20	
204:$4196	232:$6A30	16	ゼンマイガ<26>21号	Zenmaiger No. 21	
204:$41A1	232:$6A41	16	ゼンマイガ<26>22号	Zenmaiger No. 22	
204:$41AC	232:$6A52	16	ゼンマイガ<26>23号	Zenmaiger No. 23	
204:$41B7	232:$6A63	16	ゼンマイガ<26>24号	Zenmaiger No. 24	
204:$41C2	232:$6A74	16	ゼンマイガ<26>25号	Zenmaiger No. 25	
204:$41CD	232:$6A85	16	ゼンマイガ<26>26号	Zenmaiger No. 26	
204:$41D8	232:$6A96	16	ゼンマイガ<26>27号	Zenmaiger No. 27	
204:$41E3	232:$6AA7	16	ゼンマイガ<26>28号	Zenmaiger No. 28	
204:$41EE	232:$6AB8	16	ゼンマイガ<26>29号	Zenmaiger No. 29	
204:$41F9	232:$6AC9	16	ゼンマイガ<26>30号	Zenmaiger No. 30	
204:$4204	232:$6ADA	16	ゼンマイガ<26>31号	Zenmaiger No. 31	
204:$420F	232:$6AEB	16	ゼンマイガ<26>32号	Zenmaiger No. 32	
204:$421A	232:$6AFC	16	ゼンマイガ<26>33号	Zenmaiger No. 33	
204:$4225	232:$6B0D	16	ゼンマイガ<26>34号	Zenmaiger No. 34	
204:$4230	232:$6B1E	16	ゼンマイガ<26>35号	Zenmaiger No. 35	
204:$423B	232:$6B2F	16	ゼンマイガ<26>36号	Zenmaiger No. 36	
204:$4246	232:$6B40	16	ゼンマイガ<26>37号	Zenmaiger No. 37	
204:$4251	232:$6B51	16	ゼンマイガ<26>38号	Zenmaiger No. 38	
204:$425C	232:$6B62	16	ゼンマイガ<26>39号	Zenmaiger No. 39	
204:$4267	232:$6B73	16	ゼンマイガ<26>40号	Zenmaiger No. 40	
204:$4272	232:$6B84	16	ゼンマイガ<26>41号	Zenmaiger No. 41	
204:$427D	232:$6B95	16	ゼンマイガ<26>42号	Zenmaiger No. 42	
204:$4288	232:$6BA6	16	ゼンマイガ<26>43号	Zenmaiger No. 43	
204:$4293	232:$6BB7	16	ゼンマイガ<26>44号	Zenmaiger No. 44	
204:$429E	232:$6BC8	16	ゼンマイガ<26>45号	Zenmaiger No. 45	
204:$42A9	232:$6BD9	16	ゼンマイガ<26>46号	Zenmaiger No. 46	
204:$42B4	232:$6BEA	16	ゼンマイガ<26>47号	Zenmaiger No. 47	
204:$42BF	232:$6BFB	16	ゼンマイガ<26>48号	Zenmaiger No. 48	
204:$42CA	232:$6C0C	16	ゼンマイガ<26>49号	Zenmaiger No. 49	
204:$42D5	232:$6C1D	16	ゼンマイガ<26>50号	Zenmaiger No. 50	
204:$42E0	232:$6C2E	16	ゼンマイガ<26>51号	Zenmaiger No. 51	
204:$42EB	232:$6C3F	16	ゼンマイガ<26>52号	Zenmaiger No. 52	
204:$42F6	232:$6C50	16	ゼンマイガ<26>53号	Zenmaiger No. 53	
204:$4301	232:$6C61	16	ゼンマイガ<26>54号	Zenmaiger No. 54	
204:$430C	232:$6C72	16	ゼンマイガ<26>55号	Zenmaiger No. 55	
204:$4317	232:$6C83	16	ゼンマイガ<26>56号	Zenmaiger No. 56	
204:$4322	232:$6C94	16	ゼンマイガ<26>57号	Zenmaiger No. 57	
204:$432D	232:$6CA5	16	ゼンマイガ<26>58号	Zenmaiger No. 58	
204:$4338	232:$6CB6	16	ゼンマイガ<26>59号	Zenmaiger No. 59	
204:$4343	232:$6CC7	16	ゼンマイガ<26>60号	Zenmaiger No. 60	
204:$434E	232:$6CD8	16	ゼンマイガ<26>61号	Zenmaiger No. 61	
204:$4359	232:$6CE9	16	ゼンマイガ<26>62号	Zenmaiger No. 62	
204:$4364	232:$6CFA	16	ゼンマイガ<26>63号	Zenmaiger No. 63	
204:$436F	232:$6D0B	16	ゼンマイガ<26>64号	Zenmaiger No. 64	
204:$437A	232:$6D1C	16	ゼンマイガ<26>65号	Zenmaiger No. 65	
204:$4385	232:$6D2D	16	ゼンマイガ<26>66号	Zenmaiger No. 66	
204:$4390	232:$6D3E	16	ゼンマイガ<26>67号	Zenmaiger No. 67	
204:$439B	232:$6D4F	16	ゼンマイガ<26>68号	Zenmaiger No. 68	
204:$43A6	232:$6D60	16	ゼンマイガ<26>69号	Zenmaiger No. 69	
204:$43B1	232:$6D71	16	ゼンマイガ<26>70号	Zenmaiger No. 70	
204:$43BC	232:$6D82	16	ゼンマイガ<26>71号	Zenmaiger No. 71	
204:$43C7	232:$6D93	16	ゼンマイガ<26>72号	Zenmaiger No. 72	
204:$43D2	232:$6DA4	16	ゼンマイガ<26>73号	Zenmaiger No. 73	
204:$43DD	232:$6DB5	16	ゼンマイガ<26>74号	Zenmaiger No. 74	
204:$43E8	232:$6DC6	16	ゼンマイガ<26>75号	Zenmaiger No. 75	
204:$43F3	232:$6DD7	16	ゼンマイガ<26>76号	Zenmaiger No. 76	
204:$43FE	232:$6DE8	16	ゼンマイガ<26>77号	Zenmaiger No. 77	
204:$4409	232:$6DF9	16	ゼンマイガ<26>78号	Zenmaiger No. 78	
204:$4414	232:$6E0A	16	ゼンマイガ<26>79号	Zenmaiger No. 79	
204:$441F	232:$6E1B	16	ゼンマイガ<26>80号	Zenmaiger No. 80	
204:$442A	232:$6E2C	16	ゼンマイガ<26>81号	Zenmaiger No. 81	
204:$4435	232:$6E3D	16	ゼンマイガ<26>82号	Zenmaiger No. 82	
204:$4440	232:$6E4E	16	ゼンマイガ<26>83号	Zenmaiger No. 83	
204:$444B	232:$6E5F	16	ゼンマイガ<26>84号	Zenmaiger No. 84	
204:$4456	232:$6E70	16	ゼンマイガ<26>85号	Zenmaiger No. 85	
204:$4461	232:$6E81	16	ゼンマイガ<26>86号	Zenmaiger No. 86	
204:$446C	232:$6E92	16	ゼンマイガ<26>87号	Zenmaiger No. 87	
204:$4477	232:$6EA3	16	ゼンマイガ<26>88号	Zenmaiger No. 88	
204:$4482	232:$6EB4	16	ゼンマイガ<26>89号	Zenmaiger No. 89	
204:$448D	232:$6EC5	16	ゼンマイガ<26>90号	Zenmaiger No. 90	
204:$4498	232:$6ED6	16	ゼンマイガ<26>91号	Zenmaiger No. 91	
204:$44A3	232:$6EE7	16	ゼンマイガ<26>92号	Zenmaiger No. 92	
204:$44AE	232:$6EF8	16	ゼンマイガ<26>93号	Zenmaiger No. 93	
204:$44B9	232:$6F09	16	ゼンマイガ<26>94号	Zenmaiger No. 94	
204:$44C4	232:$6F1A	16	ゼンマイガ<26>95号	Zenmaiger No. 95	
204:$44CF	232:$6F2B	16	ゼンマイガ<26>96号	Zenmaiger No. 96	
204:$44DA	232:$6F3C	16	ゼンマイガ<26>97号	Zenmaiger No. 97	
204:$44E5	232:$6F4D	16	ゼンマイガ<26>98号	Zenmaiger No. 98	
204:$44F0	232:$6F5E	16	ゼンマイガ<26>99号	Zenmaiger No. 99	
204:$45C1	232:$6F6F	10	フウリョクオー	Royal Wind	
204:$45C9	232:$6F7A	16	フウリョクオー2号	Royal Wind No. 2	
204:$45D4	232:$6F8B	16	フウリョクオー3号	Royal Wind No. 3	
204:$45DF	232:$6F9C	16	フウリョクオー4号	Royal Wind No. 4	
204:$45EA	232:$6FAD	16	フウリョクオー5号	Royal Wind No. 5	
204:$45F5	232:$6FBE	16	フウリョクオー6号	Royal Wind No. 6	
204:$4600	232:$6FCF	16	フウリョクオー7号	Royal Wind No. 7	
204:$460B	232:$6FE0	16	フウリョクオー8号	Royal Wind No. 8	
204:$4616	232:$6FF1	16	フウリョクオー9号	Royal Wind No. 9	
204:$4621	232:$7002	17	フウリョクオー10号	Royal Wind No. 10	
204:$462D	232:$7014	17	フウリョクオー11号	Royal Wind No. 11	
204:$4639	232:$7026	17	フウリョクオー12号	Royal Wind No. 12	
204:$4645	232:$7038	17	フウリョクオー13号	Royal Wind No. 13	
204:$4651	232:$704A	17	フウリョクオー14号	Royal Wind No. 14	
204:$465D	232:$705C	17	フウリョクオー15号	Royal Wind No. 15	
204:$4669	232:$706E	17	フウリョクオー16号	Royal Wind No. 16	
204:$4675	232:$7080	17	フウリョクオー17号	Royal Wind No. 17	
204:$4681	232:$7092	17	フウリョクオー18号	Royal Wind No. 18	
204:$468D	232:$70A4	17	フウリョクオー19号	Royal Wind No. 19	
204:$4699	232:$70B6	17	フウリョクオー20号	Royal Wind No. 20	
204:$46A5	232:$70C8	17	フウリョクオー21号	Royal Wind No. 21	
204:$46B1	232:$70DA	17	フウリョクオー22号	Royal Wind No. 22	
204:$46BD	232:$70EC	17	フウリョクオー23号	Royal Wind No. 23	
204:$46C9	232:$70FE	17	フウリョクオー24号	Royal Wind No. 24	
204:$46D5	232:$7110	17	フウリョクオー25号	Royal Wind No. 25	
204:$46E1	232:$7122	17	フウリョクオー26号	Royal Wind No. 26	
204:$46ED	232:$7134	17	フウリョクオー27号	Royal Wind No. 27	
204:$46F9	232:$7146	17	フウリョクオー28号	Royal Wind No. 28	
204:$4705	232:$7158	17	フウリョクオー29号	Royal Wind No. 29	
204:$4711	232:$716A	17	フウリョクオー30号	Royal Wind No. 30	
204:$471D	232:$717C	17	フウリョクオー31号	Royal Wind No. 31	
204:$4729	232:$718E	17	フウリョクオー32号	Royal Wind No. 32	
204:$4735	232:$71A0	17	フウリョクオー33号	Royal Wind No. 33	
204:$4741	232:$71B2	17	フウリョクオー34号	Royal Wind No. 34	
204:$474D	232:$71C4	17	フウリョクオー35号	Royal Wind No. 35	
204:$4759	232:$71D6	17	フウリョクオー36号	Royal Wind No. 36	
204:$4765	232:$71E8	17	フウリョクオー37号	Royal Wind No. 37	
204:$4771	232:$71FA	17	フウリョクオー38号	Royal Wind No. 38	
204:$477D	232:$720C	17	フウリョクオー39号	Royal Wind No. 39	
204:$4789	232:$721E	17	フウリョクオー40号	Royal Wind No. 40	
204:$4795	232:$7230	17	フウリョクオー41号	Royal Wind No. 41	
204:$47A1	232:$7242	17	フウリョクオー42号	Royal Wind No. 42	
204:$47AD	232:$7254	17	フウリョクオー43号	Royal Wind No. 43	
204:$47B9	232:$7266	17	フウリョクオー44号	Royal Wind No. 44	
204:$47C5	232:$7278	17	フウリョクオー45号	Royal Wind No. 45	
204:$47D1	232:$728A	17	フウリョクオー46号	Royal Wind No. 46	
204:$47DD	232:$729C	17	フウリョクオー47号	Royal Wind No. 47	
204:$47E9	232:$72AE	17	フウリョクオー48号	Royal Wind No. 48	
204:$47F5	232:$72C0	17	フウリョクオー49号	Royal Wind No. 49	
204:$4801	232:$72D2	17	フウリョクオー50号	Royal Wind No. 50	
204:$480D	232:$72E4	17	フウリョクオー51号	Royal Wind No. 51	
204:$4819	232:$72F6	17	フウリョクオー52号	Royal Wind No. 52	
204:$4825	232:$7308	17	フウリョクオー53号	Royal Wind No. 53	
204:$4831	232:$731A	17	フウリョクオー54号	Royal Wind No. 54	
204:$483D	232:$732C	17	フウリョクオー55号	Royal Wind No. 55	
204:$4849	232:$733E	17	フウリョクオー56号	Royal Wind No. 56	
204:$4855	232:$7350	17	フウリョクオー57号	Royal Wind No. 57	
204:$4861	232:$7362	17	フウリョクオー58号	Royal Wind No. 58	
204:$486D	232:$7374	17	フウリョクオー59号	Royal Wind No. 59	
204:$4879	232:$7386	17	フウリョクオー60号	Royal Wind No. 60	
204:$4885	232:$7398	17	フウリョクオー61号	Royal Wind No. 61	
204:$4891	232:$73AA	17	フウリョクオー62号	Royal Wind No. 62	
204:$489D	232:$73BC	17	フウリョクオー63号	Royal Wind No. 63	
204:$48A9	232:$73CE	17	フウリョクオー64号	Royal Wind No. 64	
204:$48B5	232:$73E0	17	フウリョクオー65号	Royal Wind No. 65	
204:$48C1	232:$73F2	17	フウリョクオー66号	Royal Wind No. 66	
204:$48CD	232:$7404	17	フウリョクオー67号	Royal Wind No. 67	
204:$48D9	232:$7416	17	フウリョクオー68号	Royal Wind No. 68	
204:$48E5	232:$7428	17	フウリョクオー69号	Royal Wind No. 69	
204:$48F1	232:$743A	17	フウリョクオー70号	Royal Wind No. 70	
204:$48FD	232:$744C	17	フウリョクオー71号	Royal Wind No. 71	
204:$4909	232:$745E	17	フウリョクオー72号	Royal Wind No. 72	
204:$4915	232:$7470	17	フウリョクオー73号	Royal Wind No. 73	
204:$4921	232:$7482	17	フウリョクオー74号	Royal Wind No. 74	
204:$492D	232:$7494	17	フウリョクオー75号	Royal Wind No. 75	
204:$4939	232:$74A6	17	フウリョクオー76号	Royal Wind No. 76	
204:$4945	232:$74B8	17	フウリョクオー77号	Royal Wind No. 77	
204:$4951	232:$74CA	17	フウリョクオー78号	Royal Wind No. 78	
204:$495D	232:$74DC	17	フウリョクオー79号	Royal Wind No. 79	
204:$4969	232:$74EE	17	フウリョクオー80号	Royal Wind No. 80	
204:$4975	232:$7500	17	フウリョクオー81号	Royal Wind No. 81	
204:$4981	232:$7512	17	フウリョクオー82号	Royal Wind No. 82	
204:$498D	232:$7524	17	フウリョクオー83号	Royal Wind No. 83	
204:$4999	232:$7536	17	フウリョクオー84号	Royal Wind No. 84	
204:$49A5	232:$7548	17	フウリョクオー85号	Royal Wind No. 85	
204:$49B1	232:$755A	17	フウリョクオー86号	Royal Wind No. 86	
204:$49BD	232:$756C	17	フウリョクオー87号	Royal Wind No. 87	
204:$49C9	232:$757E	17	フウリョクオー88号	Royal Wind No. 88	
204:$49D5	232:$7590	17	フウリョクオー89号	Royal Wind No. 89	
204:$49E1	232:$75A2	17	フウリョクオー90号	Royal Wind No. 90	
204:$49ED	232:$75B4	17	フウリョクオー91号	Royal Wind No. 91	
204:$49F9	232:$75C6	17	フウリョクオー92号	Royal Wind No. 92	
204:$4A05	232:$75D8	17	フウリョクオー93号	Royal Wind No. 93	
204:$4A11	232:$75EA	17	フウリョクオー94号	Royal Wind No. 94	
204:$4A1D	232:$75FC	17	フウリョクオー95号	Royal Wind No. 95	
204:$4A29	232:$760E	17	フウリョクオー96号	Royal Wind No. 96	
204:$4A35	232:$7620	17	フウリョクオー97号	Royal Wind No. 97	
204:$4A41	232:$7632	17	フウリョクオー98号	Royal Wind No. 98	
204:$4A4D	232:$7644	17	フウリョクオー99号	Royal Wind No. 99	
204:$4B1F	232:$7656	11	スイリョッカー	Hydro Rover	
204:$4B27	232:$7662	17	スイリョッカー2号	Hydro Rover No. 2	
204:$4B32	232:$7674	17	スイリョッカー3号	Hydro Rover No. 3	
204:$4B3D	232:$7686	17	スイリョッカー4号	Hydro Rover No. 4	
204:$4B48	232:$7698	17	スイリョッカー5号	Hydro Rover No. 5	
204:$4B53	232:$76AA	17	スイリョッカー6号	Hydro Rover No. 6	
204:$4B5E	232:$76BC	17	スイリョッカー7号	Hydro Rover No. 7	
204:$4B69	232:$76CE	17	スイリョッカー8号	Hydro Rover No. 8	
204:$4B74	232:$76E0	17	スイリョッカー9号	Hydro Rover No. 9	
204:$4B7F	232:$76F2	18	スイリョッカー10号	Hydro Rover No. 10	
204:$4B8B	232:$7705	18	スイリョッカー11号	Hydro Rover No. 11	
204:$4B97	232:$7718	18	スイリョッカー12号	Hydro Rover No. 12	
204:$4BA3	232:$772B	18	スイリョッカー13号	Hydro Rover No. 13	
204:$4BAF	232:$773E	18	スイリョッカー14号	Hydro Rover No. 14	
204:$4BBB	232:$7751	18	スイリョッカー15号	Hydro Rover No. 15	
204:$4BC7	232:$7764	18	スイリョッカー16号	Hydro Rover No. 16	
204:$4BD3	232:$7777	18	スイリョッカー17号	Hydro Rover No. 17	
204:$4BDF	232:$778A	18	スイリョッカー18号	Hydro Rover No. 18	
204:$4BEB	232:$779D	18	スイリョッカー19号	Hydro Rover No. 19	
204:$4BF7	232:$77B0	18	スイリョッカー20号	Hydro Rover No. 20	
204:$4C03	232:$77C3	18	スイリョッカー21号	Hydro Rover No. 21	
204:$4C0F	232:$77D6	18	スイリョッカー22号	Hydro Rover No. 22	
204:$4C1B	232:$77E9	18	スイリョッカー23号	Hydro Rover No. 23	
204:$4C27	232:$77FC	18	スイリョッカー24号	Hydro Rover No. 24	
204:$4C33	232:$780F	18	スイリョッカー25号	Hydro Rover No. 25	
204:$4C3F	232:$7822	18	スイリョッカー26号	Hydro Rover No. 26	
204:$4C4B	232:$7835	18	スイリョッカー27号	Hydro Rover No. 27	
204:$4C57	232:$7848	18	スイリョッカー28号	Hydro Rover No. 28	
204:$4C63	232:$785B	18	スイリョッカー29号	Hydro Rover No. 29	
204:$4C6F	232:$786E	18	スイリョッカー30号	Hydro Rover No. 30	
204:$4C7B	232:$7881	18	スイリョッカー31号	Hydro Rover No. 31	
204:$4C87	232:$7894	18	スイリョッカー32号	Hydro Rover No. 32	
204:$4C93	232:$78A7	18	スイリョッカー33号	Hydro Rover No. 33	
204:$4C9F	232:$78BA	18	スイリョッカー34号	Hydro Rover No. 34	
204:$4CAB	232:$78CD	18	スイリョッカー35号	Hydro Rover No. 35	
204:$4CB7	232:$78E0	18	スイリョッカー36号	Hydro Rover No. 36	
204:$4CC3	232:$78F3	18	スイリョッカー37号	Hydro Rover No. 37	
204:$4CCF	232:$7906	18	スイリョッカー38号	Hydro Rover No. 38	
204:$4CDB	232:$7919	18	スイリョッカー39号	Hydro Rover No. 39	
204:$4CE7	232:$792C	18	スイリョッカー40号	Hydro Rover No. 40	
204:$4CF3	232:$793F	18	スイリョッカー41号	Hydro Rover No. 41	
204:$4CFF	232:$7952	18	スイリョッカー42号	Hydro Rover No. 42	
204:$4D0B	232:$7965	18	スイリョッカー43号	Hydro Rover No. 43	
204:$4D17	232:$7978	18	スイリョッカー44号	Hydro Rover No. 44	
204:$4D23	232:$798B	18	スイリョッカー45号	Hydro Rover No. 45	
204:$4D2F	232:$799E	18	スイリョッカー46号	Hydro Rover No. 46	
204:$4D3B	232:$79B1	18	スイリョッカー47号	Hydro Rover No. 47	
204:$4D47	232:$79C4	18	スイリョッカー48号	Hydro Rover No. 48	
204:$4D53	232:$79D7	18	スイリョッカー49号	Hydro Rover No. 49	
204:$4D5F	232:$79EA	18	スイリョッカー50号	Hydro Rover No. 50	
204:$4D6B	232:$79FD	18	スイリョッカー51号	Hydro Rover No. 51	
204:$4D77	232:$7A10	18	スイリョッカー52号	Hydro Rover No. 52	
204:$4D83	232:$7A23	18	スイリョッカー53号	Hydro Rover No. 53	
204:$4D8F	232:$7A36	18	スイリョッカー54号	Hydro Rover No. 54	
204:$4D9B	232:$7A49	18	スイリョッカー55号	Hydro Rover No. 55	
204:$4DA7	232:$7A5C	18	スイリョッカー56号	Hydro Rover No. 56	
204:$4DB3	232:$7A6F	18	スイリョッカー57号	Hydro Rover No. 57	
204:$4DBF	232:$7A82	18	スイリョッカー58号	Hydro Rover No. 58	
204:$4DCB	232:$7A95	18	スイリョッカー59号	Hydro Rover No. 59	
204:$4DD7	232:$7AA8	18	スイリョッカー60号	Hydro Rover No. 60	
204:$4DE3	232:$7ABB	18	スイリョッカー61号	Hydro Rover No. 61	
204:$4DEF	232:$7ACE	18	スイリョッカー62号	Hydro Rover No. 62	
204:$4DFB	232:$7AE1	18	スイリョッカー63号	Hydro Rover No. 63	
204:$4E07	232:$7AF4	18	スイリョッカー64号	Hydro Rover No. 64	
204:$4E13	232:$7B07	18	スイリョッカー65号	Hydro Rover No. 65	
204:$4E1F	232:$7B1A	18	スイリョッカー66号	Hydro Rover No. 66	
204:$4E2B	232:$7B2D	18	スイリョッカー67号	Hydro Rover No. 67	
204:$4E37	232:$7B40	18	スイリョッカー68号	Hydro Rover No. 68	
204:$4E43	232:$7B53	18	スイリョッカー69号	Hydro Rover No. 69	
204:$4E4F	232:$7B66	18	スイリョッカー70号	Hydro Rover No. 70	
204:$4E5B	232:$7B79	18	スイリョッカー71号	Hydro Rover No. 71	
204:$4E67	232:$7B8C	18	スイリョッカー72号	Hydro Rover No. 72	
204:$4E73	232:$7B9F	18	スイリョッカー73号	Hydro Rover No. 73	
204:$4E7F	232:$7BB2	18	スイリョッカー74号	Hydro Rover No. 74	
204:$4E8B	232:$7BC5	18	スイリョッカー75号	Hydro Rover No. 75	
204:$4E97	232:$7BD8	18	スイリョッカー76号	Hydro Rover No. 76	
204:$4EA3	232:$7BEB	18	スイリョッカー77号	Hydro Rover No. 77	
204:$4EAF	232:$7BFE	18	スイリョッカー78号	Hydro Rover No. 78	
204:$4EBB	232:$7C11	18	スイリョッカー79号	Hydro Rover No. 79	
204:$4EC7	232:$7C24	18	スイリョッカー80号	Hydro Rover No. 80	
204:$4ED3	232:$7C37	18	スイリョッカー81号	Hydro Rover No. 81	
204:$4EDF	232:$7C4A	18	スイリョッカー82号	Hydro Rover No. 82	
204:$4EEB	232:$7C5D	18	スイリョッカー83号	Hydro Rover No. 83	
204:$4EF7	232:$7C70	18	スイリョッカー84号	Hydro Rover No. 84	
204:$4F03	232:$7C83	18	スイリョッカー85号	Hydro Rover No. 85	
204:$4F0F	232:$7C96	18	スイリョッカー86号	Hydro Rover No. 86	
204:$4F1B	232:$7CA9	18	スイリョッカー87号	Hydro Rover No. 87	
204:$4F27	232:$7CBC	18	スイリョッカー88号	Hydro Rover No. 88	
204:$4F33	232:$7CCF	18	スイリョッカー89号	Hydro Rover No. 89	
204:$4F3F	232:$7CE2	18	スイリョッカー90号	Hydro Rover No. 90	
204:$4F4B	232:$7CF5	18	スイリョッカー91号	Hydro Rover No. 91	
204:$4F57	232:$7D08	18	スイリョッカー92号	Hydro Rover No. 92	
204:$4F63	232:$7D1B	18	スイリョッカー93号	Hydro Rover No. 93	
204:$4F6F	232:$7D2E	18	スイリョッカー94号	Hydro Rover No. 94	
204:$4F7B	232:$7D41	18	スイリョッカー95号	Hydro Rover No. 95	
204:$4F87	232:$7D54	18	スイリョッカー96号	Hydro Rover No. 96	
204:$4F93	232:$7D67	18	スイリョッカー97号	Hydro Rover No. 97	
204:$4F9F	232:$7D7A	18	スイリョッカー98号	Hydro Rover No. 98	
204:$4FAB	232:$7D8D	18	スイリョッカー99号	Hydro Rover No. 99	
204:$507D	232:$7DA0	12	カリョクーン	Thermal King	
204:$5084	232:$7DAD	18	カリョクーン2号	Thermal King No. 2	
204:$508E	232:$7DC0	18	カリョクーン3号	Thermal King No. 3	
204:$5098	232:$7DD3	18	カリョクーン4号	Thermal King No. 4	
204:$50A2	232:$7DE6	18	カリョクーン5号	Thermal King No. 5	
204:$50AC	232:$7DF9	18	カリョクーン6号	Thermal King No. 6	
204:$50B6	232:$7E0C	18	カリョクーン7号	Thermal King No. 7	
204:$50C0	232:$7E1F	18	カリョクーン8号	Thermal King No. 8	
204:$50CA	232:$7E32	18	カリョクーン9号	Thermal King No. 9	
204:$50D4	232:$7E45	19	カリョクーン10号	Thermal King No. 10	
204:$50DF	232:$7E59	19	カリョクーン11号	Thermal King No. 11	
204:$50EA	232:$7E6D	19	カリョクーン12号	Thermal King No. 12	
204:$50F5	232:$7E81	19	カリョクーン13号	Thermal King No. 13	
204:$5100	232:$7E95	19	カリョクーン14号	Thermal King No. 14	
204:$510B	232:$7EA9	19	カリョクーン15号	Thermal King No. 15	
204:$5116	232:$7EBD	19	カリョクーン16号	Thermal King No. 16	
204:$5121	232:$7ED1	19	カリョクーン17号	Thermal King No. 17	
204:$512C	232:$7EE5	19	カリョクーン18号	Thermal King No. 18	
204:$5137	232:$7EF9	19	カリョクーン19号	Thermal King No. 19	
204:$5142	232:$7F0D	19	カリョクーン20号	Thermal King No. 20	
204:$514D	232:$7F21	19	カリョクーン21号	Thermal King No. 21	
204:$5158	232:$7F35	19	カリョクーン22号	Thermal King No. 22	
204:$5163	232:$7F49	19	カリョクーン23号	Thermal King No. 23	
204:$516E	232:$7F5D	19	カリョクーン24号	Thermal King No. 24	
204:$5179	232:$7F71	19	カリョクーン25号	Thermal King No. 25	
204:$5184	232:$7F85	19	カリョクーン26号	Thermal King No. 26	
204:$518F	232:$7F99	19	カリョクーン27号	Thermal King No. 27	
204:$519A	232:$7FAD	19	カリョクーン28号	Thermal King No. 28	
204:$51A5	232:$7FC1	19	カリョクーン29号	Thermal King No. 29	
204:$51B0	232:$7FD5	19	カリョクーン30号	Thermal King No. 30	
204:$51BB	232:$7FE9	19	カリョクーン31号	Thermal King No. 31	
204:$51C6	233:$4000	19	カリョクーン32号	Thermal King No. 32	
204:$51D1	233:$4014	19	カリョクーン33号	Thermal King No. 33	
204:$51DC	233:$4028	19	カリョクーン34号	Thermal King No. 34	
204:$51E7	233:$403C	19	カリョクーン35号	Thermal King No. 35	
204:$51F2	233:$4050	19	カリョクーン36号	Thermal King No. 36	
204:$51FD	233:$4064	19	カリョクーン37号	Thermal King No. 37	
204:$5208	233:$4078	19	カリョクーン38号	Thermal King No. 38	
204:$5213	233:$408C	19	カリョクーン39号	Thermal King No. 39	
204:$521E	233:$40A0	19	カリョクーン40号	Thermal King No. 40	
204:$5229	233:$40B4	19	カリョクーン41号	Thermal King No. 41	
204:$5234	233:$40C8	19	カリョクーン42号	Thermal King No. 42	
204:$523F	233:$40DC	19	カリョクーン43号	Thermal King No. 43	
204:$524A	233:$40F0	19	カリョクーン44号	Thermal King No. 44	
204:$5255	233:$4104	19	カリョクーン45号	Thermal King No. 45	
204:$5260	233:$4118	19	カリョクーン46号	Thermal King No. 46	
204:$526B	233:$412C	19	カリョクーン47号	Thermal King No. 47	
204:$5276	233:$4140	19	カリョクーン48号	Thermal King No. 48	
204:$5281	233:$4154	19	カリョクーン49号	Thermal King No. 49	
204:$528C	233:$4168	19	カリョクーン50号	Thermal King No. 50	
204:$5297	233:$417C	19	カリョクーン51号	Thermal King No. 51	
204:$52A2	233:$4190	19	カリョクーン52号	Thermal King No. 52	
204:$52AD	233:$41A4	19	カリョクーン53号	Thermal King No. 53	
204:$52B8	233:$41B8	19	カリョクーン54号	Thermal King No. 54	
204:$52C3	233:$41CC	19	カリョクーン55号	Thermal King No. 55	
204:$52CE	233:$41E0	19	カリョクーン56号	Thermal King No. 56	
204:$52D9	233:$41F4	19	カリョクーン57号	Thermal King No. 57	
204:$52E4	233:$4208	19	カリョクーン58号	Thermal King No. 58	
204:$52EF	233:$421C	19	カリョクーン59号	Thermal King No. 59	
204:$52FA	233:$4230	19	カリョクーン60号	Thermal King No. 60	
204:$5305	233:$4244	19	カリョクーン61号	Thermal King No. 61	
204:$5310	233:$4258	19	カリョクーン62号	Thermal King No. 62	
204:$531B	233:$426C	19	カリョクーン63号	Thermal King No. 63	
204:$5326	233:$4280	19	カリョクーン64号	Thermal King No. 64	
204:$5331	233:$4294	19	カリョクーン65号	Thermal King No. 65	
204:$533C	233:$42A8	19	カリョクーン66号	Thermal King No. 66	
204:$5347	233:$42BC	19	カリョクーン67号	Thermal King No. 67	
204:$5352	233:$42D0	19	カリョクーン68号	Thermal King No. 68	
204:$535D	233:$42E4	19	カリョクーン69号	Thermal King No. 69	
204:$5368	233:$42F8	19	カリョクーン70号	Thermal King No. 70	
204:$5373	233:$430C	19	カリョクーン71号	Thermal King No. 71	
204:$537E	233:$4320	19	カリョクーン72号	Thermal King No. 72	
204:$5389	233:$4334	19	カリョクーン73号	Thermal King No. 73	
204:$5394	233:$4348	19	カリョクーン74号	Thermal King No. 74	
204:$539F	233:$435C	19	カリョクーン75号	Thermal King No. 75	
204:$53AA	233:$4370	19	カリョクーン76号	Thermal King No. 76	
204:$53B5	233:$4384	19	カリョクーン77号	Thermal King No. 77	
204:$53C0	233:$4398	19	カリョクーン78号	Thermal King No. 78	
204:$53CB	233:$43AC	19	カリョクーン79号	Thermal King No. 79	
204:$53D6	233:$43C0	19	カリョクーン80号	Thermal King No. 80	
204:$53E1	233:$43D4	19	カリョクーン81号	Thermal King No. 81	
204:$53EC	233:$43E8	19	カリョクーン82号	Thermal King No. 82	
204:$53F7	233:$43FC	19	カリョクーン83号	Thermal King No. 83	
204:$5402	233:$4410	19	カリョクーン84号	Thermal King No. 84	
204:$540D	233:$4424	19	カリョクーン85号	Thermal King No. 85	
204:$5418	233:$4438	19	カリョクーン86号	Thermal King No. 86	
204:$5423	233:$444C	19	カリョクーン87号	Thermal King No. 87	
204:$542E	233:$4460	19	カリョクーン88号	Thermal King No. 88	
204:$5439	233:$4474	19	カリョクーン89号	Thermal King No. 89	
204:$5444	233:$4488	19	カリョクーン90号	Thermal King No. 90	
204:$544F	233:$449C	19	カリョクーン91号	Thermal King No. 91	
204:$545A	233:$44B0	19	カリョクーン92号	Thermal King No. 92	
204:$5465	233:$44C4	19	カリョクーン93号	Thermal King No. 93	
204:$5470	233:$44D8	19	カリョクーン94号	Thermal King No. 94	
204:$547B	233:$44EC	19	カリョクーン95号	Thermal King No. 95	
204:$5486	233:$4500	19	カリョクーン96号	Thermal King No. 96	
204:$5491	233:$4514	19	カリョクーン97号	Thermal King No. 97	
204:$549C	233:$4528	19	カリョクーン98号	Thermal King No. 98	
204:$54A7	233:$453C	19	カリョクーン99号	Thermal King No. 99	
204:$5578	233:$4550	9	ジョウキマックス	Steam Max	
204:$5581	233:$455A	15	ジョウキマックス2号	Steam Max No. 2	
204:$558D	233:$456A	15	ジョウキマックス3号	Steam Max No. 3	
204:$5599	233:$457A	15	ジョウキマックス4号	Steam Max No. 4	
204:$55A5	233:$458A	15	ジョウキマックス5号	Steam Max No. 5	
204:$55B1	233:$459A	15	ジョウキマックス6号	Steam Max No. 6	
204:$55BD	233:$45AA	15	ジョウキマックス7号	Steam Max No. 7	
204:$55C9	233:$45BA	15	ジョウキマックス8号	Steam Max No. 8	
204:$55D5	233:$45CA	15	ジョウキマックス9号	Steam Max No. 9	
204:$55E1	233:$45DA	16	ジョウキマックス10号	Steam Max No. 10	
204:$55EE	233:$45EB	16	ジョウキマックス11号	Steam Max No. 11	
204:$55FB	233:$45FC	16	ジョウキマックス12号	Steam Max No. 12	
204:$5608	233:$460D	16	ジョウキマックス13号	Steam Max No. 13	
204:$5615	233:$461E	16	ジョウキマックス14号	Steam Max No. 14	
204:$5622	233:$462F	16	ジョウキマックス15号	Steam Max No. 15	
204:$562F	233:$4640	16	ジョウキマックス16号	Steam Max No. 16	
204:$563C	233:$4651	16	ジョウキマックス17号	Steam Max No. 17	
204:$5649	233:$4662	16	ジョウキマックス18号	Steam Max No. 18	
204:$5656	233:$4673	16	ジョウキマックス19号	Steam Max No. 19	
204:$5663	233:$4684	16	ジョウキマックス20号	Steam Max No. 20	
204:$5670	233:$4695	16	ジョウキマックス21号	Steam Max No. 21	
204:$567D	233:$46A6	16	ジョウキマックス22号	Steam Max No. 22	
204:$568A	233:$46B7	16	ジョウキマックス23号	Steam Max No. 23	
204:$5697	233:$46C8	16	ジョウキマックス24号	Steam Max No. 24	
204:$56A4	233:$46D9	16	ジョウキマックス25号	Steam Max No. 25	
204:$56B1	233:$46EA	16	ジョウキマックス26号	Steam Max No. 26	
204:$56BE	233:$46FB	16	ジョウキマックス27号	Steam Max No. 27	
204:$56CB	233:$470C	16	ジョウキマックス28号	Steam Max No. 28	
204:$56D8	233:$471D	16	ジョウキマックス29号	Steam Max No. 29	
204:$56E5	233:$472E	16	ジョウキマックス30号	Steam Max No. 30	
204:$56F2	233:$473F	16	ジョウキマックス31号	Steam Max No. 31	
204:$56FF	233:$4750	16	ジョウキマックス32号	Steam Max No. 32	
204:$570C	233:$4761	16	ジョウキマックス33号	Steam Max No. 33	
204:$5719	233:$4772	16	ジョウキマックス34号	Steam Max No. 34	
204:$5726	233:$4783	16	ジョウキマックス35号	Steam Max No. 35	
204:$5733	233:$4794	16	ジョウキマックス36号	Steam Max No. 36	
204:$5740	233:$47A5	16	ジョウキマックス37号	Steam Max No. 37	
204:$574D	233:$47B6	16	ジョウキマックス38号	Steam Max No. 38	
204:$575A	233:$47C7	16	ジョウキマックス39号	Steam Max No. 39	
204:$5767	233:$47D8	16	ジョウキマックス40号	Steam Max No. 40	
204:$5774	233:$47E9	16	ジョウキマックス41号	Steam Max No. 41	
204:$5781	233:$47FA	16	ジョウキマックス42号	Steam Max No. 42	
204:$578E	233:$480B	16	ジョウキマックス43号	Steam Max No. 43	
204:$579B	233:$481C	16	ジョウキマックス44号	Steam Max No. 44	
204:$57A8	233:$482D	16	ジョウキマックス45号	Steam Max No. 45	
204:$57B5	233:$483E	16	ジョウキマックス46号	Steam Max No. 46	
204:$57C2	233:$484F	16	ジョウキマックス47号	Steam Max No. 47	
204:$57CF	233:$4860	16	ジョウキマックス48号	Steam Max No. 48	
204:$57DC	233:$4871	16	ジョウキマックス49号	Steam Max No. 49	
204:$57E9	233:$4882	16	ジョウキマックス50号	Steam Max No. 50	
204:$57F6	233:$4893	16	ジョウキマックス51号	Steam Max No. 51	
204:$5803	233:$48A4	16	ジョウキマックス52号	Steam Max No. 52	
204:$5810	233:$48B5	16	ジョウキマックス53号	Steam Max No. 53	
204:$581D	233:$48C6	16	ジョウキマックス54号	Steam Max No. 54	
204:$582A	233:$48D7	16	ジョウキマックス55号	Steam Max No. 55	
204:$5837	233:$48E8	16	ジョウキマックス56号	Steam Max No. 56	
204:$5844	233:$48F9	16	ジョウキマックス57号	Steam Max No. 57	
204:$5851	233:$490A	16	ジョウキマックス58号	Steam Max No. 58	
204:$585E	233:$491B	16	ジョウキマックス59号	Steam Max No. 59	
204:$586B	233:$492C	16	ジョウキマックス60号	Steam Max No. 60	
204:$5878	233:$493D	16	ジョウキマックス61号	Steam Max No. 61	
204:$5885	233:$494E	16	ジョウキマックス62号	Steam Max No. 62	
204:$5892	233:$495F	16	ジョウキマックス63号	Steam Max No. 63	
204:$589F	233:$4970	16	ジョウキマックス64号	Steam Max No. 64	
204:$58AC	233:$4981	16	ジョウキマックス65号	Steam Max No. 65	
204:$58B9	233:$4992	16	ジョウキマックス66号	Steam Max No. 66	
204:$58C6	233:$49A3	16	ジョウキマックス67号	Steam Max No. 67	
204:$58D3	233:$49B4	16	ジョウキマックス68号	Steam Max No. 68	
204:$58E0	233:$49C5	16	ジョウキマックス69号	Steam Max No. 69	
204:$58ED	233:$49D6	16	ジョウキマックス70号	Steam Max No. 70	
204:$58FA	233:$49E7	16	ジョウキマックス71号	Steam Max No. 71	
204:$5907	233:$49F8	16	ジョウキマックス72号	Steam Max No. 72	
204:$5914	233:$4A09	16	ジョウキマックス73号	Steam Max No. 73	
204:$5921	233:$4A1A	16	ジョウキマックス74号	Steam Max No. 74	
204:$592E	233:$4A2B	16	ジョウキマックス75号	Steam Max No. 75	
204:$593B	233:$4A3C	16	ジョウキマックス76号	Steam Max No. 76	
204:$5948	233:$4A4D	16	ジョウキマックス77号	Steam Max No. 77	
204:$5955	233:$4A5E	16	ジョウキマックス78号	Steam Max No. 78	
204:$5962	233:$4A6F	16	ジョウキマックス79号	Steam Max No. 79	
204:$596F	233:$4A80	16	ジョウキマックス80号	Steam Max No. 80	
204:$597C	233:$4A91	16	ジョウキマックス81号	Steam Max No. 81	
204:$5989	233:$4AA2	16	ジョウキマックス82号	Steam Max No. 82	
204:$5996	233:$4AB3	16	ジョウキマックス83号	Steam Max No. 83	
204:$59A3	233:$4AC4	16	ジョウキマックス84号	Steam Max No. 84	
204:$59B0	233:$4AD5	16	ジョウキマックス85号	Steam Max No. 85	
204:$59BD	233:$4AE6	16	ジョウキマックス86号	Steam Max No. 86	
204:$59CA	233:$4AF7	16	ジョウキマックス87号	Steam Max No. 87	
204:$59D7	233:$4B08	16	ジョウキマックス88号	Steam Max No. 88	
204:$59E4	233:$4B19	16	ジョウキマックス89号	Steam Max No. 89	
204:$59F1	233:$4B2A	16	ジョウキマックス90号	Steam Max No. 90	
204:$59FE	233:$4B3B	16	ジョウキマックス91号	Steam Max No. 91	
204:$5A0B	233:$4B4C	16	ジョウキマックス92号	Steam Max No. 92	
204:$5A18	233:$4B5D	16	ジョウキマックス93号	Steam Max No. 93	
204:$5A25	233:$4B6E	16	ジョウキマックス94号	Steam Max No. 94	
204:$5A32	233:$4B7F	16	ジョウキマックス95号	Steam Max No. 95	
204:$5A3F	233:$4B90	16	ジョウキマックス96号	Steam Max No. 96	
204:$5A4C	233:$4BA1	16	ジョウキマックス97号	Steam Max No. 97	
204:$5A59	233:$4BB2	16	ジョウキマックス98号	Steam Max No. 98	
204:$5A66	233:$4BC3	16	ジョウキマックス99号	Steam Max No. 99	
204:$5B39	233:$4BD4	10	ディーゼルエース	Diesel Ace	
204:$5B42	233:$4BDF	16	ディーゼルエース2号	Diesel Ace No. 2	
204:$5B4E	233:$4BF0	16	ディーゼルエース3号	Diesel Ace No. 3	
204:$5B5A	233:$4C01	16	ディーゼルエース4号	Diesel Ace No. 4	
204:$5B66	233:$4C12	16	ディーゼルエース5号	Diesel Ace No. 5	
204:$5B72	233:$4C23	16	ディーゼルエース6号	Diesel Ace No. 6	
204:$5B7E	233:$4C34	16	ディーゼルエース7号	Diesel Ace No. 7	
204:$5B8A	233:$4C45	16	ディーゼルエース8号	Diesel Ace No. 8	
204:$5B96	233:$4C56	16	ディーゼルエース9号	Diesel Ace No. 9	
204:$5BA2	233:$4C67	17	ディーゼルエース10号	Diesel Ace No. 10	
204:$5BAF	233:$4C79	17	ディーゼルエース11号	Diesel Ace No. 11	
204:$5BBC	233:$4C8B	17	ディーゼルエース12号	Diesel Ace No. 12	
204:$5BC9	233:$4C9D	17	ディーゼルエース13号	Diesel Ace No. 13	
204:$5BD6	233:$4CAF	17	ディーゼルエース14号	Diesel Ace No. 14	
204:$5BE3	233:$4CC1	17	ディーゼルエース15号	Diesel Ace No. 15	
204:$5BF0	233:$4CD3	17	ディーゼルエース16号	Diesel Ace No. 16	
204:$5BFD	233:$4CE5	17	ディーゼルエース17号	Diesel Ace No. 17	
204:$5C0A	233:$4CF7	17	ディーゼルエース18号	Diesel Ace No. 18	
204:$5C17	233:$4D09	17	ディーゼルエース19号	Diesel Ace No. 19	
204:$5C24	233:$4D1B	17	ディーゼルエース20号	Diesel Ace No. 20	
204:$5C31	233:$4D2D	17	ディーゼルエース21号	Diesel Ace No. 21	
204:$5C3E	233:$4D3F	17	ディーゼルエース22号	Diesel Ace No. 22	
204:$5C4B	233:$4D51	17	ディーゼルエース23号	Diesel Ace No. 23	
204:$5C58	233:$4D63	17	ディーゼルエース24号	Diesel Ace No. 24	
204:$5C65	233:$4D75	17	ディーゼルエース25号	Diesel Ace No. 25	
204:$5C72	233:$4D87	17	ディーゼルエース26号	Diesel Ace No. 26	
204:$5C7F	233:$4D99	17	ディーゼルエース27号	Diesel Ace No. 27	
204:$5C8C	233:$4DAB	17	ディーゼルエース28号	Diesel Ace No. 28	
204:$5C99	233:$4DBD	17	ディーゼルエース29号	Diesel Ace No. 29	
204:$5CA6	233:$4DCF	17	ディーゼルエース30号	Diesel Ace No. 30	
204:$5CB3	233:$4DE1	17	ディーゼルエース31号	Diesel Ace No. 31	
204:$5CC0	233:$4DF3	17	ディーゼルエース32号	Diesel Ace No. 32	
204:$5CCD	233:$4E05	17	ディーゼルエース33号	Diesel Ace No. 33	
204:$5CDA	233:$4E17	17	ディーゼルエース34号	Diesel Ace No. 34	
204:$5CE7	233:$4E29	17	ディーゼルエース35号	Diesel Ace No. 35	
204:$5CF4	233:$4E3B	17	ディーゼルエース36号	Diesel Ace No. 36	
204:$5D01	233:$4E4D	17	ディーゼルエース37号	Diesel Ace No. 37	
204:$5D0E	233:$4E5F	17	ディーゼルエース38号	Diesel Ace No. 38	
204:$5D1B	233:$4E71	17	ディーゼルエース39号	Diesel Ace No. 39	
204:$5D28	233:$4E83	17	ディーゼルエース40号	Diesel Ace No. 40	
204:$5D35	233:$4E95	17	ディーゼルエース41号	Diesel Ace No. 41	
204:$5D42	233:$4EA7	17	ディーゼルエース42号	Diesel Ace No. 42	
204:$5D4F	233:$4EB9	17	ディーゼルエース43号	Diesel Ace No. 43	
204:$5D5C	233:$4ECB	17	ディーゼルエース44号	Diesel Ace No. 44	
204:$5D69	233:$4EDD	17	ディーゼルエース45号	Diesel Ace No. 45	
204:$5D76	233:$4EEF	17	ディーゼルエース46号	Diesel Ace No. 46	
204:$5D83	233:$4F01	17	ディーゼルエース47号	Diesel Ace No. 47	
204:$5D90	233:$4F13	17	ディーゼルエース48号	Diesel Ace No. 48	
204:$5D9D	233:$4F25	17	ディーゼルエース49号	Diesel Ace No. 49	
204:$5DAA	233:$4F37	17	ディーゼルエース50号	Diesel Ace No. 50	
204:$5DB7	233:$4F49	17	ディーゼルエース51号	Diesel Ace No. 51	
204:$5DC4	233:$4F5B	17	ディーゼルエース52号	Diesel Ace No. 52	
204:$5DD1	233:$4F6D	17	ディーゼルエース53号	Diesel Ace No. 53	
204:$5DDE	233:$4F7F	17	ディーゼルエース54号	Diesel Ace No. 54	
204:$5DEB	233:$4F91	17	ディーゼルエース55号	Diesel Ace No. 55	
204:$5DF8	233:$4FA3	17	ディーゼルエース56号	Diesel Ace No. 56	
204:$5E05	233:$4FB5	17	ディーゼルエース57号	Diesel Ace No. 57	
204:$5E12	233:$4FC7	17	ディーゼルエース58号	Diesel Ace No. 58	
204:$5E1F	233:$4FD9	17	ディーゼルエース59号	Diesel Ace No. 59	
204:$5E2C	233:$4FEB	17	ディーゼルエース60号	Diesel Ace No. 60	
204:$5E39	233:$4FFD	17	ディーゼルエース61号	Diesel Ace No. 61	
204:$5E46	233:$500F	17	ディーゼルエース62号	Diesel Ace No. 62	
204:$5E53	233:$5021	17	ディーゼルエース63号	Diesel Ace No. 63	
204:$5E60	233:$5033	17	ディーゼルエース64号	Diesel Ace No. 64	
204:$5E6D	233:$5045	17	ディーゼルエース65号	Diesel Ace No. 65	
204:$5E7A	233:$5057	17	ディーゼルエース66号	Diesel Ace No. 66	
204:$5E87	233:$5069	17	ディーゼルエース67号	Diesel Ace No. 67	
204:$5E94	233:$507B	17	ディーゼルエース68号	Diesel Ace No. 68	
204:$5EA1	233:$508D	17	ディーゼルエース69号	Diesel Ace No. 69	
204:$5EAE	233:$509F	17	ディーゼルエース70号	Diesel Ace No. 70	
204:$5EBB	233:$50B1	17	ディーゼルエース71号	Diesel Ace No. 71	
204:$5EC8	233:$50C3	17	ディーゼルエース72号	Diesel Ace No. 72	
204:$5ED5	233:$50D5	17	ディーゼルエース73号	Diesel Ace No. 73	
204:$5EE2	233:$50E7	17	ディーゼルエース74号	Diesel Ace No. 74	
204:$5EEF	233:$50F9	17	ディーゼルエース75号	Diesel Ace No. 75	
204:$5EFC	233:$510B	17	ディーゼルエース76号	Diesel Ace No. 76	
204:$5F09	233:$511D	17	ディーゼルエース77号	Diesel Ace No. 77	
204:$5F16	233:$512F	17	ディーゼルエース78号	Diesel Ace No. 78	
204:$5F23	233:$5141	17	ディーゼルエース79号	Diesel Ace No. 79	
204:$5F30	233:$5153	17	ディーゼルエース80号	Diesel Ace No. 80	
204:$5F3D	233:$5165	17	ディーゼルエース81号	Diesel Ace No. 81	
204:$5F4A	233:$5177	17	ディーゼルエース82号	Diesel Ace No. 82	
204:$5F57	233:$5189	17	ディーゼルエース83号	Diesel Ace No. 83	
204:$5F64	233:$519B	17	ディーゼルエース84号	Diesel Ace No. 84	
204:$5F71	233:$51AD	17	ディーゼルエース85号	Diesel Ace No. 85	
204:$5F7E	233:$51BF	17	ディーゼルエース86号	Diesel Ace No. 86	
204:$5F8B	233:$51D1	17	ディーゼルエース87号	Diesel Ace No. 87	
204:$5F98	233:$51E3	17	ディーゼルエース88号	Diesel Ace No. 88	
204:$5FA5	233:$51F5	17	ディーゼルエース89号	Diesel Ace No. 89	
204:$5FB2	233:$5207	17	ディーゼルエース90号	Diesel Ace No. 90	
204:$5FBF	233:$5219	17	ディーゼルエース91号	Diesel Ace No. 91	
204:$5FCC	233:$522B	17	ディーゼルエース92号	Diesel Ace No. 92	
204:$5FD9	233:$523D	17	ディーゼルエース93号	Diesel Ace No. 93	
204:$5FE6	233:$524F	17	ディーゼルエース94号	Diesel Ace No. 94	
204:$5FF3	233:$5261	17	ディーゼルエース95号	Diesel Ace No. 95	
204:$6000	233:$5273	17	ディーゼルエース96号	Diesel Ace No. 96	
204:$600D	233:$5285	17	ディーゼルエース97号	Diesel Ace No. 97	
204:$601A	233:$5297	17	ディーゼルエース98号	Diesel Ace No. 98	
204:$6027	233:$52A9	17	ディーゼルエース99号	Diesel Ace No. 99	
204:$60FA	233:$52BB	10	メガソーラー	Mega Solar	
204:$6101	233:$52C6	16	メガソーラー2号	Mega Solar No. 2	
204:$610B	233:$52D7	16	メガソーラー3号	Mega Solar No. 3	
204:$6115	233:$52E8	16	メガソーラー4号	Mega Solar No. 4	
204:$611F	233:$52F9	16	メガソーラー5号	Mega Solar No. 5	
204:$6129	233:$530A	16	メガソーラー6号	Mega Solar No. 6	
204:$6133	233:$531B	16	メガソーラー7号	Mega Solar No. 7	
204:$613D	233:$532C	16	メガソーラー8号	Mega Solar No. 8	
204:$6147	233:$533D	16	メガソーラー9号	Mega Solar No. 9	
204:$6151	233:$534E	17	メガソーラー10号	Mega Solar No. 10	
204:$615C	233:$5360	17	メガソーラー11号	Mega Solar No. 11	
204:$6167	233:$5372	17	メガソーラー12号	Mega Solar No. 12	
204:$6172	233:$5384	17	メガソーラー13号	Mega Solar No. 13	
204:$617D	233:$5396	17	メガソーラー14号	Mega Solar No. 14	
204:$6188	233:$53A8	17	メガソーラー15号	Mega Solar No. 15	
204:$6193	233:$53BA	17	メガソーラー16号	Mega Solar No. 16	
204:$619E	233:$53CC	17	メガソーラー17号	Mega Solar No. 17	
204:$61A9	233:$53DE	17	メガソーラー18号	Mega Solar No. 18	
204:$61B4	233:$53F0	17	メガソーラー19号	Mega Solar No. 19	
204:$61BF	233:$5402	17	メガソーラー20号	Mega Solar No. 20	
204:$61CA	233:$5414	17	メガソーラー21号	Mega Solar No. 21	
204:$61D5	233:$5426	17	メガソーラー22号	Mega Solar No. 22	
204:$61E0	233:$5438	17	メガソーラー23号	Mega Solar No. 23	
204:$61EB	233:$544A	17	メガソーラー24号	Mega Solar No. 24	
204:$61F6	233:$545C	17	メガソーラー25号	Mega Solar No. 25	
204:$6201	233:$546E	17	メガソーラー26号	Mega Solar No. 26	
204:$620C	233:$5480	17	メガソーラー27号	Mega Solar No. 27	
204:$6217	233:$5492	17	メガソーラー28号	Mega Solar No. 28	
204:$6222	233:$54A4	17	メガソーラー29号	Mega Solar No. 29	
204:$622D	233:$54B6	17	メガソーラー30号	Mega Solar No. 30	
204:$6238	233:$54C8	17	メガソーラー31号	Mega Solar No. 31	
204:$6243	233:$54DA	17	メガソーラー32号	Mega Solar No. 32	
204:$624E	233:$54EC	17	メガソーラー33号	Mega Solar No. 33	
204:$6259	233:$54FE	17	メガソーラー34号	Mega Solar No. 34	
204:$6264	233:$5510	17	メガソーラー35号	Mega Solar No. 35	
204:$626F	233:$5522	17	メガソーラー36号	Mega Solar No. 36	
204:$627A	233:$5534	17	メガソーラー37号	Mega Solar No. 37	
204:$6285	233:$5546	17	メガソーラー38号	Mega Solar No. 38	
204:$6290	233:$5558	17	メガソーラー39号	Mega Solar No. 39	
204:$629B	233:$556A	17	メガソーラー40号	Mega Solar No. 40	
204:$62A6	233:$557C	17	メガソーラー41号	Mega Solar No. 41	
204:$62B1	233:$558E	17	メガソーラー42号	Mega Solar No. 42	
204:$62BC	233:$55A0	17	メガソーラー43号	Mega Solar No. 43	
204:$62C7	233:$55B2	17	メガソーラー44号	Mega Solar No. 44	
204:$62D2	233:$55C4	17	メガソーラー45号	Mega Solar No. 45	
204:$62DD	233:$55D6	17	メガソーラー46号	Mega Solar No. 46	
204:$62E8	233:$55E8	17	メガソーラー47号	Mega Solar No. 47	
204:$62F3	233:$55FA	17	メガソーラー48号	Mega Solar No. 48	
204:$62FE	233:$560C	17	メガソーラー49号	Mega Solar No. 49	
204:$6309	233:$561E	17	メガソーラー50号	Mega Solar No. 50	
204:$6314	233:$5630	17	メガソーラー51号	Mega Solar No. 51	
204:$631F	233:$5642	17	メガソーラー52号	Mega Solar No. 52	
204:$632A	233:$5654	17	メガソーラー53号	Mega Solar No. 53	
204:$6335	233:$5666	17	メガソーラー54号	Mega Solar No. 54	
204:$6340	233:$5678	17	メガソーラー55号	Mega Solar No. 55	
204:$634B	233:$568A	17	メガソーラー56号	Mega Solar No. 56	
204:$6356	233:$569C	17	メガソーラー57号	Mega Solar No. 57	
204:$6361	233:$56AE	17	メガソーラー58号	Mega Solar No. 58	
204:$636C	233:$56C0	17	メガソーラー59号	Mega Solar No. 59	
204:$6377	233:$56D2	17	メガソーラー60号	Mega Solar No. 60	
204:$6382	233:$56E4	17	メガソーラー61号	Mega Solar No. 61	
204:$638D	233:$56F6	17	メガソーラー62号	Mega Solar No. 62	
204:$6398	233:$5708	17	メガソーラー63号	Mega Solar No. 63	
204:$63A3	233:$571A	17	メガソーラー64号	Mega Solar No. 64	
204:$63AE	233:$572C	17	メガソーラー65号	Mega Solar No. 65	
204:$63B9	233:$573E	17	メガソーラー66号	Mega Solar No. 66	
204:$63C4	233:$5750	17	メガソーラー67号	Mega Solar No. 67	
204:$63CF	233:$5762	17	メガソーラー68号	Mega Solar No. 68	
204:$63DA	233:$5774	17	メガソーラー69号	Mega Solar No. 69	
204:$63E5	233:$5786	17	メガソーラー70号	Mega Solar No. 70	
204:$63F0	233:$5798	17	メガソーラー71号	Mega Solar No. 71	
204:$63FB	233:$57AA	17	メガソーラー72号	Mega Solar No. 72	
204:$6406	233:$57BC	17	メガソーラー73号	Mega Solar No. 73	
204:$6411	233:$57CE	17	メガソーラー74号	Mega Solar No. 74	
204:$641C	233:$57E0	17	メガソーラー75号	Mega Solar No. 75	
204:$6427	233:$57F2	17	メガソーラー76号	Mega Solar No. 76	
204:$6432	233:$5804	17	メガソーラー77号	Mega Solar No. 77	
204:$643D	233:$5816	17	メガソーラー78号	Mega Solar No. 78	
204:$6448	233:$5828	17	メガソーラー79号	Mega Solar No. 79	
204:$6453	233:$583A	17	メガソーラー80号	Mega Solar No. 80	
204:$645E	233:$584C	17	メガソーラー81号	Mega Solar No. 81	
204:$6469	233:$585E	17	メガソーラー82号	Mega Solar No. 82	
204:$6474	233:$5870	17	メガソーラー83号	Mega Solar No. 83	
204:$647F	233:$5882	17	メガソーラー84号	Mega Solar No. 84	
204:$648A	233:$5894	17	メガソーラー85号	Mega Solar No. 85	
204:$6495	233:$58A6	17	メガソーラー86号	Mega Solar No. 86	
204:$64A0	233:$58B8	17	メガソーラー87号	Mega Solar No. 87	
204:$64AB	233:$58CA	17	メガソーラー88号	Mega Solar No. 88	
204:$64B6	233:$58DC	17	メガソーラー89号	Mega Solar No. 89	
204:$64C1	233:$58EE	17	メガソーラー90号	Mega Solar No. 90	
204:$64CC	233:$5900	17	メガソーラー91号	Mega Solar No. 91	
204:$64D7	233:$5912	17	メガソーラー92号	Mega Solar No. 92	
204:$64E2	233:$5924	17	メガソーラー93号	Mega Solar No. 93	
204:$64ED	233:$5936	17	メガソーラー94号	Mega Solar No. 94	
204:$64F8	233:$5948	17	メガソーラー95号	Mega Solar No. 95	
204:$6503	233:$595A	17	メガソーラー96号	Mega Solar No. 96	
204:$650E	233:$596C	17	メガソーラー97号	Mega Solar No. 97	
204:$6519	233:$597E	17	メガソーラー98号	Mega Solar No. 98	
204:$6524	233:$5990	17	メガソーラー99号	Mega Solar No. 99	
204:$65F5	233:$59A2	13	リニアショーグン	Linear Shogun	
204:$65FE	233:$59B0	19	リニアショーグン2号	Linear Shogun No. 2	
204:$660A	233:$59C4	19	リニアショーグン3号	Linear Shogun No. 3	
204:$6616	233:$59D8	19	リニアショーグン4号	Linear Shogun No. 4	
204:$6622	233:$59EC	19	リニアショーグン5号	Linear Shogun No. 5	
204:$662E	233:$5A00	19	リニアショーグン6号	Linear Shogun No. 6	
204:$663A	233:$5A14	19	リニアショーグン7号	Linear Shogun No. 7	
204:$6646	233:$5A28	19	リニアショーグン8号	Linear Shogun No. 8	
204:$6652	233:$5A3C	19	リニアショーグン9号	Linear Shogun No. 9	
204:$665E	233:$5A50	20	リニアショーグン10号	Linear Shogun No. 10	
204:$666B	233:$5A65	20	リニアショーグン11号	Linear Shogun No. 11	
204:$6678	233:$5A7A	20	リニアショーグン12号	Linear Shogun No. 12	
204:$6685	233:$5A8F	20	リニアショーグン13号	Linear Shogun No. 13	
204:$6692	233:$5AA4	20	リニアショーグン14号	Linear Shogun No. 14	
204:$669F	233:$5AB9	20	リニアショーグン15号	Linear Shogun No. 15	
204:$66AC	233:$5ACE	20	リニアショーグン16号	Linear Shogun No. 16	
204:$66B9	233:$5AE3	20	リニアショーグン17号	Linear Shogun No. 17	
204:$66C6	233:$5AF8	20	リニアショーグン18号	Linear Shogun No. 18	
204:$66D3	233:$5B0D	20	リニアショーグン19号	Linear Shogun No. 19	
204:$66E0	233:$5B22	20	リニアショーグン20号	Linear Shogun No. 20	
204:$66ED	233:$5B37	20	リニアショーグン21号	Linear Shogun No. 21	
204:$66FA	233:$5B4C	20	リニアショーグン22号	Linear Shogun No. 22	
204:$6707	233:$5B61	20	リニアショーグン23号	Linear Shogun No. 23	
204:$6714	233:$5B76	20	リニアショーグン24号	Linear Shogun No. 24	
204:$6721	233:$5B8B	20	リニアショーグン25号	Linear Shogun No. 25	
204:$672E	233:$5BA0	20	リニアショーグン26号	Linear Shogun No. 26	
204:$673B	233:$5BB5	20	リニアショーグン27号	Linear Shogun No. 27	
204:$6748	233:$5BCA	20	リニアショーグン28号	Linear Shogun No. 28	
204:$6755	233:$5BDF	20	リニアショーグン29号	Linear Shogun No. 29	
204:$6762	233:$5BF4	20	リニアショーグン30号	Linear Shogun No. 30	
204:$676F	233:$5C09	20	リニアショーグン31号	Linear Shogun No. 31	
204:$677C	233:$5C1E	20	リニアショーグン32号	Linear Shogun No. 32	
204:$6789	233:$5C33	20	リニアショーグン33号	Linear Shogun No. 33	
204:$6796	233:$5C48	20	リニアショーグン34号	Linear Shogun No. 34	
204:$67A3	233:$5C5D	20	リニアショーグン35号	Linear Shogun No. 35	
204:$67B0	233:$5C72	20	リニアショーグン36号	Linear Shogun No. 36	
204:$67BD	233:$5C87	20	リニアショーグン37号	Linear Shogun No. 37	
204:$67CA	233:$5C9C	20	リニアショーグン38号	Linear Shogun No. 38	
204:$67D7	233:$5CB1	20	リニアショーグン39号	Linear Shogun No. 39	
204:$67E4	233:$5CC6	20	リニアショーグン40号	Linear Shogun No. 40	
204:$67F1	233:$5CDB	20	リニアショーグン41号	Linear Shogun No. 41	
204:$67FE	233:$5CF0	20	リニアショーグン42号	Linear Shogun No. 42	
204:$680B	233:$5D05	20	リニアショーグン43号	Linear Shogun No. 43	
204:$6818	233:$5D1A	20	リニアショーグン44号	Linear Shogun No. 44	
204:$6825	233:$5D2F	20	リニアショーグン45号	Linear Shogun No. 45	
204:$6832	233:$5D44	20	リニアショーグン46号	Linear Shogun No. 46	
204:$683F	233:$5D59	20	リニアショーグン47号	Linear Shogun No. 47	
204:$684C	233:$5D6E	20	リニアショーグン48号	Linear Shogun No. 48	
204:$6859	233:$5D83	20	リニアショーグン49号	Linear Shogun No. 49	
204:$6866	233:$5D98	20	リニアショーグン50号	Linear Shogun No. 50	
204:$6873	233:$5DAD	20	リニアショーグン51号	Linear Shogun No. 51	
204:$6880	233:$5DC2	20	リニアショーグン52号	Linear Shogun No. 52	
204:$688D	233:$5DD7	20	リニアショーグン53号	Linear Shogun No. 53	
204:$689A	233:$5DEC	20	リニアショーグン54号	Linear Shogun No. 54	
204:$68A7	233:$5E01	20	リニアショーグン55号	Linear Shogun No. 55	
204:$68B4	233:$5E16	20	リニアショーグン56号	Linear Shogun No. 56	
204:$68C1	233:$5E2B	20	リニアショーグン57号	Linear Shogun No. 57	
204:$68CE	233:$5E40	20	リニアショーグン58号	Linear Shogun No. 58	
204:$68DB	233:$5E55	20	リニアショーグン59号	Linear Shogun No. 59	
204:$68E8	233:$5E6A	20	リニアショーグン60号	Linear Shogun No. 60	
204:$68F5	233:$5E7F	20	リニアショーグン61号	Linear Shogun No. 61	
204:$6902	233:$5E94	20	リニアショーグン62号	Linear Shogun No. 62	
204:$690F	233:$5EA9	20	リニアショーグン63号	Linear Shogun No. 63	
204:$691C	233:$5EBE	20	リニアショーグン64号	Linear Shogun No. 64	
204:$6929	233:$5ED3	20	リニアショーグン65号	Linear Shogun No. 65	
204:$6936	233:$5EE8	20	リニアショーグン66号	Linear Shogun No. 66	
204:$6943	233:$5EFD	20	リニアショーグン67号	Linear Shogun No. 67	
204:$6950	233:$5F12	20	リニアショーグン68号	Linear Shogun No. 68	
204:$695D	233:$5F27	20	リニアショーグン69号	Linear Shogun No. 69	
204:$696A	233:$5F3C	20	リニアショーグン70号	Linear Shogun No. 70	
204:$6977	233:$5F51	20	リニアショーグン71号	Linear Shogun No. 71	
204:$6984	233:$5F66	20	リニアショーグン72号	Linear Shogun No. 72	
204:$6991	233:$5F7B	20	リニアショーグン73号	Linear Shogun No. 73	
204:$699E	233:$5F90	20	リニアショーグン74号	Linear Shogun No. 74	
204:$69AB	233:$5FA5	20	リニアショーグン75号	Linear Shogun No. 75	
204:$69B8	233:$5FBA	20	リニアショーグン76号	Linear Shogun No. 76	
204:$69C5	233:$5FCF	20	リニアショーグン77号	Linear Shogun No. 77	
204:$69D2	233:$5FE4	20	リニアショーグン78号	Linear Shogun No. 78	
204:$69DF	233:$5FF9	20	リニアショーグン79号	Linear Shogun No. 79	
204:$69EC	233:$600E	20	リニアショーグン80号	Linear Shogun No. 80	
204:$69F9	233:$6023	20	リニアショーグン81号	Linear Shogun No. 81	
204:$6A06	233:$6038	20	リニアショーグン82号	Linear Shogun No. 82	
204:$6A13	233:$604D	20	リニアショーグン83号	Linear Shogun No. 83	
204:$6A20	233:$6062	20	リニアショーグン84号	Linear Shogun No. 84	
204:$6A2D	233:$6077	20	リニアショーグン85号	Linear Shogun No. 85	
204:$6A3A	233:$608C	20	リニアショーグン86号	Linear Shogun No. 86	
204:$6A47	233:$60A1	20	リニアショーグン87号	Linear Shogun No. 87	
204:$6A54	233:$60B6	20	リニアショーグン88号	Linear Shogun No. 88	
204:$6A61	233:$60CB	20	リニアショーグン89号	Linear Shogun No. 89	
204:$6A6E	233:$60E0	20	リニアショーグン90号	Linear Shogun No. 90	
204:$6A7B	233:$60F5	20	リニアショーグン91号	Linear Shogun No. 91	
204:$6A88	233:$610A	20	リニアショーグン92号	Linear Shogun No. 92	
204:$6A95	233:$611F	20	リニアショーグン93号	Linear Shogun No. 93	
204:$6AA2	233:$6134	20	リニアショーグン94号	Linear Shogun No. 94	
204:$6AAF	233:$6149	20	リニアショーグン95号	Linear Shogun No. 95	
204:$6ABC	233:$615E	20	リニアショーグン96号	Linear Shogun No. 96	
204:$6AC9	233:$6173	20	リニアショーグン97号	Linear Shogun No. 97	
204:$6AD6	233:$6188	20	リニアショーグン98号	Linear Shogun No. 98	
204:$6AE3	233:$619D	20	リニアショーグン99号	Linear Shogun No. 99	
204:$6BB6	233:$61B2	10	ハイブリッダーz	Hybrider Z	
204:$6BBF	233:$61BD	16	ハイブリッダーz2号	Hybrider Z No. 2	
204:$6BCB	233:$61CE	16	ハイブリッダーz3号	Hybrider Z No. 3	
204:$6BD7	233:$61DF	16	ハイブリッダーz4号	Hybrider Z No. 4	
204:$6BE3	233:$61F0	16	ハイブリッダーz5号	Hybrider Z No. 5	
204:$6BEF	233:$6201	16	ハイブリッダーz6号	Hybrider Z No. 6	
204:$6BFB	233:$6212	16	ハイブリッダーz7号	Hybrider Z No. 7	
204:$6C07	233:$6223	16	ハイブリッダーz8号	Hybrider Z No. 8	
204:$6C13	233:$6234	16	ハイブリッダーz9号	Hybrider Z No. 9	
204:$6C1F	233:$6245	17	ハイブリッダーz10号	Hybrider Z No. 10	
204:$6C2C	233:$6257	17	ハイブリッダーz11号	Hybrider Z No. 11	
204:$6C39	233:$6269	17	ハイブリッダーz12号	Hybrider Z No. 12	
204:$6C46	233:$627B	17	ハイブリッダーz13号	Hybrider Z No. 13	
204:$6C53	233:$628D	17	ハイブリッダーz14号	Hybrider Z No. 14	
204:$6C60	233:$629F	17	ハイブリッダーz15号	Hybrider Z No. 15	
204:$6C6D	233:$62B1	17	ハイブリッダーz16号	Hybrider Z No. 16	
204:$6C7A	233:$62C3	17	ハイブリッダーz17号	Hybrider Z No. 17	
204:$6C87	233:$62D5	17	ハイブリッダーz18号	Hybrider Z No. 18	
204:$6C94	233:$62E7	17	ハイブリッダーz19号	Hybrider Z No. 19	
204:$6CA1	233:$62F9	17	ハイブリッダーz20号	Hybrider Z No. 20	
204:$6CAE	233:$630B	17	ハイブリッダーz21号	Hybrider Z No. 21	
204:$6CBB	233:$631D	17	ハイブリッダーz22号	Hybrider Z No. 22	
204:$6CC8	233:$632F	17	ハイブリッダーz23号	Hybrider Z No. 23	
204:$6CD5	233:$6341	17	ハイブリッダーz24号	Hybrider Z No. 24	
204:$6CE2	233:$6353	17	ハイブリッダーz25号	Hybrider Z No. 25	
204:$6CEF	233:$6365	17	ハイブリッダーz26号	Hybrider Z No. 26	
204:$6CFC	233:$6377	17	ハイブリッダーz27号	Hybrider Z No. 27	
204:$6D09	233:$6389	17	ハイブリッダーz28号	Hybrider Z No. 28	
204:$6D16	233:$639B	17	ハイブリッダーz29号	Hybrider Z No. 29	
204:$6D23	233:$63AD	17	ハイブリッダーz30号	Hybrider Z No. 30	
204:$6D30	233:$63BF	17	ハイブリッダーz31号	Hybrider Z No. 31	
204:$6D3D	233:$63D1	17	ハイブリッダーz32号	Hybrider Z No. 32	
204:$6D4A	233:$63E3	17	ハイブリッダーz33号	Hybrider Z No. 33	
204:$6D57	233:$63F5	17	ハイブリッダーz34号	Hybrider Z No. 34	
204:$6D64	233:$6407	17	ハイブリッダーz35号	Hybrider Z No. 35	
204:$6D71	233:$6419	17	ハイブリッダーz36号	Hybrider Z No. 36	
204:$6D7E	233:$642B	17	ハイブリッダーz37号	Hybrider Z No. 37	
204:$6D8B	233:$643D	17	ハイブリッダーz38号	Hybrider Z No. 38	
204:$6D98	233:$644F	17	ハイブリッダーz39号	Hybrider Z No. 39	
204:$6DA5	233:$6461	17	ハイブリッダーz40号	Hybrider Z No. 40	
204:$6DB2	233:$6473	17	ハイブリッダーz41号	Hybrider Z No. 41	
204:$6DBF	233:$6485	17	ハイブリッダーz42号	Hybrider Z No. 42	
204:$6DCC	233:$6497	17	ハイブリッダーz43号	Hybrider Z No. 43	
204:$6DD9	233:$64A9	17	ハイブリッダーz44号	Hybrider Z No. 44	
204:$6DE6	233:$64BB	17	ハイブリッダーz45号	Hybrider Z No. 45	
204:$6DF3	233:$64CD	17	ハイブリッダーz46号	Hybrider Z No. 46	
204:$6E00	233:$64DF	17	ハイブリッダーz47号	Hybrider Z No. 47	
204:$6E0D	233:$64F1	17	ハイブリッダーz48号	Hybrider Z No. 48	
204:$6E1A	233:$6503	17	ハイブリッダーz49号	Hybrider Z No. 49	
204:$6E27	233:$6515	17	ハイブリッダーz50号	Hybrider Z No. 50	
204:$6E34	233:$6527	17	ハイブリッダーz51号	Hybrider Z No. 51	
204:$6E41	233:$6539	17	ハイブリッダーz52号	Hybrider Z No. 52	
204:$6E4E	233:$654B	17	ハイブリッダーz53号	Hybrider Z No. 53	
204:$6E5B	233:$655D	17	ハイブリッダーz54号	Hybrider Z No. 54	
204:$6E68	233:$656F	17	ハイブリッダーz55号	Hybrider Z No. 55	
204:$6E75	233:$6581	17	ハイブリッダーz56号	Hybrider Z No. 56	
204:$6E82	233:$6593	17	ハイブリッダーz57号	Hybrider Z No. 57	
204:$6E8F	233:$65A5	17	ハイブリッダーz58号	Hybrider Z No. 58	
204:$6E9C	233:$65B7	17	ハイブリッダーz59号	Hybrider Z No. 59	
204:$6EA9	233:$65C9	17	ハイブリッダーz60号	Hybrider Z No. 60	
204:$6EB6	233:$65DB	17	ハイブリッダーz61号	Hybrider Z No. 61	
204:$6EC3	233:$65ED	17	ハイブリッダーz62号	Hybrider Z No. 62	
204:$6ED0	233:$65FF	17	ハイブリッダーz63号	Hybrider Z No. 63	
204:$6EDD	233:$6611	17	ハイブリッダーz64号	Hybrider Z No. 64	
204:$6EEA	233:$6623	17	ハイブリッダーz65号	Hybrider Z No. 65	
204:$6EF7	233:$6635	17	ハイブリッダーz66号	Hybrider Z No. 66	
204:$6F04	233:$6647	17	ハイブリッダーz67号	Hybrider Z No. 67	
204:$6F11	233:$6659	17	ハイブリッダーz68号	Hybrider Z No. 68	
204:$6F1E	233:$666B	17	ハイブリッダーz69号	Hybrider Z No. 69	
204:$6F2B	233:$667D	17	ハイブリッダーz70号	Hybrider Z No. 70	
204:$6F38	233:$668F	17	ハイブリッダーz71号	Hybrider Z No. 71	
204:$6F45	233:$66A1	17	ハイブリッダーz72号	Hybrider Z No. 72	
204:$6F52	233:$66B3	17	ハイブリッダーz73号	Hybrider Z No. 73	
204:$6F5F	233:$66C5	17	ハイブリッダーz74号	Hybrider Z No. 74	
204:$6F6C	233:$66D7	17	ハイブリッダーz75号	Hybrider Z No. 75	
204:$6F79	233:$66E9	17	ハイブリッダーz76号	Hybrider Z No. 76	
204:$6F86	233:$66FB	17	ハイブリッダーz77号	Hybrider Z No. 77	
204:$6F93	233:$670D	17	ハイブリッダーz78号	Hybrider Z No. 78	
204:$6FA0	233:$671F	17	ハイブリッダーz79号	Hybrider Z No. 79	
204:$6FAD	233:$6731	17	ハイブリッダーz80号	Hybrider Z No. 80	
204:$6FBA	233:$6743	17	ハイブリッダーz81号	Hybrider Z No. 81	
204:$6FC7	233:$6755	17	ハイブリッダーz82号	Hybrider Z No. 82	
204:$6FD4	233:$6767	17	ハイブリッダーz83号	Hybrider Z No. 83	
204:$6FE1	233:$6779	17	ハイブリッダーz84号	Hybrider Z No. 84	
204:$6FEE	233:$678B	17	ハイブリッダーz85号	Hybrider Z No. 85	
204:$6FFB	233:$679D	17	ハイブリッダーz86号	Hybrider Z No. 86	
204:$7008	233:$67AF	17	ハイブリッダーz87号	Hybrider Z No. 87	
204:$7015	233:$67C1	17	ハイブリッダーz88号	Hybrider Z No. 88	
204:$7022	233:$67D3	17	ハイブリッダーz89号	Hybrider Z No. 89	
204:$702F	233:$67E5	17	ハイブリッダーz90号	Hybrider Z No. 90	
204:$703C	233:$67F7	17	ハイブリッダーz91号	Hybrider Z No. 91	
204:$7049	233:$6809	17	ハイブリッダーz92号	Hybrider Z No. 92	
204:$7056	233:$681B	17	ハイブリッダーz93号	Hybrider Z No. 93	
204:$7063	233:$682D	17	ハイブリッダーz94号	Hybrider Z No. 94	
204:$7070	233:$683F	17	ハイブリッダーz95号	Hybrider Z No. 95	
204:$707D	233:$6851	17	ハイブリッダーz96号	Hybrider Z No. 96	
204:$708A	233:$6863	17	ハイブリッダーz97号	Hybrider Z No. 97	
204:$7097	233:$6875	17	ハイブリッダーz98号	Hybrider Z No. 98	
204:$70A4	233:$6887	17	ハイブリッダーz99号	Hybrider Z No. 99	
205:$40E6	229:$7B5B	32	メケレレ<speaker>ホント<br> よかった！ よかった！<page>	Mekerere: Truly, what a<br>relief!<page>	
205:$40FE	229:$7B7C	39	メケレレ<speaker>姫さまが<br> さらわれたんだって？！！<page>	Mekerere: The Princess<br>was abducted?!!<page>	
205:$4119	229:$7BA4	61	メケレレ<speaker>しかし いったい<br> だれが かんがえたんだ？<br> こんなヘンなきかく、、。<page>	Mekerere: But who<br>in the world devised<br>such a strange event?<page>	
205:$4145	229:$7BE2	33	メケレレ<speaker>フム、、<br> なかなかの ものだな。<page>	Mekerere: Hmm...<br>Not bad at all.<page>	
205:$415E	229:$7C04	35	メケレレ<speaker>町は オレたちが！<page>	Mekerere: We will<br>defend the town!<page>	
205:$4170	229:$7C28	76	メケレレ<speaker>魔城や砂漠のことについて<br> 話してくれるらしい。<page>	Mekerere: It sounds like<br>they will discuss the Magic<br>Castle and the desert.<page>	
205:$4195	229:$7C75	38	メケレレ<speaker>まあ なるようになるさ。<page>	Mekerere: Well, what<br>will be will be.<page>	
205:$41A9	229:$7C9C	52	メケレレ<speaker>ワシは あの姫さまが<br> ぜったい あやしいと思うなー。<page>	Mekerere: I am certain that<br>Princess is suspicious.<page>	
205:$41CE	229:$7CD1	57	メケレレ<speaker>ひっこしなんて<br> できねえしなあ、、。<page>	Mekerere: It is not as though<br>we can simply move away...<page>	
205:$41E9	229:$7D0B	95	メケレレ<speaker>ワシにも わからんなあ。<page><br> まあけど そんなにシンコクに<br> ならんでも いいと思うぞ。<page>	Mekerere: I do<br>not know either.<page><box>Mekerere: But I do<br>not think we need to<br>take it so seriously.<page>	
205:$421E	229:$7D6B	69	メケレレ<speaker>魔城の中で<br> いったい なにが、、。<page>	Mekerere: What in the<br>world is happening inside<br>the Magic Castle...?<page>	
205:$423B	229:$7DB1	80	メケレレ<speaker>領主さまや 姫さまは<br> 魔城の中にいて こわくない<br> のかなあ。<page>	Mekerere: I wonder if the<br>Lord and Princess are afraid<br>inside the Magic Castle.<page>	
205:$4269	229:$7E02	273	メケレレ<speaker>あそこの城には<br> お姫さまが いるんだ。<page><box>メケレレ<speaker>姫さまは<br> ミコのような そんざいでな、、<page><box>メケレレ<speaker>生まれつき なにか<br> とくしゅな のうりょくを<br> もっているんだ。<page><box>メケレレ<speaker>それもあって 姫さまが<br> 領主さまを あやつっているんじゃ<br> ないかとか、、<page><box>メケレレ<speaker>いろいろなウワサが<br> とびかっているんだが、、。<page>	Mekerere: A Princess<br>lives in that castle.<page><box>Mekerere: She is something<br>like a shrine maiden...<page><box>Mekerere: She was born with<br>some sort of special power.<page><box>Mekerere: That has led<br>to rumors that she is<br>controlling the Lord...<page><box>Mekerere: All kinds of<br>stories are flying around.<page>	
205:$4320	229:$7F14	76	ミナイ<speaker>姫さまが ぶじで<br> ホントに よかった、、。<page><br> ありがとうございました。<page>	Minai: I am truly glad<br>the Princess is safe...<page><box>Minai: Thank you very much.<page>	
205:$434D	229:$7F61	84	ミナイ<speaker>姫さまを 助けられるのは<br> <name>さんしか いません。<page><br> がんばって！！<page>	Minai: You are the only<br>one who can rescue the<br>Princess, <name>.<page><box>Minai: Do your best!!<page>	
205:$437A	230:$4000	101	ミナイ<speaker>魔城は いま<br> どうなっているのでしょうか？<page><box>ミナイ<speaker>だいぶ<br> くずれたようですが、、。<page>	Minai: I wonder what state<br>the Magic Castle is in now?<page><box>Minai: It appears to<br>have collapsed badly...<page>	
205:$43B1	230:$4066	27	ミナイ<speaker><name>さん。<br> おねがいします！<page>	Minai: <name>.<br>Please help us!<page>	
205:$43C7	230:$4082	112	ミナイ<speaker>おとうさんの<br> おしごとが おわったら<br> いっしょにネ。<page><box>ミナイ<speaker>おとうさん がんばって<br> いるんだから ガマンガマン。<page>	Minai: We can go together once<br>Father's work is finished.<page><box>Minai: Father is working<br>hard, so I must be patient.<page>	
205:$440C	230:$40F3	67	ミナイ<speaker>え？ 大天守閣ですか？<page><br> たしか19fにあると きいたことが<br> ありましたが、、。<page>	Minai: The Castle Keep?<page><box>Minai: I once heard<br>it was on Floor 19...<page>	
205:$4441	230:$4137	48	ミナイ<speaker>このまま<br> 広がっていくのでしょうか、、。<page>	Minai: Will it continue<br>spreading like this...?<page>	
205:$445E	230:$4168	93	ミナイ<speaker>砂漠の中のオアシス<page><br> それが イルパの町。<page><box>ミナイ<speaker>わたしは この町が<br> だいすきです。<page>	Minai: An oasis in the<br>desert...<page><box>Minai: That is<br>the Town of Ilpa.<page><box>Minai: I love this town.<page>	
205:$4499	230:$41C6	121	ミナイ<speaker>イルパは わたしたち<br> 砂漠の民によって たてられた<br> 城下町（じょうかまち）です。<page><box>ミナイ<speaker>領主さまの お城に<br> 守られているおかげで この町も<br> へいわが<hspace:05>たもたれているのです。<page>	Minai: Ilpa is a castle town<br>built by us desert folk.<page><box>Minai: Peace endures<br>because the Lord's castle<br>protects the town.<page>	
205:$450B	230:$4240	96	ニペバ<speaker>よかったー。<page><br> オレ じつは 姫さまのことが<br> スキなんだあ。<page>ポォーッ。<page>	Nipeba: What a relief.<page><box>Nipeba: The truth is, I am<br>in love with the Princess.<page><box>Nipeba: Bluuush.<page>	
205:$4539	230:$42A1	19	ニペバ<speaker>姫さまァァーッ！！<page>	Nipeba: Princess!!<page>	
205:$454A	230:$42B5	36	ニペバ<speaker>まえより<br> ふかくなっているんだな<EE>。<page>	Nipeba: It goes<br>deeper than before.<page>	
205:$4564	230:$42DA	36	ニペバ<speaker>まえより<br> ふかくなっているんだな<EE>。<page>	Nipeba: It goes<br>deeper than before.<page>	
205:$457E	230:$42FF	25	ニペバ<speaker>ワナのモトがぁっ！！<page>	Nipeba: The Trap Parts!!<page>	
205:$458F	230:$4319	16	ニペバ<speaker>ボクも。<page>	Nipeba: Me too.<page>	
205:$459A	230:$432A	36	ニペバ<speaker>キレイな まん月だ！<page>	Nipeba: What a<br>beautiful full moon!<page>	
205:$45AC	230:$434F	27	ニペバ<speaker>魔城がぁぁ！！<page>	Nipeba: The Magic Castle!!<page>	
205:$45BC	230:$436B	56	ニペバ<speaker>魔城が まるで<br> もえているようだ。<page>	Nipeba: The Magic Castle<br>looks as though it is<br>burning.<page>	
205:$45D7	230:$43A4	53	ニペバ<speaker>ここから<br> 魔城が よく見えるんだ。<page>	Nipeba: You can see the<br>Magic Castle well from here.<page>	
205:$45F3	230:$43DA	61	ニペバ<speaker>みんな デブなんだから<br> しかたねえよ。<page>	Nipeba: We are all fat. There<br>is nothing we can do about<br>it.<page>	
205:$460E	230:$4418	58	ヌワンコ<speaker>もう かってに<br> してくれってかんじ、、。<page>	Nuwanko: At this point, they<br>can do whatever they want...<page>	
205:$462B	230:$4453	93	ヌワンコ<speaker>まだ コイツら<br> いるんだぜ。<page>まったく もう<br> なんとかしてくれよう！！<page>	Nuwanko: These<br>fellows are still here.<page><box>Nuwanko: Honestly, do<br>something about them<br>already!!<page>	
205:$4658	230:$44B1	92	ヌワンコ<speaker>コイツら あれから<br> ずっと いるんだぜ。<page><br> もう なんとかしてくれよう。<page>	Nuwanko: These fellows<br>have been here ever since.<page><box>Nuwanko: Please do<br>something about them.<page>	
205:$4686	230:$450E	163	ヌワンコ<speaker>ハァハァ、、。<page><box>ヌワンコ<speaker>天下一ワナ道会に<br> ぶっつづけで ちょうせんしたんで<br> つかれたよ、、。<page><box>ヌワンコ<speaker>よし。<br> すこし やすんだら<br> また いどむぞ。<page>	Nuwanko: Pant, pant...<page><box>Nuwanko: I am exhausted<br>from challenging the Wanado<br>Tournament over and over...<page><box>Nuwanko: All right.<br>I will rest a little,<br>then try again.<page>	
205:$46E6	230:$45B2	49	ヌワンコ<speaker>おーい あんまし<br> きたない手で さわるんじゃ<br> ないぞー。<page>	Nuwanko: Hey! Do not touch<br>it with filthy hands!<page>	
205:$470D	230:$45E4	55	ヌワンコ<speaker>こうして 砂漠のうごきを<br> 見はっているんだ。<page>	Nuwanko: I am keeping watch<br>over the desert from here.<page>	
205:$472F	230:$461C	34	ヌワンコ<speaker>見はりを<br> 立てて おこうか？<page>	Nuwanko: Shall we<br>post a lookout?<page>	
205:$4748	230:$463F	56	ヌワンコ<speaker>姫さまから<br> 話が あるみたいだ。<page>	Nuwanko: It seems<br>the Princess wishes<br>to speak with us.<page>	
205:$4763	230:$4678	43	ヌワンコ<speaker>キミも<br> 話し合いに くわわるかい？<page>	Nuwanko: Will you join<br>the discussion too?<page>	
205:$477F	230:$46A4	169	ヌワンコ<speaker>部屋の<br> かざりつけでは かけじくが<br> いちばん気にいってるんだ。<page><box>ヌワンコ<speaker>おくの部屋の<br> ひだり上に あるやつ。<page><br> ジマンの かけじくだよ。<page>	Nuwanko: Of all my<br>decorations, the hanging<br>scroll is my favorite.<page><box>Nuwanko: It is in the<br>upper-left corner<br>of the back room.<page><box>Nuwanko: That scroll<br>is my pride and joy.<page>	
205:$47D8	230:$474E	30	ヌワンコ<speaker>こまったよなあ、、。<page>	Nuwanko: This is a problem...<page>	
205:$47EA	230:$476D	211	ヌワンコ<speaker>ようこそ！ ボクの家へ！<page><box>ヌワンコ<speaker>ボクは 部屋の<br> かざりつけが だいすきでね<br> いろいろ こだわっているんだ。<page><box>ヌワンコ<speaker>けど さいきん だれか<br> むだんで 家の中を出入している<br> 気が、、<page>いったい だれだろう？<page>	Nuwanko: Welcome to my home!<page><box>Nuwanko: I love decorating<br>rooms and pay attention<br>to every detail.<page><box>Nuwanko: But lately, I feel<br>someone has been entering my<br>house without permission...<page><box>Nuwanko: Who could it be?<page>	
205:$486B	230:$4841	42	ヌワンコ<speaker>どうなっちまってるンだ？！<br> いったい！<page>	Nuwanko: What in the<br>world is happening?!<page>	
205:$4887	230:$486C	72	ヌワンコ<speaker>ここから 砂漠を<br> すこし わたったところに<br> 魔城が あるぞ。<page>	Nuwanko: The Magic Castle<br>lies a short way across<br>the desert from here.<page>	
205:$48B3	230:$48B5	67	ヌワンコ<speaker>ようこそ。イルパへ。<page><br> ここは 砂漠の民の町だ。<page>	Nuwanko: Welcome to Ilpa.<page><box>Nuwanko: This is a<br>town of desert folk.<page>	
205:$48D8	230:$48F9	88	オロ<speaker>姫さまも ぶじで イルパも<br> また へいわになった。<page><br> よかったよ。ホント。<page>	Oro: The Princess is safe, and<br>peace has returned to Ilpa.<page><box>Oro: Thank goodness. Truly.<page>	
205:$4906	230:$4952	49	オロ<speaker>ザガンが あくりょうに<br> なってたとはな、、。<page>	Oro: To think Zagan had<br>become an evil spirit...<page>	
205:$4923	230:$4984	48	オロ<speaker>姫さまが、、<page><br> こりゃあ 一大事だ！！<page>	Oro: The Princess...<page><box>Oro: This is a disaster!!<page>	
205:$4941	230:$49B5	69	オロ<speaker>へ<EE> ガイバラ先生のために<br> きゅうきょくの土をねえ。<page>	Oro: Oh? You are searching<br>for the Ultimate Soil<br>for Master Gaibara.<page>	
205:$4965	230:$49FB	77	オロ<speaker>オーイエー！<page>、、って<br> もう おわったんだよな。<br> ちょっと さびしいな、、。<page>	Oro: Oh, yeah!<page><box>Oro: But it is already over.<page><box>Oro: I feel a little lonely...<page>	
205:$4993	230:$4A49	62	オロ<speaker>オー <name>さん。<br> 天下一ワナ道会は まだ<br> かいさい中だぜ。イエイ！<page><box>	Oro: Hey, <name>.<br>The Wanado Tournament<br>is still underway. Yeah!<page><box>	
205:$49C3	230:$4A88	334	オロ<speaker>このダンジョンでは<br> じぶんは ワナにかからず ぎゃくに<br> モンスターが かかるんだ。<page><box>オロ<speaker>あと ワナを<br> ひろうことも できるぞ。<page><box>オロ<speaker>ひろったワナは<br> <quoteOpen>ワナのモト<quoteClose>になり べつのワナ<br> として しかけることも できる。<page><box>オロ<speaker>しかけたワナの上に のり<br> <quoteOpen>かいぞう<quoteClose>をえらべば より<br> いいワナに かいぞうできる。<page><box>オロ<speaker>ただし いちど しかけた<br> ワナは ひろうことが できないから<br> ちゅういだぜ。イエー。<page>	"Oro: In this dungeon, traps<br>catch monsters instead of<br>you.<page><box>Oro: You can also<br>pick up traps.<page><box>Oro: A trap you pick up<br>becomes ""Trap Parts"".<page><box>Oro: You can use them<br>to set a different trap.<page><box>Oro: Stand on a trap<br>you set and choose<br>""Modify"" to improve it.<page><box>Oro: But once you set a<br>trap, you cannot pick it up<br>again. Remember that. Yeah!<page>"	
205:$4AA8	230:$4BD7	48	オロ<speaker>オー せつめいが<br> ききたくなったら いつでも<br> きてネー。<page>	Oro: Come back anytime<br>you want an explanation.<page>	
205:$4ACC	230:$4C08	44	オロ<speaker>たしか この下が<br> そうだったような、、。<page>	Oro: I think it was<br>somewhere below here...<page>	
205:$4AE8	230:$4C35	77	オロ<speaker>とりあえず 砂丘に<br> 見はりを 立てたぞ。<page><br> ほかに なにかあるか？<page>	Oro: We posted a lookout<br>in the dunes for now.<page><box>Oro: Is there anything else?<page>	
205:$4B15	230:$4C83	46	オロ<speaker>あの もり上がった<br> 砂漠が 気になるな。<page>	Oro: That raised patch<br>of desert concerns me.<page>	
205:$4B34	230:$4CB2	35	オロ<speaker>う<EE>ん<br> 今日もよく はたらいたなあ。<page>	Oro: Ahh, another<br>good day's work.<page>	
205:$4B4F	230:$4CD6	67	オロ<speaker>心配しても しょうがない。<page><br> みんな 元気出そうぜ。<page>	Oro: Worrying will not help.<page><box>Oro: Let us all<br>keep our spirits up.<page>	
205:$4B75	230:$4D1A	40	オロ<speaker>なんだか<br> 町の くうきが みょうだな、、。<page>	Oro: Something feels<br>strange in town...<page>	
205:$4B92	230:$4D43	63	オロ<speaker>うーむ、、<page><br> なぜきゅうに 砂漠が<br> 広がりだしたのだろうか？<page>	Oro: Hmm...<page><box>Oro: Why did the desert<br>suddenly begin to spread?<page>	
205:$4BBB	230:$4D83	46	オロ<speaker>いったい これから<br> なにが おこるというのだ？、、。<page>	Oro: What in the world<br>is about to happen...?<page>	
205:$4BDC	230:$4DB2	82	オロ<speaker>おお 気がついたかい？<page><br> うちの2かい あいているから<br> えんりょなく つかってくれよな。<page>	Oro: Oh, you are awake?<page><box>Oro: The second floor is free,<br>so make yourself at home.<page>	
205:$4C11	230:$4E05	141	ハトがかり<speaker>ハトたちは<br> おびえているようです、、。<page><box>ハトがかり<speaker>せかいはいったい<br> どうなってしまうのでしょう、、。<page><box>ハトがかり<speaker>、、なにを<br> ごきぼうですか？	Pigeon Handler: The<br>pigeons appear frightened...<page><box>Pigeon Handler: What in the<br>world will happen now...?<page><box>Pigeon Handler: What<br>would you like?	
205:$4C68	230:$4E93	36	ハトがかり<speaker>なにを ごきぼうですか？	Pigeon Handler: What<br>would you like?	
205:$4C7C	230:$4EB8	35	ハトがかり<speaker>いつでもどうぞ。<page>	Pigeon Handler:<br>Come back anytime.<page>	
205:$4C8D	230:$4EDC	54	ハトがかり<speaker>では<br> 「おれい」のじゅもんを<br> 入力してください。<page><box>	Pigeon Handler: Please enter<br>the Thank-You Password.<page><box>	
205:$4CB3	230:$4F13	34	ハトがかり<speaker>おめでとうございます！<page><box>	Pigeon Handler:<br>Congratulations!<page><box>	
205:$4CC8	230:$4F36	114	ハトがかり<speaker>風来きゅうじょ<br> れんめいより <cF8>j名きゅうじょの<br> しょうごうが おくられました。<delay:96><delay:96><delay:78><page><box>	Pigeon Handler: The Wanderer<br>Rescue Federation...<page><box>Pigeon Handler: has awarded<br>you a title for <cF8>j rescues.<delay:96><delay:96><delay:78><page><box>	
205:$4D05	230:$4FA9	39	ハトがかり<speaker>これからも<br> がんばってください。<page>	Pigeon Handler: Keep<br>up the good work.<page>	
205:$4D1F	230:$4FD1	123	ハトがかり<speaker>、、？<page><br> 「おれい」のじゅもんが<br> ちがうようです。<page><box>ハトがかり<speaker>もう一度<br> 入力してみてください。<page><box>	Pigeon Handler: Hm?<page><box>Pigeon Handler: That<br>Thank-You Password<br>appears to be wrong.<page><box>Pigeon Handler:<br>Please enter it again.<page><box>	
205:$4D62	230:$504D	80	ハトがかり<speaker>ザンネンながら<br> 「おれい」のじゅもんを<br> お持ちではないようです。<page><box>	Pigeon Handler: Unfortunately,<br>you do not appear to have<br>a Thank-You Password.<page><box>	
205:$4D8F	230:$509E	50	ハトがかり<speaker>なにについて<br> せつめいをごきぼうですか？	Pigeon Handler: What would<br>you like me to explain?	
205:$4DAC	230:$50D1	370	ハトがかり<speaker>では、、<br> 「sos」のじゅもんについて<br> せつめいさせていただきます。<page><box>ハトがかり<speaker>アナタが<br> ダンジョン内で ちからつきて<br> しまったそんなとき、、<page><box>ハトがかり<speaker>ともだちに助けを<br> もとめるために ひつような<br> じゅもん、、<page><box>ハトがかり<speaker>それが<br> 「sos」のじゅもんなのです。<page><box>ハトがかり<speaker>もしものときは<br> 「sos」のじゅもんを<br> ともだちに しらせてください。<page><box>ハトがかり<speaker>たよれるともだちの<br> 助けがあれば ふっかつできるかも<br> しれません。<page><box>	Pigeon Handler: Now, I shall<br>explain the SOS Password.<page><box>Pigeon Handler: Suppose you<br>collapse inside a dungeon...<page><box>Pigeon Handler: You<br>need a Password to<br>ask a friend for help.<page><box>Pigeon Handler: That<br>is the SOS Password.<page><box>Pigeon Handler: If disaster<br>strikes, tell the SOS<br>Password to a friend.<page><box>Pigeon Handler: With help<br>from a trusted friend,<br>you may be able to revive.<page><box>	
205:$4EA6	230:$5244	393	ハトがかり<speaker>では、、<br> 「ふっかつ」のじゅもんについて<br> せつめいさせていただきます。<page><box>ハトがかり<speaker>ダンジョン内で<br> ちからつきてしまったアナタが<br> ふっかつするためのじゅもん、、<page><box>ハトがかり<speaker>それが<br> 「ふっかつ」のじゅもんなのです。<page><box>ハトがかり<speaker>アナタを助けてくれた<br> ともだちから このじゅもんを<br> おしえてもらってください。<page><box>ハトがかり<speaker>そうすればアナタは<br> ちからつきる前のレベルとそうびで<br> ふっかつすることができるのです。<page><box>	Pigeon Handler: Now, I<br>shall explain the Revival<br>Password.<page><box>Pigeon Handler: It is the<br>Password that lets you revive<br>if you collapse in a dungeon.<page><box>Pigeon Handler: That is<br>the Revival Password.<page><box>Pigeon Handler: Ask<br>the friend who rescued<br>you to tell it to you.<page><box>Pigeon Handler: You can<br>then revive at the level<br>you had before collapsing.<page><box>Pigeon Handler:<br>Your equipment will<br>also be restored.<page><box>	
205:$4F8F	230:$53CE	504	ハトがかり<speaker>では、、<br> 「おれい」のじゅもんについて<br> せつめいさせていただきます。<page><box>ハトがかり<speaker>「ふっかつ」のじゅもんで<br> ぶじにふっかつできたよろこび、、<page><box>ハトがかり<speaker>助けてくれた人への<br> カンシャの気持ち、、<page><box>ハトがかり<speaker>こうした気持ちを<br> 「おれい」のじゅもんとして<br> あいてにとどけることができます。<page><box>ハトがかり<speaker>助けてくれたともだちに<br> ぜひ「おれい」のじゅもんを<br> おしえてあげてください。<page><box>ハトがかり<speaker>すると そのともだちは<br> 風来きゅうじょれんめいから<br> ひょうしょうされるのです。<page><box>ハトがかり<speaker>えいよをたたえられ<br> しょうごうをえることが<br> できるでしょう。<page><box>	Pigeon Handler: Now,<br>I shall explain the<br>Thank-You Password.<page><box>Pigeon Handler: It conveys<br>your joy at reviving with<br>a Revival Password...<page><box>Pigeon Handler: and<br>your gratitude to the<br>person who rescued you.<page><box>Pigeon Handler: You can<br>send those feelings through<br>a Thank-You Password.<page><box>Pigeon Handler: Be<br>sure to give it to the<br>friend who rescued you.<page><box>Pigeon Handler: The Wanderer<br>Rescue Federation will<br>then recognize your friend.<page><box>Pigeon Handler: Their<br>honor will be praised, and<br>they may receive a title.<page><box>	
205:$50C9	230:$55C7	20	アテカ姫<speaker>、、。<page>	Princess Ateka: ...<page>	
205:$50D5	230:$55DC	229	アテカ<speaker>わたし <name>さんたちに<br> ほんと メイワクかけてばかり。<page><box>アテカ<speaker>なんども<br> 助けていただいて ほんとうに<br> ありがとうございます。<page><box>アテカ<speaker>あと、、<page><br> わたし <name>さんに<br> 会えてよかった、、。<page><box>アテカ<speaker>それだけは<br> 旅の神クロンに かんしゃです。<page>	Ateka: I have caused<br>you and your friends so<br>much trouble, <name>.<page><box>Ateka: Thank you sincerely for<br>rescuing me time and again.<page><box>Ateka: And...<page><box>Ateka: I am glad I<br>met you, <name>...<page><box>Ateka: For that alone,<br>I thank Kron, god of<br>travelers.<page>	
205:$5164	230:$56C2	291	アテカ<speaker>、、<br> 城を 見ていました。<page><br> くずれた城を、、。<page><box>アテカ<speaker>いろいろなことが<br> あったなあって、、。<page><box>アテカ<speaker>邪神像のことや<br> まん月のぎしき。<page>それに<br> キュラスとの たたかい。<page><box>アテカ<speaker>それらが もう とおい<br> むかしのように かんじて、、。<page><box>アテカ<speaker>いま へいわなのも<br> <name>さんの おかげです。<page><box>	Ateka: I was looking<br>at the castle...<page><box>Ateka: at its ruins.<page><box>Ateka: I was thinking of<br>everything that happened...<page><box>Ateka: The Evil God Statue,<br>the full-moon ritual...<page><box>Ateka: and our<br>battle with Curas.<page><box>Ateka: It all feels like<br>the distant past now...<page><box>Ateka: We owe this peace<br>to you, <name>.<page><box>	
205:$5213	230:$57E6	62	アテカ<speaker><name>さん<page> あらためて<br> ほんとうに かんしゃします。<page>	Ateka: <name>.<page><box>Ateka: Once again, you<br>have my deepest gratitude.<page>	
205:$5235	230:$5825	25	アテカ<speaker><name>さん<br> がんばってね！<page>	Ateka: Do your<br>best, <name>!<page>	
205:$5249	230:$583F	153	アテカ<speaker>あ！ <name>さん！<page><br> もうすこししたら 町で<br> ぎょうじが はじまるの。<page><box>アテカ<speaker>イルパが へいわになった<br> きねんにって。<page><box>アテカ<speaker>だから その時は<br> <name>さんも ぜひ<br> さんかしてね。<page>	Ateka: Oh! <name>!<page><box>Ateka: A festival will<br>begin in town soon.<page><box>Ateka: It celebrates the<br>return of peace to Ilpa.<page><box>Ateka: Please join us when<br>it begins, <name>.<page>	
205:$52B4	230:$58D9	91	アテカ<speaker>ありがとうございます。<page><box>アテカ<speaker>あと ぼうへきも<br> ひつように なると思うので<br> おねがいします。<page>	Ateka: Thank you.<page><box>Ateka: I believe we will<br>also need defensive<br>walls. Please see to them.<page>	
205:$52EF	230:$5935	86	アテカ<speaker><name>さん。<br> ぶうんを おいのりします。<page><br> それから、、<page><box>アテカ<speaker>どうか ごぶじで。<page>	Ateka: I pray for fortune<br>in battle, <name>.<page><box>Ateka: And...<page><box>Ateka: Please return safely.<page>	
205:$5323	230:$598C	41	アテカ<speaker>町のみなさんに<br> お話します、、。<page>	Ateka: I will address<br>the townspeople...<page>	
205:$533D	230:$59B6	40	ライ<speaker>イルパに また<br> かっきが もどってくる！！<page>	Rai: Ilpa will be<br>bustling once again!!<page>	
205:$5359	230:$59DF	75	ライ<speaker>魔城には まだモンスターが<br> うろついていると ききます。<page><box>ライ<speaker>くれぐれも 気をつけて。<page>	Rai: I hear monsters still<br>wander the Magic Castle.<page><box>Rai: Take great care.<page>	
205:$5391	230:$5A2B	49	ライ<speaker>ワシも<br> ちょうせんしてみたが<br> ダメじゃった、、。<page>	Rai: I tried challenging<br>it too, but I failed...<page>	
205:$53B1	230:$5A5D	49	ライ<speaker>こいつを<br> どかせば いいんじゃよ。<page>	Rai: We simply need to<br>move this out of the way.<page>	
205:$53C9	230:$5A8F	36	ライ<speaker>じかんも<br> かせがなきゃのう。<page>	Rai: We must buy<br>some time as well.<page>	
205:$53DE	230:$5AB4	30	ライ<speaker>とりあえず<br> なにから するかのう？<page>	Rai: What should we do<br>first?<page>	
205:$53F6	230:$5AD3	36	ライ<speaker>いったい なんじゃろうな？<page>	Rai: What in the<br>world could it be?<page>	
205:$5409	230:$5AF8	53	ライ<speaker>うーむ。砂漠の しんこうを<br> どうやったら くいとめられるの<br> かのう？<page>	Rai: Hmm. How can we stop<br>the desert from advancing?<page>	
205:$5435	230:$5B2E	108	ライ<speaker>もうじき夜になる。<page><box>ライ<speaker>魔城も あんなだし<br> さいきんは ブッソウな気がして<br> ふあんじゃのう。<page>	Rai: Night will soon fall.<page><box>Rai: With the Magic Castle in<br>that state, these dangerous<br>times make me uneasy.<page>	
205:$5472	230:$5B9B	27	ライ<speaker>どうするかのう、、。<page>	Rai: What should we do...?<page>	
205:$5482	230:$5BB7	59	ライ<speaker>ザガンとかいう男は<br> なんとなくキミがワルいのう、、。<page>	Rai: There is something<br>unpleasant about<br>that man Zagan...<page>	
205:$54A4	230:$5BF3	28	ライ<speaker>ま 魔城が、、。<page>	Rai: Th-The Magic Castle...<page>	
205:$54B4	230:$5C10	121	ライ<speaker>あんなに おだやかだった<br> 領主さまが あれほどまで<br> かわられるとは、、<page><box>ライ<speaker>あの城で いったい なにが<br> あったんだろうか？、、。<page>	Rai: To think the<br>once-gentle Lord could<br>change so completely...<page><box>Rai: What in the world<br>happened inside that<br>castle...?<page>	
205:$5503	230:$5C8A	45	ライ<speaker>領主さまは なぜ きゅうに<br> かわられたんだろう？、、。<page>	Rai: Why did the Lord<br>change so suddenly...?<page>	
205:$5527	230:$5CB8	86	よくやった！ おめでとう！！<delay:F0><br>きみのかつやくで またひとり<br>こまっている風来人が すくわれた！<delay:BE><page><box>	Well done! Congratulations!!<delay:F0><br>Your efforts have rescued<br>another Wanderer in need!<delay:BE><page><box>	
205:$5560	230:$5D0F	36	風来きゅうじょたいに<br>さっそく ほうこくしよう！<page><box>	Report to the<br>Rescue Team at once!<page><box>	
205:$557D	230:$5D34	887	リヒピシ<speaker>やあ<br> きっと来ると思ったよ。<page><box>リヒピシ<speaker>これが さいごだ、、。<page><br> ほんとうのことを おしえて<br> あげよう。<page><box>リヒピシ<speaker>ビッグモアイさまの<br> しょうたいって なんだと思う？<page><box>リヒピシ<speaker>ビッグモアイさまの<br> しょうたい、、<page><br> それは ボクなのさ。<page><box>リヒピシ<speaker>ボクが<br> ビッグモアイさまを<br> つくったんだよ。<page><box>リヒピシ<speaker>ダンジョンから<br> じんめんいわを ひろってきて<br> かいぞうし、、<page><box>リヒピシ<speaker>うらがわには<br> ロケットふんしゃを つけた。<page><box>リヒピシ<speaker>おんせいきのうも<br> ないぞうさせ しかも ほうげんで<br> しゃべるという このコリよう。<page><box>リヒピシ<speaker>その すべては<br> ボクが やったことなのさ。<page><box>リヒピシ<speaker>ビッグモアイさまを<br> つくったのは、、<page>このボク。<page><br> すべては このボクなのさ。<page><box>リヒピシ<speaker>、、って ゴメンゴメン。<br> 今のは ぜんぶウソ。<br> ただのウソっぱち。<page><box>リヒピシ<speaker>こんなこと 本気で<br> いったら ビッグモアイさまに<br> おしおき されちゃうよ。<page><box>リヒピシ<speaker>おこった？<page><br> じゃ おわびに おまじない<br> いうから ゆるして。<page><box>リヒピシ<speaker>ほよけた！<page><br> さあ ビッグモアイさまのところへ<br> ゴー！ ゴー！<page>	Rihipishi: Hello. I<br>knew you would come.<page><box>Rihipishi: This<br>is the last one...<page><box>Rihipishi: I will<br>tell you the truth.<page><box>Rihipishi: What do you<br>think Big Moai really is?<page><box>Rihipishi: Big Moai's<br>true identity...<page><box>Rihipishi: is me.<page><box>Rihipishi: I created Big<br>Moai.<page><box>Rihipishi: I retrieved<br>a Rock Head from a<br>dungeon and modified it...<page><box>Rihipishi: Then I installed<br>rocket thrusters on its<br>back.<page><box>Rihipishi: I even built<br>in a voice system and<br>made it speak in dialect.<page><box>Rihipishi: Every last<br>part of it was my work.<page><box>Rihipishi: The one who<br>created Big Moai...<page><box>Rihipishi: was me.<page><box>Rihipishi: It was all me.<page><box>Rihipishi: Sorry, sorry.<br>That was all a lie.<page><box>Rihipishi: A complete<br>fabrication.<page><box>Rihipishi: If I truly<br>said that, Big Moai<br>would punish me.<page><box>Rihipishi: Are you angry?<page><box>Rihipishi: Forgive me,<br>and I will give you a<br>spell as an apology.<page><box>Rihipishi: HOYO!<page><box>Rihipishi: Now go!<br>Go to Big Moai!<page>	
205:$57A1	230:$60AC	267	リヒピシ<speaker>いやあ<br> ここまで つけまわされると<br> もうダツボウだよ。<page><box>リヒピシ<speaker>キミって<br> もしかしてストーカー？<page><box>リヒピシ<speaker>ゴメンゴメン<br> ジョウダンだってばっ。<page><box>リヒピシ<speaker>気ぃワルくしないでよ。<br> おまじないを おしえてあげる<br> からさァ。<page><box>リヒピシ<speaker>つべゆわ！<page><br> ホラ！ いそげ！<br> ビッグモアイさまのところへ！！<page>	Rihipishi: You have<br>followed me this far. I<br>must tip my hat to you.<page><box>Rihipishi: Are you<br>some kind of stalker?<page><box>Rihipishi: Sorry, sorry!<br>I am only joking.<page><box>Rihipishi: Do not take offense.<br>I will teach you a spell.<page><box>Rihipishi: TSUB!<page><box>Rihipishi: Now<br>hurry to Big Moai!!<page>	
205:$584E	230:$61B8	204	リヒピシ<speaker>やあ！ あいかわらず<br> よく見つけるねえ。<page><box>リヒピシ<speaker>ごほうびに おまじないを<br> おしえてあげる。<page><box>リヒピシ<speaker>すぎくぶ！<page><br> ビッグモアイさまに<br> となえてごらん。<page><box>リヒピシ<speaker>きっと<br> いいことがあるぜ。<page>	Rihipishi: Hello! You are as<br>good at finding me as ever.<page><box>Rihipishi: I will reward<br>you with a spell.<page><box>Rihipishi: SUGI!<page><box>Rihipishi: Try saying<br>it to Big Moai.<page><box>Rihipishi: Something<br>good is sure to happen.<page>	
205:$58C3	230:$6285	185	リヒピシ<speaker>やあ！<br> よく見つけるねえ。<page><box>リヒピシ<speaker>ごほうびに おまじないを<br> おしえてあげる。<page><box>リヒピシ<speaker>ままいす！<page><br> ビッグモアイさまのところで<br> となえてごらん。<page><box>リヒピシ<speaker>きっと<br> いいことがあるぜ。<page>	Rihipishi: Hello!<br>You found me again.<page><box>Rihipishi: I will reward<br>you with a spell.<page><box>Rihipishi: MAMA!<page><box>Rihipishi: Try saying<br>it to Big Moai.<page><box>Rihipishi: Something<br>good is sure to happen.<page>	
205:$5935	230:$633F	267	リヒピシ<speaker>え？<page> こんなところで<br> なにをしてるかって？<page><box>リヒピシ<speaker>、、や やだな。<br> あ あやしいことは なにも<br> してないよう。<page><box>リヒピシ<speaker>そうだ。おまじないを<br> おしえてあげるよ！<page><box>リヒピシ<speaker>らぬめせ！<page><br> ビッグモアイさまのところで<br> となえてごらん。<page><box>リヒピシ<speaker>きっと いいことがあるぜ。<br> じゃあ。<page>	Rihipishi: Hm?<page><box>Rihipishi: What<br>am I doing here?<page><box>Rihipishi: N-Nothing<br>suspicious, I assure you.<page><box>Rihipishi: I know! I<br>will teach you a spell!<page><box>Rihipishi: RANU!<page><box>Rihipishi: Try saying<br>it to Big Moai.<page><box>Rihipishi: Something<br>good is sure to happen.<page><box>Rihipishi: See you.<page>	
205:$59DB	230:$644B	267	リヒピシ<speaker>え？<page> こんなところで<br> なにをしてるかって？<page><box>リヒピシ<speaker>、、や やだな。<br> あ あやしいことは なにも<br> してないよう。<page><box>リヒピシ<speaker>そうだ。おまじないを<br> おしえてあげるよ！<page><box>リヒピシ<speaker>らぬめせ！<page><br> ビッグモアイさまのところで<br> となえてごらん。<page><box>リヒピシ<speaker>きっと いいことがあるぜ。<br> じゃあ。<page>	Rihipishi: Hm?<page><box>Rihipishi: What<br>am I doing here?<page><box>Rihipishi: N-Nothing<br>suspicious, I assure you.<page><box>Rihipishi: I know! I<br>will teach you a spell!<page><box>Rihipishi: RANU!<page><box>Rihipishi: Try saying<br>it to Big Moai.<page><box>Rihipishi: Something<br>good is sure to happen.<page><box>Rihipishi: See you.<page>	
205:$5A81	230:$6557	179	リヒピシ<speaker>やあ！<br> よくボクを見つけたね！<page><box>リヒピシ<speaker>ごほうびに おまじないを<br> おしえてあげるよ。<page><box>リヒピシ<speaker>ばでぜく！<page><br> ビッグモアイさまのところで<br> となえてごらん。<page><box>リヒピシ<speaker>きっと<br> いいことがあるぜ。<page>	Rihipishi: Hello!<br>You found me!<page><box>Rihipishi: I will reward<br>you with a spell.<page><box>Rihipishi: BADE!<page><box>Rihipishi: Try saying<br>it to Big Moai.<page><box>Rihipishi: Something<br>good is sure to happen.<page>	
205:$5AF6	230:$660B	197	リヒピシ<speaker>、、砂丘の方が<br> さわがしいけど なんか<br> あったのかなあ、、。<page><box>リヒピシ<speaker>、、まあ いいや。<br> ボク そんなにウワサずきじゃ<br> ないしね。<page><box>リヒピシ<speaker>ところで この家には<br> イルパの守り神ビッグモアイさまが<br> いらっしゃるんだ。<page><box>	Rihipishi: It sounds<br>noisy near the dunes. I<br>wonder what happened...<page><box>Rihipishi: Oh, well. I<br>am not much for gossip.<page><box>Rihipishi: By the way, this<br>house is home to Ilpa's<br>guardian deity, Big Moai.<page><box>	
205:$5B7C	230:$66D1	43	リヒピシ<speaker>ちぇ。<br> じゃあ おしえてあげない。<page>	Rihipishi: Fine. Then<br>I will not tell you.<page>	
205:$5B96	230:$66FD	98	リヒピシ<speaker>この家にはイルパの守り神<br> ビッグモアイさまが いらっしゃる。<br> そそうのない ようにな。<page><box>	Rihipishi: This house<br>is home to Ilpa's<br>guardian deity, Big Moai.<page><box>Rihipishi: Mind your manners.<page><box>	
205:$5BCF	230:$6760	43	リヒピシ<speaker>ちぇ。<br> じゃあ おしえてあげない。<page>	Rihipishi: Fine. Then<br>I will not tell you.<page>	
205:$5BE9	230:$678C	245	リヒピシ<speaker>ビッグモアイさまに<br> おまじないを となえると<br> いいものが もらえるんだ。<page><box>リヒピシ<speaker>え？<br> おまじないを おしえてくれって？<page><br> ウーン、、どうしようかなあ。<page><box>リヒピシ<speaker>じゃあねえ。<br> <quoteOpen>まじない<quoteClose>って となえてみなよ。<page><box>リヒピシ<speaker>そうそう！<br> おまじないは 1回きりしか<br> きかないよ。<page>	"Rihipishi: Say a spell<br>to Big Moai and you will<br>receive something good.<page><box>Rihipishi: Hm? You want<br>me to tell you one?<page><box>Rihipishi: Hmm...<br>What should I do?<page><box>Rihipishi: All right.<br>Try saying ""WISH"".<page><box>Rihipishi: Oh, yes!<br>Each spell works only once.<page>"	
205:$5CE4	230:$6882	168	ヒゲチヨ<speaker>ふぉっふぉっふぉっ。<page><br> しっかり とっくんしてきた<br> みたいじゃのう。<page><box>ヒゲチヨ<speaker>よろしい。<page><box>ヒゲチヨ<speaker>では ワシから<br> ごほうびをあげよう。<page><br> ささ えんりょせずに。<page><box>	Higechiyo: Ho ho ho.<page><box>Higechiyo: It seems<br>you trained diligently.<page><box>Higechiyo: Excellent.<page><box>Higechiyo: Then I shall<br>give you a reward.<page><box>Higechiyo: Go on.<br>Do not be shy.<page><box>	
205:$5D47	230:$692B	34	<name>は ヒゲチヨから<br><cF8>mをもらった！<delay:50><page><box>	<name> received<br><cF8>m from Higechiyo!<delay:50><page><box>	
205:$5D5F	230:$694E	41	ヒゲチヨ<speaker>ふぉっふぉっふぉっ。<br> またいつでもいらっしゃい。<page>	Higechiyo: Ho ho ho.<br>Come again anytime.<page>	
205:$5D80	230:$6978	226	ヒゲチヨ<speaker>ふぉっふぉっふぉっ。<page><br> しっかり とっくんしてきた<br> みたいじゃのう。<page><box>ヒゲチヨ<speaker>よろしい。<page><box>ヒゲチヨ<speaker>では ワシから<br> ごほうびをあげよう。<page><br> ささ えんりょ、、<page>ふぉっ！<page><box>ヒゲチヨ<speaker>な なんと！<br> 持ち物がいっぱいじゃよお。<page><box>	Higechiyo: Ho ho ho.<page><box>Higechiyo: It seems<br>you trained diligently.<page><box>Higechiyo: Excellent.<page><box>Higechiyo: Then I shall<br>give you a reward.<page><box>Higechiyo: Go on. Do not be...<page><box>Higechiyo: Hoh!<page><box>Higechiyo: What?!<br>Your inventory is full!<page><box>	
205:$5E05	230:$6A5B	66	ヒゲチヨ<speaker>なにかあきらめんと<br> <cF8>mは<br> あげられないのう、、。<page><box>	Higechiyo: Unless you<br>give something up, I<br>cannot give you <cF8>m...<page><box>	
205:$5E29	230:$6A9E	55	ヒゲチヨ<speaker>ふむ、、<page><br> では <cF8>8を<br> あきらめるのじゃな？	Higechiyo: Hmm...<page><box>Higechiyo: Then<br>you will give up <cF8>8?	
205:$5E49	230:$6AD6	60	ヒゲチヨ<speaker>あい わかった。<page><br> では かわりにこれを<br> 持っていきなされ。<page><box>	Higechiyo: Understood.<page><box>Higechiyo: Take<br>this in its place.<page><box>	
205:$5E73	230:$6B13	41	<name>は ヒゲチヨししょうから<br><cF8>mをもらった！<delay:50><page><box>	<name> received<br><cF8>m from Master Higechiyo!<delay:50><page><box>	
205:$5E8F	230:$6B3D	41	ヒゲチヨ<speaker>ふぉっふぉっふぉっ。<br> またいつでもいらっしゃい。<page>	Higechiyo: Ho ho ho.<br>Come again anytime.<page>	
205:$5EB0	230:$6B67	75	ヒゲチヨ<speaker>なんと！<br> ことわりおった！<page><box>ヒゲチヨ<speaker>ほんとうに<br> <cF8>mは<br> いらぬともうすか？	Higechiyo: What?!<br>You refuse!<page><box>Higechiyo: Do you truly<br>have no need for <cF8>m?	
205:$5EE2	230:$6BB3	129	ヒゲチヨ<speaker>あい わかった。<page><br> そこまで言うのなら<br> しかたがないのう、、。<page><box>ヒゲチヨ<speaker>、、、、。<page><br> またいつでもいらっしゃい。<page>	Higechiyo: Understood.<page><box>Higechiyo: If you insist,<br>then it cannot be helped...<page><box>Higechiyo: ......<page><box>Higechiyo: Come again<br>anytime.<page>	
205:$5F29	230:$6C35	144	トレパン<speaker>ツワモノドー<page>、、？<page><box>トレパン<speaker>オウ、、。<br> なんだか元気ありまセーンネー。<page><box>トレパン<speaker>なにかワケありと<br> おみうけシマシター。<page><br> ナニを ごきぼうデスか？	Torepan: Warrior<br>Hall...<page>...what?<page><box>Torepan: Oh... You seem<br>to have no energy.<page><box>Torepan: I see you<br>have your reasons.<page><box>Torepan: What do you wish?	
205:$5F85	230:$6CC6	148	トレパン<speaker>さいきん 入門する人<br> へてキマシター。<page><box>トレパン<speaker>テンはミズカラー<br> タスくるモーノをータースクー！<page><br> 、、とききマッス。<page><box>トレパン<speaker>ナニを ごきぼうデスか？	Torepan: Fewer people<br>come to train lately.<page><box>Torepan: Heaven helps<br>those who help themselves!<page><box>Torepan: So I have heard.<page><box>Torepan: What do you wish?	
205:$5FE4	230:$6D5B	175	トレパン<speaker>くんれんで 強くナル。<br> こんなときダカラ がんばる。<page><box>トレパン<speaker>自分をしんじて！<page><br> トレパンしんじて！<page><box>トレパン<speaker>ナニを ごきぼうデスか？	Torepan: Training<br>makes you strong.<page><box>Torepan: At a time like<br>this, you must work hard.<page><box>Torepan: Believe in yourself!<page><box>Torepan: Believe in Torepan!<page><box>Torepan: What do you wish?	
205:$6039	230:$6E0B	127	トレパン<speaker>コノ町のため<br> アナタ たたかう。<page><box>トレパン<speaker>ヒゲチヨセンセーも<br> トレパンもたたかう。<page><box>トレパン<speaker>サア！<page><br> ナニを ごきぼうデスか？！	Torepan: You fight<br>for this town.<page><box>Torepan: Master Higechiyo<br>and Torepan fight too.<page><box>Torepan: Now!<page><box>Torepan: What do you wish?!	
205:$608A	230:$6E8B	55	トレパン<speaker>コチラは くんれん所。<br> ナニを ごきぼうデースカー？	Torepan: This is the training<br>ground. What do you wish?	
205:$60AD	230:$6EC3	72	トレパン<speaker>oh、、。<br> イッスン先はヤミ といいマス。<br> ドーゾ 気をつけて。<page>	Torepan: Oh... They say<br>darkness lies one step<br>ahead. Please take care.<page>	
205:$60D9	230:$6F0C	553	トレパン<speaker>ハイ！<page><br> では せつめいしマッス！<page><box>トレパン<speaker>コノくんれんじょ<br> モグラたたいてくんれんしマッス。<page><box>トレパン<speaker>出てくるモグラを<br> ひたすら バンバンバンバンと<br> たたきマッス。<page><box>トレパン<speaker>じつは それだけ！<br> oh！ とてもカンタン！<page><br> ただし ちゅういもあるヨ！<page><box>トレパン<speaker>せっかくレベル上げても<br> もぐるダンジョンによっては<br> くんれんムダになてしまうヨ。<page><box>トレパン<speaker>レベル1にもどされて<br> スタートするダンジョン。<br> アリャ ダメですネ。<page><box>トレパン<speaker>せっかくの くんれん<br> すべて みーずのーアワーデス。<page><box>トレパン<speaker>そのようなダンジョンに<br> 入る前のくんれんは オススメ<br> できませヌー。<page><box>トレパン<speaker>ハイ！ せつめいは<br> そんなカンジー。<page><box>	Torepan: Yes!<page><box>Torepan: I will explain!<page><box>Torepan: At this<br>training ground, you<br>train by striking moles.<page><box>Torepan: Hit every mole that<br>appears, bam, bam, bam, bam!<page><box>Torepan: That is truly<br>all! Oh! Very simple!<page><box>Torepan: But there<br>is one warning!<page><box>Torepan: In some dungeons,<br>all the levels you gain<br>here will be wasted.<page><box>Torepan: Dungeons that<br>return you to Level 1 at<br>the start are no good.<page><box>Torepan: All your training<br>will go down the drain.<page><box>Torepan: I do not<br>recommend training before<br>entering such a dungeon.<page><box>Torepan: Yes! That<br>is the explanation.<page><box>	
205:$623A	230:$7136	200	トレパン<speaker>oh！ ナイスファイト！<page><box>トレパン<speaker>中に入ると モグラが<br> カオ出すヨ。アナタそれバンバン<br> タタイちゃってクダサイ！<page><box>トレパン<speaker>コツ？<page><br> そりゃもちろん ナナメの動きネ！<page><box>トレパン<speaker>どう？ ヤレる？<br> バッチリ？ くんれんはじめるヨ？	Torepan: Oh! Nice fight!<page><box>Torepan: Moles show their<br>faces inside. Hit them hard!<page><box>Torepan: The secret?<page><box>Torepan: Diagonal<br>movement, of course!<page><box>Torepan: Can you do it? Are<br>you ready to begin training?	
205:$62C2	230:$71FF	114	トレパン<speaker>ok！<br> ツーワモーノドーモガー<br> ユーメノーアトー！！<page><box>トレパン<speaker>さっそく くんれんを<br> はじめマッス！ おくのへやに<br> ドーゾ。ドーゾ。<page><box>	Torepan: Okay!<br>Where warriors'<br>dreams remain!!<page><box>Torepan: We begin<br>training at once! Enter<br>the back room, please.<page><box>	
205:$6313	230:$7272	80	トレパン<speaker>続けて くんれんするには<br> 200ギタン ひつようデース。<page><br> それでも よいですカナ？	Torepan: Continuing your<br>training costs 200 Gitan.<page><box>Torepan: Is that acceptable?	
205:$6347	230:$72C3	80	トレパン<speaker>続けて くんれんするには<br> 400ギタン ひつようデース。<page><br> それでも よいですカナ？	Torepan: Continuing your<br>training costs 400 Gitan.<page><box>Torepan: Is that acceptable?	
205:$637B	230:$7314	80	トレパン<speaker>続けて くんれんするには<br> 600ギタン ひつようデース。<page><br> それでも よいですカナ？	Torepan: Continuing your<br>training costs 600 Gitan.<page><box>Torepan: Is that acceptable?	
205:$63AF	230:$7365	80	トレパン<speaker>続けて くんれんするには<br> 800ギタン ひつようデース。<page><br> それでも よいですカナ？	Torepan: Continuing your<br>training costs 800 Gitan.<page><box>Torepan: Is that acceptable?	
205:$63E3	230:$73B6	88	トレパン<speaker>ノ<EE>！ ザーンネーン、、。<br> コリャ ギタンが 足りませんネ！<br> また きてくだサーイ！<page>	Torepan: No! What a shame...<br>You do not have enough<br>Gitan!<page><box>Torepan: Please come again!<page>	
205:$6418	230:$740F	55	トレパン<speaker>oh！<br> そうデスカ ザンネーン、、。<br> また きてくだサーイ。<page>	Torepan: Oh! I see. What a<br>shame... Please come again.<page>	
205:$6440	230:$7447	256	トレパン<speaker>oh！<page><br> 続けるにも げんどアリマース！<page><box>トレパン<speaker>風来人たるモーノ<br> 体がシホン！ ムリはダメ！<page><box>トレパン<speaker>ぜひ ダンジョン行テ<br> くんれんのセーカを<br> たしかめてきてクダサーイ。<page><box>トレパン<speaker>くんれんサイカイは<br> それカーラデース。<page>	Torepan: Oh!<page><box>Torepan: There is a limit to<br>how long you may continue!<page><box>Torepan: A wanderer's<br>body is their greatest<br>asset! Do not overdo it!<page><box>Torepan: Go into a<br>dungeon and see what your<br>training has achieved.<page><box>Torepan: You may resume<br>training after that.<page>	
205:$64CA	230:$7548	189	トレパン<speaker>ツワモノドーモがー<br> ユーメのーアトー！<page><box>トレパン<speaker>くんれん所へ ヨーコソ！<page><br> だけど まだ やってないネー。<page><box>トレパン<speaker>そのうち くんれん<br> できるようになるから また<br> きてくだサーイ！<page>	Torepan: Where<br>warriors' dreams remain!<page><box>Torepan: Welcome to<br>the training ground!<page><box>Torepan: But it<br>is not ready yet.<page><box>Torepan: You will be able<br>to train here someday,<br>so please come again!<page>	
205:$6537	230:$7606	82	トレパン<speaker>ノ<EE>。ノ<EE>。<br> イシのウエにも サーンネーン。<page><br> シンボウ してくだサーイ！<page>	Torepan: No, no.<br>Good things come<br>to those who wait.<page><box>Torepan: Please be patient!<page>	
205:$6566	230:$7659	39	トレパン<speaker>ハイ！ おわりデース！<br> でてキテ でてキテー！<page>	Torepan: Yes! It is over!<br>Come on out!<page>	
205:$6586	230:$7681	323	トレパン<speaker>oh！ 見ちがえたヨー！<br> センリのミーチも イッポからー。<br> これからも ガンバテくだサーイ！<page><box>トレパン<speaker>ソーソー！ おカネあれば<br> 続けてくんれんできマース！<page><box>トレパン<speaker>タダで くんれんしたい？<page><br> 1回 ダンジョン行テくればー<br> また タダになるヨー。ラッキー！<page><box>トレパン<speaker>そこんとこ ヨロシクー！<page>	Torepan: Oh! You are<br>like a whole new person!<page><box>Torepan: A journey of a<br>thousand miles begins with<br>a single step. Keep at it!<page><box>Torepan: Oh, yes! If<br>you have money, you<br>may continue training!<page><box>Torepan: You want<br>to train for free?<page><box>Torepan: Enter a dungeon<br>once, and it will be<br>free again. Lucky you!<page><box>Torepan: Do not forget!<page>	
205:$6630	230:$77C5	199	トレパン<speaker>オミゴト！！<page><box>トレパン<speaker>トレパン カンドーよ！<br> ソンケーするよ！<page><box>トレパン<speaker>でもでも！<page><br> 続けられるの ここまで。<page><box>トレパン<speaker>風来人は体がシホン！<br> アセッてはダメ。<page>、、ダメ。<page>	Torepan: Splendid!!<page><box>Torepan: Torepan is<br>moved! I respect you!<page><box>Torepan: But, but!<page><box>Torepan: You may<br>continue no further.<page><box>Torepan: A wanderer's<br>body is their greatest<br>asset! Do not rush.<page>...Do not.<page>	
205:$669E	230:$788D	26	ワンダ<speaker>ほんとうに ありがとよ！<page>	Wanda: Thank you so much!<page>	
205:$66B1	230:$78A8	51	ワンダ<speaker>ほお、これが<br> ジマンのカケジクか、、。<page>	Wanda: Oh, so this is the<br>prized hanging scroll...<page>	
205:$66CC	230:$78DC	37	ワンダ<speaker>今のところ<br> いじょうは ないな。<page>	Wanda: Nothing seems<br>unusual so far.<page>	
205:$66E5	230:$7902	35	ワンダ<speaker>たたかう じゅんびを<br> するのさ。<page>	Wanda: I'm getting<br>ready to fight.<page>	
205:$66FD	230:$7926	41	ワンダ<speaker>どんな話だろう？<page>	Wanda: I wonder what<br>the story is about.<page>	
205:$670D	230:$7950	37	ワンダ<speaker>水でも まくか？<page>	Wanda: Should I<br>sprinkle some water?<page>	
205:$671D	230:$7976	127	ワンダ<speaker>うちは ごしんように<br> こんぼうと 木甲の盾を<br> かったんだ。<page><box>ワンダ<speaker>このふたつは あいしょうが<br> いいから よりパワーがでて<br> いいぜ。<page>	Wanda: We bought a Club<br>and a Wooden Shield for<br>protection.<page><box>Wanda: Those two work<br>well together, so they<br>give you more power.<page>	
205:$676F	230:$79F6	14	ワンダ<speaker>うーむ、、。<page>	Wanda: Hmm...<page>	
205:$677C	230:$7A05	105	ワンダ<speaker>ザガンって たまに<br> 町まで おりてくるんだよな。<page><box>ワンダ<speaker>なんか よそものを<br> 見つけちゃ 声をかけてたよう<br> だったけど、、。<page>	Wanda: Zagan comes down<br>into town sometimes.<page><box>Wanda: He seemed to approach<br>any outsider he found, but...<page>	
205:$67C9	230:$7A6F	55	ワンダ<speaker>砂漠が広がったのと<br> カンケイがあるのか？！<page>	Wanda: Could it be connected<br>to the spreading desert?!<page>	
205:$67E9	230:$7AA7	112	ワンダ<speaker>気のせいかもしれんが、、<page><br> 城が 魔城になってから 砂漠も<br> すこしずつ広がっている気が、。<page>	Wanda: I may be imagining<br>it...<page><box>Wanda: But since it became<br>the Magic Castle, the desert<br>seems to be spreading.<page>	
205:$6827	230:$7B18	273	ワンダ<speaker>ちょっと前から 城に<br> 魔物が すみつきはじめてさ<page><box>ワンダ<speaker>その数が 日に日に<br> ふえているみたいなんで みんな<br> キミわるがってるんだ。<page><box>ワンダ<speaker>なので だれが いいだした<br> のか 今では魔城（まじょう）なんて<br> よぶようになったんだけど、、<page><box>ワンダ<speaker>ホントに<br> だいじょうぶかなあ、、。<page>	Wanda: Monsters started<br>settling in the castle<br>a little while ago.<page><box>Wanda: Their numbers seem<br>to grow every day, and it<br>gives everyone the creeps.<page><box>Wanda: No one knows who<br>first said it, but now we<br>call it the Magic Castle...<page><box>Wanda: I hope everything<br>will be all right...<page>	
205:$6905	221:$7545	121	<number:19:C5>をひろった。<page><br>かたい木をけずりだして<br>にぎりやすくしたぶき。<page><box>bボタンでメニューをひらき<br><speaker>どうぐ<speakerEnd>でえらんでそうびしよう。	Got <number:19:C5>.<page><br>Carved from solid wood and<br>shaped for an easy grip.<page><box>Press B to open the<br>menu, then choose<br>Items and equip it.	
205:$694D	221:$75BF	97	<number:19:C5>をひろった。<page><br>有{F174=明}でつくられた剣。<page><box>bボタンでメニューをひらき<br><speaker>どうぐ<speakerEnd>でえらんでそうびしよう。	Got <number:19:C5>.<page><br>A sword forged from bronze.<page><box>Press B to open the<br>menu, then choose<br>Items and equip it.	
205:$698A	221:$7621	155	<number:19:C5>をひろった。<page><br>百匹のオニを たおすと言われる<br>たかいこうげきりょくをもった剣。<page><box>bボタンでメニューをひらき<br><speaker>どうぐ<speakerEnd>でえらんでそうびしよう。	Got <number:19:C5>.<page><box>Legend says it can defeat one<br>hundred demons. Its attack<br>power is exceptionally high.<page><box>Press B to open the<br>menu, then choose<br>Items and equip it.	
205:$69DE	221:$76BD	103	<number:19:C5>をひろった。<page><br>木でつくられていてさびない盾。<page><box>bボタンでメニューをひらき<br><speaker>どうぐ<speakerEnd>でえらんでそうびしよう。	Got <number:19:C5>.<page><br>A wooden shield<br>that never rusts.<page><box>Press B to open the<br>menu, then choose<br>Items and equip it.	
205:$6A1F	221:$7725	103	<number:19:C5>をひろった。<page><br>鉄でつくられた がんじょうな盾。<page><box>bボタンでメニューをひらき<br><speaker>どうぐ<speakerEnd>でえらんでそうびしよう。	Got <number:19:C5>.<page><br>A sturdy shield<br>forged from iron.<page><box>Press B to open the<br>menu, then choose<br>Items and equip it.	
205:$6A61	221:$778D	101	<number:19:C5>をひろった。<page><br>ちからが上がる腕輪。<page><box>bボタンでメニューをひらき<br><speaker>どうぐ<speakerEnd>でえらんでそうびしよう。	Got <number:19:C5>.<page><br>Raises Strength<br>while equipped.<page><box>Press B to open the<br>menu, then choose<br>Items and equip it.	
205:$6A9E	221:$77F3	114	<number:19:C5>をひろった。<page><br>食べるとおなかがすこしふくれる。<page><box>アイテムせつめいは bボタンで<br>メニューをひらき <speaker>どうぐ<speakerEnd>で<br>えらべばいつでも見られるぞ。	Got <number:19:C5>.<page><br>Eat it to restore<br>a little Fullness.<page><box>Press B to open the<br>menu, then choose Items<br>to view descriptions.	
205:$6AEF	221:$7866	105	<number:19:C5>をひろった。<page><br>食べるとおなかがいっぱいになる。<page><box>アイテムせつめいは bボタンで<br>メニューをひらき <speaker>どうぐ<speakerEnd>で<br>えらべばいつでも見られるぞ。	Got <number:19:C5>.<page><br>Eat it to restore Fullness.<page><box>Press B to open the<br>menu, then choose Items<br>to view descriptions.	
205:$6B40	221:$78D0	112	<number:19:C5>をひろった。<page><br>飲むとhpがすこしかいふくするぞ。<page><box>アイテムせつめいは bボタンで<br>メニューをひらき <speaker>どうぐ<speakerEnd>で<br>えらべばいつでも見られるぞ。	Got <number:19:C5>.<page><br>Consume it to<br>restore a little HP.<page><box>Press B to open the<br>menu, then choose Items<br>to view descriptions.	
205:$6B92	221:$7941	111	<number:19:C5>をひろった。<page><br>飲むとhpがたくさんかいふくする。<page><box>アイテムせつめいは bボタンで<br>メニューをひらき <speaker>どうぐ<speakerEnd>で<br>えらべばいつでも見られるぞ。	Got <number:19:C5>.<page><br>Consume it to<br>restore lots of HP.<page><box>Press B to open the<br>menu, then choose Items<br>to view descriptions.	
205:$6BE4	221:$79B1	123	<number:19:C5>をひろった。<page><br>飲むと ふだん見えないものが<br>見えるようになるぞ。<page><box>アイテムせつめいは bボタンで<br>メニューをひらき <speaker>どうぐ<speakerEnd>で<br>えらべばいつでも見られるぞ。	Got <number:19:C5>.<page><br>Consume it to see hidden<br>creatures and traps.<page><box>Press B to open the<br>menu, then choose Items<br>to view descriptions.	
205:$6C40	221:$7A2D	125	<number:19:C5>をひろった。<page><br>飲むと 口から火をはいて<br>モンスターを こうげきできるぞ。<page><box>アイテムせつめいは bボタンで<br>メニューをひらき <speaker>どうぐ<speakerEnd>で<br>えらべばいつでも見られるぞ。	Got <number:19:C5>.<page><br>Consume it to breathe<br>fire and attack monsters.<page><box>Press B to open the<br>menu, then choose Items<br>to view descriptions.	
205:$6CA0	221:$7AAB	120	<number:19:C5>をひろった。<page><br>持っていれば たおれても一度だけ<br>ふっかつすることができるぞ。<page><box>アイテムせつめいは bボタンで<br>メニューをひらき <speaker>どうぐ<speakerEnd>で<br>えらべばいつでも見られるぞ。	Got <number:19:C5>.<page><br>Carry it to revive<br>once when you collapse.<page><box>Press B to open the<br>menu, then choose Items<br>to view descriptions.	
205:$6D02	221:$7B24	105	<number:19:C5>をひろった。<page><br>飲むと さいだいhpが上がるぞ。<page><box>アイテムせつめいは bボタンで<br>メニューをひらき <speaker>どうぐ<speakerEnd>で<br>えらべばいつでも見られるぞ。	Got <number:19:C5>.<page><br>Consume it to raise Max HP.<page><box>Press B to open the<br>menu, then choose Items<br>to view descriptions.	
205:$6D54	221:$7B8E	115	<number:19:C5>をひろった。<page><br>飲むと ちからがさいだい値まで<br>かいふくするぞ。<page><box>アイテムせつめいは bボタンで<br>メニューをひらき <speaker>どうぐ<speakerEnd>で<br>えらべばいつでも見られるぞ	Got <number:19:C5>.<page><br>Consume it to fully<br>restore Strength.<page><box>Press B to open the<br>menu, then choose Items<br>to view descriptions.	
205:$6DAD	221:$7C02	137	<number:19:C5>をひろった。<page><br>飲むと hpとちからが下がるぞ。<br>動きも おそくなってしまうぞ。<page><box>アイテムせつめいは bボタンで<br>メニューをひらき <speaker>どうぐ<speakerEnd>で<br>えらべばいつでも見られるぞ。	Got <number:19:C5>.<page><box>Consume it to lower<br>HP and Strength and<br>slow your movement.<page><box>Press B to open the<br>menu, then choose Items<br>to view descriptions.	
205:$6E10	221:$7C8C	108	<number:19:C5>をひろった。<page><br>飲むと こんらんしてしまうぞ。<page><box>アイテムせつめいは bボタンで<br>メニューをひらき <speaker>どうぐ<speakerEnd>で<br>えらべばいつでも見られるぞ。	Got <number:19:C5>.<page><br>Consume it to<br>become confused.<page><box>Press B to open the<br>menu, then choose Items<br>to view descriptions.	
205:$6E60	221:$7CF9	108	<number:19:C5>をひろった。<page><br>飲むと すこしは<br>ハラのたしになるぞ。<page><box>アイテムせつめいは bボタンで<br>メニューをひらき <speaker>どうぐ<speakerEnd>で<br>えらべばいつでも見られるぞ。	Got <number:19:C5>.<page><br>It restores a little<br>Fullness.<page><box>Press B to open the<br>menu, then choose Items<br>to view descriptions.	
205:$6EB4	221:$7D66	125	<number:19:C5>をひろった。<page><br>飲むと どこかへワープするぞ。<page><box>アイテムせつめいは bボタンで<br>メニューをひらき <speaker>どうぐ<speakerEnd>で<br>えらべばいつでも見られるぞ。	Got <number:19:C5>.<page><br>Consume it to warp<br>somewhere else on the floor.<page><box>Press B to open the<br>menu, then choose Items<br>to view descriptions.	
205:$6F04	221:$7DE4	122	<number:19:C5>をひろった。<page><br>飲むと すこしのあいだだけ<br>すばやく動けるようになるぞ。<page><box>アイテムせつめいは bボタンで<br>メニューをひらき <speaker>どうぐ<speakerEnd>で<br>えらべばいつでも見られるぞ。	Got <number:19:C5>.<page><br>Consume it to move<br>faster for a short while.<page><box>Press B to open the<br>menu, then choose Items<br>to view descriptions.	
205:$6F62	221:$7E5F	112	<number:19:C5>をひろった。<page><br>読むと 部屋にいるモンスター<br>すべてにダメージをあたえるぞ。<page><box>アイテムせつめいは bボタンで<br>メニューをひらき <speaker>どうぐ<speakerEnd>で<br>えらべばいつでも見られるぞ。	Got <number:19:C5>.<page><br>Damages every<br>monster in the room.<page><box>Press B to open the<br>menu, then choose Items<br>to view descriptions.	
205:$6FC3	221:$7ED0	118	<number:19:C5>をひろった。<page><br>読むと 部屋にいるモンスター<br>すべてを ねむらせるぞ。<page><box>アイテムせつめいは bボタンで<br>メニューをひらき <speaker>どうぐ<speakerEnd>で<br>えらべばいつでも見られるぞ。	Got <number:19:C5>.<page><br>Puts every monster<br>in the room to sleep.<page><box>Press B to open the<br>menu, then choose Items<br>to view descriptions.	
205:$7021	221:$7F47	112	<number:19:C5>をひろった。<page><br>読むと 持っているアイテムの<br>のろいが とけるぞ。<page><box>アイテムせつめいは bボタンで<br>メニューをひらき <speaker>どうぐ<speakerEnd>で<br>えらべばいつでも見られるぞ。	Got <number:19:C5>.<page><br>Removes curses<br>from carried items.<page><box>Press B to open the<br>menu, then choose Items<br>to view descriptions.	
205:$707C	222:$4000	121	<number:19:C5>をひろった。<page><br>アイテムを持ったまま<br>町へもどれるぞ。<page><box>アイテムせつめいは bボタンで<br>メニューをひらき <speaker>どうぐ<speakerEnd>で<br>えらべばいつでも見られるぞ。	Got <number:19:C5>.<page><br>Returns you to town<br>with all carried items.<page><box>Press B to open the<br>menu, then choose Items<br>to view descriptions.	
205:$70D1	222:$407A	119	<number:19:C5>をひろった。<page><br>アイテムをいれておくことができる。<page><box>アイテムせつめいは bボタンで<br>メニューをひらき <speaker>どうぐ<speakerEnd>で<br>えらべばいつでも見られるぞ。	Got <number:19:C5>.<page><br>Items can be freely<br>inserted and removed.<page><box>Press B to open the<br>menu, then choose Items<br>to view descriptions.	
205:$7122	222:$40F2	37	 だ<br><br>  そして <delay:3C>世界は終りをつげた。	The end.<br>And then, <delay:3C>the world ended.	
205:$7124	226:$5F5D	35	<br><br>  そして <delay:3C>世界は終りをつげた。	And so, <delay:3C>the world<br>came to an end.	
205:$7186	233:$6899	2	ヌル	ヌル	
205:$7189	233:$689C	15	モンスターハウス	a Monster House	
205:$7192	233:$68AC	13	ゴーストハウス	a Ghost House	
205:$719A	233:$68BA	13	ドレインハウス	a Drain House	
205:$71A2	233:$68C8	13	パワーハウス	a Power House	
205:$71A9	233:$68D6	14	ドラゴンハウス	a Dragon House	
205:$71B1	233:$68E5	12	ばくだんハウス	a Bomb House	
205:$71B9	233:$68F2	13	マジックハウス	a Magic House	
205:$71C1	233:$6900	16	1ツ目ハウス	a One-Eyed House	
205:$71C9	233:$6911	14	せんにんハウス	a Hermit House	
205:$71D1	233:$6920	15	どうぶつハウス	an Animal House	
205:$71D9	233:$6930	13	どろぼうハウス	a Thief House	
205:$71E1	233:$693E	16	けいさつしょ	a Police Station	
205:$71E8	233:$694F	7	ひがしてんしゅ	ひがしてんしゅ	
205:$71F0	233:$6957	3	ぶきや	ぶきや	
205:$71F4	233:$695B	3	たてや	たてや	
205:$71F8	233:$695F	4	うでわや	うでわや	
205:$71FD	233:$6964	3	つえや	つえや	
205:$7201	233:$6968	5	まきものや	まきものや	
205:$7207	233:$696E	3	くさや	くさや	
205:$720B	233:$6972	5	おにぎりや	おにぎりや	
205:$7211	233:$6978	3	つぼや	つぼや	
205:$7215	233:$697C	6	だいてんしゅ	だいてんしゅ	
205:$721C	233:$6983	8	ジャハンナムあさ	ジャハンナムあさ	
205:$7225	233:$698C	8	ジャハンナムなか	ジャハンナムなか	
205:$722E	233:$6995	8	ジャハンナムふか	ジャハンナムふか	
205:$7237	233:$699E	5	もっとあさ	もっとあさ	
205:$723D	233:$69A4	6	もっとちゅう	もっとちゅう	
205:$7244	233:$69AB	7	もっとちゅう1	もっとちゅう1	
205:$724C	233:$69B3	5	もっとふか	もっとふか	
205:$7252	233:$69B9	4	ワナあさ	ワナあさ	
205:$7257	233:$69BE	4	ワナふか	ワナふか	
205:$725C	233:$69C3	2	にく	にく	
205:$725F	233:$69C6	5	あかずあさ	あかずあさ	
205:$7265	233:$69CC	6	あかずちゅう	あかずちゅう	
205:$726C	233:$69D3	5	あかずふか	あかずふか	
205:$7272	233:$69D9	6	ちじょうよび	ちじょうよび	
