scene_order	scene_id	phase	scene_title	record_order	id	english
1	first_discovery_tutorials	gameplay_support	First-discovery item tutorials	1	205:$6905	Got <number:19:C5>.<page><br>Carved from solid wood and shaped for an easy grip.<page><box>Press B to open the menu, then choose Items and equip it.
1	first_discovery_tutorials	gameplay_support	First-discovery item tutorials	2	205:$694D	Got <number:19:C5>.<page><br>A sword forged from bronze.<page><box>Press B to open the menu, then choose Items and equip it.
1	first_discovery_tutorials	gameplay_support	First-discovery item tutorials	3	205:$698A	Got <number:19:C5>.<page><box>Legend says it can defeat one hundred demons. Its attack power is exceptionally high.<page><box>Press B to open the menu, then choose Items and equip it.
1	first_discovery_tutorials	gameplay_support	First-discovery item tutorials	4	205:$69DE	Got <number:19:C5>.<page><br>A wooden shield that never rusts.<page><box>Press B to open the menu, then choose Items and equip it.
1	first_discovery_tutorials	gameplay_support	First-discovery item tutorials	5	205:$6A1F	Got <number:19:C5>.<page><br>A sturdy shield forged from iron.<page><box>Press B to open the menu, then choose Items and equip it.
1	first_discovery_tutorials	gameplay_support	First-discovery item tutorials	6	205:$6A61	Got <number:19:C5>.<page><br>Raises Strength while equipped.<page><box>Press B to open the menu, then choose Items and equip it.
1	first_discovery_tutorials	gameplay_support	First-discovery item tutorials	7	205:$6A9E	Got <number:19:C5>.<page><br>Eat it to restore a little Fullness.<page><box>Press B to open the menu, then choose Items to view descriptions.
1	first_discovery_tutorials	gameplay_support	First-discovery item tutorials	8	205:$6AEF	Got <number:19:C5>.<page><br>Eat it to restore Fullness.<page><box>Press B to open the menu, then choose Items to view descriptions.
1	first_discovery_tutorials	gameplay_support	First-discovery item tutorials	9	205:$6B40	Got <number:19:C5>.<page><br>Drink it to restore a little HP.<page><box>Press B to open the menu, then choose Items to view descriptions.
1	first_discovery_tutorials	gameplay_support	First-discovery item tutorials	10	205:$6B92	Got <number:19:C5>.<page><br>Drink it to restore lots of HP.<page><box>Press B to open the menu, then choose Items to view descriptions.
1	first_discovery_tutorials	gameplay_support	First-discovery item tutorials	11	205:$6BE4	Got <number:19:C5>.<page><br>Drink it to reveal invisible creatures and traps.<page><box>Press B to open the menu, then choose Items to view descriptions.
1	first_discovery_tutorials	gameplay_support	First-discovery item tutorials	12	205:$6C40	Got <number:19:C5>.<page><br>Drink it to breathe fire and attack monsters.<page><box>Press B to open the menu, then choose Items to view descriptions.
1	first_discovery_tutorials	gameplay_support	First-discovery item tutorials	13	205:$6CA0	Got <number:19:C5>.<page><br>Carry it to revive once when you collapse.<page><box>Press B to open the menu, then choose Items to view descriptions.
1	first_discovery_tutorials	gameplay_support	First-discovery item tutorials	14	205:$6D02	Got <number:19:C5>.<page><br>Drink it to raise Max HP.<page><box>Press B to open the menu, then choose Items to view descriptions.
1	first_discovery_tutorials	gameplay_support	First-discovery item tutorials	15	205:$6D54	Got <number:19:C5>.<page><br>Drink it to fully restore Strength.<page><box>Press B to open the menu, then choose Items to view descriptions.
1	first_discovery_tutorials	gameplay_support	First-discovery item tutorials	16	205:$6DAD	Got <number:19:C5>.<page><box>Drink it to lower HP and Strength and slow your movement.<page><box>Press B to open the menu, then choose Items to view descriptions.
1	first_discovery_tutorials	gameplay_support	First-discovery item tutorials	17	205:$6E10	Got <number:19:C5>.<page><br>Drink it to become confused.<page><box>Press B to open the menu, then choose Items to view descriptions.
1	first_discovery_tutorials	gameplay_support	First-discovery item tutorials	18	205:$6E60	Got <number:19:C5>.<page><br>It restores a little<br>Fullness.<page><box>Press B to open the menu, then choose Items to view descriptions.
1	first_discovery_tutorials	gameplay_support	First-discovery item tutorials	19	205:$6EB4	Got <number:19:C5>.<page><br>Drink it to warp somewhere else on the floor.<page><box>Press B to open the menu, then choose Items to view descriptions.
1	first_discovery_tutorials	gameplay_support	First-discovery item tutorials	20	205:$6F04	Got <number:19:C5>.<page><br>Drink it to move faster for a short while.<page><box>Press B to open the menu, then choose Items to view descriptions.
1	first_discovery_tutorials	gameplay_support	First-discovery item tutorials	21	205:$6F62	Got <number:19:C5>.<page><br>Damages every monster in the room.<page><box>Press B to open the menu, then choose Items to view descriptions.
1	first_discovery_tutorials	gameplay_support	First-discovery item tutorials	22	205:$6FC3	Got <number:19:C5>.<page><br>Puts every monster in the room to sleep.<page><box>Press B to open the menu, then choose Items to view descriptions.
1	first_discovery_tutorials	gameplay_support	First-discovery item tutorials	23	205:$7021	Got <number:19:C5>.<page><br>Removes curses from carried items.<page><box>Press B to open the menu, then choose Items to view descriptions.
1	first_discovery_tutorials	gameplay_support	First-discovery item tutorials	24	205:$707C	Got <number:19:C5>.<page><br>Returns you to town with all carried items.<page><box>Press B to open the menu, then choose Items to view descriptions.
1	first_discovery_tutorials	gameplay_support	First-discovery item tutorials	25	205:$70D1	Got <number:19:C5>.<page><br>Items can be freely inserted and removed.<page><box>Press B to open the menu, then choose Items to view descriptions.
2	opening_sandstorm	main_story	Opening desert sandstorm	1	195:$5593	Koppa: Ugh... Maybe we should've taken the long way around after all...<delay:60><box>Koppa: We need to get through here, fast...
2	opening_sandstorm	main_story	Opening desert sandstorm	2	195:$55CF	Koppa: Whoa!
2	opening_sandstorm	main_story	Opening desert sandstorm	3	195:$55D8	Koppa: Cough! Ptooey! What a nasty sandstorm...
2	opening_sandstorm	main_story	Opening desert sandstorm	4	195:$55F2	<box>
2	opening_sandstorm	main_story	Opening desert sandstorm	5	195:$55F4	Koppa: Hey!<delay:1E><br><name>!<delay:1E> Stay with me!<delay:3C>
2	opening_sandstorm	main_story	Opening desert sandstorm	6	195:$560F	Koppa: Hey... Hang...<delay:1E> in there...
3	magic_castle_capture	main_story	Capture and escape from the Magic Castle	1	195:$562F	Dragon Guard: I heard you captured someone who collapsed in the desert.<page><box>Dragon Guard: How are they doing?<page><box><delay:1E>Rookie Guard: No change.<page><box><delay:1E>Dragon Guard: I doubt they're much of a threat, but let's be safe.<page><box>Dragon Guard: Keep a close eye on them.<page><box><delay:1E>Rookie Guard: Sir!<page><box>
3	magic_castle_capture	main_story	Capture and escape from the Magic Castle	2	195:$56DA	Koppa: They put these things on us...<page><box>Who the heck are those guys? Damn it!<page><box>
3	magic_castle_capture	main_story	Capture and escape from the Magic Castle	3	195:$5705	Koppa: No good. They won't come off.<page><box>
3	magic_castle_capture	main_story	Capture and escape from the Magic Castle	4	195:$5718	???: Hurry... Run...<page><box>
3	magic_castle_capture	main_story	Capture and escape from the Magic Castle	5	195:$5728	Koppa: Who was that girl...?<page><box>
3	magic_castle_capture	main_story	Capture and escape from the Magic Castle	6	195:$573F	Koppa: ...Anyway, we'd better get out of here. <name>!<page><box>
4	escape_failure	main_story	Failed prison escape	1	195:$576D	Rookie Guard: Don't ever try to escape again!<page><box>
5	ilpa_sighting	main_story	Escape aftermath and first sight of Ilpa	1	195:$5794	???: So, they escaped...<page><box>???: I had hoped to make use of that skilled man...<page><box><delay:1E>???: No matter.<page><br>There is another.<page><box>???: I'll try my luck with that man...<page>
5	ilpa_sighting	main_story	Escape aftermath and first sight of Ilpa	2	195:$57F2	<box>
5	ilpa_sighting	main_story	Escape aftermath and first sight of Ilpa	3	195:$57F4	Koppa: Huh?<page><br>Is that a town up ahead?<page><box>
5	ilpa_sighting	main_story	Escape aftermath and first sight of Ilpa	4	195:$5814	Koppa: If we reach it, we might be able to get away.<page><br>Let's go, <name>.<page><box>
6	early_ilpa_rumors	main_story	Early Ilpa rumors	1	195:$5848	Rai: The Lord seems like a different man lately...<page><box>
6	early_ilpa_rumors	main_story	Early Ilpa rumors	2	195:$5877	Mekerere: He used to be a good man...<page><box>
6	early_ilpa_rumors	main_story	Early Ilpa rumors	3	195:$5893	Wanda: It was after the Lord changed.<page><box>Wanda: That's when monsters began moving into the<br>castle...<page><box><delay:3C>Rai: You don't think the Lord is behind the monsters...?<page><box>
6	early_ilpa_rumors	main_story	Early Ilpa rumors	4	195:$58E9	Mekerere: There's even a rumor that the Princess is summoning the monsters.<page><box>Mekerere: But can that really be true?<page>
7	pekeji_reunion	main_story	Pekeji reunion and treasure plan	1	195:$595C	Pekeji: Bro?<page><box>
7	pekeji_reunion	main_story	Pekeji reunion and treasure plan	2	195:$5968	Pekeji: Bro! It really is you! What are you doing here?!<page><box>
7	pekeji_reunion	main_story	Pekeji reunion and treasure plan	3	195:$5988	Pekeji: Let's not stand around talking. Come grab a bite with me.<page><box>
7	pekeji_reunion	main_story	Pekeji reunion and treasure plan	4	195:$59B2	???: Here you go. Five more servings.<page><box>???: You sure can eat, same as ever.<page><box>Pekeji: Heh heh... I need to build up my strength, or I'll never get any work done.<page><box>???: Work...?<page><br>All you ever do is hang around this restaurant.<page><box>Pekeji: I'm about to start!<page><box>
7	pekeji_reunion	main_story	Pekeji reunion and treasure plan	5	195:$5A52	Pekeji: Oh, Bro. Let me introduce you.<page><br>This is Sachi.<page><box>
7	pekeji_reunion	main_story	Pekeji reunion and treasure plan	6	195:$5A7A	Pekeji: She's the<hspace:04>restaurant's star waitress. Heh heh... Cute, huh?<page><box>
7	pekeji_reunion	main_story	Pekeji reunion and treasure plan	7	195:$5A9F	Pekeji: This is my bro.<page><box>
7	pekeji_reunion	main_story	Pekeji reunion and treasure plan	8	195:$5AB1	Pekeji: And this skunk is Koppa.<page><box>
7	pekeji_reunion	main_story	Pekeji reunion and treasure plan	9	195:$5ACA	Koppa: I'm not a skunk! I'm a weasel!<page><box>
7	pekeji_reunion	main_story	Pekeji reunion and treasure plan	10	195:$5AE7	Sachi: Aww, you're cute.<page><box>
7	pekeji_reunion	main_story	Pekeji reunion and treasure plan	11	195:$5AF9	Sachi: I'm Sachi.<page><br>I help my mom here.<page><br>Nice to meet you.<page><box>
7	pekeji_reunion	main_story	Pekeji reunion and treasure plan	12	195:$5B2F	Sachi: Well, I should get back to work.<page><box>
7	pekeji_reunion	main_story	Pekeji reunion and treasure plan	13	195:$5B4A	Sachi: You two take your<br>time.<page><box>
7	pekeji_reunion	main_story	Pekeji reunion and treasure plan	14	195:$5B63	Pekeji: Still, I never expected to find you in this town, Bro...<page><box>
7	pekeji_reunion	main_story	Pekeji reunion and treasure plan	15	195:$5B85	Pekeji: But man, Bro... You always treat me like dirt!<page><box>
7	pekeji_reunion	main_story	Pekeji reunion and treasure plan	16	195:$5BA8	Pekeji: You always leave me behind and run off<br>somewhere!<page><box><delay:1E>Koppa: Tch. You're the one who can't keep up!<page><box>Koppa: 'Bro! I'm hungry!' That's all you ever say.<page><box>Koppa: So what brought you here, Pekeji?<page><box>
7	pekeji_reunion	main_story	Pekeji reunion and treasure plan	17	195:$5C2B	Pekeji: Heh heh... The truth is...<page><box>Pekeji: There's a rumor about some treasure in this town.<page><box><delay:1E>Koppa: Treasure?<page><box><delay:1E>Pekeji: Yeah.<page><br>You saw the Magic Castle on your way here, right, Bro?<page><box>
7	pekeji_reunion	main_story	Pekeji reunion and treasure plan	18	195:$5CA0	Pekeji: There are some ruins beneath that Magic Castle.<page><box>
7	pekeji_reunion	main_story	Pekeji reunion and treasure plan	19	195:$5CC0	Pekeji: They say an incredible treasure lies buried deep underground.<page><box>
7	pekeji_reunion	main_story	Pekeji reunion and treasure plan	20	195:$5CF0	Pekeji: Everyone's too scared to go near the place now.<page><box>Pekeji: But you and me, Bro? We could waltz in and swipe that treasure!<page><box>
7	pekeji_reunion	main_story	Pekeji reunion and treasure plan	21	195:$5D43	Pekeji: Well?<page> Tempting,<br>right?<page><box>
7	pekeji_reunion	main_story	Pekeji reunion and treasure plan	22	195:$5D58	Pekeji: Don't look at me like that... Come on, Bro. Please?<page><box>
7	pekeji_reunion	main_story	Pekeji reunion and treasure plan	23	195:$5D7B	Koppa: Sounds fishy.<page><br>How do we even get in?<page><box><delay:1E>Pekeji: Through the Magic Castle.<page><box><delay:1E>Koppa: Huh?<page> Back in there?!<page><br>You've gotta be kidding!<page><box><delay:1E>Koppa: We were lucky someone helped us escape...<page><box>
7	pekeji_reunion	main_story	Pekeji reunion and treasure plan	24	195:$5DFE	???: Hurry... Run...<page><box>
7	pekeji_reunion	main_story	Pekeji reunion and treasure plan	25	195:$5E0E	Koppa: We just escaped from that place!<page><box>
7	pekeji_reunion	main_story	Pekeji reunion and treasure plan	26	195:$5E2D	Koppa: Who'd go back there on purpose? Right, <name>...?
7	pekeji_reunion	main_story	Pekeji reunion and treasure plan	27	195:$5E49	Koppa: Huh?<page><box><delay:1E>Pekeji: Bro?!<page><br>You're not actually...?<page><box><delay:1E>Koppa: You're serious?!<page><box>
7	pekeji_reunion	main_story	Pekeji reunion and treasure plan	28	195:$5E7C	Pekeji: You're up for it, Bro!<page><br>I knew it! That's my bro!<page><box>
7	pekeji_reunion	main_story	Pekeji reunion and treasure plan	29	195:$5EA4	Koppa: Tch...<page><br>Pekeji, you did some scouting, right?<page><box>
7	pekeji_reunion	main_story	Pekeji reunion and treasure plan	30	195:$5ECC	Pekeji: There's a passage behind the Magic Castle.<page><br>It leads to the treasure.<page><box>Koppa: What's the holdup?<page><box>Pekeji: The padlock on the gate.<page><box>Pekeji: I haven't been able to get it off.<page><box>Koppa: When do we go?<page><box>Pekeji: Tonight, at the Hour of Bufu.<page><box><delay:3C>Koppa: Fine. Let's do this!<page><box>
8	ancient_ruins_entry	main_story	Ancient Ruins entry and Pekeji separation	1	195:$5F91	Pekeji: Huh?<page><box>
8	ancient_ruins_entry	main_story	Ancient Ruins entry and Pekeji separation	2	195:$5F9C	Koppa: What's wrong?<page><box>
8	ancient_ruins_entry	main_story	Ancient Ruins entry and Pekeji separation	3	195:$5FA9	Pekeji: The padlock's broken!<page><br>But it was so sturdy...<page><br>Who could have done this?<page><box>Koppa: Maybe it was old and broke on its own.<page><box>Koppa: Either way, we got lucky. Let's get inside.<page><box>
8	ancient_ruins_entry	main_story	Ancient Ruins entry and Pekeji separation	4	195:$6028	???: <name>?!...<page><box>
8	ancient_ruins_entry	main_story	Ancient Ruins entry and Pekeji separation	5	195:$6035	Pekeji: ...Just as I thought.<page><box>
8	ancient_ruins_entry	main_story	Ancient Ruins entry and Pekeji separation	6	195:$6044	Koppa: What's wrong, Pekeji?<page><box>
8	ancient_ruins_entry	main_story	Ancient Ruins entry and Pekeji separation	7	195:$6059	Pekeji: Just as I thought. This is a Mystery Dungeon.<page><box>Pekeji: This place is crawling with monsters.<page><box>Pekeji: If you collapse, they'll take everything you've got and throw you out...<page><box>Pekeji: Let's be careful, Bro!<page><box>
8	ancient_ruins_entry	main_story	Ancient Ruins entry and Pekeji separation	8	195:$60C4	Pekeji: Waaah!<page><box>
8	ancient_ruins_entry	main_story	Ancient Ruins entry and Pekeji separation	9	195:$60D5	Pekeji: Ow, ow, ow...<page><box>Koppa: Hey! Are you okay?<page><box>Pekeji: Y-Yeah. I'm fine.<page><br>My leg's just a little numb...<br>Ow... What lousy timing.<page><box>Koppa: What do we do now?<page><box>Pekeji: No choice, Bro. You two will have to go on without me.<page><box>Pekeji: I'll catch up once I've rested a little...<page><box>Koppa: We'll meet at the treasure, then. Got it.<page><box>
9	return_to_ilpa	main_story	Recovery after the Ancient Ruins	1	195:$61B1	Sachi: Are you okay...?<page>
9	return_to_ilpa	main_story	Recovery after the Ancient Ruins	2	195:$61C1	Koppa: Oh! You're awake!<page><box>
9	return_to_ilpa	main_story	Recovery after the Ancient Ruins	3	195:$61D1	Sachi: You really scared me.<page><box>Sachi: You were both lying unconscious at the town entrance.<page><box>Koppa: Looks like some townspeople carried us here.<page><box>Koppa: Actually, I just woke up myself, so I only found out a minute ago...<page><box>Sachi: Well, you both seem okay, at least...<page><box>
9	return_to_ilpa	main_story	Recovery after the Ancient Ruins	4	195:$6274	Sachi: What exactly were you two doing?<page><box>
9	return_to_ilpa	main_story	Recovery after the Ancient Ruins	5	195:$6290	Koppa: Huh?<page><br>Uh, well...<page><box>Koppa: Um... What was it?<page><br>M-Maybe five-in-a-row?<page><box>Sachi: You passed out playing five-in-a-row in a desert?<page><br>That's weird.<page><box>Sachi: And where's Pekeji?<page><br>Wasn't he with you?<page><box>Koppa: Huh? Pekeji?<page><box>
9	return_to_ilpa	main_story	Recovery after the Ancient Ruins	6	195:$631B	Koppa: ...O-Oh, you're right.<br>W-Where could he have gone?<page><box>Koppa: Thanks! Bye!<br><name>! Come with me!
9	return_to_ilpa	main_story	Recovery after the Ancient Ruins	7	195:$635F	Sachi: Something's fishy...<page>
9	return_to_ilpa	main_story	Recovery after the Ancient Ruins	8	195:$6370	Koppa: Pant, pant...<br>Man, that scared me!<page><box>Koppa: She caught me off guard, so I blurted out a<br>lie.<page><box>Koppa: But it looks like Pekeji is still under the Magic Castle.<page><box>Koppa: Let's wait for the right time, then head back under the Magic Castle.<page><box>
10	night_departure	main_story	Night departure for the ruins	1	195:$640C	Koppa: <name>, wait a<br>sec.<page><box>Koppa: If we leave now, we'll draw attention.<page><box>Koppa: Let's wait until night, then go.<page><box>
10	night_departure	main_story	Night departure for the ruins	2	195:$645A	Koppa: No one's around now.<br>Let's go.<page><box>
11	evil_god_statue	main_story	Discovery of the Evil God Statue	1	195:$64A3	Pekeji: Brooo!<page><box>
11	evil_god_statue	main_story	Discovery of the Evil God Statue	2	195:$64B3	Pekeji: Huff, huff...<page><br>You just got here too, Bro?<br>Perfect timing.<page><box>
11	evil_god_statue	main_story	Discovery of the Evil God Statue	3	195:$64DD	Pekeji: This is it.<br>No doubt about it.<page><box>Pekeji: This is where the<br>treasure is, Bro.<page><box>
11	evil_god_statue	main_story	Discovery of the Evil God Statue	4	195:$6509	Pekeji: Is that the treasure...?<page> Maybe?<page><box>Koppa: It's just a creepy statue sitting there all alone...<page><box><delay:1E>Pekeji: But look around.<br>That statue's the only thing here...<page><box>Pekeji: It has to be the treasure.<page><box>
11	evil_god_statue	main_story	Discovery of the Evil God Statue	5	195:$658A	???: Don't take it...<page><box>
11	evil_god_statue	main_story	Discovery of the Evil God Statue	6	195:$6598	Koppa: <name>! That girl!<page><box>
11	evil_god_statue	main_story	Discovery of the Evil God Statue	7	195:$65A8	Pekeji: ...<page><br>Forget it. Just take it!<page><box>
11	evil_god_statue	main_story	Discovery of the Evil God Statue	8	195:$65BE	Pekeji: W-Whoa! I-It's<br>shaking!<page><box>
11	evil_god_statue	main_story	Discovery of the Evil God Statue	9	195:$65D2	Koppa: Hurry! Get outside!<page><box>
11	evil_god_statue	main_story	Discovery of the Evil God Statue	10	195:$65E2	Pekeji: Yes! There's the exit!
11	evil_god_statue	main_story	Discovery of the Evil God Statue	11	195:$65F5	<box>
11	evil_god_statue	main_story	Discovery of the Evil God Statue	12	195:$65F7	Pekeji: Aagh!
11	evil_god_statue	main_story	Discovery of the Evil God Statue	13	195:$6601	Hooded Man: Heh heh...<delay:1E><br>So this is the Evil God Statue.<page><box>Hooded Man: 'When the 99th visitor arrives, the seal shall be broken...'<page><box>Hooded Man: So the legend was true.<page><box>
11	evil_god_statue	main_story	Discovery of the Evil God Statue	14	195:$6674	Pekeji: Y-You?!<page><box>
11	evil_god_statue	main_story	Discovery of the Evil God Statue	15	195:$6684	Hooded Man: Well done.<page><br>I have no more use for you.<page><box>
11	evil_god_statue	main_story	Discovery of the Evil God Statue	16	195:$66A9	Pekeji: Y-You tricked me!
11	evil_god_statue	main_story	Discovery of the Evil God Statue	17	195:$66BA	Pekeji: Ugh...<page><box><delay:1E>Hooded Man: Heh heh.<br>The Lord will be so pleased.<page><br>Ha ha ha ha ha!<page><box>
11	evil_god_statue	main_story	Discovery of the Evil God Statue	18	195:$6705	Koppa: <name:00>-<name>!<page> Pekeji!<page><box>
11	evil_god_statue	main_story	Discovery of the Evil God Statue	19	195:$671A	Pekeji: Ugh...<page><box>
11	evil_god_statue	main_story	Discovery of the Evil God Statue	20	195:$6728	Koppa: Pekeji!<page> Hang in there!<page>
11	evil_god_statue	main_story	Discovery of the Evil God Statue	21	195:$673C	<box>
12	statue_aftermath	main_story	Statue aftermath in Ilpa	1	195:$676A	Pekeji: Ugh...<page><box>
12	statue_aftermath	main_story	Statue aftermath in Ilpa	2	195:$6777	Pekeji: Wh-What...?<page><box><delay:1E>Sachi: You were unconscious.<page><box>
12	statue_aftermath	main_story	Statue aftermath in Ilpa	3	195:$679D	Sachi: And you two...<page><br>Just what did you do?<page><box><delay:1E>Koppa: That's what we'd like to know.<page><box>
12	statue_aftermath	main_story	Statue aftermath in Ilpa	4	195:$67DF	Koppa: Hey, Pekeji!<page><box><delay:1E>Pekeji: ...<page> This is all his<br>fault.<page><box>Pekeji: He lured me in with talk of treasure, then betrayed me in the end.<page><box>Pekeji: That hooded guy...<page><box>
12	statue_aftermath	main_story	Statue aftermath in Ilpa	5	195:$6854	Oro: A hooded man?<page><br>Could that have been<br>Zagan...?<page><box><delay:1E>Koppa: Zagan?<page><box>
12	statue_aftermath	main_story	Statue aftermath in Ilpa	6	195:$688C	Sachi: He's the Lord's chief retainer.<page> But why would someone like him...?<page><box>
12	statue_aftermath	main_story	Statue aftermath in Ilpa	7	195:$68BA	Nuwanko: Hey! Big trouble!!<page><box>Nuwanko: The desert...<page><br>It suddenly spread all the way around town!<page><box>
12	statue_aftermath	main_story	Statue aftermath in Ilpa	8	195:$6904	Oro: Suddenly...?<page><br>Why?!<page><box><delay:1E>Wanda: No idea...<page><box>Wanda: But at this rate, before long even Ilpa will be swallowed by the desert...<page><box>
12	statue_aftermath	main_story	Statue aftermath in Ilpa	9	195:$694F	Oro: All right! Let's go take a look!<page><box>
12	statue_aftermath	main_story	Statue aftermath in Ilpa	10	195:$6961	Sachi: What's going on...?<page><br>The desert has never suddenly spread before...<page><box>
12	statue_aftermath	main_story	Statue aftermath in Ilpa	11	195:$6996	Pekeji: C-Could taking that statue be what caused<br>this...?<page><box><delay:1E>Koppa: No way...<page><br>It must be a coincidence.<page><box><delay:1E>Pekeji: But that hooded guy...<page><br>Didn't he say something about 'the seal being broken'?<page><box>Pekeji: And I saw that... before I took the statue...<page>
12	statue_aftermath	main_story	Statue aftermath in Ilpa	12	195:$6A3C	???: Don't take it...<page>
12	statue_aftermath	main_story	Statue aftermath in Ilpa	13	195:$6A49	Pekeji: ...But I took it.<page><br>And then this happened...<page><box><delay:1E>Pekeji: We never should've taken that thing!!<page><box>Pekeji: We have to get it back fast, or this town will be swallowed by the desert too!!<page><box>
12	statue_aftermath	main_story	Statue aftermath in Ilpa	14	195:$6AC0	Koppa: <name>!<page><box>
12	statue_aftermath	main_story	Statue aftermath in Ilpa	15	195:$6ACC	Sachi: Zagan is inside the Magic Castle...<page><br>In the eastern keep.<page><box>
12	statue_aftermath	main_story	Statue aftermath in Ilpa	16	195:$6AF4	Pekeji: B-Bro! I'm coming too!
12	statue_aftermath	main_story	Statue aftermath in Ilpa	17	195:$6B07	Pekeji: Ugh... It hurts...<page><box>
12	statue_aftermath	main_story	Statue aftermath in Ilpa	18	195:$6B19	Sachi: No, you can't.<page><br>You haven't fully recovered yet...<page><box>Sachi: Besides, if you come, things will probably just get complicated again.<page><box>
12	statue_aftermath	main_story	Statue aftermath in Ilpa	19	195:$6B6D	Pekeji: Ugh...<br>Sorry, Bro.<page><box>
12	statue_aftermath	main_story	Statue aftermath in Ilpa	20	195:$6B86	Sachi: <name>.
12	statue_aftermath	main_story	Statue aftermath in Ilpa	21	195:$6B90	Sachi: Catch!<page><box>
12	statue_aftermath	main_story	Statue aftermath in Ilpa	22	195:$6B9B	Sachi: I think it'll come in handy...<page> Good luck!<page><box>
13	ilpa_panic	main_story	Ilpa panic after the ruins collapse	1	195:$6BD2	???: Big trouble!!<page><box>
13	ilpa_panic	main_story	Ilpa panic after the ruins collapse	2	195:$6BE0	Nuwanko: Big trouble!!<page><box>
13	ilpa_panic	main_story	Ilpa panic after the ruins collapse	3	195:$6BF1	Mekerere: What happened?<page><br>Weren't you checking the desert with Oro?<page><box>Shizu: Did something else happen to the desert?<page><box>Nuwanko: It's not the desert!<page><br>Something's wrong with the Magic Castle!<page><box>Nuwanko: Everyone, come to the dunes!<page><box>
13	ilpa_panic	main_story	Ilpa panic after the ruins collapse	4	195:$6C73	Mekerere: All right!<page><box>
13	ilpa_panic	main_story	Ilpa panic after the ruins collapse	5	195:$6C7F	Koppa: <name>!<br>Let's go see for ourselves!<page><box>
13	ilpa_panic	main_story	Ilpa panic after the ruins collapse	6	195:$6C9B	Wanda: Hey!<br>Look at the Magic Castle!!<page><box>
13	ilpa_panic	main_story	Ilpa panic after the ruins collapse	7	195:$6CB4	Nuwanko: What in the world is happening?!<page><box>
13	ilpa_panic	main_story	Ilpa panic after the ruins collapse	8	195:$6CD1	Wanda: Is this connected to the spreading desert?!<page><box>
13	ilpa_panic	main_story	Ilpa panic after the ruins collapse	9	195:$6CF2	Koppa: <name>...<page><box>Koppa: It really was the Evil God Statue that caused<br>this...<page><box>
13	ilpa_panic	main_story	Ilpa panic after the ruins collapse	10	195:$6D1E	Koppa: Let's go to the Magic Castle!<page><box>Koppa: We have to get the Evil God Statue back!<page><box>
14	lord_receives_statue	main_story	The Lord receives the Evil God Statue	1	195:$6D57	Lord: At last, I have it!<br>The Evil God Statue!<page><br>Fine work, Zagan!<page><box>Zagan: Yes, my Lord!<page><box>Lord: How is the Princess?<page><box>Zagan: No change in her condition.<page><box>
14	lord_receives_statue	main_story	The Lord receives the Evil God Statue	2	195:$6DB3	Lord: Intruders must never be allowed to escape.<page><box>Zagan: Understood.<br>If you'll excuse me.<page><box>
14	lord_receives_statue	main_story	The Lord receives the Evil God Statue	3	195:$6DEC	Attendant: My Lord...<br>Just what is this statue...?<page><box>Lord: It will make my dream come true...<page><box>Attendant: Your dream...?<page><box>Lord: Heh heh... All that remains is to await the night of the full moon.<page><box>Lord: The day of resurrection draws near...<page><box>
14	lord_receives_statue	main_story	The Lord receives the Evil God Statue	4	195:$6E7D	???: ...That is...<page><br>Yes... I understand...<page><box>Princess: Then...<page><box>???: Shh... Someone's coming.<page><br>We will continue later...<page><box>
14	lord_receives_statue	main_story	The Lord receives the Evil God Statue	5	195:$6EC1	Princess: Who is it?<page><box>
14	lord_receives_statue	main_story	The Lord receives the Evil God Statue	6	195:$6ECB	Zagan: It is Zagan, Princess.<page><box>Princess: Enter...<page><box>
14	lord_receives_statue	main_story	The Lord receives the Evil God Statue	7	195:$6EF3	Princess: What is it?<page><box>Zagan: The Lord summons you.<page><box>Princess: Mother...?<page><box>Zagan: Yes.<page> She asks that you come shortly...<page><box>Princess: Understood.<br>You may go.<page><box>Zagan: ...Princess Ateka.<page><box>Ateka: What is it?<page><box>Zagan: I hear it was you who allowed those people to escape...<page><box>
14	lord_receives_statue	main_story	The Lord receives the Evil God Statue	8	195:$6FA8	Ateka: That is none of your concern.<page><box>Zagan: Oh...?<page><box>Zagan: By the way, how has the Lord been feeling<br>lately?<page><box>
14	lord_receives_statue	main_story	The Lord receives the Evil God Statue	9	195:$6FF2	Ateka: Y-You...<page><box>Ateka: You and the others should know that better than I do!<page><box>Zagan: Heh heh... The Lord's health is most precious...<page><box>Zagan: Be especially careful in your actions.<page><br>Farewell.<page><box>
14	lord_receives_statue	main_story	The Lord receives the Evil God Statue	10	195:$705F	Ateka: Mother...<delay:78><box>
15	sachi_check_in	main_story	Sachi checks on Shiren	1	195:$7075	Sachi: Are you okay?<page><box>
15	sachi_check_in	main_story	Sachi checks on Shiren	2	195:$7083	Sachi: <name>! Here, take this!<page><box>
15	sachi_check_in	main_story	Sachi checks on Shiren	3	195:$7096	Sachi: I know this is hard, but keep going!<page><box>
16	advancing_desert	main_story	The desert advances toward Ilpa	1	195:$70C7	Koppa: Wait a second...<page><box>Koppa: It's getting hard to breathe...<page><br>I can't go any farther...<page><box>
16	advancing_desert	main_story	The desert advances toward Ilpa	2	195:$7106	Koppa: Pant, pant... Why now?<page><br>Why would I suddenly feel sick here...?<page><box>
16	advancing_desert	main_story	The desert advances toward Ilpa	3	195:$7136	Ateka: Ah...!<page><box>
16	advancing_desert	main_story	The desert advances toward Ilpa	4	195:$7144	Koppa: She may have gone to call someone...<page><box>Koppa: We can't stay here, <name>.<page><box>
16	advancing_desert	main_story	The desert advances toward Ilpa	5	195:$7174	Ateka: I knew it.<page><box>Ateka: The evil aura got to you.<page><box>Ateka: It's especially strong inside the Magic Castle...<page><box>
16	advancing_desert	main_story	The desert advances toward Ilpa	6	195:$71AA	Ateka: I'm almost finished, so hold still.<page><box><delay:3C>Koppa: ...That's better.<page><br>I knew you didn't seem like a bad person.<page><box><delay:1E>Ateka: What?<page><box><delay:1E>
16	advancing_desert	main_story	The desert advances toward Ilpa	7	195:$7202	Koppa: All kinds of rumors are going around Ilpa, but they can't be true.<page><box>Koppa: You helped us escape before too...<page><box>
16	advancing_desert	main_story	The desert advances toward Ilpa	8	195:$724F	Ateka: Drink this Herb and you'll be all right.<page><box>Ateka: You should be able to move again soon.<page><br>And one more thing...<page><box>
16	advancing_desert	main_story	The desert advances toward Ilpa	9	195:$7297	Ateka: As soon as you can move, get out of here.<page><box>Ateka: This place is extremely dangerous...<page><br>Please.<page><box>
16	advancing_desert	main_story	The desert advances toward Ilpa	10	195:$72DC	Koppa: Ah, wait...
16	advancing_desert	main_story	The desert advances toward Ilpa	11	195:$72EA	<box>
16	advancing_desert	main_story	The desert advances toward Ilpa	12	195:$72EC	Koppa: Right... We can't turn back now.<page><box>Koppa: We have to get that statue back somehow.<page><box>
16	advancing_desert	main_story	The desert advances toward Ilpa	13	195:$731F	Koppa: ...Yeah. I'm okay.<page><br>I can walk again. Let's go.<page><box>
17	statue_pursuit	main_story	Pursuit of the Evil God Statue	1	195:$7351	Koppa: <name>!<br>Isn't that it over there?<page><box>
17	statue_pursuit	main_story	Pursuit of the Evil God Statue	2	195:$7373	Koppa: There's no mistake.<page><box>Koppa: That's the statue the hooded man called the Evil God Statue!<page><box>
17	statue_pursuit	main_story	Pursuit of the Evil God Statue	3	195:$73A6	Koppa: Whoa!
17	statue_pursuit	main_story	Pursuit of the Evil God Statue	4	195:$73B0	Zagan: I assume you mean me by 'hooded man.' Heh heh.<page><box>
17	statue_pursuit	main_story	Pursuit of the Evil God Statue	5	195:$73CF	Zagan: You are the ones from before...<page><box><delay:1E>Zagan: I see. You came to reclaim the Evil God Statue.<page><box>
17	statue_pursuit	main_story	Pursuit of the Evil God Statue	6	195:$740E	Zagan: Oh? You look ready to defeat me if that's what it takes to get it back.<page><box><delay:3C>Zagan: Very well. I'll face you. But heh heh...<page><br>'Hooded man,' you say.<page><box>Zagan: Do you truly believe this pathetic form is my real appearance?!<page><box>Zagan: Behold!<br>My true form!!<br>Wah ha ha ha!!<page><box>
18	zagan_retry	main_story_branch	Zagan rematch taunt	1	195:$74CA	Zagan: Back again? You never learn. Heh heh.<page><box>Zagan: No matter how many times you try, the result will be the same.<page><box>
18	zagan_retry	main_story_branch	Zagan rematch taunt	2	195:$74FB	Zagan: I'll crush you so badly you'll never come back again!!<page><box>
19	zagan_confrontation	main_story	Zagan confrontation	1	195:$7558	Zagan: Grrr...<page><box>
19	zagan_confrontation	main_story	Zagan confrontation	2	195:$7567	Koppa: Hey! Don't you die on us yet!<page><box><delay:1E>Koppa: We have a lot of questions for you!<page><box>
19	zagan_confrontation	main_story	Zagan confrontation	3	195:$75A5	Koppa: What exactly is the Evil God Statue?!<page><box><delay:1E>Koppa: What are you planning to do with it...?<page><box>
19	zagan_confrontation	main_story	Zagan confrontation	4	195:$75E4	Koppa: Whoa!<page><box>
19	zagan_confrontation	main_story	Zagan confrontation	5	195:$75F0	Zagan: Guh...<page><br>M-My Lord... Why?<page><box>
19	zagan_confrontation	main_story	Zagan confrontation	6	195:$760F	Zagan: ...My... Lord...<br>Damn you... Curas...<page><box>
19	zagan_confrontation	main_story	Zagan confrontation	7	195:$7632	Zagan: Graaagh!!<page><box>
19	zagan_confrontation	main_story	Zagan confrontation	8	195:$7641	???: He was not very useful after all.<page><box>
19	zagan_confrontation	main_story	Zagan confrontation	9	195:$765D	Lord: Take my advice.<br>Return the Evil God Statue, and I will let you go.<page><box><delay:1E>
19	zagan_confrontation	main_story	Zagan confrontation	10	195:$768E	Koppa: Like heck we'll return it!<page><box><delay:1E>Lord: Then I have no choice...<page><box><delay:1E>
19	zagan_confrontation	main_story	Zagan confrontation	11	195:$76BB	Koppa: <name:00>-<name>!!<page><box>
19	zagan_confrontation	main_story	Zagan confrontation	12	195:$76CA	Lord: Do you think I am no stronger than Zagan?!<page><box>Koppa: <name>!!<br>A-Are you okay?<page><box>
19	zagan_confrontation	main_story	Zagan confrontation	13	195:$76FD	Koppa: ...!<page><box>Koppa: Come on, move!<br>Please!!<page><box>
19	zagan_confrontation	main_story	Zagan confrontation	14	195:$771E	Koppa: D-Damn it!<page><box>
19	zagan_confrontation	main_story	Zagan confrontation	15	195:$772D	Koppa: Aaaagh!!<page><box><delay:1E>Lord: Ha ha... You fool!<page><box>Lord: You would not have been hurt if you had simply handed it over...<page><box><delay:1E>
19	zagan_confrontation	main_story	Zagan confrontation	16	195:$776D	Koppa: Ugh...<page><box>
19	zagan_confrontation	main_story	Zagan confrontation	17	195:$777B	Ateka: Ah...<page><box><delay:1E>
19	zagan_confrontation	main_story	Zagan confrontation	18	195:$778A	Koppa: You...!<page><box><delay:1E>Koppa: P-Please... Give that statue to me...<page><box><delay:1E>
19	zagan_confrontation	main_story	Zagan confrontation	19	195:$77BA	Koppa: Wh-Why?!<page><box>Koppa: Please...<page><box>Koppa: If we don't take it back, the town will be buried by the desert...<page><box>
19	zagan_confrontation	main_story	Zagan confrontation	20	195:$77FE	Koppa: No...<page><box>
19	zagan_confrontation	main_story	Zagan confrontation	21	195:$780C	Lord: Ha ha ha ha ha!!<br>Well done, Princess.<page><br>That is my daughter.<page><box>
19	zagan_confrontation	main_story	Zagan confrontation	22	195:$7838	Koppa: <name:00>-<name>!<page><box><delay:1E>
19	zagan_confrontation	main_story	Zagan confrontation	23	195:$7848	Lord: Heh heh... You came all this way to receive the final blow.<page><box>Lord: So be it...<page><box>Lord: This young man's soul shall also become blood for my Evil God!!<page><box>
19	zagan_confrontation	main_story	Zagan confrontation	24	195:$78A1	BOOOOM!!
19	zagan_confrontation	main_story	Zagan confrontation	25	195:$78B1	Lord: Gah!<br>My...<page><box>Lord: My eyes! I cannot see!!<page><box>Lord: What did you do?!<page><box>
19	zagan_confrontation	main_story	Zagan confrontation	26	195:$78D9	Koppa: Oryu?!<br>Why are you here?!
19	zagan_confrontation	main_story	Zagan confrontation	27	195:$78FA	Oryu: We can talk later!!
20	zagan_recovery	main_story	Recovery after Zagan	1	196:$4026	Sachi: Oh...<page> You're awake.<page><br>Are you okay?<page><box>
20	zagan_recovery	main_story	Recovery after Zagan	2	196:$4042	Sachi: Thank goodness...<br>I was afraid of what might happen.<page><box>Sachi: You were asleep for three days.<page><box>
20	zagan_recovery	main_story	Recovery after Zagan	3	196:$4074	Pekeji: Sachi, I bought the Herb.<br>Is this the right one...?<page><box>
20	zagan_recovery	main_story	Recovery after Zagan	4	196:$409A	Pekeji: Ah! B-Bro!!<page><br>You're awake!<br>Waaaaah!<page><box>
20	zagan_recovery	main_story	Recovery after Zagan	5	196:$40CB	Pekeji: I'm so glad!!<br>I was sure you were going to die...<page><box>
20	zagan_recovery	main_story	Recovery after Zagan	6	196:$40FC	Sachi: Idiot!! Don't hug him all of a sudden!!<page><box>Sachi: He only just woke up!<page><box>
20	zagan_recovery	main_story	Recovery after Zagan	7	196:$412F	Pekeji: Huh?<page><box>Pekeji: Whoa!! S-Sorry!!<br>Are you okay?<page><box>
20	zagan_recovery	main_story	Recovery after Zagan	8	196:$415B	Pekeji: Aah!! Bro!!<br>Say something!!<page><box>
20	zagan_recovery	main_story	Recovery after Zagan	9	196:$4182	Pekeji: Bro! Bro!!<page><box>
20	zagan_recovery	main_story	Recovery after Zagan	10	196:$4197	Pekeji: Waaaah!!<page><box>
20	zagan_recovery	main_story	Recovery after Zagan	11	196:$41A8	Pekeji: Waaaah!!<page><box>
20	zagan_recovery	main_story	Recovery after Zagan	12	196:$41B9	Pekeji: Y-You're awake?<br>Thank goodness...<page> Sorry, Bro.<br>Are you okay?<page><box>Pekeji: I was really shocked when Oryu carried all of you in here.<page><box>Pekeji: Huh? Oryu?<page><box>Pekeji: She said, 'I'll leave the rest to you,' then took off somewhere...<page><box>Pekeji: Anyway, I'm just glad you're feeling better, Bro.<page><box>
20	zagan_recovery	main_story	Recovery after Zagan	13	196:$4282	Sachi: Now there's this girl...<page><box><delay:1E>Sachi: She still hasn't regained consciousness.<page><box>Sachi: How did she end up in such terrible condition...?<page><box>
20	zagan_recovery	main_story	Recovery after Zagan	14	196:$42C2	Sachi: Where's the Herb?<page><box>
20	zagan_recovery	main_story	Recovery after Zagan	15	196:$42D1	Pekeji: Oh! That's right!<page><box>
20	zagan_recovery	main_story	Recovery after Zagan	16	196:$42E3	Pekeji: Here it is!<page><box><delay:1E>Sachi: ...<page><box>Sachi: What am I supposed to do with Poison Grass?!<page><box>Sachi: Go get the right one!<page><box>
20	zagan_recovery	main_story	Recovery after Zagan	17	196:$431C	<delay:1E>Pekeji: Yikes!!
20	zagan_recovery	main_story	Recovery after Zagan	18	196:$432D	Koppa: Ugh...<page><box>
20	zagan_recovery	main_story	Recovery after Zagan	19	196:$433B	Sachi: Are you okay?<page><box>Sachi: Are you in pain?<page><box><delay:3C>Koppa: ...Hurry... We have to get the Evil God Statue back at once...<page><box>Koppa: We have to... defeat the Lord...<page><box><delay:1E>Sachi: Don't move now.<br>You have to lie still.<page><box><delay:3C>Koppa: Ugh...<page><box><delay:5A>Sachi: Poor thing...<page><box>
21	desert_status_report	main_story	Desert status report	1	196:$43CB	Goto: How does the desert look?<page><box>
21	desert_status_report	main_story	Desert status report	2	196:$43E0	Wanda: Bad.<br>It's definitely spreading.<page><box><delay:1E>Goto: Hmm...<br>This could be serious.<page><box>
22	ilpa_crisis	main_story	Ilpa crisis dialogue	1	196:$4424	Amokachi: Will this town eventually be swallowed by the desert too...?<page><box>
22	ilpa_crisis	main_story	Ilpa crisis dialogue	2	196:$444D	Mekerere: What do we do?<br>Should we move away?<page><box><delay:1E>Shizu: There's nowhere to<br>run.<page><box>
22	ilpa_crisis	main_story	Ilpa crisis dialogue	3	196:$4482	Nuwanko: How did things ever get this bad?!<page><box><delay:1E>Rai: It must be the Lord...<page><box>
22	ilpa_crisis	main_story	Ilpa crisis dialogue	4	196:$44B8	Shizu: No, it's that Princess.<page><br>Princess Ateka must be behind this.<page><box>Shizu: I heard something<br>once.<page><box>Shizu: The Lord's sacred blood has been passed down for generations.<page><box>Shizu: Sometimes someone with a mysterious power was born into the bloodline.<page><box>Shizu: Long ago, one of them apparently used that power for evil.<page><box>Shizu: They used their strange power to summon darkness.<page><box>Shizu: They turned the castle into a den of monsters.<page><box>Shizu: So I'm sure that's what's happening now.<page><box><delay:1E>Nuwanko: What are you<br>saying?<page><box>Nuwanko: If we do something about Princess Ateka, Ilpa will return to normal?<page><box>
22	ilpa_crisis	main_story	Ilpa crisis dialogue	5	196:$45F2	Amokachi: You say 'do something,' but what<br>exactly?<page><box>Amokachi: Are we going to the Magic Castle?<page><box>Amokachi: Count me out.<br>That place is dangerous.<page><box>
22	ilpa_crisis	main_story	Ilpa crisis dialogue	6	196:$463E	Mekerere: Me too...<page> No thanks.<page><box><delay:1E>Nuwanko: What do we do...?<page><box><delay:1E>Rai: ...<page><box>
23	oryu_revelation	main_story	Oryu reveals the castle plot	1	196:$468A	Oryu: Everything is...
23	oryu_revelation	main_story	Oryu reveals the castle plot	2	196:$4697	Oryu: Everything is about to begin...<page><box>
23	oryu_revelation	main_story	Oryu reveals the castle plot	3	196:$46AB	Oryu: If this continues, something even worse will happen...<page><box>
23	oryu_revelation	main_story	Oryu reveals the castle plot	4	196:$46D2	Oryu: You heard the townspeople, didn't you?<page><box>Oryu: They think Princess Ateka is the cause...<page><box>Oryu: They said the town will return to normal if someone deals with her...<page><box>Oryu: I don't think they're wrong.<page><box>
23	oryu_revelation	main_story	Oryu reveals the castle plot	5	196:$4742	Oryu: Princess Ateka is the key to everything...<page><box>
23	oryu_revelation	main_story	Oryu reveals the castle plot	6	196:$4761	Oryu: Time is running out.<page><br>I can't explain everything right now...<page><box>Oryu: <name>...<page><box>Oryu: Please.<page><br>Will you help me?<page><box>Oryu: I want to rescue the Princess...<page><box>Oryu: To save that girl from the Magic Castle.<page><box>
23	oryu_revelation	main_story	Oryu reveals the castle plot	7	196:$47D6	Oryu: It's true the Lord and Princess Ateka caused all of this.<page><box>Oryu: Even the Evil God Statue is there because she gave it to the Lord...<page><box>
23	oryu_revelation	main_story	Oryu reveals the castle plot	8	196:$482E	Oryu: But please.<page><br>Believe in her...<page><box>
23	oryu_revelation	main_story	Oryu reveals the castle plot	9	196:$4851	Oryu: Well...<page><br>I have to go...<page><box>
23	oryu_revelation	main_story	Oryu reveals the castle plot	10	196:$486B	Lord: On the night of the next full moon, we will finally perform the ritual.<page><box>Lord: It will take place in the Castle Keep!<page><box>Lord: Make certain no one interferes during the ritual!<page><box>
23	oryu_revelation	main_story	Oryu reveals the castle plot	11	196:$48E4	Lord: Heh heh... The time has finally come.<page><box>Lord: The time of resurrection is upon us...<page><box>Lord: Princess.<page><br>You understand your role in the ritual, do you not?<page><box><delay:1E>Ateka: ...<page><box>Lord: Heh heh... I know you are waiting for that moment<br>too...<page><box>Lord: But will your plan succeed?<page><box><delay:1E>Ateka: ...<page><box>Lord: Heh heh... My life is also at stake in this ritual.<br>Do your part well.<page><box>
23	oryu_revelation	main_story	Oryu reveals the castle plot	12	196:$49D7	Lord: Ha ha ha ha ha ha!!<page>
24	pekeji_returns	main_story	Pekeji returns	1	196:$4A00	Pekeji: Brooo!!
24	pekeji_returns	main_story	Pekeji returns	2	196:$4A10	Pekeji: Pant, pant, pant...<page><br>Going alone without telling me? That's cold, Bro...<page><box>
24	pekeji_returns	main_story	Pekeji returns	3	196:$4A40	Pekeji: I'm coming too, Bro.<page><br>My injuries are all better now.<page><box>Pekeji: Besides, I can't forgive them!<page><box>Pekeji: Not after what they did to Koppa!<page><box>Pekeji: That's why I'm<br>coming!<page><box>
24	pekeji_returns	main_story	Pekeji returns	4	196:$4AA0	Pekeji: Come on! Let's quit wasting time and go, Bro!<page><box>
24	pekeji_returns	main_story	Pekeji returns	5	196:$4AC7	Pekeji: Listen, Bro.<page><box>Pekeji: I don't think we should stay together here.<page><box>
24	pekeji_returns	main_story	Pekeji returns	6	196:$4AF9	Pekeji: I'll act as the decoy.<page><br>When you see an opening, go on ahead.<page><box>
24	pekeji_returns	main_story	Pekeji returns	7	196:$4B29	Pekeji: Don't worry.<br>I'll be fine!<page><box>Pekeji: I may not look it, but I'm built tough! See you<br>later!<page><box>Pekeji: The monsters in this castle will be a piece of<br>cake.<page><box>
24	pekeji_returns	main_story	Pekeji returns	8	196:$4B91	Pekeji: Gwah!<page><box><delay:1E>Pekeji: That was nothing!<page><box>
24	pekeji_returns	main_story	Pekeji returns	9	196:$4BB1	Pekeji: Eek!<page><box>
24	pekeji_returns	main_story	Pekeji returns	10	196:$4BBD	Pekeji: Aaaah!<delay:05><page><box>
24	pekeji_returns	main_story	Pekeji returns	11	196:$4BCB	Pekeji: Stop!!<page><box>
24	pekeji_returns	main_story	Pekeji returns	12	196:$4BD8	Pekeji: H-Help...<page><box>
25	castle_infiltration	main_story	Castle guard patrol and infiltration	1	196:$4BFF	Rookie Guard: Good. Nothing has changed.<page><box>
25	castle_infiltration	main_story	Castle guard patrol and infiltration	2	196:$4C14	Rookie Guard: Still, doesn't this castle have too many secret passages?<page><box>Rookie Guard: It's enough to get anyone lost.<page><box>
25	castle_infiltration	main_story	Castle guard patrol and infiltration	3	196:$4C58	Rookie Guard: Quit complaining.<br>Let's keep moving.<page><box>
25	castle_infiltration	main_story	Castle guard patrol and infiltration	4	196:$4C76	Ateka: Once the ritual begins, I think I will lose my<br>memory.<page><box>Ateka: So...<page><box>Oryu: It will be all right.<page><box>Oryu: I promise to save both you and your mother...<page><box>Oryu: Besides...<page><box>Oryu: <name> will surely come too...<page><box>Ateka: <name>...?<page><br>He will come...?<page><box>Oryu: Yes. He may not look it, but you can rely on him.<page><box>Oryu: When it matters most, he has incredible<br>determination.<page><box>Ateka: Oryu...<page><box>Oryu: Yes?<page><box>Ateka: If <name> is ever in danger...<page><br>Please give him this...<page><box>
25	castle_infiltration	main_story	Castle guard patrol and infiltration	5	196:$4D99	Oryu: This is...<page><br>A Jewel?<page><box>Ateka: It is a talisman passed down through our family.<page><box>Oryu: You want me to give this to <name>. Understood.<page><box>
25	castle_infiltration	main_story	Castle guard patrol and infiltration	6	196:$4DF6	Ateka: Ah... Someone is<br>coming!<page><box>
25	castle_infiltration	main_story	Castle guard patrol and infiltration	7	196:$4E0B	Ateka: Oryu, hurry!<page><box>Oryu: It's all right.<br>There's no need to panic.<page><box>
25	castle_infiltration	main_story	Castle guard patrol and infiltration	8	196:$4E35	Oryu: Remember.<page><box>Oryu: You are never alone.<page><box>Oryu: Don't give up.<br>We'll get through this.<page><box>Oryu: See you soon.<page><box>
25	castle_infiltration	main_story	Castle guard patrol and infiltration	9	196:$4E6D	Rookie Guard: Forgive us, Princess.<page><box>Rookie Guard: The Lord ordered us to inspect this room as well...<page><box>
25	castle_infiltration	main_story	Castle guard patrol and infiltration	10	196:$4EA6	Rookie Guard: ...<br>Nothing seems out of place.<page><box>
25	castle_infiltration	main_story	Castle guard patrol and infiltration	11	196:$4EC2	Rookie Guard: Let's go...<page><box>
26	full_moon_ritual	main_story	Full-moon ritual	1	196:$4EF1	Lord: Heh heh...<br>The time has finally come.<br>The night of the full moon.<page><box>Lord: How long I have waited for this ritual...<page><box>Ateka: ...<page><box>
26	full_moon_ritual	main_story	Full-moon ritual	2	196:$4F45	Lord: With this, your role and your mother's will end.<page><box>Lord: Princess...<page><br>You understand, do you not?<page><box>
26	full_moon_ritual	main_story	Full-moon ritual	3	196:$4F7D	Lord: Heh heh...<page><br>What this full-moon ritual will summon...<page><box>Lord: Will it be your light, or my darkness...?<page><box>Lord: Once the ritual ends, everything will finally be decided...<page><box>Lord: But before that...<page><box>Lord: I must dispose of one little rat!<page><box>
26	full_moon_ritual	main_story	Full-moon ritual	4	196:$500B	Lord: You mean to interfere again? Heh heh heh.<page><box>
26	full_moon_ritual	main_story	Full-moon ritual	5	196:$502B	Lord: What's wrong?<page><box>Lord: Did you not come to defeat me?<page><box>
26	full_moon_ritual	main_story	Full-moon ritual	6	196:$5050	Lord: Will you not use your favorite blinding trick?<page><box>Lord: I cannot promise it will work again.<page><box>
26	full_moon_ritual	main_story	Full-moon ritual	7	196:$5085	Oryu: Ah...<page><box>
26	full_moon_ritual	main_story	Full-moon ritual	8	196:$5092	Lord: I commend you for making it all the way to the Castle Keep...<page><box>Lord: Heh heh... You planned to wait for an opening and sever the flow of darkness...<page><box>Lord: How unfortunate...<page><br>This is the end!!<page><box>
26	full_moon_ritual	main_story	Full-moon ritual	9	196:$5113	Lord: Well, well...<page><br>Welcome to the Castle Keep.<page><box>Lord: You truly are a glutton for punishment.<page><box>Lord: Coming back after what happened before... Heh heh heh...<page><box>
26	full_moon_ritual	main_story	Full-moon ritual	10	196:$5175	Lord: I will burn you away so thoroughly that you never return.<page><box>Lord: Just like your partner!!
26	full_moon_ritual	main_story	Full-moon ritual	11	196:$51AC	Oryu: <name>! Catch!!<page><box>
26	full_moon_ritual	main_story	Full-moon ritual	12	196:$51BD	Lord: What...?<page><box>
26	full_moon_ritual	main_story	Full-moon ritual	13	196:$51CC	Lord: That Jewel you<br>possess...<page><box>
26	full_moon_ritual	main_story	Full-moon ritual	14	196:$51F3	Lord: So that is your plan...<br>What an insolent trick.<page><box>
26	full_moon_ritual	main_story	Full-moon ritual	15	196:$5213	Lord: Do not think that was the full extent of my power.<page><br>Here I come!!<page><box>
27	lord_retry	main_story_branch	Lord rematch taunt	1	196:$5241	Lord: I will permit no interference.<page><br>No matter who it is.<page><box>
27	lord_retry	main_story_branch	Lord rematch taunt	2	196:$5265	Lord: This time I will end your life! Prepare yourself!!<page><box>
28	lord_aftermath	main_story	Lord confrontation aftermath	1	196:$529C	Lord: What? This is...<page><box>
28	lord_aftermath	main_story	Lord confrontation aftermath	2	196:$52AE	Lord: The ritual...<page><br>The ritual is complete!!<page><box>Lord: And this flow of darkness...<page><box>Lord: Ha!<page><box>Lord: Ha ha ha ha ha!!<page><box>Lord: Princess! What a pity!<br>I have won!!<page><box>
28	lord_aftermath	main_story	Lord confrontation aftermath	3	196:$531D	Lord: The time for battle has already passed.<page><br>Your life has been spared!!<page><box>
28	lord_aftermath	main_story	Lord confrontation aftermath	4	196:$5348	Oryu: Aaaaaah!!
28	lord_aftermath	main_story	Lord confrontation aftermath	5	196:$5358	???: Hyah ha ha ha ha!!
28	lord_aftermath	main_story	Lord confrontation aftermath	6	196:$536A	Oryu: The Magic Castle is collapsing!!<page><box>
28	lord_aftermath	main_story	Lord confrontation aftermath	7	196:$5380	Oryu: <name>, can you stand?<page><br>We have to escape quickly...<page><box>
28	lord_aftermath	main_story	Lord confrontation aftermath	8	196:$539F	Oryu: Ah! Look out!!<page><box>
28	lord_aftermath	main_story	Lord confrontation aftermath	9	196:$53B3	Pekeji: Thank goodness! I made it in time, Bro.<page><box>Pekeji: Come on! Let's go!<page><box>
28	lord_aftermath	main_story	Lord confrontation aftermath	10	196:$53D6	Nuwanko: Th-The Magic Castle...<page><box>Mekerere: It's collapsing...<page><box>
29	jahannam_opens	main_story	Curas opens Jahannam's Gate	1	196:$5422	Curas: Heh heh...<br>At last, I have found it.<br>Jahannam's Gate.<page><box>Curas: The time of resurrection draws near.<br>Heh heh heh...<page><box>
29	jahannam_opens	main_story	Curas opens Jahannam's Gate	2	196:$546E	Lord: Ugh...<page><box>Oryu: Such terrible heat...<page><box>
29	jahannam_opens	main_story	Curas opens Jahannam's Gate	3	196:$548D	Oryu: Is this also an effect of separating her from that monster Curas?<page><box>
29	jahannam_opens	main_story	Curas opens Jahannam's Gate	4	196:$54B7	Ateka: Probably...<page><br>Unless we defeat Curas, Mother will...<page><box>
29	jahannam_opens	main_story	Curas opens Jahannam's Gate	5	196:$54E1	Sachi: She won't recover?<page><box>
29	jahannam_opens	main_story	Curas opens Jahannam's Gate	6	196:$54F2	Sachi: She looks like she's in terrible pain.<page><box>Ateka: Mother...<page><box>
29	jahannam_opens	main_story	Curas opens Jahannam's Gate	7	196:$5513	Pekeji: Pant, pant...<br>I brought Obaba!<page><box>
29	jahannam_opens	main_story	Curas opens Jahannam's Gate	8	196:$5534	Obaba: Ow, ow...<br>Don't you know how to handle someone gently?!<page><box>
29	jahannam_opens	main_story	Curas opens Jahannam's Gate	9	196:$5566	Pekeji: Ow!<page><box>
29	jahannam_opens	main_story	Curas opens Jahannam's Gate	10	196:$5572	Obaba: So...<br>Who is suffering from this illness?<page><box>
29	jahannam_opens	main_story	Curas opens Jahannam's Gate	11	196:$558F	Obaba: Hmm... She is certainly cursed.<page><box>Obaba: A monster possessed her for far too long.<page><box>Obaba: I do not know how long my purification can hold it back...<page><box>
29	jahannam_opens	main_story	Curas opens Jahannam's Gate	12	196:$5605	Obaba: Then let us begin.<page><box>Obaba: Light of Heaven and Earth.<page><box>Obaba: Drive away this evil darkness...<page><box>
29	jahannam_opens	main_story	Curas opens Jahannam's Gate	13	196:$564E	Oro: Princess.<page><box>Oro: I hate to ask at a time like this, with the Lord in this condition...<page><box>
29	jahannam_opens	main_story	Curas opens Jahannam's Gate	14	196:$5677	Oro: Everyone in town wants to ask you about the Magic Castle and the desert...<page><box>Ateka: I understand...<page><br>I will tell them everything...<page><box>
29	jahannam_opens	main_story	Curas opens Jahannam's Gate	15	196:$56CB	Oryu: Ateka...<page><box>
29	jahannam_opens	main_story	Curas opens Jahannam's Gate	16	196:$56D9	Ateka: It will be all right, Oryu.<page><box>
29	jahannam_opens	main_story	Curas opens Jahannam's Gate	17	196:$56EF	Ateka: I will explain everything...<page><br>Please bring everyone here...<page><box>Oro: All right. I'll gather them.<page><box>
29	jahannam_opens	main_story	Curas opens Jahannam's Gate	18	196:$5726	Ateka: Oryu...<page><box>
29	jahannam_opens	main_story	Curas opens Jahannam's Gate	19	196:$5736	Oryu: Yes.<page><box>Oryu: This is no time to hang your head.<page><box>Oryu: It'll be all right.<page><box>Oryu: If you tell them the truth, I'm sure everyone will understand.<page><box>
29	jahannam_opens	main_story	Curas opens Jahannam's Gate	20	196:$5789	Oryu: <name>...<page><br>I'll wait on the hill above the Magic Castle...<page><box>
30	final_dungeon_council	main_story	Ilpa council before the final dungeon	1	196:$5820	Oryu: Has she already started speaking in front of everyone...?<page><box>Oryu: I'm sure she would rather run away...<page><box>
30	final_dungeon_council	main_story	Ilpa council before the final dungeon	2	196:$5869	Oryu: Tell me, <name>.<page><box>Oryu: What do you think was happening inside that Magic Castle?<page><box>
30	final_dungeon_council	main_story	Ilpa council before the final dungeon	3	196:$5894	Oryu: Why were the monsters after the Evil God Statue...?<page><box>Oryu: Why was Princess Ateka obeying the monsters...?<page><box>Oryu: And why did I come to this town...?<page><box>Oryu: I'll explain why.<page><br>First...<page><box>
30	final_dungeon_council	main_story	Ilpa council before the final dungeon	4	196:$5920	Ateka: The monster Curas had one goal.<page><box>Ateka: To resurrect the Evil God sleeping beneath this region.<page><box>Ateka: The Evil God was sealed away by a certain object.<page><box>Ateka: The Evil God Statue.<page><box>
30	final_dungeon_council	main_story	Ilpa council before the final dungeon	5	196:$5988	Ateka: But recently, the seal had begun to weaken...<page><box>Ateka: That was turning the surrounding land into<br>desert.<page><box>
30	final_dungeon_council	main_story	Ilpa council before the final dungeon	6	196:$59D2	Oryu: That also drew the monsters to the castle...<page><box>Oryu: Then Pekeji took the Evil God Statue, making the desert spread even faster...<page><box>
30	final_dungeon_council	main_story	Ilpa council before the final dungeon	7	196:$5A35	Ateka: But that alone was not enough for Curas to resurrect the Evil God.<page><box>
30	final_dungeon_council	main_story	Ilpa council before the final dungeon	8	196:$5A68	Ateka: Curas did not know where the Evil God slept...<page><box>
30	final_dungeon_council	main_story	Ilpa council before the final dungeon	9	196:$5A8F	Oryu: The Evil God's resting place...<page><box>Oryu: To discover it...<page><box>Oryu: Curas needed Princess Ateka's power as a<br>priestess.<page><box>Oryu: The full-moon ritual was his way of finding the Evil God.<page><box>Oryu: But the ritual was also a tremendous gamble for Curas...<page><box>
30	final_dungeon_council	main_story	Ilpa council before the final dungeon	10	196:$5B2A	Ateka: Curas first approached me.<page><box>Ateka: And then...<page><box>Ateka: When Mother discovered this, she tried to save me...<page><box>Ateka: But she was defeated in the battle...<page><box>Ateka: And Curas possessed her instead...<page><box>
30	final_dungeon_council	main_story	Ilpa council before the final dungeon	11	196:$5BC3	Oryu: My mission...<page><br>Was to stop the Evil God's resurrection.<page><box>Oryu: I came to this town under those orders...<page><box>
30	final_dungeon_council	main_story	Ilpa council before the final dungeon	12	196:$5C17	Oryu: I disguised myself as an attendant and entered the Magic Castle.<page><box>Oryu: There, I gathered information.<page><box>Oryu: The more I learned, the more I wanted to save them both too.<page><box>
30	final_dungeon_council	main_story	Ilpa council before the final dungeon	13	196:$5C81	Oryu: The full-moon ritual held both darkness and light.<page><box>Oryu: If we kept it from falling into darkness, we could destroy Curas instead.<page><box>
30	final_dungeon_council	main_story	Ilpa council before the final dungeon	14	196:$5CD7	Oryu: Once we learned that...<page><box>Oryu: We placed our final hope on it...<page><box>Oryu: So we performed the ritual...<page><box>
30	final_dungeon_council	main_story	Ilpa council before the final dungeon	15	196:$5D09	Ateka: But Curas was far stronger than we expected...<page><box>Ateka: And my own power was not enough...<page><box>Ateka: The ritual...<page><box>Ateka: It flowed...<page><box>Ateka: Into darkness...<page><box>Ateka: The place where the lightning struck...<page><box>Ateka: That is where the Evil God sleeps.<page><box>Ateka: Curas is already on his way there.<page><br>If we do not hurry...<page><box>
30	final_dungeon_council	main_story	Ilpa council before the final dungeon	16	196:$5DD9	Oryu: The Evil God will be resurrected.<page><box>
30	final_dungeon_council	main_story	Ilpa council before the final dungeon	17	196:$5DEF	Oro: Wait a moment.<page><box>Oro: If this Evil God is resurrected...<page><box>Oro: What will happen to the town?<page><box>
30	final_dungeon_council	main_story	Ilpa council before the final dungeon	18	196:$5E26	Wanda: A-An earthquake!!<page><box>
30	final_dungeon_council	main_story	Ilpa council before the final dungeon	19	196:$5E37	Rai: Is something else happening at the Magic Castle?!<page><box>
30	final_dungeon_council	main_story	Ilpa council before the final dungeon	20	196:$5E58	Wanda: L-Let's go see!!<page><box>
30	final_dungeon_council	main_story	Ilpa council before the final dungeon	21	196:$5E6A	Oryu: I-It has begun...<page><br>The first sign of its resurrection!<page><box>
30	final_dungeon_council	main_story	Ilpa council before the final dungeon	22	196:$5E8B	Nuwanko: L-Look!<br>The desert!!<page><box>
30	final_dungeon_council	main_story	Ilpa council before the final dungeon	23	196:$5EA6	Mekerere: What is that?!<page><box>Wanda: The desert is rising up?!<page><box>Nuwanko: What's going to happen now?!<page><box>
30	final_dungeon_council	main_story	Ilpa council before the final dungeon	24	196:$5EEC	Oro: Princess.
30	final_dungeon_council	main_story	Ilpa council before the final dungeon	25	196:$5EF6	Oro: Tell us.<page><box>Oro: If the Evil God is resurrected...<page><box>Oro: This town...<page><box>Oro: What will happen to it?<page><box>
30	final_dungeon_council	main_story	Ilpa council before the final dungeon	26	196:$5F2D	Ateka: If the Evil God is resurrected...<page><box>Ateka: It will begin growing rapidly, seeking its complete form.<page><box>Ateka: And once it reaches that complete form...<page><box>
30	final_dungeon_council	main_story	Ilpa council before the final dungeon	27	196:$5F97	Ateka: Ilpa will...<page><box>Ateka: The town will...<page><box>Ateka: Be destroyed...<delay:14><br>Completely...<page><box>
30	final_dungeon_council	main_story	Ilpa council before the final dungeon	28	196:$5FC6	Mekerere: Wh-What?!<page><box><delay:1E>Rai: The town...<page> Destroyed?!<page><box><delay:1E>Nuwanko: N-No...<page><box>
30	final_dungeon_council	main_story	Ilpa council before the final dungeon	29	196:$5FFD	Mekerere: Should we run?!<page><box><delay:1E>Shizu: Run...?<br>Where would we go?!<page><box><delay:1E>Wanda: What are we supposed to do?!<page><box>
30	final_dungeon_council	main_story	Ilpa council before the final dungeon	30	196:$603B	Sachi: What are you all saying?!
30	final_dungeon_council	main_story	Ilpa council before the final dungeon	31	196:$6052	Sachi: The town isn't doomed yet!<page><box>
30	final_dungeon_council	main_story	Ilpa council before the final dungeon	32	196:$6078	Sachi: What good is giving up before we even try?!<page><box>
30	final_dungeon_council	main_story	Ilpa council before the final dungeon	33	196:$6096	Nuwanko: Even if you say that...<page><box>Nuwanko: What can we do...?<page><box>
30	final_dungeon_council	main_story	Ilpa council before the final dungeon	34	196:$60B7	<delay:1E>Sachi: Isn't it obvious?<page><br>We fight.<page><box>Sachi: As long as there's hope, we fight to the very end!<page><box>
30	final_dungeon_council	main_story	Ilpa council before the final dungeon	35	196:$60EF	Rai: Can we win?<page><br>Against an Evil God?<page><box><delay:1E>Sachi: We won't know unless we try.<page><box>Sachi: Giving up is easy.<page><br>But once you give up, it's over.<page><box>Sachi: I want to protect this town.<page><box>Sachi: So I...<page><box>Sachi: Even if I have to fight alone, I will!!<page><box>
30	final_dungeon_council	main_story	Ilpa council before the final dungeon	36	196:$618F	Ateka: I will fight too...<page><box>
30	final_dungeon_council	main_story	Ilpa council before the final dungeon	37	196:$61A4	<delay:1E>Sachi: Princess...<page><box>
30	final_dungeon_council	main_story	Ilpa council before the final dungeon	38	196:$61B4	Ateka: This happened because of me.<page><box>Ateka: I will do anything to atone for it afterward.<page><box>Ateka: But for now, please allow me to help.<page><br>I beg you.<page><box>
30	final_dungeon_council	main_story	Ilpa council before the final dungeon	39	196:$621D	Wanda: Me too!<page><box>Wanda: I'll fight!<page><box>
30	final_dungeon_council	main_story	Ilpa council before the final dungeon	40	196:$6234	Mekerere: She's right...<page><br>It's too soon to give up.<page><box>
30	final_dungeon_council	main_story	Ilpa council before the final dungeon	41	196:$6259	Nuwanko: There must still be something we can do.<page><box>
30	final_dungeon_council	main_story	Ilpa council before the final dungeon	42	196:$6278	Rai: I-I'll do my best too!!<page><box>
30	final_dungeon_council	main_story	Ilpa council before the final dungeon	43	196:$628E	Oro: All right!<page><br>We'll protect the town together!!<page><box>
30	final_dungeon_council	main_story	Ilpa council before the final dungeon	44	196:$62AB	Ateka: <name>.<page><br>Curas possesses tremendous magical power.<page><box>Ateka: I wish I could defeat him, but I do not have the strength.<page><box>Ateka: Only <name> can defeat Curas.<page><box>Ateka: Please.<br>You must defeat Curas...<page><box>
30	final_dungeon_council	main_story	Ilpa council before the final dungeon	45	196:$6333	Oro: I ask this of you too.<page><br>We will protect the castle town together.<page><box>Oro: While we hold it back...<page><box>Oro: You must find a way to defeat him!<page><box>Oro: Defeat Curas!!<page><box>
30	final_dungeon_council	main_story	Ilpa council before the final dungeon	46	196:$638D	Oryu: <name>!<page><br>I'm coming too!!<page><box>
30	final_dungeon_council	main_story	Ilpa council before the final dungeon	47	196:$63A5	Pekeji: Bro! I'm coming too!!<page><br>Take me with you!!<page><box><delay:3C>Koppa: I'm going too.<page><box>
30	final_dungeon_council	main_story	Ilpa council before the final dungeon	48	196:$63D8	Sachi: Koppa...<page><box>
30	final_dungeon_council	main_story	Ilpa council before the final dungeon	49	196:$63E5	Koppa: Princess, I'm sorry.<page><br>I'm ashamed of myself.<page><box>Koppa: I doubted you for a moment because of the Evil God Statue...<page><box>Koppa: It was pathetic of<br>me.<page><box><delay:1E>Ateka: No. I am the one who should apologize...<page><box>Ateka: More importantly, your injuries?<page><box>Ateka: Are you all right?<page><box><delay:1E>Koppa: I can't stay in bed while everyone else is ready to fight.<page><box>Koppa: Besides...<page><box>Koppa: Curas is the one monster I will never<br>forgive!<page><box>
30	final_dungeon_council	main_story	Ilpa council before the final dungeon	50	196:$64C3	Koppa: <name>! Let's go!!<page><br>We're going to defeat Curas!!<page><box>
30	final_dungeon_council	main_story	Ilpa council before the final dungeon	51	196:$64E4	Oro: All right!<page><box>Oro: Everyone, go home and prepare for battle!!<page><box>
30	final_dungeon_council	main_story	Ilpa council before the final dungeon	52	196:$6507	Everyone: Yeah!!<page><box>
30	final_dungeon_council	main_story	Ilpa council before the final dungeon	53	196:$6516	Sachi: Curas won't stand a chance against <name>!<page><br>Good luck, <name>!!<page><box>
30	final_dungeon_council	main_story	Ilpa council before the final dungeon	54	196:$6545	Pekeji: Let's give it everything we've got!<br>Bro!!<page><box>
30	final_dungeon_council	main_story	Ilpa council before the final dungeon	55	196:$655F	Ateka: <name>.<page><br>If the Evil God is resurrected...<page><box>Ateka: You must defeat it before it reaches its complete form.<page><box>Ateka: Once it reaches its complete form, it will be too late.<page><box>Ateka: I pray fortune is with you...<page><box>Ateka: I know you can succeed, <name>...<page><box>Ateka: Please be careful.<page><box>Ateka: I believe you will return safely...<page><box>Ateka: I will be waiting.<page><box>
30	final_dungeon_council	main_story	Ilpa council before the final dungeon	56	196:$6648	Koppa: All right!<br>Let's go, <name>!<page><box>
31	oryu_join_prompt	ally_event	Oryu join prompt	1	196:$666A	Oryu: I'm coming too!<br>Do you want to travel together?<page><box>
31	oryu_join_prompt	ally_event	Oryu join prompt	2	196:$6689	Pekeji: I'll split off after we enter Jahannam's Gate.<page><box>Pekeji: Let's both give it our best, Bro!!<page><box>
31	oryu_join_prompt	ally_event	Oryu join prompt	3	196:$66D5	Pekeji: I'm coming too!<br>Take me with you, Bro!<page><box>
31	oryu_join_prompt	ally_event	Oryu join prompt	4	196:$66F4	Oryu: I'll split off after we enter Jahannam's Gate.<page><box>Oryu: Be careful, <name>!<page>
31	oryu_join_prompt	ally_event	Oryu join prompt	5	196:$6739	Oryu: We'll split up once we reach Jahannam's Gate.<page><box>
31	oryu_join_prompt	ally_event	Oryu join prompt	6	196:$676B	Pekeji: Let's give it our best, Bro!!<page><box>
32	sachi_watch_post	main_story	Sachi's watch post	1	196:$6787	Sachi: Thanks for standing guard.<page><br>How does everything look?<page><box>
32	sachi_watch_post	main_story	Sachi's watch post	2	196:$67A7	Nuwanko: Nothing seems unusual so far...<page><box>Wanda: What is that?!<page><box>
32	sachi_watch_post	main_story	Sachi's watch post	3	196:$67DA	Oro: What happened?!<page><box>
32	sachi_watch_post	main_story	Sachi's watch post	4	196:$67E7	Oro: I-It's coming!<page><box>
33	scenario_diagnostics	internal	Scenario-counter diagnostics and fallbacks	1	196:$693A	Tanaka: Is the scenario counter bugged?<page>
33	scenario_diagnostics	internal	Scenario-counter diagnostics and fallbacks	2	196:$6953	Tanaka: Town 7-11!<page>
33	scenario_diagnostics	internal	Scenario-counter diagnostics and fallbacks	3	196:$6965	Tanaka: Town 7-10!<page>
33	scenario_diagnostics	internal	Scenario-counter diagnostics and fallbacks	4	196:$6977	Tanaka: Town 7-9-5!<page>
33	scenario_diagnostics	internal	Scenario-counter diagnostics and fallbacks	5	196:$698A	Tanaka: Town 7-9!<page>
33	scenario_diagnostics	internal	Scenario-counter diagnostics and fallbacks	6	196:$699B	Tanaka: Town 7-8!<page>
33	scenario_diagnostics	internal	Scenario-counter diagnostics and fallbacks	7	196:$69AC	Tanaka: Town 7-7!<page>
33	scenario_diagnostics	internal	Scenario-counter diagnostics and fallbacks	8	196:$69BD	Tanaka: Town 7-6!<page>
33	scenario_diagnostics	internal	Scenario-counter diagnostics and fallbacks	9	196:$69CE	Tanaka: Town 7-5!<page>
33	scenario_diagnostics	internal	Scenario-counter diagnostics and fallbacks	10	196:$69DF	Tanaka: Town 7-4!<page>
33	scenario_diagnostics	internal	Scenario-counter diagnostics and fallbacks	11	196:$69F0	Tanaka: Town 7-3!<page>
33	scenario_diagnostics	internal	Scenario-counter diagnostics and fallbacks	12	196:$6A01	Tanaka: Town 7-2!<page>
33	scenario_diagnostics	internal	Scenario-counter diagnostics and fallbacks	13	196:$6A12	Tanaka: Town 7-1!<page>
33	scenario_diagnostics	internal	Scenario-counter diagnostics and fallbacks	14	196:$6A23	Tanaka: Town 6-1!<page>
33	scenario_diagnostics	internal	Scenario-counter diagnostics and fallbacks	15	196:$6A34	Tanaka: Town 5-6!<page>
33	scenario_diagnostics	internal	Scenario-counter diagnostics and fallbacks	16	196:$6A45	Tanaka: Town 5-5!<page>
33	scenario_diagnostics	internal	Scenario-counter diagnostics and fallbacks	17	196:$6A56	Tanaka: Town 5-4!<page>
33	scenario_diagnostics	internal	Scenario-counter diagnostics and fallbacks	18	196:$6A67	Tanaka: Town 5-3!<page>
33	scenario_diagnostics	internal	Scenario-counter diagnostics and fallbacks	19	196:$6A78	Tanaka: Town 5-2!<page>
33	scenario_diagnostics	internal	Scenario-counter diagnostics and fallbacks	20	196:$6A89	Tanaka: Town 5-1!<page>
33	scenario_diagnostics	internal	Scenario-counter diagnostics and fallbacks	21	196:$6A9A	Tanaka: Town 4-6!<page>
33	scenario_diagnostics	internal	Scenario-counter diagnostics and fallbacks	22	196:$6AAB	Tanaka: Town 4-5!<page>
33	scenario_diagnostics	internal	Scenario-counter diagnostics and fallbacks	23	196:$6ABC	Tanaka: Town 4-4!<page>
33	scenario_diagnostics	internal	Scenario-counter diagnostics and fallbacks	24	196:$6ACD	Tanaka: Town 4-3-2!<page>
33	scenario_diagnostics	internal	Scenario-counter diagnostics and fallbacks	25	196:$6AE0	Tanaka: Town 4-3!<page>
33	scenario_diagnostics	internal	Scenario-counter diagnostics and fallbacks	26	196:$6AF1	Tanaka: Town 4-2!<page>
33	scenario_diagnostics	internal	Scenario-counter diagnostics and fallbacks	27	196:$6B02	Tanaka: Town 4-1!<page>
33	scenario_diagnostics	internal	Scenario-counter diagnostics and fallbacks	28	196:$6B13	Tanaka: Town 3-5!<page>
33	scenario_diagnostics	internal	Scenario-counter diagnostics and fallbacks	29	196:$6B24	Tanaka: Town 3-4!<page>
33	scenario_diagnostics	internal	Scenario-counter diagnostics and fallbacks	30	196:$6B35	Tanaka: Town 3-3!<page>
33	scenario_diagnostics	internal	Scenario-counter diagnostics and fallbacks	31	196:$6B46	Tanaka: Town 3-2!<page>
33	scenario_diagnostics	internal	Scenario-counter diagnostics and fallbacks	32	196:$6B57	Tanaka: Town 3-1!<page>
33	scenario_diagnostics	internal	Scenario-counter diagnostics and fallbacks	33	196:$6B68	Tanaka: Town 2-4!<page>
33	scenario_diagnostics	internal	Scenario-counter diagnostics and fallbacks	34	196:$6B79	Tanaka: Town 2-3!<page>
33	scenario_diagnostics	internal	Scenario-counter diagnostics and fallbacks	35	196:$6B8A	Tanaka: Town 2-2!<page>
33	scenario_diagnostics	internal	Scenario-counter diagnostics and fallbacks	36	196:$6B9B	Tanaka: Town 2-1-5!<page>
33	scenario_diagnostics	internal	Scenario-counter diagnostics and fallbacks	37	196:$6BAE	Tanaka: Town 2-1!<page>
33	scenario_diagnostics	internal	Scenario-counter diagnostics and fallbacks	38	196:$6BBF	Tanaka: Town 1-1!<page>
33	scenario_diagnostics	internal	Scenario-counter diagnostics and fallbacks	39	196:$6BD0	Tanaka: Town 0-1!<page>
33	scenario_diagnostics	internal	Scenario-counter diagnostics and fallbacks	40	196:$6BE1	<cF8>h<cF8>i Unit: Bwo-ho!<page>
33	scenario_diagnostics	internal	Scenario-counter diagnostics and fallbacks	41	196:$6BF1	<cF8>h<cF8>i Unit: Bwo-ho!<br>I am strong! I am number one!<br>Comrade! Comraaaade!!<page><box>
33	scenario_diagnostics	internal	Scenario-counter diagnostics and fallbacks	42	196:$6C25	<cF8>h<cF8>i Unit: Bwo-ho!<br>Marching out!! Bwo-ho!!<page><box>
33	scenario_diagnostics	internal	Scenario-counter diagnostics and fallbacks	43	196:$6C49	<cF8>h<cF8>i Unit joined you!<delay:96><page>
33	scenario_diagnostics	internal	Scenario-counter diagnostics and fallbacks	44	196:$6C5C	<cF8>h<cF8>i Unit: Bwo-ho! Bwo-ho! Bwo-hoooo!<page>
33	scenario_diagnostics	internal	Scenario-counter diagnostics and fallbacks	45	196:$6C8E	<cF8>h<cF8>i Unit: Bwo-ho!<br>Comrade! Comraaaade!!<page><box>
33	scenario_diagnostics	internal	Scenario-counter diagnostics and fallbacks	46	196:$6CB0	<cF8>h<cF8>i Unit: Bwo-ho!<br>Marching out!! Bwo-ho!!<page><box><delay:1E>
33	scenario_diagnostics	internal	Scenario-counter diagnostics and fallbacks	47	196:$6CD6	<cF8>h<cF8>i Unit joined you!<delay:96><page>
33	scenario_diagnostics	internal	Scenario-counter diagnostics and fallbacks	48	196:$6CE9	<cF8>h<cF8>i Unit: Bwo-ho!<br>Bwo! Bwo! Bwo-hoooo!<page>
33	scenario_diagnostics	internal	Scenario-counter diagnostics and fallbacks	49	196:$6D0D	Gaibara: ...<page>
33	scenario_diagnostics	internal	Scenario-counter diagnostics and fallbacks	50	196:$6D18	Gaibara: Until I am<br>satisfied!!<page><box>Gaibara: And of course, I am not satisfiiiiied!!<page>
33	scenario_diagnostics	internal	Scenario-counter diagnostics and fallbacks	51	196:$6D54	Gaibara: Saruyama!<page><box>Gaibara: I have decided we will make jars in this house!!<page>
33	scenario_diagnostics	internal	Scenario-counter diagnostics and fallbacks	52	196:$6D7E	Gaibara: Saruyama!<page><box>Gaibara: I have decided we will make jars in this house!!<page>
33	scenario_diagnostics	internal	Scenario-counter diagnostics and fallbacks	53	196:$6DA8	Gaibara: Saruyama!<page><box>Gaibara: Is dinner not ready yet?!!<page>
33	scenario_diagnostics	internal	Scenario-counter diagnostics and fallbacks	54	196:$6DC7	Gaibara: No one will ever break my record!<page>
33	scenario_diagnostics	internal	Scenario-counter diagnostics and fallbacks	55	196:$6DE4	Gaibara: Saruyama.<br>The Ultimate Soil is...<page><box>
33	scenario_diagnostics	internal	Scenario-counter diagnostics and fallbacks	56	196:$6E03	Gaibara: No good! No good!<br>No goooooood!!<page>
33	scenario_diagnostics	internal	Scenario-counter diagnostics and fallbacks	57	196:$6E24	Koppa: Let's do our best!<page>
33	scenario_diagnostics	internal	Scenario-counter diagnostics and fallbacks	58	196:$6E32	Koppa: Ugh...<page>
33	scenario_diagnostics	internal	Scenario-counter diagnostics and fallbacks	59	196:$6E3F	Koppa: What was that black object we saw earlier...?<page>
33	scenario_diagnostics	internal	Scenario-counter diagnostics and fallbacks	60	196:$6E61	Koppa: Hmm. I still can't remember.<br>I wonder why...<page>
33	scenario_diagnostics	internal	Scenario-counter diagnostics and fallbacks	61	196:$6E8C	Koppa: It'd be nice if that jerk Mamo would fight too...<page><box>Koppa: Huh? You want me to fight?<page><box>Koppa: C-Cough! I suddenly don't feel so good...<page>
33	scenario_diagnostics	internal	Scenario-counter diagnostics and fallbacks	62	196:$6EE7	Koppa: Those two were awfully noisy, huh?<page><box>Koppa: What?<page> They were quiet compared to me?<page><box>Koppa: No way.<page>
33	scenario_diagnostics	internal	Scenario-counter diagnostics and fallbacks	63	196:$6F2E	Koppa: A robot??<page><box>Koppa: That's one strange doll...<page>
33	scenario_diagnostics	internal	Scenario-counter diagnostics and fallbacks	64	196:$6F4F	Koppa: Wow! A new doll!!<page><box>Koppa: And this time it's Unit 2!<page>
33	scenario_diagnostics	internal	Scenario-counter diagnostics and fallbacks	65	196:$6F80	Koppa: Wow!<br>Another new doll!!<page>
33	scenario_diagnostics	internal	Scenario-counter diagnostics and fallbacks	66	196:$6F9D	Koppa: Amazing! The doll has been tuned up!<page><box>Koppa: It even has a new name and more power!!<page>
33	scenario_diagnostics	internal	Scenario-counter diagnostics and fallbacks	67	196:$6FDB	Koppa: They say something good happens if you chant a spell before Big Moai.<page>
33	scenario_diagnostics	internal	Scenario-counter diagnostics and fallbacks	68	196:$7006	Koppa: Where did Big Moai go...?<page>
33	scenario_diagnostics	internal	Scenario-counter diagnostics and fallbacks	69	196:$702A	Koppa: Let's prepare properly before we enter the furnace.<page>
33	scenario_diagnostics	internal	Scenario-counter diagnostics and fallbacks	70	196:$7055	Koppa: It was fun reaching deep inside the blacksmith's furnace yesterday!!<page>
33	scenario_diagnostics	internal	Scenario-counter diagnostics and fallbacks	71	196:$7080	Koppa: Let's do our best, <name>!<page>
33	scenario_diagnostics	internal	Scenario-counter diagnostics and fallbacks	72	196:$7096	"Koppa: The ""Wanderer's Secrets"" are really useful!<page>"
33	scenario_diagnostics	internal	Scenario-counter diagnostics and fallbacks	73	196:$70B5	Koppa: Let's do our best today too, <name>!<page>
33	scenario_diagnostics	internal	Scenario-counter diagnostics and fallbacks	74	196:$70D2	"Koppa: The ""Wanderer's Secrets"" are really useful!<page>"
33	scenario_diagnostics	internal	Scenario-counter diagnostics and fallbacks	75	196:$70F1	Koppa: I'm getting hungry...<page>
33	scenario_diagnostics	internal	Scenario-counter diagnostics and fallbacks	76	196:$7103	Koppa: Where should we go next?<page>
33	scenario_diagnostics	internal	Scenario-counter diagnostics and fallbacks	77	196:$7116	Koppa: Keep your spirits up, <name>!<page>
33	scenario_diagnostics	internal	Scenario-counter diagnostics and fallbacks	78	196:$712F	Koppa: It's such a nice, warm day...<page><box>Koppa: I could fall asleep.<page>
33	scenario_diagnostics	internal	Scenario-counter diagnostics and fallbacks	79	196:$715D	Koppa: Hmm?<br>What's wrong, <name>?<page>
33	scenario_diagnostics	internal	Scenario-counter diagnostics and fallbacks	80	196:$7171	Koppa: Yahoo!<page>
33	scenario_diagnostics	internal	Scenario-counter diagnostics and fallbacks	81	196:$717D	Koppa: Hey.<page>
33	scenario_diagnostics	internal	Scenario-counter diagnostics and fallbacks	82	196:$7188	Koppa: Yo! What is it?<page>
33	scenario_diagnostics	internal	Scenario-counter diagnostics and fallbacks	83	196:$7198	Koppa: Don't worry.<br>I'm right here with you.<page>
33	scenario_diagnostics	internal	Scenario-counter diagnostics and fallbacks	84	196:$71BA	Koppa: Hurry!<br>Let's get out of here, <name>!<page>
33	scenario_diagnostics	internal	Scenario-counter diagnostics and fallbacks	85	196:$71D0	Koppa: Even if they tell us not to escape,<page><box>Koppa: staying here looks even more dangerous.<page><box>Koppa: Let's get out of here, fast.<page>
33	scenario_diagnostics	internal	Scenario-counter diagnostics and fallbacks	86	196:$721C	Koppa: This town is pretty lively.<page>
33	scenario_diagnostics	internal	Scenario-counter diagnostics and fallbacks	87	196:$7234	Koppa: You saw the Magic Castle too, right,<br><name>?<page><box>Koppa: Ugh... I've got a bad feeling about this...<page><box>Koppa: <name>! Let's hurry and take back the Evil God Statue!!<page>
33	scenario_diagnostics	internal	Scenario-counter diagnostics and fallbacks	88	196:$7292	Koppa: Once we defeat Zagan, we can take back the Evil God Statue!<page><box>Koppa: Let's do this, <name>!<page>
33	scenario_diagnostics	internal	Scenario-counter diagnostics and fallbacks	89	196:$72C2	Koppa: <name>! Let's go!!<page><box>Koppa: We have to defeat Curas!!<page>
33	scenario_diagnostics	internal	Scenario-counter diagnostics and fallbacks	90	196:$72E2	Koppa: I wonder if Oryu and Pekeji are already on their way...<page><box>Koppa: We should hurry to Jahannam's Gate too!<page>
33	scenario_diagnostics	internal	Scenario-counter diagnostics and fallbacks	91	196:$7325	Koppa: Everyone is fighting hard!<page><box>Koppa: We have to hurry to Jahannam's Gate too!<page>
33	scenario_diagnostics	internal	Scenario-counter diagnostics and fallbacks	92	196:$7355	Koppa: This time, let's finish Curas for good!<page>
33	scenario_diagnostics	internal	Scenario-counter diagnostics and fallbacks	93	196:$7371	Koppa: This is the final battle!<page><box>Koppa: Let's do this, <name>!!<page>
33	scenario_diagnostics	internal	Scenario-counter diagnostics and fallbacks	94	196:$7392	Koppa: Nfuu looks happy.<page>
33	scenario_diagnostics	internal	Scenario-counter diagnostics and fallbacks	95	196:$73AB	Koppa: Okay, today's pun.<page><box>Koppa: Tonfan put up<br>flowers.<page><box>Koppa: Now the place is really blooming...<page><box>Koppa: Funny?<br>Hey, was it funny?<page>
33	scenario_diagnostics	internal	Scenario-counter diagnostics and fallbacks	96	196:$73F9	Koppa: Yesterday was a real thrill!<page><box>Koppa: What a comeback we made right at the very end!!<page>
33	scenario_diagnostics	internal	Scenario-counter diagnostics and fallbacks	97	196:$7439	Koppa: Let's go, <name>!<br>To the Abyssal Depths!!<page>
33	scenario_diagnostics	internal	Scenario-counter diagnostics and fallbacks	98	196:$7455	Koppa: Let's go, <name>!<br>To the Abyssal Depths!<page><box>Koppa: We have to save the Princess from Zagan!<page>
33	scenario_diagnostics	internal	Scenario-counter diagnostics and fallbacks	99	196:$748A	Mamo: Let's go!<br>Mamo-ry, let's go!<page>
33	scenario_diagnostics	internal	Scenario-counter diagnostics and fallbacks	100	196:$74AA	<box>
33	scenario_diagnostics	internal	Scenario-counter diagnostics and fallbacks	101	196:$74AC	Mamo: Mamo-ry, roger!<page>
33	scenario_diagnostics	internal	Scenario-counter diagnostics and fallbacks	102	196:$74C3	Mamo: Mamo-ry, which one?<page>
33	scenario_diagnostics	internal	Scenario-counter diagnostics and fallbacks	103	196:$74D7	Mamo: Mamo-ry, STORE!<page><box>Mamo: Storage complete.<page>
33	scenario_diagnostics	internal	Scenario-counter diagnostics and fallbacks	104	196:$74FA	Mamo: Mamo-ry, store it?<page><box>Mamo: Take it off! Take it<br>off!<page>
33	scenario_diagnostics	internal	Scenario-counter diagnostics and fallbacks	105	196:$751A	Mamo: Mamo-ry, FULL!<br>I can't hold any more.<page>
33	scenario_diagnostics	internal	Scenario-counter diagnostics and fallbacks	106	196:$753A	Cursed items cannot be removed!<page>
33	scenario_diagnostics	internal	Scenario-counter diagnostics and fallbacks	107	196:$754D	Mamo: Mamo-ry, ZERO!<br>Then I can't store anything.<page>
33	scenario_diagnostics	internal	Scenario-counter diagnostics and fallbacks	108	196:$756E	Mamo: Mamo-ry, which one?<page>
33	scenario_diagnostics	internal	Scenario-counter diagnostics and fallbacks	109	196:$757E	Mamo: Mamo-ry, OUT!<page><box>Mamo: Out it comes!<page>
33	scenario_diagnostics	internal	Scenario-counter diagnostics and fallbacks	110	196:$759A	Mamo: Mamo-ry, EMPTY!<br>I'm not carrying anything.<page>
33	scenario_diagnostics	internal	Scenario-counter diagnostics and fallbacks	111	196:$75BF	Mamo: Mamo-ry, IMPOSSIBLE!<br>I can't carry any more. Don't overdo it!<page>
33	scenario_diagnostics	internal	Scenario-counter diagnostics and fallbacks	112	196:$75E4	Mamo: Hey, <name>!<br>Mamo-ry reunion?<page><box>
33	scenario_diagnostics	internal	Scenario-counter diagnostics and fallbacks	113	196:$7600	Mamo: That's what I wanted to hear!<page><box>Mamo: I can store lots of items.<page><box>Mamo: You can put them in and take them out freely. Handy, right?<page><box>Mamo: But I'll be empty when you return from a dungeon, so remember that.<page><box>Mamo: Let's go!<br>Mamo-ry, roll out!<page><box>
33	scenario_diagnostics	internal	Scenario-counter diagnostics and fallbacks	114	196:$76A6	Mamo joined you!<delay:96><page>
33	scenario_diagnostics	internal	Scenario-counter diagnostics and fallbacks	115	196:$76B7	Mamo: You could store items if I came along...<page><box>Mamo: Mamo-ry disappointed!<page>
33	scenario_diagnostics	internal	Scenario-counter diagnostics and fallbacks	116	196:$76E3	Oryu: Oh, <name>.<br>Are you going somewhere?<page><box>Oryu: Can I come with you?<page><box>
33	scenario_diagnostics	internal	Scenario-counter diagnostics and fallbacks	117	196:$7713	Oryu: I'm so glad!<br>Come on, let's hurry!<page><box>
33	scenario_diagnostics	internal	Scenario-counter diagnostics and fallbacks	118	196:$772B	Oryu joined you!<delay:96><page>
33	scenario_diagnostics	internal	Scenario-counter diagnostics and fallbacks	119	196:$773C	Oryu: That's too bad.<br>But I'll go with you anytime.<page>
33	scenario_diagnostics	internal	Scenario-counter diagnostics and fallbacks	120	196:$775C	Oryu: Take care of Ateka.<page><box>Oryu: But if you're going to another dungeon, I'll come with you...<page><box>
33	scenario_diagnostics	internal	Scenario-counter diagnostics and fallbacks	121	196:$7791	Oryu: Okay. Let's go.<page><box>
33	scenario_diagnostics	internal	Scenario-counter diagnostics and fallbacks	122	196:$77A3	Oryu joined you!<delay:96><page>
33	scenario_diagnostics	internal	Scenario-counter diagnostics and fallbacks	123	196:$77B4	Oryu: You're going to save Ateka, <name>!<br>Do your best!!<page>
33	scenario_diagnostics	internal	Scenario-counter diagnostics and fallbacks	124	196:$77D5	Oryu: With me beside you, there's nothing to fear!<page>
33	scenario_diagnostics	internal	Scenario-counter diagnostics and fallbacks	125	196:$77F2	Oryu: Oh, <name>.<br>You're safe. What a relief.<page><box>Oryu: What will you do now?<br>Shall we fight together?<page>
33	scenario_diagnostics	internal	Scenario-counter diagnostics and fallbacks	126	196:$7829	Oryu: Okay.<br>Then let's go together.<page><box>
33	scenario_diagnostics	internal	Scenario-counter diagnostics and fallbacks	127	196:$7842	Oryu joined you!<delay:96><page>
33	scenario_diagnostics	internal	Scenario-counter diagnostics and fallbacks	128	196:$7853	Oryu: We'll go our separate ways, then.<br>Take care.<page>
33	scenario_diagnostics	internal	Scenario-counter diagnostics and fallbacks	129	196:$7873	Pekeji: Yikes...<page>
33	scenario_diagnostics	internal	Scenario-counter diagnostics and fallbacks	130	196:$7881	Pekeji: Hey, Bro!<page><box>Pekeji: Are you taking me on your adventure?<page><box>
33	scenario_diagnostics	internal	Scenario-counter diagnostics and fallbacks	131	196:$78AA	Pekeji: Yes! I knew you'd come through, Bro!<page><box>Pekeji: All right! Let's go!!<page><box>
33	scenario_diagnostics	internal	Scenario-counter diagnostics and fallbacks	132	196:$78CB	Pekeji joined you!<delay:96><page>
33	scenario_diagnostics	internal	Scenario-counter diagnostics and fallbacks	133	196:$78DC	Pekeji: Aw, man.<page>
33	scenario_diagnostics	internal	Scenario-counter diagnostics and fallbacks	134	196:$78E7	Pekeji: It kills me that I can't go into the Abyssal Depths with you...<page><box>Pekeji: But if you're going to another dungeon, will you take me?<page><box>
33	scenario_diagnostics	internal	Scenario-counter diagnostics and fallbacks	135	196:$793C	Pekeji: I see. You're going to save the Princess after all...<page><box>Pekeji: All I can do is cheer, so give it your all, Bro!!<page>
33	scenario_diagnostics	internal	Scenario-counter diagnostics and fallbacks	136	196:$7988	Pekeji: All right!<br>Let's go, Bro!!<page><box>
33	scenario_diagnostics	internal	Scenario-counter diagnostics and fallbacks	137	196:$79A4	Pekeji joined you!<delay:96><page>
33	scenario_diagnostics	internal	Scenario-counter diagnostics and fallbacks	138	196:$79B5	Pekeji: Ugh...<br>Bro, I'm sorry.<page>
33	scenario_diagnostics	internal	Scenario-counter diagnostics and fallbacks	139	196:$79CD	Pekeji: Bro...<br>What's going to happen now?<page>
33	scenario_diagnostics	internal	Scenario-counter diagnostics and fallbacks	140	196:$79EC	Pekeji: Everything's more fun when I'm with you, Bro!!<page>
33	scenario_diagnostics	internal	Scenario-counter diagnostics and fallbacks	141	196:$7A07	Pekeji: Hey, Bro!<br>Glad you're safe!<page><box>Pekeji: So, what now?<br>Should we travel together?<page><box>
33	scenario_diagnostics	internal	Scenario-counter diagnostics and fallbacks	142	196:$7A45	Pekeji: Got it.<br>I'll do my best on my own.<page><box>Pekeji: You be careful too, Bro!<page>
33	scenario_diagnostics	internal	Scenario-counter diagnostics and fallbacks	143	196:$7A73	Pekeji: All right!<br>Let's go, Bro!<page><box>
33	scenario_diagnostics	internal	Scenario-counter diagnostics and fallbacks	144	196:$7A8D	Pekeji joined you!<delay:96><page>
33	scenario_diagnostics	internal	Scenario-counter diagnostics and fallbacks	145	196:$7A9E	Lord: ...<page>
33	scenario_diagnostics	internal	Scenario-counter diagnostics and fallbacks	146	196:$7AA9	Lord: You have saved us so often that words can never express my gratitude.<page><box>Lord: <name>.<br>Thank you, truly.<page>
33	scenario_diagnostics	internal	Scenario-counter diagnostics and fallbacks	147	196:$7AF4	Lord: <name>...<page><box>Lord: Forgive me for always relying on you, but...<page><box>Lord: Please.<page><box>Lord: You must save Ateka...<page>
33	scenario_diagnostics	internal	Scenario-counter diagnostics and fallbacks	148	196:$7B38	Lord: Ugh...<br>What happened to me...?<page>
33	scenario_diagnostics	internal	Scenario-counter diagnostics and fallbacks	149	196:$7B53	Lord: I think it is nearly time I visited the castle.<page><box>Lord: I wish to see what became of it after it collapsed.<page>
33	scenario_diagnostics	internal	Scenario-counter diagnostics and fallbacks	150	196:$7B95	Lord: I owe my recovery to Obaba's devoted care.<page><box>Lord: I must thank her.<page>
33	scenario_diagnostics	internal	Scenario-counter diagnostics and fallbacks	151	196:$7BC8	Saruyama: ...<page>
33	scenario_diagnostics	internal	Scenario-counter diagnostics and fallbacks	152	196:$7BD3	Saruyama: Master!!<page><box>Saruyama: How long do you intend to keep making jars in this house?!<page>
33	scenario_diagnostics	internal	Scenario-counter diagnostics and fallbacks	153	196:$7C00	Saruyama: Yes, Master!!<page>
33	scenario_diagnostics	internal	Scenario-counter diagnostics and fallbacks	154	196:$7C12	Saruyama: Yes, Master!!<page>
33	scenario_diagnostics	internal	Scenario-counter diagnostics and fallbacks	155	196:$7C24	Saruyama: Cooking the meals and everything else is exhausting.<page>
33	scenario_diagnostics	internal	Scenario-counter diagnostics and fallbacks	156	196:$7C44	Saruyama: I have tried my best many times, but...<page><box>Saruyama: Your record is simply incredible, Master.<page>
33	scenario_diagnostics	internal	Scenario-counter diagnostics and fallbacks	157	196:$7C80	Saruyama: Master!<page><box>Saruyama: What is the Ultimate Soil?! Ooooooh!!<page>
33	scenario_diagnostics	internal	Scenario-counter diagnostics and fallbacks	158	196:$7CB1	Nfuu: Nfuu! I want to explore other dungeons now, fu!<page><box>Nfuu: Will you take me on your adventures,<br><name>?<page><box>
33	scenario_diagnostics	internal	Scenario-counter diagnostics and fallbacks	159	196:$7CFC	Nfuu: Hooray! I'm so happy, fu!<br>Nfuu! Let's set out!!<page><box>
33	scenario_diagnostics	internal	Scenario-counter diagnostics and fallbacks	160	196:$7D20	Nfuu joined you!<delay:96><page>
33	scenario_diagnostics	internal	Scenario-counter diagnostics and fallbacks	161	196:$7D31	Nfuu: I'm disappointed, fu.<page>
33	scenario_diagnostics	internal	Scenario-counter diagnostics and fallbacks	162	196:$7D3F	Nfuu: I'm so happy and completely lovestruck, fu...<page>
34	jahannam_depths	main_story	Arrival at the depths of Jahannam	1	197:$400E	Koppa: Is this the bottom of Jahannam's Gate?<page><br>I can't see anything.<page><box>Koppa: Ah!<page><br>There's a light over there!<page><br>Let's go see.<page><box>
34	jahannam_depths	main_story	Arrival at the depths of Jahannam	2	197:$405E	Koppa: H-Hey, <name>.<page><box>Koppa: Isn't that Curas over there?<page><box>Koppa: Thank goodness. The Evil God hasn't been resurrected yet.<page><box>Koppa: We made it in time.<page><box>
34	jahannam_depths	main_story	Arrival at the depths of Jahannam	3	197:$40B7	Koppa: Hey, Curas!<br>It's over!<page><box>Curas: ...<page><box>Koppa: What's wrong...?<page><br>What a creep.<page><box>Curas: Heh heh... Just when it was almost complete...<page><box>Curas: No matter.<page><br>This is our third confrontation...<page><box>
34	jahannam_depths	main_story	Arrival at the depths of Jahannam	4	197:$4152	Curas: This time, we will settle things once and for all!!<page><box>Curas: With your death!!<page><box>
34	jahannam_depths	main_story	Arrival at the depths of Jahannam	5	197:$4183	Curas covered the area in darkness!!
34	jahannam_depths	main_story	Arrival at the depths of Jahannam	6	197:$41A5	All magic effects were nullified!!
34	jahannam_depths	main_story	Arrival at the depths of Jahannam	7	197:$41C6	Curas: Here I come!!<page><box>
35	curas_confrontation	main_story	Curas confrontation	1	197:$41DF	Koppa: Hey, Curas!<br>We won't let you resurrect the Evil God!<page><box>Koppa: This time, prepare yourself!!<page><box>Curas: ...<page><br>I was almost finished.<br>You pests...<page><box>
35	curas_confrontation	main_story	Curas confrontation	2	197:$4245	Curas: Do you truly think you can win?<page><box>
35	curas_confrontation	main_story	Curas confrontation	3	197:$4262	Curas covered the area in darkness!!
35	curas_confrontation	main_story	Curas confrontation	4	197:$4284	All magic effects were nullified!!
35	curas_confrontation	main_story	Curas confrontation	5	197:$42A5	Curas: Your efforts are useless.<page><br>You are facing me!!<page><box>
36	curas_defeat	main_story	Curas defeat	1	197:$42E5	Curas: Gyaaaaaah!!!<delay:78><box>
36	curas_defeat	main_story	Curas defeat	2	197:$42FA	Koppa: We did it, <name>!<br>At last!!<page><box>
36	curas_defeat	main_story	Curas defeat	3	197:$4312	Koppa: Curas...<page><box>Koppa: He was a dangerous one...<page><box>Koppa: Because of him, Ilpa nearly got wiped out...<page><box>Koppa: And the Evil God was on the verge of<br>resurrection...<page><box>Koppa: But it's finally over.<page><box>
36	curas_defeat	main_story	Curas defeat	4	197:$438E	Koppa: Let's go home.<br>Back to Ilpa.<page><br>Everyone is waiting.<page><box>
36	curas_defeat	main_story	Curas defeat	5	197:$43B5	Koppa: Hm...?<page><br>What's wrong, <name>?<page><box>
36	curas_defeat	main_story	Curas defeat	6	197:$43CF	Koppa: Ah! The Evil God Statue!<page><box>
36	curas_defeat	main_story	Curas defeat	7	197:$43E3	Mekerere: I-It's...<page><box>Mekerere: It's coming!!<page><box>
36	curas_defeat	main_story	Curas defeat	8	197:$43F4	Wanda: I-It broke through the barrier!!<page><box>
36	curas_defeat	main_story	Curas defeat	9	197:$440D	Oro: Everyone! Get ready to fight!!<page><br>Understood?!<page><box>
36	curas_defeat	main_story	Curas defeat	10	197:$4429	Nuwanko: Whoa!!<page><box>Tao: Th-The ground is<br>shaking!!<page><box>
36	curas_defeat	main_story	Curas defeat	11	197:$444D	Oro: Don't falter, everyone!!<page><box>
36	curas_defeat	main_story	Curas defeat	12	197:$4462	Ateka: It cannot be...<page><box>
36	curas_defeat	main_story	Curas defeat	13	197:$4470	Koppa: Why...?<page><box>Koppa: We defeated Curas.<page><box>Koppa: So why...?<page><br>No! This can't be happening!!<page><box>
37	evil_god_finale	main_story	Escape and Evil God finale	1	197:$4518	Koppa: It's collapsing! Run!<page><box>
37	evil_god_finale	main_story	Escape and Evil God finale	2	197:$452C	Nuwanko: I-It stopped moving...<page><box>Wanda: It stopped...<page><box>
37	evil_god_finale	main_story	Escape and Evil God finale	3	197:$454E	Rai: Whoa! The ground again!<page><box>
37	evil_god_finale	main_story	Escape and Evil God finale	4	197:$4562	Wanda: Look! The Magic Castle too!<page><box>
37	evil_god_finale	main_story	Escape and Evil God finale	5	197:$4576	Oro: Princess... What is this?<page><box>
37	evil_god_finale	main_story	Escape and Evil God finale	6	197:$4589	Ateka: I sense no evil aura from Jahannam's Gate or the Magic Castle.<page><box>Ateka: What can this mean...?<page><box><delay:3C>Lord: The Evil God has vanished.<page><box>
37	evil_god_finale	main_story	Escape and Evil God finale	7	197:$45E0	Rai: My Lord!<page><box>
37	evil_god_finale	main_story	Escape and Evil God finale	8	197:$45EE	Lord: The force covering the land and the curse upon me have both vanished.<page><box>Lord: The Evil God has been defeated.<page><box>Rai: Then that means...<page><box>Mekerere: <name>...<br><name> finally defeated the Evil God.<page><box>Shizu: The town is saved!<page><box>
37	evil_god_finale	main_story	Escape and Evil God finale	9	197:$467C	Tao: We did it! Hooray!!
37	evil_god_finale	main_story	Escape and Evil God finale	10	197:$468E	Lord: Ateka...<br>I have caused you such<br>worry.<page><box>Ateka: Mother!
37	evil_god_finale	main_story	Escape and Evil God finale	11	197:$46B1	<box>
37	evil_god_finale	main_story	Escape and Evil God finale	12	197:$46B3	Wanda: Hey! It's <name>!<page><box>
37	evil_god_finale	main_story	Escape and Evil God finale	13	197:$46C3	Wanda: Everyone!<br><name> is back!<page><box>
37	evil_god_finale	main_story	Escape and Evil God finale	14	197:$46DD	Nuwanko: All right!<br>Tonight we celebrate!<br>Let's make it a grand one!<page><box>Everyone: Yeah!
37	evil_god_finale	main_story	Escape and Evil God finale	15	197:$470E	Pekeji: Yes!<br>Free food and drinks!<page><box>
37	evil_god_finale	main_story	Escape and Evil God finale	16	197:$472A	Everyone: Ha ha ha ha!!<page><box>
37	evil_god_finale	main_story	Escape and Evil God finale	17	197:$473D	And so, the Evil God was destroyed, and the monsters' ambitions ended.<page>
37	evil_god_finale	main_story	Escape and Evil God finale	18	197:$4764	<box>
37	evil_god_finale	main_story	Escape and Evil God finale	19	197:$4766	Ilpa was saved, and the people's joyful voices echoed through the night.<page>
37	evil_god_finale	main_story	Escape and Evil God finale	20	197:$479F	<box>
37	evil_god_finale	main_story	Escape and Evil God finale	21	197:$47A1	And the next morning...<page>
37	evil_god_finale	main_story	Escape and Evil God finale	22	197:$47B4	Lord: In the end, Curas escaped my control...<page><box>Lord: I lacked the strength to stop him.<page><box>Lord: Because of that, I made Ateka suffer too...<page><box>Lord: Ilpa itself was nearly buried beneath the desert.<page><box>Lord: After all of that, am I truly fit to...?<page><box>
37	evil_god_finale	main_story	Escape and Evil God finale	23	197:$4854	Oro: Don't say that, my Lord.<page><box>Oro: You're the only one who can rebuild Ilpa.<page><box>
37	evil_god_finale	main_story	Escape and Evil God finale	24	197:$4890	Oro: Right, everyone?<page><box>
37	evil_god_finale	main_story	Escape and Evil God finale	25	197:$489E	Goto: That's right.<delay:0D><page><box>Rai: We still need you to lead us, my Lord.<page><box>Wanda: No one else could do<br>it.<page><box>Lord: Everyone...<page><box>
37	evil_god_finale	main_story	Escape and Evil God finale	26	197:$48FD	Lord: This is not something I can accomplish alone...<page><box>Lord: Let us all join forces!<page><box>
37	evil_god_finale	main_story	Escape and Evil God finale	27	197:$493B	Mekerere: Yeah!<br>That's right!<page><box>Rai: We'll all work together, my Lord!!<page><box>
37	evil_god_finale	main_story	Escape and Evil God finale	28	197:$4972	Everyone: Yeah!!
37	evil_god_finale	main_story	Escape and Evil God finale	29	197:$497D	Koppa: That's great, <name>.<br>Everyone's ready to rebuild.<page><box>Koppa: We don't have to worry anymore.<page><box>Koppa: Well... Shall we go?<page><box>
37	evil_god_finale	main_story	Escape and Evil God finale	30	197:$49C1	Sachi: We're having a feast today!<br>So you can look forward to...<page><box>Sachi: Huh? Are you going somewhere?<page><box>
37	evil_god_finale	main_story	Escape and Evil God finale	31	197:$49F2	Sachi: ...!<page> You cannot mean...<page><box>
37	evil_god_finale	main_story	Escape and Evil God finale	32	197:$4A04	Koppa: I stopped by Tonfan's place a moment ago...<page><box>
37	evil_god_finale	main_story	Escape and Evil God finale	33	197:$4A25	Koppa: The Lord has recovered, and everyone in town is ready to work.<page><box>Koppa: It really is<br>wonderful.<page><box>
37	evil_god_finale	main_story	Escape and Evil God finale	34	197:$4A6C	Ateka: Yes... But the hardest work begins now.<page><br>I must do my best too!<page><box>
37	evil_god_finale	main_story	Escape and Evil God finale	35	197:$4A9D	Ateka: This is my Jewel...<page><box>
37	evil_god_finale	main_story	Escape and Evil God finale	36	197:$4AB4	Ateka: You came to return it...?<page><box>
37	evil_god_finale	main_story	Escape and Evil God finale	37	197:$4AC8	Ateka: I see...<delay:78> You are already...<br>Leaving us...<delay:78><box>
37	evil_god_finale	main_story	Escape and Evil God finale	38	197:$4AF0	Koppa: Goodbye, Princess.<delay:78><br>Thank you.<delay:3C> And stay well.<delay:78><box>
37	evil_god_finale	main_story	Escape and Evil God finale	39	197:$4B1B	Ateka: Wait! Thank you for everything!<delay:64><box>Ateka: For saving Mother...<delay:3C><br>And Ilpa...<delay:78> And...<delay:78><box>Ateka: And...<delay:78><box>
37	evil_god_finale	main_story	Escape and Evil God finale	40	197:$4B6F	Ateka: We will meet again... Won't we?<delay:78><box>
37	evil_god_finale	main_story	Escape and Evil God finale	41	197:$4B84	Oryu: Don't worry.<br>I'm sure we'll meet again.<delay:78><box>Ateka: Oryu...<delay:78><box>Oryu: If you ever need me, I'll come running.<delay:78><br>So don't worry.<delay:78><box>
37	evil_god_finale	main_story	Escape and Evil God finale	42	197:$4BE3	Oryu: Goodbye.<delay:78><box>Koppa: Farewell,<delay:3C> Princess.<delay:78><box>
37	evil_god_finale	main_story	Escape and Evil God finale	43	197:$4C07	Ateka: All of you!<br>Please take care of yourselves!<delay:78>
37	evil_god_finale	main_story	Escape and Evil God finale	44	197:$4C23	Pekeji: Bro! Wait for me!<delay:78>
37	evil_god_finale	main_story	Escape and Evil God finale	45	197:$4C38	Pekeji: Pant, pant... Wheeze...<delay:78><box>
37	evil_god_finale	main_story	Escape and Evil God finale	46	197:$4C4D	Pekeji: Pant, pant... That's cold.<page><box>Pekeji: You were going to leave me behind.<delay:78><box>
37	evil_god_finale	main_story	Escape and Evil God finale	47	197:$4C73	Koppa: Oh, please.<delay:3C> We tried to wake you over and over.<delay:78><br>You wouldn't budge.<delay:78><box>
37	evil_god_finale	main_story	Escape and Evil God finale	48	197:$4CA6	Oryu: After partying that hard last night,<delay:78> I'm amazed you woke up at all.<delay:78><box>Pekeji: Sachi told me you were leaving.<delay:78><box>
37	evil_god_finale	main_story	Escape and Evil God finale	49	197:$4CFC	Pekeji: Look!<br>Everyone is up on the hill.<delay:78><box>
37	evil_god_finale	main_story	Escape and Evil God finale	50	197:$4D19	Oro: Sneaking away without a word? That's cold.<delay:78><box>Nuwanko: Thank you!<delay:78><box>Tao: You guys were so cool!<delay:78><box>Rai: Take care!<delay:78><box>Sachi: Everyone! Stay safe!<delay:78><box>
37	evil_god_finale	main_story	Escape and Evil God finale	51	197:$4D8D	Pekeji: Heh heh. This feels really great.<delay:78><box>
37	evil_god_finale	main_story	Escape and Evil God finale	52	197:$4DAB	Oryu: Even if this adventure was difficult because of a certain someone.<delay:78><box>
37	evil_god_finale	main_story	Escape and Evil God finale	53	197:$4DD2	Koppa: It's hard to leave, but we should go.<delay:78><box>Oryu: Yes.<delay:78><box>Pekeji: All right.<delay:78><box>
37	evil_god_finale	main_story	Escape and Evil God finale	54	197:$4E02	Sachi: They're already so far away...<delay:78><box>
37	evil_god_finale	main_story	Escape and Evil God finale	55	197:$4E18	Nuwanko: Soon we won't be able to see them.<delay:78><box>
37	evil_god_finale	main_story	Escape and Evil God finale	56	197:$4E35	Oro: Hey! Take care out there!<delay:78><box>
37	evil_god_finale	main_story	Escape and Evil God finale	57	197:$4E4A	Ateka: May fair winds blow upon your next adventure...<delay:78><box>
37	evil_god_finale	main_story	Escape and Evil God finale	58	197:$4E70	May Kron, god of travelers, grant you fair winds!!
38	main_ending	main_story	Main ending and Ilpa celebration	1	197:$4EEB	Koppa: ...<page><box>Koppa: ......<page><box>
38	main_ending	main_story	Main ending and Ilpa celebration	2	197:$4F02	Koppa: The sandstorm's getting worse. I can't see a thing...<page><box>Koppa: This wind is brutal.<page><box>Koppa: <name>! Keep<br>going!!<page><box>Koppa: ...<page><box>Koppa: ......<page><box>Koppa: Huh?<page><box>Koppa: Where is everyone?<page><box>Koppa: Where did Oryu and Pekeji go?<page><box>Koppa: Hey! Answer me!!<page><box>
38	main_ending	main_story	Main ending and Ilpa celebration	3	197:$4FAD	Koppa: Ow! This is awful!<page><box>Koppa: The sand stings!<page><box>
38	main_ending	main_story	Main ending and Ilpa celebration	4	197:$4FD0	Koppa: One stronger gust and we'll be blown away.<page><box>
38	main_ending	main_story	Main ending and Ilpa celebration	5	197:$4FF4	Koppa: Whoaaaa!
38	main_ending	main_story	Main ending and Ilpa celebration	6	197:$5002	Koppa: Huh...?<page><box>Koppa: Where are we?!<page><box>Koppa: This is Ilpa, isn't<br>it?!<page><box>
38	main_ending	main_story	Main ending and Ilpa celebration	7	197:$5028	Koppa: Looks like we...<page><box>Koppa: got sent back here...<page><box>
38	main_ending	main_story	Main ending and Ilpa celebration	8	197:$5048	Koppa: Oryu! Pekeji!<page><box>Koppa: Did the same thing happen to you two?<page><box>
38	main_ending	main_story	Main ending and Ilpa celebration	9	197:$506E	Oryu: Yeah. Looks like we got sent back...<page><box>
38	main_ending	main_story	Main ending and Ilpa celebration	10	197:$5089	Oro: Princess, what in the world happened...?<page><box>
38	main_ending	main_story	Main ending and Ilpa celebration	11	197:$50A3	Ateka: I don't know.<page><box>Ateka: I can't explain why this happened either...<page><box>Ateka: Could it be the Evil God's influence...?<page><box>
38	main_ending	main_story	Main ending and Ilpa celebration	12	197:$50F1	Lord: That's the only explanation I can think of.<page><box>
38	main_ending	main_story	Main ending and Ilpa celebration	13	197:$510F	Lord: Expanding the desert must have had some unforeseen effect...<page><box>Lord: I imagine it will settle down after a while.<page><box>Koppa: What?! So you're saying...<page><box>
38	main_ending	main_story	Main ending and Ilpa celebration	14	197:$517F	Koppa: we can't leave town for the time being?<page><box>
38	main_ending	main_story	Main ending and Ilpa celebration	15	197:$51A3	Pekeji: What the heck?!<page><box>Pekeji: I finally made a heroic exit, and now it's completely ruined!<page><box>
38	main_ending	main_story	Main ending and Ilpa celebration	16	197:$51DA	Oryu: Don't worry. No one thought you looked heroic.<page><box>
38	main_ending	main_story	Main ending and Ilpa celebration	17	197:$5207	Koppa: What will you do,<br>Oryu?<page><box>
38	main_ending	main_story	Main ending and Ilpa celebration	18	197:$5218	Oryu: If we can't leave, we don't have much choice...<page><box>Oryu: We'll have to stay in Ilpa for a while.<page><box>Sachi: You're more than welcome here!<page><box>Sachi: You saved the whole town, after all!<page><box>
38	main_ending	main_story	Main ending and Ilpa celebration	19	197:$5287	Sachi: Besides, someone will be happy if <name><br>stays.<page><box>
38	main_ending	main_story	Main ending and Ilpa celebration	20	197:$52B0	Sachi: Right, Ateka?<page><box>Ateka: I-I...<page><box>
38	main_ending	main_story	Main ending and Ilpa celebration	21	197:$52CE	Sachi: Ha! It's settled!<page><box>Sachi: Take it easy and stay a while.<page><box>
38	main_ending	main_story	Main ending and Ilpa celebration	22	197:$52EB	Koppa: Sheesh. Well, I guess we'll stay here for a while.<page><box>Koppa: Right, <name>?<page><box>
38	main_ending	main_story	Main ending and Ilpa celebration	23	197:$5315	Rai: I'm surprised there've been so many Collapsed Wanderers here lately.<page><box>
38	main_ending	main_story	Main ending and Ilpa celebration	24	197:$5347	Koppa: Huh? You found someone besides us?<page><box>
38	main_ending	main_story	Main ending and Ilpa celebration	25	197:$536C	Oro: Yeah. Yesterday we found two men buried in the<br>desert.<page><box>
38	main_ending	main_story	Main ending and Ilpa celebration	26	197:$5391	Oro: They were unconscious, so we carried them<br>upstairs...<page><box>
38	main_ending	main_story	Main ending and Ilpa celebration	27	197:$53BA	???: UN...<page><box>???: ACCEPTABLE!!!<page><box>
38	main_ending	main_story	Main ending and Ilpa celebration	28	197:$53E8	Rai: That came from<br>upstairs!!<page><box>
38	main_ending	main_story	Main ending and Ilpa celebration	29	197:$53F8	???: Whoa!<page><box>???: Whoaaaa!!<page><box>
38	main_ending	main_story	Main ending and Ilpa celebration	30	197:$5413	???: Master!<page><box>???: Maaaster!!<page><box>Rai: What happened?!<page><box>Oro: Let's go see!<page><box>
38	main_ending	main_story	Main ending and Ilpa celebration	31	197:$544B	???: UNACCEPTABLE!!
38	main_ending	main_story	Main ending and Ilpa celebration	32	197:$545C	Rihipishi: What the hell are you doing, you idiot?!
38	main_ending	main_story	Main ending and Ilpa celebration	33	197:$5472	Oro: What happened?<page><box>
38	main_ending	main_story	Main ending and Ilpa celebration	34	197:$5480	Rihipishi: What do you<br>think?!<page><box>Rihipishi: That old man saw my pot and smashed it without permission!<page><box>Rihipishi: Who the hell is that geezer?!<page><box>
38	main_ending	main_story	Main ending and Ilpa celebration	35	197:$54D7	Koppa: <name>! Hurry!<page><box>
38	main_ending	main_story	Main ending and Ilpa celebration	36	197:$54E8	???: Master Gaibara!<page><box>
38	main_ending	main_story	Main ending and Ilpa celebration	37	197:$54F8	Gaibara: Saruyama...<page><box>
38	main_ending	main_story	Main ending and Ilpa celebration	38	197:$5509	Gaibara: Not here...<page><box>Gaibara: The clay I seek isn't here either...<page><box>Gaibara: This clay is UNACCEPTABLE!!<page><box>
38	main_ending	main_story	Main ending and Ilpa celebration	39	197:$5551	Saruyama: M-Master...<page><box>Saruyama: You and I have traveled far together.<page><box>Saruyama: We've been searching for the clay you need to make your pots.<page><box>Saruyama: Yet everywhere you go, we somehow find nothing but bad clay...<page><box>Saruyama: It's almost as if...<page><box>Saruyama: you're drawn to bad clay, Master...<page><box>
38	main_ending	main_story	Main ending and Ilpa celebration	40	197:$55F1	Gaibara: Wh-What did you<br>say?!<page><box>Gaibara: Say that again, Saruyama!!<page><box>
38	main_ending	main_story	Main ending and Ilpa celebration	41	197:$561C	Koppa: Hold it right there!<page><box>
38	main_ending	main_story	Main ending and Ilpa celebration	42	197:$562E	Oryu: Long time no see, Gaibara.<page><box>
38	main_ending	main_story	Main ending and Ilpa celebration	43	197:$5643	Gaibara: Hrm?! You lot?!<page><box>Pekeji: I think Saruyama has a point.<page><box>
38	main_ending	main_story	Main ending and Ilpa celebration	44	197:$5674	Gaibara: Wh-What?!<page><box>Koppa: You say there's no good clay, but...<page><box>Koppa: isn't that obvious?<page><box>
38	main_ending	main_story	Main ending and Ilpa celebration	45	197:$56AE	Koppa: Look around. There's nothing but sand.<page><box>Gaibara: Hrrrm?!<page><box>Koppa: Searching for clay here doesn't make much<br>sense.<page><box>Gaibara: Why, you! Do you know who I am?!<page><box>Gaibara: I am Gaibara!!<page><box>
38	main_ending	main_story	Main ending and Ilpa celebration	46	197:$5734	Gaibara: Saruyama! We're leaving! Onward to the next land!!<page><box>Saruyama: Y-Yes, Master!<page><box>
38	main_ending	main_story	Main ending and Ilpa celebration	47	197:$576A	Oryu: You can't leave town right now.<page><box>Oryu: We tried, and even we couldn't get out.<page><box>
38	main_ending	main_story	Main ending and Ilpa celebration	48	197:$57A8	Gaibara: I...<page><box>Gaibara: Do you know who I am?!<page><box>Gaibara: I am GAIBARA!!<page><box>
38	main_ending	main_story	Main ending and Ilpa celebration	49	197:$57DA	Gaibara: Come, Saruyama! We're leaving!!<page><box>Gaibara: Raaaaaaah!!!!<page><box>
38	main_ending	main_story	Main ending and Ilpa celebration	50	197:$5802	Gaibara and Saruyama: Aaaaaaaah!!<page><box>Koppa: Looks like two more troublemakers joined us, but oh well.<page><box>
39	postgame_begins	postgame	Postgame begins	1	197:$58B8	Koppa: Gngh...<page><box>Koppa: Gngh?<page><box>Koppa: Mumble, mumble...<page><box>
39	postgame_begins	postgame	Postgame begins	2	197:$58DA	<empty>
39	postgame_begins	postgame	Postgame begins	3	197:$58DB	Pekeji: Hey, Bro! Morning!<page><box>Koppa: You're never up this early. Is it going to snow?<page><box>Pekeji: Oh, come on. What are you talking about?<page><box>Pekeji: Rise early and eat a good breakfast.<page><box>Pekeji: A healthy life is the best life.<page><box>Koppa: Liar. You're here to see Sachi, aren't you?<page><box>Koppa: I know what you're up to.<page><box>
39	postgame_begins	postgame	Postgame begins	4	197:$598F	Sachi: Good morning, you two!<page><box>Koppa: Morning!<page><box>
39	postgame_begins	postgame	Postgame begins	5	197:$59AD	Koppa: Huh? Where's your<br>dad?<page><box>Sachi: He was called away to help with a town project.<page><box>Sachi: So it's just me today.<page><box>
39	postgame_begins	postgame	Postgame begins	6	197:$59F0	Pekeji: Sachi! Is my refill ready yet?<page><box>
39	postgame_begins	postgame	Postgame begins	7	197:$5A0B	Sachi: You really are unbelievable.<page><box>
39	postgame_begins	postgame	Postgame begins	8	197:$5A1F	Sachi: Everyone else is rebuilding the town, while you sit here eating.<page><box>
39	postgame_begins	postgame	Postgame begins	9	197:$5A52	Pekeji: I can't help it.<page><box>Pekeji: Your cooking is just too delicious!<page><box>Pekeji: Besides, food before flowers, right? Heh heh.<page><box>
39	postgame_begins	postgame	Postgame begins	10	197:$5AA5	Sachi: Oh? I love flowers.<page><box>
39	postgame_begins	postgame	Postgame begins	11	197:$5AC0	Sachi: Flowers are precious in this town, so they're hard to find...<page><box>Sachi: I wish I had even a few to decorate the restaurant...<page><box>Pekeji: Leave that to me! I'll bring you armfuls of<br>flowers.<page><box>
39	postgame_begins	postgame	Postgame begins	12	197:$5B46	Pekeji: But first, food!!<page><box>
39	postgame_begins	postgame	Postgame begins	13	197:$5B5B	Pekeji: Munch! Munch! Munch! Munch!<page><box>Pekeji: Munch! Munch! Munch! Munch!<page><box>Pekeji: Munch! Munch! Munch! Munch!<page><box>
39	postgame_begins	postgame	Postgame begins	14	197:$5B88	Pekeji: Another helping!<page><box>
39	postgame_begins	postgame	Postgame begins	15	197:$5B98	Sachi: Whatever you do, food always comes first... Sigh.<page><box>
39	postgame_begins	postgame	Postgame begins	16	197:$5BBD	Pekeji: It's your fault for making such delicious food.<page><box>
39	postgame_begins	postgame	Postgame begins	17	197:$5BE3	Pekeji: Heh heh. That purple egg over there looks delicious too...<page><box>
39	postgame_begins	postgame	Postgame begins	18	197:$5C10	Sachi: Egg?<page><box>Sachi: I didn't serve any<br>eggs.<page><box>
39	postgame_begins	postgame	Postgame begins	19	197:$5C32	Pekeji: Huh?<page><box>Pekeji: Then what's this?<page><box>
39	postgame_begins	postgame	Postgame begins	20	197:$5C47	Pekeji: Whoa! The egg is...?!<page><box>
39	postgame_begins	postgame	Postgame begins	21	197:$5C5A	Sachi: That's no egg! Look!<page><box>
39	postgame_begins	postgame	Postgame begins	22	197:$5C6F	Koppa: <name:00>-<name>!<page><box>Koppa: This...<page><box>Koppa: Doesn't it look familiar?<page><box>
39	postgame_begins	postgame	Postgame begins	23	197:$5C92	Pekeji: Huh? From where?<page><box>Pekeji: I've never seen anything this weird!<page><box>
39	postgame_begins	postgame	Postgame begins	24	197:$5CB1	Koppa: I remember now!<page><box>Koppa: Jahannam's Gate!!<page><box>Koppa: The Evil God...<page><box>Koppa: It looks just like the thing at the Evil God's core!<page><box>
39	postgame_begins	postgame	Postgame begins	25	197:$5CFD	Sachi: What? Really?!<page><box>
39	postgame_begins	postgame	Postgame begins	26	197:$5D0D	Pekeji: Wh-Whaaat?!<page><box>
39	postgame_begins	postgame	Postgame begins	27	197:$5D1C	Koppa: Hey, Pekeji!<page><box>Koppa: You didn't bring back something you shouldn't have again, did you?!<page><box>Pekeji: Of course not!<page><box>Pekeji: I've had more than enough of that!<page><box>
39	postgame_begins	postgame	Postgame begins	28	197:$5D73	Pekeji: Whoaaaa!<page><box>
39	postgame_begins	postgame	Postgame begins	29	197:$5D86	???: Nfuuuu!!<page><box>Koppa: ......<page><box>Koppa: Wh-What is this<br>thing?!<page><box>Pekeji: Is it a dog? Or maybe a cat...?<page><box>Sachi: It's adorable!<page><box>
39	postgame_begins	postgame	Postgame begins	30	197:$5DE0	Koppa: Don't get close! It could be dangerous!<page><box>
39	postgame_begins	postgame	Postgame begins	31	197:$5DF5	Sachi: I'm sure it's fine.<page><box>Sachi: Just look how cute it is.<page><box>
39	postgame_begins	postgame	Postgame begins	32	197:$5E1D	???: Nfuu!<page><box>Sachi: What's wrong? Are you hungry?<page><box>Sachi: Here, have some food.<page><box>
39	postgame_begins	postgame	Postgame begins	33	197:$5E4E	???: Nfuu...<page><box>
39	postgame_begins	postgame	Postgame begins	34	197:$5E5A	Sachi: You aren't eating. Aren't you hungry?<page><box>Koppa: Maybe a bowl and chopsticks are hard for it to use.<page><box>
39	postgame_begins	postgame	Postgame begins	35	197:$5E98	Sachi: Oh, of course.<page><box>
39	postgame_begins	postgame	Postgame begins	36	197:$5EA5	Sachi: Sorry. I'll get you a plate.<page><box>
39	postgame_begins	postgame	Postgame begins	37	197:$5EC3	???: Nfuu.<page><box>???: It's okay, fu.<page><box>
39	postgame_begins	postgame	Postgame begins	38	197:$5ED3	Rustle rustle rustle rustle.<br>Rustle rustle rustle rustle.<br>Rustle rustle rustle rustle.<page><box>Koppa: I-It's...<page><box>Koppa: It's eating.<page><box>Koppa: And it's using the chopsticks properly...<page><box>Pekeji: Did it just speak our language too...?<page><box>
39	postgame_begins	postgame	Postgame begins	39	197:$5F58	???: Nfuu!! Ahh, I'm stuffed!<page><box>???: I'm satisfied!!<page><box>
39	postgame_begins	postgame	Postgame begins	40	197:$5F7E	???: Nfuu! Thank you!!<page><box>
39	postgame_begins	postgame	Postgame begins	41	197:$5F90	Koppa: Where did you come from?<page><box>
39	postgame_begins	postgame	Postgame begins	42	197:$5FA5	???: Nfuu. I don't really know, fu.<page><box>
39	postgame_begins	postgame	Postgame begins	43	197:$5FBA	Sachi: What's your name?<page><box>
39	postgame_begins	postgame	Postgame begins	44	197:$5FC7	???: My name?<page><box>???: Nfuu...?<page><box>???: I was only just born, so I don't really know.<page><box>
39	postgame_begins	postgame	Postgame begins	45	197:$5FF5	???: I'm all alone. I have nowhere to go...<page><box>
39	postgame_begins	postgame	Postgame begins	46	197:$6012	Koppa: What should we do?<page><box>
39	postgame_begins	postgame	Postgame begins	47	197:$601F	Pekeji: Throw it out? It seems pretty cheeky.<page><box>
39	postgame_begins	postgame	Postgame begins	48	197:$6038	Sachi: No!<page><box>Sachi: That would be cruel!<page><box>
39	postgame_begins	postgame	Postgame begins	49	197:$6058	Sachi: If you have nowhere to go, you can stay here.<page><box>
39	postgame_begins	postgame	Postgame begins	50	197:$6078	???: Nfuu?! Really?!<page><box>Sachi: Yes, really.<page><box>Sachi: Welcome! Um...<page><box>
39	postgame_begins	postgame	Postgame begins	51	197:$60A7	Koppa: Oh, right. We can't call you anything if you don't have a name.<page><box>
39	postgame_begins	postgame	Postgame begins	52	197:$60CA	"Koppa: Then how about<br>""Nfuu""?<page><box>Koppa: That's the sound you've been making.<page><box>Pekeji: Pfft! What a weird name.<page><box>"
39	postgame_begins	postgame	Postgame begins	53	197:$6112	Sachi: I don't think so. It's cute.<page><box>
39	postgame_begins	postgame	Postgame begins	54	197:$612C	Sachi: Welcome, Nfuu.<page><box>Nfuu: Oh, I'm so moved!!<page><box>Nfuu: I'm so moved that...<page><box>Nfuu: I'm hungry again, fu!!<page><box>
39	postgame_begins	postgame	Postgame begins	55	197:$6172	Pekeji: Hey! That's my food!!<page><box>Koppa: You're tiny, but you sure can eat...<page><box>
40	nfuu_recruitment	ally_event	Nfuu recruitment	1	197:$61BA	Nfuu: Nfuu! Wait a moment!<page><box>
40	nfuu_recruitment	ally_event	Nfuu recruitment	2	197:$61CF	Koppa: What's wrong?<page><box>Nfuu: I have a favor to ask you two, fu.<page><box>Nfuu: What happened earlier really moved me, fu!<page><box>Nfuu: I never knew anyone could be so kind...<page><box>Nfuu: Sachi is such a wonderful person.<page><box>Nfuu: To me, she's already a goddess, fu.<page><box>Nfuu: So I want to thank Sachi!<page><box>Nfuu: I want to give her a present and make her happy, fu!<page><box>Nfuu: I already know what to give her.<page><box>Nfuu: But...<page><box>Nfuu: it's in a very dangerous place, and I can't go there alone, fu.<page><box>Nfuu: So please...<page><box>Nfuu: escort me there safely, fu.<page><box>
40	nfuu_recruitment	ally_event	Nfuu recruitment	3	197:$632E	Nfuu: I see...<page><box>Nfuu: You won't help me...?<page><box>
40	nfuu_recruitment	ally_event	Nfuu recruitment	4	197:$6348	Nfuu: Never mind...<page><box>Nfuu: It's okay, fu...<page><box>Nfuu: .............<page><box>Nfuu: ..............<page><box>Nfuu: ..............<page><box>
40	nfuu_recruitment	ally_event	Nfuu recruitment	5	197:$6399	Koppa: Hey... He looks completely crushed.<page><box>Koppa: Maybe we should hear him out?<page><box>
40	nfuu_recruitment	ally_event	Nfuu recruitment	6	197:$63D7	Nfuu: What? You'll help me?!<page><box>Nfuu: Nfuu!! Thank you!!<page><box>Nfuu: I'll explain the details later.<page><box>Nfuu: Come back tonight, fu.<page><box>
40	nfuu_recruitment	ally_event	Nfuu recruitment	7	197:$6427	Nfuu: I smell Meat around here...<page><box>
40	nfuu_recruitment	ally_event	Nfuu recruitment	8	197:$6440	Koppa: Whoa! There's a dungeon entrance here?!<page><box>
40	nfuu_recruitment	ally_event	Nfuu recruitment	9	197:$6463	Nfuu: I'm a big eater, so I'm good at sniffing these things out, fu.<page><box>Nfuu: <name>,<page><box>Nfuu: what I want is near Floor 20.<page><box>Nfuu: Please take me that far, fu.<page><box>Nfuu: But if I fall, we'll be thrown out of the dungeon, so be careful, fu.<page><box>Nfuu: Of course, I'll fight with you.<page><box>Nfuu: I can eat Monster Meat and copy that monster's ability, fu.<page><box>Nfuu: Bow Boy Meat teaches me to shoot arrows.<page><box>Nfuu: Impact Boar Meat teaches me to knock enemies back, fu.<page><box>Nfuu: If you want me to learn an ability, throw that Meat at me, fu.<page><box>Nfuu: I can only remember ten abilities, though.<page><box>Nfuu: If I learn more, I'll forget the oldest ones, fu.<page><box>Nfuu: I'll also forget an ability if I eat the same Meat again, fu.<page><box>
40	nfuu_recruitment	ally_event	Nfuu recruitment	10	197:$6655	Nfuu: Shall we go, fu?<page><box>Nfuu: Oh! First, I forgot something important.<page><box>Nfuu: You can't bring any items into this dungeon, fu.<page><box>
40	nfuu_recruitment	ally_event	Nfuu recruitment	11	197:$66B1	Nfuu: Please store or discard your items first, fu.<page><box>Koppa: Got it. We'll go to the warehouse now, so wait here.<page><box>Nfuu: No...<page><box>Nfuu: It's late, and I'm getting sleepy, fu.<page><box>Nfuu: Store your items and come back tomorrow, fu.<page><box>Koppa: ......<page>
40	nfuu_recruitment	ally_event	Nfuu recruitment	12	197:$6770	Nfuu: But <name> isn't carrying anything, so we're all set, fu.<page><box>Nfuu: Shall we go? Nfuu! Let's set out!!<page>
41	tonfan_rules	side_dungeon	Tonfan's Hole entry rules	1	197:$67BF	Nfuu: You can't bring any items into this dungeon, fu.<page><box>Nfuu: Please store or discard your items first, fu.<page>
41	tonfan_rules	side_dungeon	Tonfan's Hole entry rules	2	197:$6813	Nfuu: Will you come with me, fu?<page>
41	tonfan_rules	side_dungeon	Tonfan's Hole entry rules	3	197:$682C	Nfuu: Hooray! I'm so happy, fu! Nfuu! Let's set out!!<page>
41	tonfan_rules	side_dungeon	Tonfan's Hole entry rules	4	197:$684F	Nfuu: Never mind...<page><box>Nfuu: It's okay, fu...<page><box>
42	tonfan_clear	side_dungeon	Tonfan's Hole first clear	1	197:$687F	Nfuu: Nfuu! We did it! We finally made it, fu!!<page><box>
42	tonfan_clear	side_dungeon	Tonfan's Hole first clear	2	197:$689E	Koppa: Is what you want really down here?<page><box>
42	tonfan_clear	side_dungeon	Tonfan's Hole first clear	3	197:$68C3	Nfuu: It's over there, fu.<page><box>
42	tonfan_clear	side_dungeon	Tonfan's Hole first clear	4	197:$68D1	Koppa: A flower, this deep underground...?<page><box>Nfuu: Before I was born,<page><box>Nfuu: I had a dream, fu...<page><box>
42	tonfan_clear	side_dungeon	Tonfan's Hole first clear	5	197:$690C	Nfuu: It was an awful dream where the desert kept spreading...<page><box>Nfuu: It spread underground and was about to wither this flower...<page><box>Nfuu: Then I heard the flower's voice, fu.<page><box>Flower: Pick me and take me to someone who loves<br>flowers.<page><box>Flower: Then I shall bloom brightly once more...<page><box>
42	tonfan_clear	side_dungeon	Tonfan's Hole first clear	6	197:$69E0	Koppa: I see...<page><box>Koppa: Come to think of it, I've heard of this.<page><box>Koppa: There's a rare flower that can bloom underground in a dungeon...<page><box>Koppa: Picking it doesn't kill it. It makes new flowers bloom even farther below.<page><box>
42	tonfan_clear	side_dungeon	Tonfan's Hole first clear	7	197:$6A62	Nfuu: I only made it here thanks to you, <name>.<page><box>Nfuu: Thank you so much, <name>!!<page><box>Koppa: All right, let's head back to Tonfan!<page><box>
42	tonfan_clear	side_dungeon	Tonfan's Hole first clear	8	197:$6AB4	Sachi: What a beautiful flower! Is this for me?<page><box>Nfuu: Yes. It's a present, fu.<page><box>Sachi: But wasn't it hard to get?<page><box>Nfuu: Oh, it was nothing, fu.<page><box>Sachi: I'm so happy!<page><box>Sachi: I'll display it in the restaurant! Thank you, Nfuu!!<page><box>
42	tonfan_clear	side_dungeon	Tonfan's Hole first clear	9	197:$6B43	Sachi: Mwah!<page><box>
42	tonfan_clear	side_dungeon	Tonfan's Hole first clear	10	197:$6B4E	Nfuu: Wh-Whoa! I'm so happy, fu!<page><box>
42	tonfan_clear	side_dungeon	Tonfan's Hole first clear	11	197:$6B6A	Pekeji: H-Hey, Sachi. Where's my kiss?<page><box>
42	tonfan_clear	side_dungeon	Tonfan's Hole first clear	12	197:$6B88	Sachi: What are you talking about?! Not you!<page><box>Sachi: You only ever bring me things like Poison Grass!<page><box>
42	tonfan_clear	side_dungeon	Tonfan's Hole first clear	13	197:$6BC9	Sachi: Time to display my flower! La-la-la!<page><box>
42	tonfan_clear	side_dungeon	Tonfan's Hole first clear	14	197:$6BE4	Nfuu: Hooray! I'm head over heels, fu...
43	tonfan_interruption	side_dungeon	Tonfan's Hole interruption	1	197:$6C08	Sachi: Wait!<page><box>
43	tonfan_interruption	side_dungeon	Tonfan's Hole interruption	2	197:$6C13	Sachi: You two helped Nfuu, didn't you?<page><box>Sachi: It would've been hard for him alone.<page><box>
43	tonfan_interruption	side_dungeon	Tonfan's Hole interruption	3	197:$6C54	Sachi: This is just a little thank-you...<page><box>
43	tonfan_interruption	side_dungeon	Tonfan's Hole interruption	4	197:$6C69	Sachi: Thank you both. This means so much to me.<page><box>Sachi: See you!<page><box>
43	tonfan_interruption	side_dungeon	Tonfan's Hole interruption	5	197:$6C8F	Koppa: <name:00>-<name>!<page><box>Koppa: I'm so happy!<page><box>Koppa: What a time to be<br>alive!<page><box>
44	tonfan_depths	side_dungeon	Tonfan's Hole deepest floor	1	197:$6CC3	Nfuu: Nfuu! This is the deepest part of the dungeon, fu!!<page><box>Koppa: We did it! Hard work really does pay off!<page><box>
44	tonfan_depths	side_dungeon	Tonfan's Hole deepest floor	2	197:$6D0B	Nfuu: Ah! There it is, fu!<page><box>
44	tonfan_depths	side_dungeon	Tonfan's Hole deepest floor	3	197:$6D1C	Koppa: It really was blooming in the depths!<page><box>Nfuu: It's blooming beautifully. What a relief,<br>fu.<page><box>Koppa: Let's leave the flower here this time.<page><box>Koppa: All right, let's head back.<page><box>
44	tonfan_depths	side_dungeon	Tonfan's Hole deepest floor	4	197:$6D86	Koppa: It really was blooming in the depths!<page><box>Koppa: It's beautiful every time I see it...<page><box>Koppa: Let's leave the flower here this time.<page><box>Koppa: All right, let's head back.<page><box>
45	tonfan_failure	side_dungeon	Tonfan's Hole failure	1	197:$6DEC	Nfuu: I-I can't go on, fu...<page>
45	tonfan_failure	side_dungeon	Tonfan's Hole failure	2	197:$6DFE	<box>
45	tonfan_failure	side_dungeon	Tonfan's Hole failure	3	197:$6E00	Koppa: We'll go with you<br>again.<page><box>Koppa: Don't let it get you down.<page><box><delay:1E>Nfuu: I'm okay, fu. I'll try even harder next time.<page><box>
45	tonfan_failure	side_dungeon	Tonfan's Hole failure	4	197:$6E50	Nfuu: Please help me again, <name>.<page><box>
46	ilpa_festival	postgame	Ilpa festival	1	197:$6EAD	Wanda: Hey! It looks like the town event has finally started!<page><box>
46	ilpa_festival	postgame	Ilpa festival	2	197:$6ED1	<box>
46	ilpa_festival	postgame	Ilpa festival	3	197:$6ED3	Songa: Really?!<page><box>
46	ilpa_festival	postgame	Ilpa festival	4	197:$6EE0	Koppa: What town event?<page><box>
46	ilpa_festival	postgame	Ilpa festival	5	197:$6EFA	Wanda: Ilpa was saved, remember?<page><box>Wanda: They're holding it to celebrate.<page><box>Songa: It's basically a festival.<page><box>
46	ilpa_festival	postgame	Ilpa festival	6	197:$6F3B	Wanda: Come on, let's go!<page><box>
46	ilpa_festival	postgame	Ilpa festival	7	197:$6F4C	Koppa: <name>! Let's go check it out too!<page><box>
46	ilpa_festival	postgame	Ilpa festival	8	197:$6F68	Koppa: Look at this crowd!!<page><box>
46	ilpa_festival	postgame	Ilpa festival	9	197:$6F7D	Oro: Is everybody fired up?!<page><box>Oro: At last, the Wanado Tournament begins!<page><box>
46	ilpa_festival	postgame	Ilpa festival	10	197:$6FB5	Oro: Your host is none other than Oro Gonzalez! Yeah!<page><box>
46	ilpa_festival	postgame	Ilpa festival	11	197:$6FD6	Crowd: Woohoo! Yeah!<page><box>
46	ilpa_festival	postgame	Ilpa festival	12	197:$6FE9	Oro: Everybody!<page><box>Oro: Are you getting caught up without getting caught?!<page><box>
46	ilpa_festival	postgame	Ilpa festival	13	197:$7008	Crowd: YEAH!!<page><box>
46	ilpa_festival	postgame	Ilpa festival	14	197:$7017	Oro: I said, are you getting caught up without getting caught?!<page><box>
46	ilpa_festival	postgame	Ilpa festival	15	197:$7031	Crowd: YEAH!!<page><box>
46	ilpa_festival	postgame	Ilpa festival	16	197:$7040	Oro: Many challengers have already made attempt after attempt!<page><box>
46	ilpa_festival	postgame	Ilpa festival	17	197:$7069	Oro: Our current leader is Saruyama! Yeah!!<page><box>
46	ilpa_festival	postgame	Ilpa festival	18	197:$708B	Oro: But!<page><box>Oro: The champion has not been decided yet!<page><box>Oro: You still have a chance!<page><box>Oro: Keep challenging and give it everything you've<br>got!<page><box>Oro: And the winner will receive a prize from Princess Ateka herself!<page><box>Oro: Give it your all, baby!!<page><box>
46	ilpa_festival	postgame	Ilpa festival	19	197:$7116	Crowd: Woohoo! Yeah!<page><box><delay:64>Koppa: I have a question!
46	ilpa_festival	postgame	Ilpa festival	20	197:$713E	Koppa: What exactly are people attempting?<page><box>Oro: Oh, that's easy.<page><box>Oro: Just reach Floor 15 of that dungeon.<page><box>Oro: But!<page><box>Oro: It's a time attack, so you must clear it as quickly as possible!<page><box>Oro: And right now, Saruyama has the best time.<page><box>
46	ilpa_festival	postgame	Ilpa festival	21	197:$71E8	???: No!<delay:14> No!<delay:14> No!<delay:14><br>No!<delay:14> No!<delay:14> No!<delay:14><br>No!<delay:14> No!<delay:14> No!<page><box>
46	ilpa_festival	postgame	Ilpa festival	22	197:$722C	???: UNACCEPTABLE!!
46	ilpa_festival	postgame	Ilpa festival	23	197:$7240	Gaibara: Pant, pant!<page><box>Gaibara: Well?! What's my record?!<page><box>Tao: Let's see...<page><box>Tao: Ten thousand turns!<page><box>Tao: I-It's a new record!!<page><box>
46	ilpa_festival	postgame	Ilpa festival	24	197:$7288	Oro: Oh, yeah! Master Gaibara has taken the lead!<page><box>
46	ilpa_festival	postgame	Ilpa festival	25	197:$72AF	Songa: Amazing!<page><box>Songa: Ten thousand turns!!<page><box>Wanda: That's enough time to eat ten Large Onigiri!!<page><box>
46	ilpa_festival	postgame	Ilpa festival	26	197:$72E8	Koppa: <name>! Let's give it a try too!<page><box>
46	ilpa_festival	postgame	Ilpa festival	27	197:$7304	Oro: Our next challenger is...<page><box>Oro: The one who defeated the Evil God: <name>! Yeah!<page><box>
46	ilpa_festival	postgame	Ilpa festival	28	197:$733E	Gaibara: Hmph! Think you can do it?<page><box>Gaibara: This isn't like the trap arts you know.<page><box>
46	ilpa_festival	postgame	Ilpa festival	29	197:$7371	"Oro: In this dungeon, traps catch monsters instead of<br>you.<page><box>Oro: You can also pick traps up.<page><box>Oro: A trap you pick up becomes Trap Parts, which you can set as another trap.<page><box>Oro: Stand on a trap you've set and select ""Modify"" to improve it.<page><box>Oro: But once you set a trap, you can't pick it up again. Be careful.<page><box>Oro: That's the gist of it.<page><box>"
46	ilpa_festival	postgame	Ilpa festival	30	197:$7465	Oro: Oh! One last thing.<page><box>Oro: You can't bring any items into this dungeon.<page><box>Oro: Store or discard your items first.<page><box>
46	ilpa_festival	postgame	Ilpa festival	31	197:$74CA	Oro: All right. It's finally time to start, baby!<page><box>
46	ilpa_festival	postgame	Ilpa festival	32	197:$74E6	Oro: And now...<page><box>Oro: May Kakaroo, god of traps, smile upon you!<page><box>Oro: Ready...<page><box>Oro: GO!!<page><box>
47	festival_decline	postgame	Festival invitation declined	1	197:$751B	Oro: Oh, too bad. Come back if you change your mind.<page>
47	festival_decline	postgame	Festival invitation declined	2	197:$753D	Oro: Oh, you can't bring items into this dungeon.<page><box>Oro: Store them in the warehouse, then come back.<page><box>Oro: I'll be waiting. Yeah!<page>
47	festival_decline	postgame	Festival invitation declined	3	197:$75A3	Oro: And now...<page><box>Oro: May Kakaroo, god of traps, smile upon you!<page><box>Oro: Ready...<page><box>Oro: GO!!<page><box>
48	festival_results	postgame	Festival challenge results	1	197:$75F2	Koppa: Wh-What's the<br>record?!<page><box>Tao: Let's see...<page><box>Tao: No. You didn't beat Master Gaibara's record.<page><box>
48	festival_results	postgame	Festival challenge results	2	197:$762E	Oro: Oh, so close!<page><box>Oro: Master Gaibara remains in the lead!<page><box>Oro: Will Master Gaibara win it all?!<page><box>
48	festival_results	postgame	Festival challenge results	3	197:$7683	Koppa: Wh-What's the<br>record?!<page><box>Tao: Let's see...<page><box>Tao: Oh! C-Could it be?!<page><box>
48	festival_results	postgame	Festival challenge results	4	197:$76AD	Tao: I-It's a new record!!<page><box>
48	festival_results	postgame	Festival challenge results	5	197:$76C0	Oro: Oh, yeah! <name> has finally beaten Master Gaibara's record!<page><box>
48	festival_results	postgame	Festival challenge results	6	197:$76F2	Rihipishi: That's time!<page><box>Rihipishi: The Wanado Tournament is now over.<page><box>Oro: Which means...<page><box>
48	festival_results	postgame	Festival challenge results	7	197:$7735	Oro: A stunning comeback at the last possible moment!!<page><box>
48	festival_results	postgame	Festival challenge results	8	197:$7753	Oro: The champion is...<page><box>Oro: <name>! Yeah!!<page><box>
48	festival_results	postgame	Festival challenge results	9	197:$7779	Oro: What a thrilling comeback victory!<page><box>Oro: Now it's time for the awards ceremony.<page><box>
48	festival_results	postgame	Festival challenge results	10	197:$77BF	Oro: Princess Ateka and the Lord will present the prize!<page><box>Oro: Come on out!!<page><box>
48	festival_results	postgame	Festival challenge results	11	197:$77F0	Ateka: Congratulations, <name>!<page><box>Ateka: This is our gift to<br>you.<page><box>
48	festival_results	postgame	Festival challenge results	12	197:$7822	Lord: This treasure has been passed down through our family for generations.<page><box>Lord: Take good care of it.<page><box>
48	festival_results	postgame	Festival challenge results	13	197:$7856	Your inventory is full, so you cannot accept it.<page><box>Please choose one item to discard.<page><box>
48	festival_results	postgame	Festival challenge results	14	197:$7885	<name> received the Kajin Fuuma!!<page><box>
48	festival_results	postgame	Festival challenge results	15	197:$78A6	Oro: Another huge round of applause for our champion, <name>!!<delay:96><box>
48	festival_results	postgame	Festival challenge results	16	197:$78D9	Oro: Congratulations, <name>! Yeah!!<delay:96><box>
49	saruyama_quest	postgame	Saruyama side quest	1	198:$403C	Saruyama: Um...<page><box>
49	saruyama_quest	postgame	Saruyama side quest	2	198:$404B	Koppa: Huh? Saruyama?<page><box>Koppa: What's wrong?<page><box>
49	saruyama_quest	postgame	Saruyama side quest	3	198:$406C	Saruyama: Have you seen Master Gaibara?<page><box>
49	saruyama_quest	postgame	Saruyama side quest	4	198:$408D	"Koppa: No, I haven't.<page><box>Saruyama: I see...<page><box>Koppa: Did something<br>happen?<page><box>Saruyama: Master suddenly ran off.<page><box>Saruyama: He was talking to Obaba, and then...<page><box>Saruyama: ""I found the Ultimate Clay!<page><box>Saruyama: Raaaaaaaaah!!""<page><box>Saruyama: That's what he shouted...<page><box>"
49	saruyama_quest	postgame	Saruyama side quest	5	198:$4150	Nuwanko: Hey! Do something about your master!<page><box>Saruyama: What did he do?<page><box>Nuwanko: What didn't he do?<page><box>Nuwanko: He barged into my house without permission!<page><box>Nuwanko: Now he's shouting and tearing the place apart!<page><box>Nuwanko: I can't do anything with him!<page><box>
49	saruyama_quest	postgame	Saruyama side quest	6	198:$41DE	Koppa: Let's go see!<page><box>
49	saruyama_quest	postgame	Saruyama side quest	7	198:$41EE	Gaibara: You are certain it is here?<page><box>
49	saruyama_quest	postgame	Saruyama side quest	8	198:$4207	Obaba: Without a doubt.<page><box>Obaba: What you seek lies within.<page><box>
49	saruyama_quest	postgame	Saruyama side quest	9	198:$4236	Nuwanko: Hey, you! You're still helping yourself to my<br>house?!<page><box>Gaibara: Silence! Stand back and watch!!<page><box>
49	saruyama_quest	postgame	Saruyama side quest	10	198:$4272	Nuwanko: Wh-Whaaat?!<page><box>Koppa: There's a hole back here?!<page><box>Nuwanko: I've lived here for years and never noticed it!!<page><box>
49	saruyama_quest	postgame	Saruyama side quest	11	198:$42BE	Gaibara: Hardly surprising.<page><box>Gaibara: No one would expect a cave behind a hanging scroll.<page><box>
49	saruyama_quest	postgame	Saruyama side quest	12	198:$42F0	Saruyama: Master! Is it really in there?<page><box>
49	saruyama_quest	postgame	Saruyama side quest	13	198:$430B	"Gaibara: Indeed. The ""Ultimate Clay"" I have sought lies within.<page><box>"
49	saruyama_quest	postgame	Saruyama side quest	14	198:$433C	Obaba: According to legend, the Ultimate Clay lies on Floor 6.<page><box>
49	saruyama_quest	postgame	Saruyama side quest	15	198:$4368	Gaibara: So shallow?<page><box>Gaibara: This will be child's play.<page><box>
49	saruyama_quest	postgame	Saruyama side quest	16	198:$4392	Gaibara: Then I shall claim it!!<page><box>
49	saruyama_quest	postgame	Saruyama side quest	17	198:$43A7	Gaibara: No!<page><box>
49	saruyama_quest	postgame	Saruyama side quest	18	198:$43B4	Gaibara: Nooo!<page><box>
49	saruyama_quest	postgame	Saruyama side quest	19	198:$43C3	Gaibara: UNACCEPTABLE!!<page><box>
49	saruyama_quest	postgame	Saruyama side quest	20	198:$43D9	Saruyama: M-Master!!<page><box>
49	saruyama_quest	postgame	Saruyama side quest	21	198:$43EB	"Gaibara: Ugh... I thought it would be easy...<page><box>Gaibara: I let my guard<br>down...<page><box>Gaibara: Gah!!<page><box>Saruyama: Master! Are you all right?! Master!!<page><box>Gaibara: Ugh... Somehow...<page><box>Gaibara: I still live...<page><box>Saruyama: If even you suffered such a fate...<page><box>Saruyama: What kind of dungeon is this?<page><box>Gaibara: First...<page><box>Gaibara: Defeating monsters does not raise your level. That is difficult.<page><box>Gaibara: But...<page><box>Gaibara: there is something even more important...<page><box>Gaibara: This dungeon is conquered with Pots...<page><box>Koppa: A Pot...<page><box>Koppa: dungeon?<page><box>Gaibara: Indeed.<page><box>Gaibara: You will find ""Imprison Pots"" inside.<page><box>Gaibara: Throw one at a monster to seal it inside.<page><box>Gaibara: Ugh... Traps are my specialty, but...<page><box>Gaibara: this dungeon does not seem to suit me...<page><box>Saruyama: You do smash every Pot you see, Master.<page><box>"
49	saruyama_quest	postgame	Saruyama side quest	22	198:$45E5	Gaibara: Silence!!
49	saruyama_quest	postgame	Saruyama side quest	23	198:$45F6	Saruyama: Gah!!
49	saruyama_quest	postgame	Saruyama side quest	24	198:$4602	Gaibara: <name>...<page><box>Gaibara: I beg you.<page><box>Gaibara: Will you retrieve the Ultimate Clay in my stead?<page><box>
49	saruyama_quest	postgame	Saruyama side quest	25	198:$4637	<delay:3C>Gaibara: Gah!!<page><box>
49	saruyama_quest	postgame	Saruyama side quest	26	198:$4648	Saruyama: Master! Are you all right?!<page><box>Saruyama: M-Master!!<page><box>
49	saruyama_quest	postgame	Saruyama side quest	27	198:$466B	<delay:1E>Saruyama: Please, <name>! Retrieve the Ultimate Clay for us!<page><box>
49	saruyama_quest	postgame	Saruyama side quest	28	198:$46A1	Gaibara: Oh! You will do it!<page><box>Gaibara: I knew I saw something in you!<page><box>
49	saruyama_quest	postgame	Saruyama side quest	29	198:$46D0	Gaibara: Ah!<page><box>Gaibara: One last thing.<page><box>Gaibara: You cannot bring items into this dungeon.<page><box>Gaibara: Store your items in the warehouse, then return.<page><box>
49	saruyama_quest	postgame	Saruyama side quest	30	198:$473A	Gaibara: I leave it to you!!<page><box>
50	ultimate_soil	postgame	Ultimate Soil acquisition	1	198:$4763	<name> obtained the Ultimate Clay!<delay:3C><page><box>
50	ultimate_soil	postgame	Ultimate Soil acquisition	2	198:$4785	Gaibara: Th-This is the Ultimate Clay...<page><box>
50	ultimate_soil	postgame	Ultimate Soil acquisition	3	198:$47A1	Gaibara: This luster... This elasticity...<page><box>Gaibara: Magnificent.<page><box>Gaibara: This is truly the Ultimate Clay.<page><box>Gaibara: At last, I can devote myself to making the Pot of my dreams.<page><box>Gaibara: You have my thanks, <name>! Truly!!<page><box>Gaibara: Take this small token of my gratitude. Use it well.<page><box>
50	ultimate_soil	postgame	Ultimate Soil acquisition	4	198:$485F	Your inventory is full, so you cannot accept it.<page><box>Please choose one item to discard.<page><box>
50	ultimate_soil	postgame	Ultimate Soil acquisition	5	198:$488E	<name> received the Wonder Pick from Gaibara!<delay:F0><delay:C0><page><box>
50	ultimate_soil	postgame	Ultimate Soil acquisition	6	198:$48B4	Gaibara: Good! Now I shall use this clay to make my<br>Pot.<page><box>
50	ultimate_soil	postgame	Ultimate Soil acquisition	7	198:$48DB	Gaibara: Saruyama!<page><box>Gaibara: We are going home!<page><box>Gaibara: Back to my<br>workshop!<page><box>
50	ultimate_soil	postgame	Ultimate Soil acquisition	8	198:$48FB	Saruyama: Y-Yes, Master!<page><box>
50	ultimate_soil	postgame	Ultimate Soil acquisition	9	198:$4909	Koppa: W-Wait a second!<page><box>
50	ultimate_soil	postgame	Ultimate Soil acquisition	10	198:$491F	Gaibara and Saruyama: Aaaaaaaah!!
50	ultimate_soil	postgame	Ultimate Soil acquisition	11	198:$4941	Koppa: Looks like they forgot we can't leave town...<page><box>
51	blacksmith_quest	postgame	Blacksmith side quest	1	198:$498B	Pekeji: Pant, pant... Hey, take a look at this.<page><box>Blacksmith: Hm?<page><box>Blacksmith: What's that old scrap of paper?<page><box>Pekeji: It looks like a piece of a journal...<page><box>
51	blacksmith_quest	postgame	Blacksmith side quest	2	198:$49F0	"Koppa: I'll read it. Let's<br>see...<page><box>""What?!<page><box>I never imagined such a method...""<page><box>""I have done it. At last, I have discovered it!""<page><box>""Behold its brilliance. Behold its beauty.""<page><box>""There is nothing finer in all the world!!""<page><box>""But...<page><box>what if it were to fall into the hands of evil?""<page><box>""It chooses its owner.<page><box>Therefore, I shall hide it in secret.""<page><box>""In the Town of Ilpa...<page><box>beneath the blacksmith's forge...<page><box>deep underground...<page><box>lies my treasure.""<page><box>"
51	blacksmith_quest	postgame	Blacksmith side quest	3	198:$4B23	Koppa: Whoa! This tells us where treasure is hidden, doesn't it?!<page><box>
51	blacksmith_quest	postgame	Blacksmith side quest	4	198:$4B4F	Koppa: Hey, Pekeji!<page><box>Koppa: Where did you find this?<page><box>
51	blacksmith_quest	postgame	Blacksmith side quest	5	198:$4B75	Pekeji: In the middle of the desert.<page><box>Pekeji: I suddenly couldn't hold it anymore while I was walking...<page><box>Pekeji: I was looking for some paper when I happened to find this.<page><box>Koppa: Ugh! Y-You didn't wipe yourself with this, did you?!<page><box>Pekeji: Don't worry. I haven't wiped yet.<page><box>Koppa: What?! You pulled up your pants without wiping?!<page><box>Pekeji: No! I mean I'm still holding it!<page><box>
51	blacksmith_quest	postgame	Blacksmith side quest	6	198:$4C53	Pekeji: Anyway, Bro!<page><box>Pekeji: This time it's the real thing! Treasure!!<page><box>Oryu: I can't ignore talk of treasure.<page><box>
51	blacksmith_quest	postgame	Blacksmith side quest	7	198:$4C9D	Koppa: O-Oryu!<page><box>
51	blacksmith_quest	postgame	Blacksmith side quest	8	198:$4CAB	Oryu: I want to hear the details too.<page><box>Oryu: So where is this<br>forge?<page><box>
51	blacksmith_quest	postgame	Blacksmith side quest	9	198:$4CDB	Blacksmith: You mean this one?<page><box>Blacksmith: It's the only forge here, but...<page><box>Blacksmith: Hm...?<page><box>Blacksmith: Come to think of it...<page><box>Oryu: What is it?<page><box>
51	blacksmith_quest	postgame	Blacksmith side quest	10	198:$4D29	Blacksmith: I heard a story a long time ago...<page><box>Blacksmith: Back in my grandfather's day, this place was a dungeon.<page><box>
51	blacksmith_quest	postgame	Blacksmith side quest	11	198:$4D72	Pekeji: Whaaat?!<page><box>Blacksmith: My grandfather was a famous smith and a great lover of adventure.<page><box>Blacksmith: He forged mighty<br>swords and shields, then<br>challenged it himself.<page><box>Blacksmith: But its monsters were so strong that he never stood a chance...<page><box>Blacksmith: In the end, he gave up and sealed the dungeon.<page><box>
51	blacksmith_quest	postgame	Blacksmith side quest	12	198:$4E48	Koppa: Hey, <name>! Let's go inside!<page><box>Koppa: The treasure must be deep in there!<page><box>Blacksmith: If I remember my grandfather's stories correctly...<page><box>
51	blacksmith_quest	postgame	Blacksmith side quest	13	198:$4EA2	Blacksmith: You should be able to bring plenty of items inside.<page><box>Blacksmith: And...<page><box>Blacksmith: I believe you can take one companion with you.<page><box>
51	blacksmith_quest	postgame	Blacksmith side quest	14	198:$4EE9	Pekeji: Bro! Please take me with you!!<page><box>
51	blacksmith_quest	postgame	Blacksmith side quest	15	198:$4F0C	Oryu: You'll take me instead of that tubby guy, right?<page><box>Oryu: Let's go together.<page><box>Oryu: Okay?<page><box>
51	blacksmith_quest	postgame	Blacksmith side quest	16	198:$4F34	???: Treasure! Treasure!!<page><box>
51	blacksmith_quest	postgame	Blacksmith side quest	17	198:$4F4A	Nfuu: Nfuu! It sounds like treasure, fu!<page><box>
51	blacksmith_quest	postgame	Blacksmith side quest	18	198:$4F60	Mamo: I want to store the treasure too!<page><box>Mamo: Let's de-part<br>together!<page><box>
51	blacksmith_quest	postgame	Blacksmith side quest	19	198:$4F8F	<cF8>h<cF8>i Unit: Clank... Treasure... Treasure...<page><box>
51	blacksmith_quest	postgame	Blacksmith side quest	20	198:$4FAD	Koppa: <name>, it sounds like we can bring plenty of items.<page><box>Koppa: Let's prepare properly before we head in.<page><box>
52	treasure_chest_a	postgame	Treasure-chest event A	1	198:$500E	Koppa: <name>! Isn't that a treasure chest over<br>there?<page><box>
52	treasure_chest_a	postgame	Treasure-chest event A	2	198:$502E	Koppa: It is!<page><box>Koppa: I wonder what's inside. Come on, open it!<page><box>
52	treasure_chest_a	postgame	Treasure-chest event A	3	198:$5062	Koppa: <name>!<page><box>Koppa: This is...<delay:80><page><box>
52	treasure_chest_a	postgame	Treasure-chest event A	4	198:$5077	Blacksmith: Th-This is the legendary...<page><box>Blacksmith: It was in the depths of the dungeon...?<page><box>
52	treasure_chest_a	postgame	Treasure-chest event A	5	198:$50AB	Blacksmith: I see. My grandfather wrote that journal page.<page><box>Blacksmith: He was a brilliant smith, and he succeeded in forging this...<page><box>Blacksmith: Then he sealed it in the dungeon to keep it hidden.<page><box>
52	treasure_chest_a	postgame	Treasure-chest event A	6	198:$5126	Blacksmith: Though I don't know how it ended up so<br>deep.<page><box>Blacksmith: My grandfather wasn't a Wanderer.<page><box>Blacksmith: He couldn't possibly have reached those depths.<page><box>
52	treasure_chest_a	postgame	Treasure-chest event A	7	198:$518E	Blacksmith: <name>, I'd like you to have this<br>shield...<page><box>Blacksmith: But your inventory is full.<page><box>Blacksmith: Please make room for one item.<page><box>
52	treasure_chest_a	postgame	Treasure-chest event A	8	198:$51E8	Blacksmith: You don't want it...?<page><box>
52	treasure_chest_a	postgame	Treasure-chest event A	9	198:$51FC	Blacksmith: <name>...<page><box>Blacksmith: You're a true Wanderer.<page><box>Blacksmith: This shield belongs in your hands.<page><box>Blacksmith: Please, take it.<page><box>
52	treasure_chest_a	postgame	Treasure-chest event A	10	198:$5257	<name> obtained the Rasen Fuuma!<delay:F0><delay:C0><page>
53	treasure_chest_b	postgame	Treasure-chest event B	1	198:$527D	Koppa: <name>! Isn't that a treasure chest over<br>there?<page><box>
53	treasure_chest_b	postgame	Treasure-chest event B	2	198:$529D	Koppa: You need to discard something before you can take it!<page><box>
53	treasure_chest_b	postgame	Treasure-chest event B	3	198:$52B8	Koppa: Let's head back.<page>
53	treasure_chest_b	postgame	Treasure-chest event B	4	198:$52C8	<name> obtained the Rasen Fuuma!<delay:F0><delay:C0><page>
54	eastern_keep_expedition	postgame	Eastern Keep expedition	1	198:$533B	Pekeji: This should be around the Eastern Keep...<page><box>
54	eastern_keep_expedition	postgame	Eastern Keep expedition	2	198:$5363	Pekeji: Monsters are still roaming around here...<page><box>
54	eastern_keep_expedition	postgame	Eastern Keep expedition	3	198:$5384	Pekeji: You're still recovering, my Lord, so please be careful.<page><box>
54	eastern_keep_expedition	postgame	Eastern Keep expedition	4	198:$53AF	Lord: Indeed.<page><box>Lord: Even now, I can handle weaker monsters.<page><box>Lord: But I accepted your protection in case anything should happen.<page><box>Lord: I am counting on you.<page><box>Pekeji: Heh heh! Leave it to me!<page><box>
54	eastern_keep_expedition	postgame	Eastern Keep expedition	5	198:$5428	Ateka: This area is still in terrible condition...<page><box>Pekeji: Yeah. Rebuilding the castle will take a long time.<page><box>
54	eastern_keep_expedition	postgame	Eastern Keep expedition	6	198:$5470	Lord: No.<page><box>Lord: Rebuilding the town must come first.<page><box>Lord: The castle can wait.<page><box>
54	eastern_keep_expedition	postgame	Eastern Keep expedition	7	198:$54A8	Lord: I understand the situation now.<page><box>Lord: Let us return to Ilpa.<page><box>
54	eastern_keep_expedition	postgame	Eastern Keep expedition	8	198:$54CF	???: Heh heh heh...<page><box>
54	eastern_keep_expedition	postgame	Eastern Keep expedition	9	198:$54DC	Lord: What is it, Ateka?<page><box>Ateka: I thought I heard... a voice...<page><box>
54	eastern_keep_expedition	postgame	Eastern Keep expedition	10	198:$5504	Pekeji: I didn't hear<br>anything.<page><box>Pekeji: Maybe you imagined<br>it...<page><box>
54	eastern_keep_expedition	postgame	Eastern Keep expedition	11	198:$5521	???: Heh heh heh...<page><box>???: L...<page><box>???: Lord...<page><box>???: LORD!!<page><box>
54	eastern_keep_expedition	postgame	Eastern Keep expedition	12	198:$5546	Lord: Wh-Who are you?!<page><box>???: Heh heh... So Curas is dead...<page><box>???: It seems he was the greater fool.<page><box>
54	eastern_keep_expedition	postgame	Eastern Keep expedition	13	198:$558A	Pekeji: I don't know what you are, but you won't lay a finger on the Lord!<page><box>???: Heh heh heh...<page><box>???: I have no use for that empty shell.<page><box>???: What I seek is...<page><box>???: Heh heh! It has been too long, Princess!!<page><box>Pekeji: Y-You are...?!<page><box>
54	eastern_keep_expedition	postgame	Eastern Keep expedition	14	198:$5621	Pekeji: Aaaaaah!!<page><box>Lord: Ateka!<page><box>Lord: ATEKA!!<page>
54	eastern_keep_expedition	postgame	Eastern Keep expedition	15	198:$564C	<box>
54	eastern_keep_expedition	postgame	Eastern Keep expedition	16	198:$564E	Koppa: Huh? Pekeji isn't here today.<page><box>Koppa: That's unusual.<page><box>
54	eastern_keep_expedition	postgame	Eastern Keep expedition	17	198:$5676	Oro: Yeah. About that...<page><box>
54	eastern_keep_expedition	postgame	Eastern Keep expedition	18	198:$5689	"Oryu: I hear Pekeji took the Lord to the Magic Castle?<page><box>Sachi: Yeah. I tried to stop him...<page><box>Oro: But he insisted, ""I can handle it by myself!""<page><box>Oryu: Nothing is less trustworthy than Pekeji saying he'll be fine.<page><box>Oro: Curas may be gone, but monsters are still there.<page><box>Koppa: He'll probably burst in here yelling, ""Big trouble!""<page><box>"
54	eastern_keep_expedition	postgame	Eastern Keep expedition	19	198:$5789	Sachi: Don't say that!<page><box>
54	eastern_keep_expedition	postgame	Eastern Keep expedition	20	198:$5798	<box><delay:3C>
54	eastern_keep_expedition	postgame	Eastern Keep expedition	21	198:$579C	Pekeji: B-Big trouble!!
54	eastern_keep_expedition	postgame	Eastern Keep expedition	22	198:$57AD	Oryu: What happened?!<page><box>
54	eastern_keep_expedition	postgame	Eastern Keep expedition	23	198:$57BC	Pekeji: Pant, pant... The Lord and Princess Ateka were abducted!<page><box>Sachi: Whaaat?!<page><box>Oryu: Pekeji! What happened?!<page><box>
54	eastern_keep_expedition	postgame	Eastern Keep expedition	24	198:$580A	Pekeji: I-I'm ashamed. I was right there with them...<page><box>Sachi: Forget that!<page><box>Sachi: Tell us exactly what happened!<page><box>
54	eastern_keep_expedition	postgame	Eastern Keep expedition	25	198:$5845	Pekeji: Zagan took them!<page><box>Sachi: Zagan?!<page><box>Oryu: Zagan is alive?!<page><box>Koppa: But how?<page><box>Koppa: Curas killed him!<page><box>Obaba: Zagan is not alive.<page><box>Obaba: My divination is clear on that.<page><box>
54	eastern_keep_expedition	postgame	Eastern Keep expedition	26	198:$58DC	Obaba: The air has grown stagnant once more.<page><box>
54	eastern_keep_expedition	postgame	Eastern Keep expedition	27	198:$58FB	Obaba: I sensed something was wrong. It seems I was right.<page><box>Pekeji: But I'm not lying.<page><box>Pekeji: I saw Zagan with my own eyes.<page><box>
54	eastern_keep_expedition	postgame	Eastern Keep expedition	28	198:$5951	Goto: Hey! The Lord has collapsed at the town entrance!<page><box>
54	eastern_keep_expedition	postgame	Eastern Keep expedition	29	198:$597B	Oro: Let's go!<page><box>
54	eastern_keep_expedition	postgame	Eastern Keep expedition	30	198:$5989	Minai: My Lord, are you all right?<page><box>Lord: Yes. I am fine now.<page><box>Lord: Forgive me for worrying you.<page><box>
54	eastern_keep_expedition	postgame	Eastern Keep expedition	31	198:$59CD	Pekeji: My Lord, you're safe! Thank goodness!<page><box>Oryu: What happened to<br>Ateka?<page><box>
54	eastern_keep_expedition	postgame	Eastern Keep expedition	32	198:$5A01	Lord: Hm? Ateka?<page><box>Lord: Ateka is...<page><box>
54	eastern_keep_expedition	postgame	Eastern Keep expedition	33	198:$5A1D	Pekeji: Wh-Whaaat?!<page><box>Koppa: You!<page><box>Koppa: You're not the Lord!!<page><box>Oryu: Who are you?!<page><box>
54	eastern_keep_expedition	postgame	Eastern Keep expedition	34	198:$5A57	Lord: Heh heh...<page><box>Lord: Have you forgotten?<page><box>Lord: I am Zagan!!<page><box>Pekeji: What?! The Lord is Zagan?!<page><box>Pekeji: What in the world is going on?!<page><box>Obaba: That is not Zagan!<page><box>Obaba: It is all that remains of him...<page><box>Obaba: Zagan's evil spirit.<page><box>Obaba: It has possessed the Lord!<page><box>Lord: Heh heh... The Princess is mine.<page><box>Lord: She can no longer return.<page><box>
54	eastern_keep_expedition	postgame	Eastern Keep expedition	35	198:$5B56	Oryu: Ateka?!<page><box>Oryu: Where is Ateka?!<page><box>
54	eastern_keep_expedition	postgame	Eastern Keep expedition	36	198:$5B72	Lord: Heh heh... In the labyrinth beneath the<br>desert...<page><box>Lord: The land of my demon clan...<page><box>
54	eastern_keep_expedition	postgame	Eastern Keep expedition	37	198:$5BA6	"Lord: The ""Abyssal Depths""...<page><box>"
54	eastern_keep_expedition	postgame	Eastern Keep expedition	38	198:$5BCC	Lord: The Princess's blood as a shrine maiden shall empower my demon clan!<page><box>Lord: Gwah ha ha ha ha!!
54	eastern_keep_expedition	postgame	Eastern Keep expedition	39	198:$5C04	<box>
54	eastern_keep_expedition	postgame	Eastern Keep expedition	40	198:$5C06	Oro: My Lord!<page><box>
54	eastern_keep_expedition	postgame	Eastern Keep expedition	41	198:$5C14	Lord: Ugh... What happened to me...?<page><box>
54	eastern_keep_expedition	postgame	Eastern Keep expedition	42	198:$5C30	"Obaba: You intend to go after her?<page><box>Koppa: Of course. We can't just leave her there!<page><box>Koppa: Tell us anything you know about the ""Abyssal Depths"".<page><box>Obaba: Beyond the desert outside the town entrance...<page><box>Obaba: I hear it lies far beyond Jahannam's Gate.<page><box>Obaba: You can take neither items nor companions.<page><box>Obaba: This will be your most grueling journey yet.<page><box>Koppa: Bring it on.<page><box>"
54	eastern_keep_expedition	postgame	Eastern Keep expedition	43	198:$5D49	Koppa: <name>! This is the last one!<page><box>Koppa: Let's give it everything we've got!!<page><box>
55	abyssal_zagan	postgame	Abyssal Depths Zagan confrontation	1	198:$5D9B	Zagan: I-Impossible... A human reached the Abyssal<br>Depths...?<page><box>Zagan: Ugh... It hurts...<page><box>Zagan: The demon miasma is fading...<page><box>Zagan: No... I don't want to disappear!<page><box>Zagan: I am not ready to vanish...<page><box>Zagan: I... still...<page><box>Zagan: don't want...<page><box>Zagan: to...<page><box>Zagan: Gwaaaaaah!<page>
55	abyssal_zagan	postgame	Abyssal Depths Zagan confrontation	2	198:$5E40	Koppa: Are you all right, Princess?<page><box>Ateka: Ah...<page><box>
55	abyssal_zagan	postgame	Abyssal Depths Zagan confrontation	3	198:$5E64	Koppa: <name>! Thank goodness! She's safe!<page><box>
55	abyssal_zagan	postgame	Abyssal Depths Zagan confrontation	4	198:$5E80	Ateka: Wh-What happened to me...?<page><box>
55	abyssal_zagan	postgame	Abyssal Depths Zagan confrontation	5	198:$5E94	Koppa: These are the Abyssal Depths.<page><box>Koppa: We came to rescue<br>you.<page><box>Ateka: ...!<page><box>Koppa: Hm? What's wrong?<page><box>Ateka: Nothing. I'm fine.<page><box>Koppa: All right. Let's return to the Town of Ilpa.<page><box>
55	abyssal_zagan	postgame	Abyssal Depths Zagan confrontation	6	198:$5F06	Oro: For a while, I feared the worst. I'm truly glad you're safe, Princess.<page><box>
55	abyssal_zagan	postgame	Abyssal Depths Zagan confrontation	7	198:$5F3C	Lord: First the Evil God, and now this...<page><box>Lord: I cannot begin to express my gratitude.<page><box>
55	abyssal_zagan	postgame	Abyssal Depths Zagan confrontation	8	198:$5F86	Koppa: Don't mention it. That was nothing!<page><box>
55	abyssal_zagan	postgame	Abyssal Depths Zagan confrontation	9	198:$5FA8	Pekeji: Still, where did Zagan's evil spirit go?<page><box>
55	abyssal_zagan	postgame	Abyssal Depths Zagan confrontation	10	198:$5FCF	Obaba: The Abyssal Depths are the land of demons...<page><box>Obaba: When <name> entered, it may have upset the land's delicate balance.<page><box>Obaba: I suspect that caused Zagan to vanish...<page><box>
55	abyssal_zagan	postgame	Abyssal Depths Zagan confrontation	11	198:$604B	Ateka: Thank you, <name>. I am truly grateful.<page><box>Ateka: You are always saving me, while I...<page><box>
55	abyssal_zagan	postgame	Abyssal Depths Zagan confrontation	12	198:$6090	Koppa: That's not true.<page><box>Koppa: Besides...<page><box>Koppa: A man is supposed to protect a princess!<page><box>
55	abyssal_zagan	postgame	Abyssal Depths Zagan confrontation	13	198:$60CE	Koppa: Right, <name>?<page><box>
55	abyssal_zagan	postgame	Abyssal Depths Zagan confrontation	14	198:$60DC	Pekeji: Listen to you, acting important.<page><box>Pekeji: It's not like you did any of the fighting!<page><box>
55	abyssal_zagan	postgame	Abyssal Depths Zagan confrontation	15	198:$610E	Everyone: Ha ha ha ha!<page><box>
55	abyssal_zagan	postgame	Abyssal Depths Zagan confrontation	16	198:$611C	Koppa: Why, you!<page><box>Koppa: This whole mess was Pekeji's fault to begin with!<page><box><delay:1E>Everyone: Ha ha ha ha!<page><box><delay:1E>Pekeji: What did you say?!<page><box><delay:1E>Koppa: You wanna go, punk?!<page><box>
55	abyssal_zagan	postgame	Abyssal Depths Zagan confrontation	17	198:$6176	Lord: To think you conquered even the Abyssal Depths...<page><box>Lord: You may well be a true Wanderer.<page><box>
55	abyssal_zagan	postgame	Abyssal Depths Zagan confrontation	18	198:$61BA	Ateka: Oh! I just<br>remembered!<page><box>Ateka: While Zagan held me captive...<page><box>Ateka: I had a dream.<page><box>Ateka: Someone appeared before me...<page><box>Ateka: and spoke these<br>words.<page><box>Ateka: A true Wanderer shall soon come to rescue you.<page><box>Ateka: When that time comes, give this to him...<page><box>
55	abyssal_zagan	postgame	Abyssal Depths Zagan confrontation	19	198:$6263	Ateka: Then <name> came, and I awoke...<page><box>Ateka: with this in my hand.<page><box>Ateka: Thinking back, the person in my dream...<page><box>Ateka: may have been Kron, god of travelers.<page><box>Ateka: <name>, please take this.<page><box>
55	abyssal_zagan	postgame	Abyssal Depths Zagan confrontation	20	198:$62F7	<name> obtained the Wanderer's Mark!!<delay:F0><delay:C0><page><box>
55	abyssal_zagan	postgame	Abyssal Depths Zagan confrontation	21	198:$631D	Pekeji: What's your problem?!<page><box><delay:1E>Koppa: What's yours?!<page><box>
55	abyssal_zagan	postgame	Abyssal Depths Zagan confrontation	22	198:$6344	Sachi: You two can keep this up until sunset.<page><box>
55	abyssal_zagan	postgame	Abyssal Depths Zagan confrontation	23	198:$6363	Everyone: Ha ha ha ha!
56	wanderer_emblem	postgame	Wanderer Emblem reward	1	198:$6371	<name> obtained the Wanderer's Mark!!<delay:F0><delay:C0><page><box>
57	wanda_oro_quest	postgame	Wanda and Oro side quest	1	198:$639F	Wanda: Hey, old man! You<br>here?<page><box>
57	wanda_oro_quest	postgame	Wanda and Oro side quest	2	198:$63B9	Blacksmith: Yes? What is it?<page><box>
57	wanda_oro_quest	postgame	Wanda and Oro side quest	3	198:$63CA	Nuwanko: We want you to hold on to this.<page><box>
57	wanda_oro_quest	postgame	Wanda and Oro side quest	4	198:$63E6	Blacksmith: This thing is awfully dirty...<page><box>Wanda: It was buried in the desert.<page><box>Nuwanko: We aren't sure what it is, but it might be valuable.<page><box>Wanda: If we repair it, we might sell it for a lot of Gitan.<page><box>
57	wanda_oro_quest	postgame	Wanda and Oro side quest	5	198:$646A	Blacksmith: Understood. You can use the second floor.<page><box>Nuwanko: Got it.<page><box>
57	wanda_oro_quest	postgame	Wanda and Oro side quest	6	198:$649A	Nuwanko: Whew! That was pretty heavy.<page><box>
57	wanda_oro_quest	postgame	Wanda and Oro side quest	7	198:$64B8	Wanda: Let's head home.<page><box>
57	wanda_oro_quest	postgame	Wanda and Oro side quest	8	198:$64C9	???: Grrrrr...<page><box>
58	bad_ending	main_story_branch	Bad-ending epilogue	1	205:$7122	The end.<br>And then, <delay:3C>the world ended.
58	bad_ending	main_story_branch	Bad-ending epilogue	2	205:$7124	And so, <delay:3C>the world came to an end.
59	missing_blacksmith	postgame	Missing blacksmith quest	1	198:$6518	Koppa: Hm? The blacksmith isn't here.<page><box>Koppa: What's going on?<page><box>
59	missing_blacksmith	postgame	Missing blacksmith quest	2	198:$653E	Nuwanko: Something strange is happening upstairs.<page><box>Wanda: They say growling starts every night...<page><box>Wanda: Everyone went to investigate, but no one's come back yet.<page><box>
59	missing_blacksmith	postgame	Missing blacksmith quest	3	198:$65AF	Koppa: <name>! Let's go check it out too!<page><box>
59	missing_blacksmith	postgame	Missing blacksmith quest	4	198:$65CB	???: Grrrrr...<page><box>Rai: Eek!<page><box>
59	missing_blacksmith	postgame	Missing blacksmith quest	5	198:$65E3	Rai: Wh-What in the world is that?<page><box>
59	missing_blacksmith	postgame	Missing blacksmith quest	6	198:$65F9	Oro: I-I definitely heard it growl. Terrifying...<page><box>
59	missing_blacksmith	postgame	Missing blacksmith quest	7	198:$661D	Blacksmith: We hear it every night.<page><box>Blacksmith: It's impossible to sleep...<page><box>
59	missing_blacksmith	postgame	Missing blacksmith quest	8	198:$664A	Koppa: What are you all so scared of? Pathetic!<page><box>Koppa: Compared to a monster, this is nothing.<page><box>
59	missing_blacksmith	postgame	Missing blacksmith quest	9	198:$668B	???: Grrrr... Wh-Where am<br>I...?<page><box>
59	missing_blacksmith	postgame	Missing blacksmith quest	10	198:$66A9	Oro: I-It spoke?!<page><box>
59	missing_blacksmith	postgame	Missing blacksmith quest	11	198:$66BB	Koppa: H-Hey!<page><box>Koppa: What are you?! Show yourself!<page><box>???: Grrrr...<page><box>???: I will store anyone who annoys me...<page><box>
59	missing_blacksmith	postgame	Missing blacksmith quest	12	198:$6702	Koppa: S...<page><box>Koppa: Store?!<page><box>Koppa: What's that supposed to mean?<page><box>???: MAMO-RY STORAGE!!
59	missing_blacksmith	postgame	Missing blacksmith quest	13	198:$672E	Koppa: Whoa!<page><box>Koppa: Aaaaaaaaaaaaaah!!<page><box>
59	missing_blacksmith	postgame	Missing blacksmith quest	14	198:$675B	Blacksmith: Gah!<page><box>Oro: H-He...<page><box>Oro: He got sucked inside?!<page><box>Rai: It is a monster! R-Run!! Aaaaaah!!<page><box>
59	missing_blacksmith	postgame	Missing blacksmith quest	15	198:$67A8	???: Stop! I will store every last one of you!!<page><box>
59	missing_blacksmith	postgame	Missing blacksmith quest	16	198:$67C9	???: Stop resisting.<page><box>???: We have already occupied this place.<page><box>???: You have no hope of victory.<page><box>???: Obey me if you wish to live!<page><box>???: First...<page><box>???: someone polish me...<page><box>Rai: P-Polish?<page><box>Rai: Polish what?<page><box>???: My body...<page><box>
59	missing_blacksmith	postgame	Missing blacksmith quest	17	198:$686E	???: Hurry!<page><box>???: Or else...<page><box>Oro: Eek! We'll do it!<page><box>
59	missing_blacksmith	postgame	Missing blacksmith quest	18	198:$6899	Scrub, scrub, scrub.<page><box>Scrub, scrub, scrub.<page><box>Scrub, scrub, scrub.<page><box>
59	missing_blacksmith	postgame	Missing blacksmith quest	19	198:$68CD	Everyone: Whoa!!<page><box>
59	missing_blacksmith	postgame	Missing blacksmith quest	20	198:$68DE	???: Ahh, much better!<page><box>???: Hup we go!!<page><box>
59	missing_blacksmith	postgame	Missing blacksmith quest	21	198:$68F9	Koppa: Ow, ow, ow...<page><box>
59	missing_blacksmith	postgame	Missing blacksmith quest	22	198:$6908	???: My body is clean, my drawers glide smoothly, and I feel wonderful!<page><box>???: ...Huh?<page><box>
59	missing_blacksmith	postgame	Missing blacksmith quest	23	198:$6949	???: Could it be...?<page><box>???: <name>?<page><box>???: It is you, <name>!<page><box>
59	missing_blacksmith	postgame	Missing blacksmith quest	24	198:$6968	???: It's been so long!<page><box>???: It's me! Mamo the Wardrobe!!<page><box>
59	missing_blacksmith	postgame	Missing blacksmith quest	25	198:$698B	Koppa: Who are you?<page><box>
59	missing_blacksmith	postgame	Missing blacksmith quest	26	198:$699C	Mamo: What?!<page><box>Mamo: You don't remember<br>me?!<page><box>Mamo: How heartless!<page><box>Mamo: But I suppose it makes sense. <name> was still a child back then.<page><box>
59	missing_blacksmith	postgame	Missing blacksmith quest	27	198:$69F5	Mamo: And now you've grown into such a fine Wanderer... Mamo-ry sniffle...<page><box>
59	missing_blacksmith	postgame	Missing blacksmith quest	28	198:$6A26	Koppa: Hmm... I still don't really remember you.<page><box>
59	missing_blacksmith	postgame	Missing blacksmith quest	29	198:$6A51	Mamo: Shall I force you to remember?<page><box>Mamo: Mamo-ry SUCK...<page><box>
59	missing_blacksmith	postgame	Missing blacksmith quest	30	198:$6A7E	Koppa: Whoa! Wait!<page><box>Koppa: Please don't do that again.<page><box>Koppa: Huh... I feel like I've said that before...<page><box>
59	missing_blacksmith	postgame	Missing blacksmith quest	31	198:$6ACC	Mamo: Now that we've met again, let's be friends!<page><box>
59	missing_blacksmith	postgame	Missing blacksmith quest	32	198:$6AEB	Mamo the Wardrobe joined<br>you!<delay:96><page><box>
59	missing_blacksmith	postgame	Missing blacksmith quest	33	198:$6B01	Mamo: You may have forgotten, so I'll remind you...<page><box>Mamo: I can store lots of items.<page><box>Mamo: You can put them in and take them out freely. Handy, right?<page><box>Mamo: But I'll be empty when you return from a dungeon, so remember that.<page><box>Mamo: Let's go! Mamo-ry, roll out!<page><box>
60	mamo_reunion	postgame	Mamo reunion	1	198:$6BC8	Mamo: Hey, <name>! Mamo-ry reunion?<page><box>
60	mamo_reunion	postgame	Mamo reunion	2	198:$6BE4	Mamo: That's what I wanted to hear!<page><box>Mamo: I can store lots of items.<page><box>Mamo: You can put them in and take them out freely. Handy, right?<page><box>Mamo: But I'll be empty when you return from a dungeon, so remember that.<page><box>Mamo: Let's go! Mamo-ry, roll out!<page><box>
60	mamo_reunion	postgame	Mamo reunion	3	198:$6C8A	Mamo joined you!<delay:96><page><box>
60	mamo_reunion	postgame	Mamo reunion	4	198:$6C9C	Mamo: You could store items if I came along...<page><box>Mamo: Mamo-ry disappointed!<page><box>
61	pot_sisters_intro	postgame	Pot sisters shop introduction	1	198:$6CDD	Ohagi and Kinako: Welcome!<page><box>Ohagi: Oh my! What a handsome man!<page><box>Kinako: Just my type!<page><box>Ohagi: Where are you from?<page><box>Kinako: How old are you?<page><box>Ohagi: What do you do?<page><box>Kinako: Where do you live?<page><box>
61	pot_sisters_intro	postgame	Pot sisters shop introduction	2	198:$6D4E	Ohagi: Oh my!<page><box>Ohagi: How could we forget the most important<br>question?!<page><box>
61	pot_sisters_intro	postgame	Pot sisters shop introduction	3	198:$6D76	Ohagi and Kinako: What<delay:14><D2>is<delay:14><D2>your<delay:14><D2>name<delay:14><D2>?<page><box>
61	pot_sisters_intro	postgame	Pot sisters shop introduction	4	198:$6D94	Ohagi and Kinako: <name>!<page><box>Ohagi: <name>...<delay:3C> Mmm, what a lovely name!<page><box>Ohagi: So cute! Eek!!<page><box>
61	pot_sisters_intro	postgame	Pot sisters shop introduction	5	198:$6DCF	Kinako: And such a cute face!<page><box>Kinako: Just my type! Eek!!<page><box>
61	pot_sisters_intro	postgame	Pot sisters shop introduction	6	198:$6DF4	Ohagi and Kinako: Sigh...<delay:64><page><box>Ohagi: Hm?<page><box>Ohagi: What?<page><box>Ohagi: Oh!<page><box>Ohagi: I'm sorry, darling.<page><box>Ohagi: What is it?<page><box>Ohagi: You want a doll?<page><box>Kinako: We have some wonderful ones!<page><box>Ohagi: Dolls whose hair grows...<page><box>Ohagi: Dolls that cry red tears...<page><box>Ohagi: And...<page><box>Ohagi: Just between us...<page><box>Ohagi: We're about to finish something incredible!<page><box>
61	pot_sisters_intro	postgame	Pot sisters shop introduction	7	198:$6EB4	Kinako: Hey! You're telling him about that already?!<page><box>
61	pot_sisters_intro	postgame	Pot sisters shop introduction	8	198:$6ED7	Ohagi: Why not?<page><box>Ohagi: <name> is so cute that I want to tell him.<page><box>Kinako: Hmm...<page><box>Kinako: Fine, then...<page><box>Kinako: But only a little.<page><box>
61	pot_sisters_intro	postgame	Pot sisters shop introduction	9	198:$6F2A	Ohagi: The truth is, right now...<page><box>Ohagi: we're creating something unlike anything anyone has ever seen.<page><box>Kinako: But for now, this stays a secret between us and <name>.<page><box>
61	pot_sisters_intro	postgame	Pot sisters shop introduction	10	198:$6F89	Ohagi: It's almost finished, so come visit us often.<page><box>Ohagi: Tee-hee.<page><box>Ohagi: That's all for now!<page><box>Ohagi and Kinako: Come<br>again!<page><box>
62	pot_sisters_creation	postgame	Pot sisters creation event	1	198:$6FF1	Ohagi: Eek!<page><box>Ohagi: <name>!!<page><box>Kinako: It's done! We finished it!<page><box>Kinako: We really did it!<page><box>Ohagi: Yes! At last, it's complete!<page><box>Ohagi: Our masterpiece!!<page><box>Kinako: It's incredible!<page><box>Kinako: Prepare to be<br>amazed!!<page><box>
62	pot_sisters_creation	postgame	Pot sisters creation event	2	198:$705F	Ohagi and Kinako: Ta-daaa!!<page><box>
62	pot_sisters_creation	postgame	Pot sisters creation event	3	198:$7073	Kinako: Well? Well? Well?<page><box>Kinako: Are you amazed? Are you?!<page><box>Ohagi: This doll can move!<page><box>Ohagi: It even shoots arrows and fights beside you!!<page><box>Kinako: Those nasty monsters won't stand a chance now!<page><box>
62	pot_sisters_creation	postgame	Pot sisters creation event	4	198:$70F1	Ohagi: Well? Isn't it fabulous?<page><box>Ohagi: Would you like to try it, <name>?<page><box>Ohagi: Five hundred Gitan.<page><box>Ohagi: You won't regret it.
62	pot_sisters_creation	postgame	Pot sisters creation event	5	198:$7131	Ohagi: I knew you had a good eye, <name>!<page><box>Kinako: Here you are.<page><box>Kinako: We call it <cF8>h<cF8>i Unit!<page><box>Kinako: Sexy name, isn't it?<page><box>Ohagi: Treat it gently.<page><box>
62	pot_sisters_creation	postgame	Pot sisters creation event	6	198:$7190	<cF8>h<cF8>i Unit joined you!<delay:96><page>
62	pot_sisters_creation	postgame	Pot sisters creation event	7	198:$71A8	Kinako: Oh! One more thing.<page><box>Kinako: This doll...<page><box>Kinako: is as brilliant as we are!<page><box>Ohagi: After an adventure, it returns to our shop all by itself.<page><box>
62	pot_sisters_creation	postgame	Pot sisters creation event	8	198:$7213	Kinako: You're a young man, <name>.<page><box>Kinako: Sometimes you'll want to go somewhere alone. Tee-hee.<page><box>Ohagi and Kinako: Aren't we thoughtful?!<page><box>
62	pot_sisters_creation	postgame	Pot sisters creation event	9	198:$7264	Kinako: When the doll returns, we'll look after it.<page><box>Ohagi: So whenever you want to take it into a dungeon, stop by our shop!<page><box>Ohagi and Kinako: We'll be waiting!<page>
62	pot_sisters_creation	postgame	Pot sisters creation event	10	198:$72D7	Ohagi: <name>...<page><box>Ohagi: Nothing in life comes free.<page>
62	pot_sisters_creation	postgame	Pot sisters creation event	11	198:$72F8	Ohagi: Oh my! What a shame!<page><box>Ohagi: You won't find a doll this glamorous anywhere<br>else!<page><box>Kinako: You truly don't want it?<page><box>Kinako: What a waste!<page>
62	pot_sisters_creation	postgame	Pot sisters creation event	12	198:$7346	Ohagi: Tee-hee. You changed your mind after all.<page><box>Ohagi: Oh, you! You want it, don't you?<page><box>
62	pot_sisters_creation	postgame	Pot sisters creation event	13	198:$7373	Kinako: Here.<page><box>Kinako: <cF8>h<cF8>i Unit. Five hundred Gitan.
62	pot_sisters_creation	postgame	Pot sisters creation event	14	198:$7390	Ohagi: Oh my, <name>. No window-shopping!<page>
63	pot_sisters_repeat	postgame	Pot sisters repeat visit	1	198:$73C7	Ohagi and Kinako: Welcome!<page><box>Ohagi: Oh my! <name>! Where's your doll?<page><box>Kinako: D-Did you...<page><box>Kinako: Did you really...<page><box>Kinako: break it?!<page><box>Ohagi: Oh my! What a shock!<page><box>
63	pot_sisters_repeat	postgame	Pot sisters repeat visit	2	198:$742B	Ohagi: W-We...<page><box>Ohagi: won't give up!<page><box>Ohagi: Something like this won't defeat us!!<page><box>Kinako: That's right!<page><box>Kinako: We made a new one in case this happened!<page><box>Kinako: Aren't we<br>thoughtful?!<page><box>
63	pot_sisters_repeat	postgame	Pot sisters repeat visit	3	198:$74AB	Ohagi and Kinako: Ta-daaa!!<page><box>Ohagi: <cF8>h<cF8>i Unit!<page><box>Ohagi: Five hundred Gitan!
63	pot_sisters_repeat	postgame	Pot sisters repeat visit	4	198:$74D6	Ohagi: Thank you!<page><box>Ohagi: It's starting over from scratch, so take better care of it this time!<page><box>
63	pot_sisters_repeat	postgame	Pot sisters repeat visit	5	198:$7507	<cF8>h<cF8>i Unit joined you!<delay:96><page>
63	pot_sisters_repeat	postgame	Pot sisters repeat visit	6	198:$751F	Ohagi: <name>...<page><box>Ohagi: Nothing in life comes free.<page>
63	pot_sisters_repeat	postgame	Pot sisters repeat visit	7	198:$7540	Ohagi: Oh my! What a shame!<page><box>Kinako: But you'll change your mind eventually!<page>
63	pot_sisters_repeat	postgame	Pot sisters repeat visit	8	198:$756F	Ohagi: Tee-hee. You changed your mind after all.<page><box>Ohagi: Oh, you! You want it, don't you?<page><box>
63	pot_sisters_repeat	postgame	Pot sisters repeat visit	9	198:$759C	Kinako: Here. <cF8>h<cF8>i Unit.<page><box>Kinako: Five hundred Gitan.
63	pot_sisters_repeat	postgame	Pot sisters repeat visit	10	198:$75B9	Ohagi: Oh my, <name>. No window-shopping!<page>
64	pot_sisters_broken_pot	postgame	Pot sisters broken-pot event	1	198:$75E5	Ohagi: I can tell just by looking, <name>...<page><box>Ohagi: You broke it again, didn't you?<page><box>Kinako: We made you a new<br>one.<page><box>
64	pot_sisters_broken_pot	postgame	Pot sisters broken-pot event	2	198:$7630	Kinako: Here. <cF8>h<cF8>i Unit.<page><box>Kinako: Five hundred Gitan.
64	pot_sisters_broken_pot	postgame	Pot sisters broken-pot event	3	198:$764D	Ohagi: Thank you!<page><box>Ohagi: It's starting over from scratch, so take better care of it this time!<page><box>
64	pot_sisters_broken_pot	postgame	Pot sisters broken-pot event	4	198:$767E	<cF8>h<cF8>i Unit joined you!<delay:96><page>
64	pot_sisters_broken_pot	postgame	Pot sisters broken-pot event	5	198:$7696	Ohagi: <name>...<page><box>Ohagi: Nothing in life comes free.<page>
64	pot_sisters_broken_pot	postgame	Pot sisters broken-pot event	6	198:$76B7	Ohagi: Oh my! What a shame!<page><box>Kinako: But you'll change your mind eventually!<page>
65	pot_sisters_item_return	postgame	Pot sisters stored-item return	1	198:$76FA	Ohagi: Oh, <name>! Of course we looked after it carefully!<page><box>Ohagi: Here, <cF8>h<cF8>i Unit!<page><box>Ohagi: You'll take it with you, won't you?
65	pot_sisters_item_return	postgame	Pot sisters stored-item return	2	198:$7741	Ohagi: Take good care of it.<page>
65	pot_sisters_item_return	postgame	Pot sisters stored-item return	3	198:$7753	<cF8>h<cF8>i Unit joined you!<delay:96><page>
65	pot_sisters_item_return	postgame	Pot sisters stored-item return	4	198:$776B	Ohagi: Ah...<page><box>Ohagi: <name:00>-<name>...<page><box>Ohagi: Listen...<page><box>Ohagi: Everyone has their limits.<page><box>Ohagi: Do you know what that means?<page><box>Kinako: Simply put, we can't Modify it any further.<page><box>Kinako: The doll has reached its limit.<page><box>Ohagi: But that also means it's the strongest doll in the world!<page><box>Ohagi: How marvelous!!<page><box>Ohagi: Here is the ultimate doll, <cF8>h<cF8>i Unit.<page><box>Ohagi: Will you take it?
65	pot_sisters_item_return	postgame	Pot sisters stored-item return	5	198:$7855	Ohagi and Kinako: Welcome!<page><box>Ohagi: Oh, <name>!<page><box>Ohagi: You came at the perfect time!<page><box>Kinako: The doll <name> brought back...<page><box>Ohagi: To thank you for treating it well, we used our skills to Modify it!<page><box>Kinako: We even gave it a sexier name!<page><box>Ohagi and Kinako: Its new name is <cF8>h<cF8>i Unit!!<page><box>Ohagi: Well?<page><box>Ohagi: Will you take it with you now?
65	pot_sisters_item_return	postgame	Pot sisters stored-item return	6	198:$793F	Ohagi: Will you take <cF8>h<cF8>i Unit?
65	pot_sisters_item_return	postgame	Pot sisters stored-item return	7	198:$7955	Ohagi: Keep treating it gently for years to come!<page><box>Ohagi: Tee-hee!<page><box>
65	pot_sisters_item_return	postgame	Pot sisters stored-item return	8	198:$797B	The doll powered up into <cF8>h<cF8>i Unit!<delay:3C><page><box>
65	pot_sisters_item_return	postgame	Pot sisters stored-item return	9	198:$79A0	Ohagi and Kinako: Come<br>again!<page>
65	pot_sisters_item_return	postgame	Pot sisters stored-item return	10	198:$79B4	Ohagi: Oh my.<page><box>Ohagi: Could it be...<page><box>Ohagi: <name>, are you thinking of seeing someone else?<page><box>Ohagi: Well, <name>, you're a man. You have your<br>reasons.<page><box>Ohagi: We'll look after the doll.<page>
66	pot_sisters_confrontation	postgame	Pot sisters confrontation	1	198:$7A22	Ohagi: Hey, <name>!<page><box>Ohagi: What happened?!<page><box>Kinako: You promised to treat it well!!<page><box>Ohagi: Honestly! Can you be gentle this time?
66	pot_sisters_confrontation	postgame	Pot sisters confrontation	2	198:$7A7A	Ohagi: Don't make it cry<br>again!<page><box>
66	pot_sisters_confrontation	postgame	Pot sisters confrontation	3	198:$7A8E	<cF8>h<cF8>i Unit joined you!<delay:96><page>
66	pot_sisters_confrontation	postgame	Pot sisters confrontation	4	198:$7AA6	Ohagi: No! I can't believe it! This is why men are... Grumble...<page>
66	pot_sisters_confrontation	postgame	Pot sisters confrontation	5	198:$7AD0	Ohagi: Can you be gentle this time?
67	town_npcs_early	town_dialogue	Early-game town NPC states	1	199:$419C	Bank Teller: I love this<br>town...<page><box>Bank Teller: So I decided to do my part and work hard!<page><box>
67	town_npcs_early	town_dialogue	Early-game town NPC states	2	199:$41C5	Bank Teller: Welcome.<page><box>Bank Teller: How may I help you?
67	town_npcs_early	town_dialogue	Early-game town NPC states	3	199:$41E3	Bank Teller: We look forward to serving you again.<page>
67	town_npcs_early	town_dialogue	Early-game town NPC states	4	199:$41FF	Bank Teller: Thank you.<page><box>Bank Teller: We are currently holding <cF8>l Gitan for you.<page><box>
67	town_npcs_early	town_dialogue	Early-game town NPC states	5	199:$423E	Bank Teller: I am very sorry to tell you this...<page><box>Bank Teller: You do not appear to be carrying any Gitan.<page><box>
67	town_npcs_early	town_dialogue	Early-game town NPC states	6	199:$4280	Bank Teller: I will deposit...<page><box>Bank Teller: Oh dear...<page><box>Bank Teller: Dear customer!<page><box>Bank Teller: The vault is<br>full!<page><box>Bank Teller: I am terribly sorry...<page><box>Bank Teller: We cannot accept any more deposits.<page><box>
67	town_npcs_early	town_dialogue	Early-game town NPC states	7	199:$42F3	Bank Teller: How much would you like to deposit?
67	town_npcs_early	town_dialogue	Early-game town NPC states	8	199:$430D	Bank Teller: Certainly. I will deposit <cF8>j Gitan.<page><box>
67	town_npcs_early	town_dialogue	Early-game town NPC states	9	199:$433A	Bank Teller: I am terribly sorry...<page><box>Bank Teller: We are not holding any Gitan for you.<page><box>
67	town_npcs_early	town_dialogue	Early-game town NPC states	10	199:$437C	Bank Teller: I am terribly sorry...<page><box>Bank Teller: You cannot carry any more Gitan.<page><box>
67	town_npcs_early	town_dialogue	Early-game town NPC states	11	199:$43BD	Bank Teller: How much would you like to withdraw?
67	town_npcs_early	town_dialogue	Early-game town NPC states	12	199:$43D8	Bank Teller: Certainly. I will return <cF8>j Gitan to you.<page><box>
67	town_npcs_early	town_dialogue	Early-game town NPC states	13	199:$4400	Bank Teller: This is the<br>Bank.<page><box>Bank Teller: Please return when you have Gitan to deposit.<page>
67	town_npcs_early	town_dialogue	Early-game town NPC states	14	199:$4437	Big Moai: Come on, tell me a spell!<page><box>Big Moai: Or I would say that, but I'm not ready yet. Come back later.<page>
67	town_npcs_early	town_dialogue	Early-game town NPC states	15	199:$448E	Big Moai: Hey!<page><box>Big Moai: You finally found<br>me!<page><box>Big Moai: Oh well. Tell me a spell.<page><box>
67	town_npcs_early	town_dialogue	Early-game town NPC states	16	199:$44D8	Big Moai: Come on, tell me a spell!<page><box>Big Moai: Something good might happen.<page><box>
67	town_npcs_early	town_dialogue	Early-game town NPC states	17	199:$451A	Big Moai: Shwoosh, shwoosh... I don't know that spell.<page>
67	town_npcs_early	town_dialogue	Early-game town NPC states	18	199:$4542	Big Moai: Hnnngh...<delay:1E> Hah!!!
67	town_npcs_early	town_dialogue	Early-game town NPC states	19	199:$4558	<name> received<br><cF8>g!<page><box>
67	town_npcs_early	town_dialogue	Early-game town NPC states	20	199:$4569	Big Moai: We'll meet again somewhere.<page><box>Big Moai: Until then,<br>farewell.<page><box>
67	town_npcs_early	town_dialogue	Early-game town NPC states	21	199:$4596	Big Moai: Incredible!!<page><box>Big Moai: You've completed every spell!<page><box>Big Moai: I'm retiring now.<page><box>Big Moai: From now on, tell your spells to my son.<page><box>Big Moai: Adios. This is farewell forever. Don't cry, baby.<page>
67	town_npcs_early	town_dialogue	Early-game town NPC states	22	199:$4640	Big Moai: I'm growing tired of listening to spells.<page><box>Big Moai: So I've decided to travel.<page><box>Big Moai: Don't come looking for me.<page><box>Big Moai: Adios. Farewell.<page><box>
67	town_npcs_early	town_dialogue	Early-game town NPC states	23	199:$46B3	Big Moai: Baboom... No window-shopping.<page>
67	town_npcs_early	town_dialogue	Early-game town NPC states	24	199:$46D3	Big Moai: I've heard that spell before.<page><box>Big Moai: Give me a different one.<page>
67	town_npcs_early	town_dialogue	Early-game town NPC states	25	199:$4704	Big Moai: Ba-boom... For some reason, my power is sealed right now.<page><box>Big Moai: Come back after a while.<page>
67	town_npcs_early	town_dialogue	Early-game town NPC states	26	199:$474E	Big Moai: Ba-boom... You cannot carry any more items.<page><box>Big Moai: Come back later.<page>
67	town_npcs_early	town_dialogue	Early-game town NPC states	27	199:$478C	Big Moai: Don't overdo the spells.<page><box>Big Moai: I get tired too. Come back later.<page>
67	town_npcs_early	town_dialogue	Early-game town NPC states	28	199:$47CD	<name> received 1,000 Gitan!<page><box>
67	town_npcs_early	town_dialogue	Early-game town NPC states	29	199:$47E3	Shopkeeper: It pays to be prepared.
67	town_npcs_early	town_dialogue	Early-game town NPC states	30	199:$4801	Shopkeeper: It's dangerous lately. Make sure you're fully stocked.
67	town_npcs_early	town_dialogue	Early-game town NPC states	31	199:$4827	Shopkeeper: Maybe it's time to close this shop...<page><box>Shopkeeper: Just kidding! What can I get you?
67	town_npcs_early	town_dialogue	Early-game town NPC states	32	199:$4859	Shopkeeper: Ah! <name>!!<page><box>Shopkeeper: I heard the news! I'll fight from here too!<page><box>Shopkeeper: Now, what'll it be?!
67	town_npcs_early	town_dialogue	Early-game town NPC states	33	199:$4896	Shopkeeper: Welcome! Just call me if you need anything.
67	town_npcs_early	town_dialogue	Early-game town NPC states	34	199:$48B6	Shopkeeper: Leaving already? Come again.<page>
67	town_npcs_early	town_dialogue	Early-game town NPC states	35	199:$48D6	Shopkeeper: Take your time and look around!<page><box>
67	town_npcs_early	town_dialogue	Early-game town NPC states	36	199:$48F5	Shopkeeper: So, what are you selling?<page><box>
67	town_npcs_early	town_dialogue	Early-game town NPC states	37	199:$4913	Shopkeeper: Oh... Changed your mind?<page><box>Shopkeeper: That's fine.
67	town_npcs_early	town_dialogue	Early-game town NPC states	38	199:$4938	Shopkeeper: <cF8>4, right? That's <cF8>6 Gitan.<page><box>Shopkeeper: Will you buy it?
67	town_npcs_early	town_dialogue	Early-game town NPC states	39	199:$495C	Shopkeeper: Oh... Changed your mind?<page><box>Shopkeeper: That's fine.<page><box>
67	town_npcs_early	town_dialogue	Early-game town NPC states	40	199:$4983	Shopkeeper: You got it! Thank you!<page><box>
67	town_npcs_early	town_dialogue	Early-game town NPC states	41	199:$4999	Shopkeeper: Oh... Changed your mind?<page><box>Shopkeeper: That's fine.<page><box>
67	town_npcs_early	town_dialogue	Early-game town NPC states	42	199:$49C0	Shopkeeper: All right!<br><cF8>5 items, right?<page><box>Shopkeeper: I'll pay<br><cF8>7 Gitan for them.<page><box>Shopkeeper: Deal?
67	town_npcs_early	town_dialogue	Early-game town NPC states	43	199:$49F5	Shopkeeper: Oh... Changed your mind?<page><box>Shopkeeper: That's fine.<page><box>
67	town_npcs_early	town_dialogue	Early-game town NPC states	44	199:$4A1C	Shopkeeper: You got it! Consider it sold!<page><box>
67	town_npcs_early	town_dialogue	Early-game town NPC states	45	199:$4A38	Shopkeeper: Whoa!<page><box>Shopkeeper: Your inventory is full! Don't overdo it!<page><box>
67	town_npcs_early	town_dialogue	Early-game town NPC states	46	199:$4A64	Shopkeeper: Sorry, customer! I'm sold out!<page><box>Shopkeeper: Go pass some time and come back later!<page><box>
67	town_npcs_early	town_dialogue	Early-game town NPC states	47	199:$4AB7	Shopkeeper: Ha ha ha!<page><box>Shopkeeper: You're not carrying anything!<page><box>
67	town_npcs_early	town_dialogue	Early-game town NPC states	48	199:$4AE5	Cursed items cannot be removed!<page><box>
67	town_npcs_early	town_dialogue	Early-game town NPC states	49	199:$4AFA	Cursed items cannot be removed!<page><box>
67	town_npcs_early	town_dialogue	Early-game town NPC states	50	199:$4B0F	Shopkeeper: You don't have enough Gitan.<page><box>
67	town_npcs_early	town_dialogue	Early-game town NPC states	51	199:$4B30	Shopkeeper: This is the item shop. We carry all kinds of items.<page><box>Shopkeeper: I'll show you next time you visit.<page>
67	town_npcs_early	town_dialogue	Early-game town NPC states	52	199:$4B70	Blacksmith: Careful there.<page><box>Blacksmith: If you need something, speak to me here.<page><box>
67	town_npcs_early	town_dialogue	Early-game town NPC states	53	199:$4BA3	Blacksmith: What can I do for you?
67	town_npcs_early	town_dialogue	Early-game town NPC states	54	199:$4BBC	Blacksmith: Understood.<page><box>Blacksmith: Come back anytime you change your<br>mind.<page>
67	town_npcs_early	town_dialogue	Early-game town NPC states	55	199:$4BE8	Blacksmith: Hm...?<page><box>Blacksmith: You aren't carrying a sword.<page><box>
67	town_npcs_early	town_dialogue	Early-game town NPC states	56	199:$4C09	Blacksmith: Sorry.<page><box>Blacksmith: My special technique needs time before I can use it again.<page><box>Blacksmith: Go cut loose in a dungeon. I should be ready when you return.<page><box>
67	town_npcs_early	town_dialogue	Early-game town NPC states	57	199:$4C73	Blacksmith: Sorry. You don't have enough Gitan.<page><box>Blacksmith: Strengthening a sword costs 1,500 Gitan.<page><box>
67	town_npcs_early	town_dialogue	Early-game town NPC states	58	199:$4CB7	Blacksmith: Which sword should I strengthen?<page><box>
67	town_npcs_early	town_dialogue	Early-game town NPC states	59	199:$4CCC	Blacksmith: Finished with swords?<page><box>
67	town_npcs_early	town_dialogue	Early-game town NPC states	60	199:$4CE8	Cursed items cannot be removed!<page><box>
67	town_npcs_early	town_dialogue	Early-game town NPC states	61	199:$4CFC	Blacksmith: That's no good...<page><box>Blacksmith: One more strike would break this sword.<page><box>Blacksmith: Why not leave well enough alone?<page><box>
67	town_npcs_early	town_dialogue	Early-game town NPC states	62	199:$4D50	Blacksmith:<br><cF8>8...<br>Understood. Leave it to me.<page><box>Blacksmith: The price is 1,500 Gitan.<page><box>Blacksmith: Is that acceptable?
67	town_npcs_early	town_dialogue	Early-game town NPC states	63	199:$4D8D	Blacksmith: Understood...<page><box>Blacksmith: This won't take long. Please wait.<page>
67	town_npcs_early	town_dialogue	Early-game town NPC states	64	199:$4DB9	Blacksmith: Thanks for waiting. I strengthened it properly.<page><box>
67	town_npcs_early	town_dialogue	Early-game town NPC states	65	199:$4DDE	Blacksmith: Stop by anytime you need my services.<page>
67	town_npcs_early	town_dialogue	Early-game town NPC states	66	199:$4E07	Blacksmith: Well, I'll be...<page><box>Blacksmith: I never imagined <cF8>8 could be forged... The world is full of surprises.<page><box>
67	town_npcs_early	town_dialogue	Early-game town NPC states	67	199:$4E43	Blacksmith: This is a fine sword, filled with its owner's spirit...<page><box>Blacksmith: Its level has properly increased. Take it with you.<page><box>
67	town_npcs_early	town_dialogue	Early-game town NPC states	68	199:$4E8D	Blacksmith: Hm...?<page><box>Blacksmith: You aren't carrying a Bracelet.<page><box>
67	town_npcs_early	town_dialogue	Early-game town NPC states	69	199:$4EAE	Blacksmith: Sorry. You don't have enough Gitan.<page><box>Blacksmith: Repairing a Bracelet costs 500 Gitan.<page><box>
67	town_npcs_early	town_dialogue	Early-game town NPC states	70	199:$4EF3	Blacksmith: Hm...?<page><box>Blacksmith: You aren't carrying a broken Bracelet.<page><box>
67	town_npcs_early	town_dialogue	Early-game town NPC states	71	199:$4F1C	Blacksmith: Which Bracelet should I repair?<page><box>
67	town_npcs_early	town_dialogue	Early-game town NPC states	72	199:$4F35	Blacksmith: Finished with Bracelets?<page><box>
67	town_npcs_early	town_dialogue	Early-game town NPC states	73	199:$4F53	Cursed items cannot be removed!<page><box>
67	town_npcs_early	town_dialogue	Early-game town NPC states	74	199:$4F67	Blacksmith: This is badly damaged.<page><box>Blacksmith: But don't worry. I can repair it.<page><box>Blacksmith: The price is 500 Gitan.<page><box>Blacksmith: Shall I repair this <cF8>8?
67	town_npcs_early	town_dialogue	Early-game town NPC states	75	199:$4FCB	Blacksmith: Understood. This won't take long. Please wait.<page>
67	town_npcs_early	town_dialogue	Early-game town NPC states	76	199:$4FF6	Blacksmith: Thanks for waiting.<page><box>Blacksmith: It's as good as new.<page><box>Blacksmith: Take good care of it.<page><box>Blacksmith: Stop by anytime you need my services.<page>
67	town_npcs_early	town_dialogue	Early-game town NPC states	77	199:$5061	Blacksmith: Hm...?<page><box>Blacksmith: You aren't carrying any synthesized items.<page><box>
67	town_npcs_early	town_dialogue	Early-game town NPC states	78	199:$508B	Blacksmith: Sorry. You don't have enough Gitan.<page><box>Blacksmith: Removing an ability costs 1,000 Gitan.<page><box>
67	town_npcs_early	town_dialogue	Early-game town NPC states	79	199:$50D8	Blacksmith: Let's see... Show me the item.<page><box>
67	town_npcs_early	town_dialogue	Early-game town NPC states	80	199:$50F7	Blacksmith: Finished with Synthesis?<page><box>
67	town_npcs_early	town_dialogue	Early-game town NPC states	81	199:$5115	Cursed items cannot be removed!<page><box>
67	town_npcs_early	town_dialogue	Early-game town NPC states	82	199:$5129	Blacksmith: Hmm... <cF8>8...<page><box>Blacksmith: Which ability should I Remove?<page><box>
67	town_npcs_early	town_dialogue	Early-game town NPC states	83	199:$5150	Blacksmith: <cF8>8...<page><box>Blacksmith: Sorry, but I cannot Remove that item's ability.<page><box>Blacksmith: Please forgive this unskilled smith.<page><box>
67	town_npcs_early	town_dialogue	Early-game town NPC states	84	199:$51B6	Blacksmith: Understood.<page><box>Blacksmith: I'll Remove that ability.<page><box>Blacksmith: The price is 1,000 Gitan.<page><box>Blacksmith: Is that acceptable?
67	town_npcs_early	town_dialogue	Early-game town NPC states	85	199:$5204	Blacksmith: Understood. This won't take long. Please wait.<page>
67	town_npcs_early	town_dialogue	Early-game town NPC states	86	199:$522F	Blacksmith: Finished. Here you are.<page><box>Blacksmith: Stop by anytime you need my services.<page>
67	town_npcs_early	town_dialogue	Early-game town NPC states	87	199:$5274	Blacksmith: Sorry, the shop isn't open yet.<page>
67	town_npcs_early	town_dialogue	Early-game town NPC states	88	199:$5292	Blacksmith: Which service should I explain?
67	town_npcs_early	town_dialogue	Early-game town NPC states	89	199:$52A6	"Blacksmith: Understood.<page><box>Blacksmith: Let me explain ""Strengthen"".<page><box>Blacksmith: The price is 1,500 Gitan.<page><box>Blacksmith: I can Strengthen weapons.<page><box>Blacksmith: Hand me the weapon you want and I'll Strengthen it immediately.<page><box>Blacksmith: A weapon grows more effective each time it is Strengthened.<page><box>Blacksmith: That will give you the advantage in battle.<page><box>Blacksmith: But every weapon has a strengthening limit.<page><box>Blacksmith: Please keep that in mind.<page><box>"
67	town_npcs_early	town_dialogue	Early-game town NPC states	90	199:$53BD	"Blacksmith: Understood.<page><box>Blacksmith: Let me explain ""Repair"".<page><box>Blacksmith: The price is 500 Gitan.<page><box>Blacksmith: I can Repair Bracelets.<page><box>Blacksmith: A Bracelet may crack when you take damage.<page><box>Blacksmith: Bring me a cracked one and I'll Repair it immediately.<page><box>Blacksmith: A cracked Bracelet is in danger.<page><box>Blacksmith: Take more damage and it may break and disappear.<page><box>Blacksmith: Please be<br>careful.<page><box>"
67	town_npcs_early	town_dialogue	Early-game town NPC states	91	199:$54E7	"Blacksmith: Understood.<page><box>Blacksmith: Let me explain ""Synthesis"".<page><box>Blacksmith: Synthesis combines special item abilities.<page><box>Blacksmith: Weapons, Shields, and Bracelets can be synthesized.<page><box>Blacksmith: Unfortunately, I don't perform Synthesis<br>here.<page><box>Blacksmith: You'll need a ""Synthesis Pot"".<page><box>Blacksmith: Place the items you want to synthesize inside it.<page><box>Blacksmith: Also...<page><box>Blacksmith: I hear a monster called Mini Mixer can perform Synthesis too.<page><box>Blacksmith: Apparently, you throw the items at it.<page><box>Blacksmith: But if you fail to defeat it, it will carry your items away.<page><box>Blacksmith: Be careful.<page><box>Blacksmith: One more thing.<page><box>Blacksmith: Both methods follow the same rule.<page><box>Blacksmith: The first item inserted becomes the base.<page><box>Blacksmith: Don't get the order wrong.<page><box>"
67	town_npcs_early	town_dialogue	Early-game town NPC states	92	199:$5701	"Blacksmith: Understood.<page><box>Blacksmith: Let me explain ""Remove"".<page><box>Blacksmith: The price is 1,000 Gitan.<page><box>Blacksmith: ""Remove"" takes an ability off a synthesized item.<page><box>Blacksmith: An ability you never use only wastes a Synthesis slot.<page><box>Blacksmith: In that case, it is best to Remove it.<page><box>Blacksmith: Hand me the item and I'll take it off immediately.<page><box>"
67	town_npcs_early	town_dialogue	Early-game town NPC states	93	199:$57F3	Kinako: Welco...<page><box>Kinako: !!!!<page><box>Kinako: What a handsome man!<page>
67	town_npcs_early	town_dialogue	Early-game town NPC states	94	199:$5810	Kinako: Don't rush me!<page>
67	town_npcs_early	town_dialogue	Early-game town NPC states	95	199:$581F	Kinako: Eek! Ohagi!<page><box>Kinako: It's <name>!!<page>
67	town_npcs_early	town_dialogue	Early-game town NPC states	96	199:$583D	Kinako: Treat it gently.<page>
67	town_npcs_early	town_dialogue	Early-game town NPC states	97	199:$584F	Kinako: C-Could...<page><box>Kinako: Could it be...?<page>
67	town_npcs_early	town_dialogue	Early-game town NPC states	98	199:$5860	Kinako: Tee-hee. You want it, don't you?<page><box>Kinako: Oh, you! Ohagi is getting it ready!<page>
67	town_npcs_early	town_dialogue	Early-game town NPC states	99	199:$588D	Kinako: Don't say anything... Ohagi is getting it ready...<page>
67	town_npcs_early	town_dialogue	Early-game town NPC states	100	199:$58B2	Kinako: I'm disappointed in you, <name>!!<page>
67	town_npcs_early	town_dialogue	Early-game town NPC states	101	199:$58CC	Kinako: If you can be gentle, I'll trust you with it.<page><box>Kinako: Promise Ohagi too.<page>
67	town_npcs_early	town_dialogue	Early-game town NPC states	102	199:$58F5	Kinako: Welcome, <name>!<page>
67	town_npcs_early	town_dialogue	Early-game town NPC states	103	199:$590B	Kinako: Oh, <name>!<page><box>Kinako: Ohagi! <name> is here!<page>
67	town_npcs_early	town_dialogue	Early-game town NPC states	104	199:$592C	Kinako: Ah...<page><box>Kinako: T-Today...<page><box>Kinako: The weather is lovely today!<page>
67	town_npcs_early	town_dialogue	Early-game town NPC states	105	199:$594E	Kinako: If you want the doll, Ohagi is getting it ready.<page>
67	town_npcs_early	town_dialogue	Early-game town NPC states	106	199:$5975	Shopkeeper: G-Gah...<page>
67	town_npcs_early	town_dialogue	Early-game town NPC states	107	199:$5984	Ohagi: Don't do anything that would make it cry.<page>
67	town_npcs_early	town_dialogue	Early-game town NPC states	108	199:$599E	Ohagi: A man must know how to wait.<page>
67	town_npcs_early	town_dialogue	Early-game town NPC states	109	199:$59BA	Good: Gather!<page><box>Good: Comrades!<page><box>Good: Save your friends! Save lives!<page><box>Good: This is the Rescue Team! Will you depart on a rescue at once?
67	town_npcs_early	town_dialogue	Early-game town NPC states	110	199:$5A09	Good: Reach their hearts!<page><box>Good: Let your burning spirit resound!<page><box>Good: This is the Rescue Team! Will you depart on a rescue at once?
67	town_npcs_early	town_dialogue	Early-game town NPC states	111	199:$5A57	Good: We shall fight to the very end.<page><box>Good: We shall keep the flame of life burning!<page><box>Good: This is the Rescue Team! Will you depart on a rescue?
67	town_npcs_early	town_dialogue	Early-game town NPC states	112	199:$5AB8	Good: Your desire to save as many people as possible has reached me, Good!<page><box>Good: This is the Rescue Team! Will you depart on a rescue?!
67	town_npcs_early	town_dialogue	Early-game town NPC states	113	199:$5B1B	Good: Hear the cry of life!<page><box>Good: A lost Wanderer awaits your aid!<page><box>Good: This is the Rescue Team! Will you depart on a rescue at once?
67	town_npcs_early	town_dialogue	Early-game town NPC states	114	199:$5B7D	Good: Come back anytime!<page>
67	town_npcs_early	town_dialogue	Early-game town NPC states	115	199:$5B8F	Good: Welcome back! Are you feeling all right?<page><box>Good: I am glad to see you again!<page><box>Good: By the way...<page><box>Good: Will you return to the same dungeon as last time?
67	town_npcs_early	town_dialogue	Early-game town NPC states	116	199:$5C0E	Good: I see... Will you undertake a new rescue instead?
67	town_npcs_early	town_dialogue	Early-game town NPC states	117	199:$5C3D	Good: Roger!<page><box>Good: I shall begin the procedure immediately!<page><box>
67	town_npcs_early	town_dialogue	Early-game town NPC states	118	199:$5C5C	Good: Which connection method would you like?
67	town_npcs_early	town_dialogue	Early-game town NPC states	119	199:$5C78	"Good: This procedure will erase your previous Rescue Gate.<page><box>Good: To visit it again, you will need to repeat the procedure.<page><box>Good: Please understand.<page><box>Good: I shall briefly explain the Cable procedure.<page><box>Good: Connect the Link Cable and confirm the other player is ready.<page><box>Good: Did they select ""Adventure"", then ""SOS!"" from the game menu?<page><box>Good: They must then select ""Cable"".<page><box>Good: That completes their preparation.<page><box>Good: After they send the SOS data, press the A<br>Button.<page><box>Good: They press! You press! Now receive the SOS of the person you wish to save!!"
67	town_npcs_early	town_dialogue	Early-game town NPC states	120	199:$5E2B	Good: Hm? The connection failed!<page><box>Good: Please exchange the data within about ten seconds after they send it.<page><box>Good: Sorry for the trouble, but please try again.<page><box>
67	town_npcs_early	town_dialogue	Early-game town NPC states	121	199:$5EA1	Good: Hmm...?<page><box>Good: This person...<page><box>Good: appears to have already been rescued!<page><box>
67	town_npcs_early	town_dialogue	Early-game town NPC states	122	199:$5ED5	"Good: Entering a Password will erase your previous Rescue Gate.<page><box>Good: To visit it again, you will have to re-enter the Password.<page><box>Good: Please understand.<page><box>Good: Now, enter the ""SOS!"" Password!<page>"
67	town_npcs_early	town_dialogue	Early-game town NPC states	123	199:$5F7A	Good: Confirmed!<page><box>Good: Proceed to the Rescue Gate beside the counter!<page><box>
67	town_npcs_early	town_dialogue	Early-game town NPC states	124	199:$5FAD	Good: You cannot enter that dungeon yet!<page><box>Good: Advance the story a little further, then return!<page>
67	town_npcs_early	town_dialogue	Early-game town NPC states	125	199:$5FF5	Good: Hmm...?<page><box>Good: That Password cannot be used because its rescue is already complete!<page><box>
67	town_npcs_early	town_dialogue	Early-game town NPC states	126	199:$602E	"Good: The ""SOS!"" Password appears to be wrong!<page><box>Good: Please try again!<page>"
67	town_npcs_early	town_dialogue	Early-game town NPC states	127	199:$605E	Setsu: I wish to watch over those who risk their lives in battle...<page><box>Setsu: Just like the<br>Captain...<page><box>Setsu: This is the Rescue Team. Would you like an explanation?
67	town_npcs_early	town_dialogue	Early-game town NPC states	128	199:$60C2	Setsu: This is the Rescue Team. Would you like an explanation?
67	town_npcs_early	town_dialogue	Early-game town NPC states	129	199:$60E8	Setsu: Return anytime you would like an explanation.<page>
67	town_npcs_early	town_dialogue	Early-game town NPC states	130	199:$6106	"Setsu: Many Wanderers besides you travel throughout the country.<page><box>Setsu: Some have only just become Wanderers...<page><box>Setsu: Others are veterans who have cleared every kind of dungeon.<page><box>Setsu: All of them are working hard and taking on<br>challenges.<page><box>Setsu: But when a Wanderer collapses, their items are lost...<page><box>Setsu: ""I cannot lose this item!<page><box>Someone, please help me!""<page><box>Setsu: At such a time, you can rescue that person yourself.<page><box>Setsu: The process is simple.<page><box>Setsu: Use a Link Cable or Password to enter that person's dungeon...<page><box>Setsu: Reach the person you wish to save, and they will be revived.<page><box>Setsu: If you safely rescue a friend who has called for help...<page><box>Setsu: that friend will surely respect you forever.<page>"
67	town_npcs_early	town_dialogue	Early-game town NPC states	131	199:$62F0	"Setsu: I wish to watch over those who risk their lives in battle...<page><box>Setsu: Just like the<br>Captain...<page><box>Setsu: This is the Rescue Team.<page><box>Setsu: Would you like to hear the previous ""Revival"" Password?"
67	town_npcs_early	town_dialogue	Early-game town NPC states	132	199:$636B	"Setsu: This is the Rescue Team.<page><box>Setsu: Would you like to hear the previous ""Revival"" Password?"
67	town_npcs_early	town_dialogue	Early-game town NPC states	133	199:$63A9	Setsu: Then would you like an explanation of the Rescue Team?
67	town_npcs_early	town_dialogue	Early-game town NPC states	134	199:$63CB	"Setsu: Return anytime you need an explanation or the ""Revival"" Password.<page>"
67	town_npcs_early	town_dialogue	Early-game town NPC states	135	199:$63F8	"Setsu: The ""Revival"" Password was:<br><cF8>1<page>"
67	town_npcs_early	town_dialogue	Early-game town NPC states	136	199:$6417	Good: Welcome back! I am glad you returned safely!<page><box>Good: Let us register you with the Wanderer Rescue Federation at once!<page><box>
67	town_npcs_early	town_dialogue	Early-game town NPC states	137	199:$6466	Good: This is the Wanderer...<page><box>Good: !!<page><box>Good: Oh! It is you!!<page><box>Good: We have been waiting!<page><box>Good: Let us begin the procedure immediately.<page><box>
67	town_npcs_early	town_dialogue	Early-game town NPC states	138	199:$64BC	Good: Which connection method would you like?
67	town_npcs_early	town_dialogue	Early-game town NPC states	139	199:$64D8	Good: Roger!<page><box>Good: Return here once you are ready!<page><box>Good: We shall be waiting!<page>
67	town_npcs_early	town_dialogue	Early-game town NPC states	140	199:$6519	Good: Cancel...?<page><box>Good: Did you say you wish to cancel?!<page><box>Good: What happened?! Did your friend give up waiting for you?!<page><box>Good: Or did someone else perform the rescue?!<page><box>Good: Ooooooh!<page><box>Good: I understand! This truly hurts...<page><box>Good: Then shall we close this mission and prepare for the next rescue?
67	town_npcs_early	town_dialogue	Early-game town NPC states	141	199:$65FF	Good: It is understandable to hesitate. Please take time to consider it. I shall wait.<page><box>
67	town_npcs_early	town_dialogue	Early-game town NPC states	142	199:$6636	Good: Understood... You must have considered this carefully.<page><box>Good: However! Your efforts have deeply moved me!<page><box>Good: I prepared a small<br>gift!<page><box>Good: Please accept... Whoa!<page><box>Good: Your inventory is full!<page><box>Good: Make room, then please return!<page>
67	town_npcs_early	town_dialogue	Early-game town NPC states	143	199:$66FD	Good: Understood... You must have considered this carefully.<page><box>Good: However! Your efforts have deeply moved me!<page><box>Good: I prepared a small<br>gift!<page><box>Good: Please accept it!<page><box>
67	town_npcs_early	town_dialogue	Early-game town NPC states	144	199:$678B	<name> received<br><cF8>f!<delay:50><page><box>
67	town_npcs_early	town_dialogue	Early-game town NPC states	145	199:$679D	Good: Do not be discouraged. Keep doing your best! Well done!<page>
67	town_npcs_early	town_dialogue	Early-game town NPC states	146	199:$67C7	Good: Would you like to send an item to the person you rescued?
67	town_npcs_early	town_dialogue	Early-game town NPC states	147	199:$67F8	Good: Items inside Pots will be lost, so take care!<page><box>Good: Since you are using a Cable, press Select to choose as many as you like.<page><box>Good: Let us choose!<page><box>
67	town_npcs_early	town_dialogue	Early-game town NPC states	148	199:$686E	Good: Roger!<page><box>Good: I shall proceed without sending anything.<page><box>
67	town_npcs_early	town_dialogue	Early-game town NPC states	149	199:$68A1	Good: Hm...?<page><box>Good: Your inventory is full, so I cannot give you the commemorative item!<page><box>Good: Give something to the rescued player,<page><box>Good: or visit the warehouse and make room!<page><box>
67	town_npcs_early	town_dialogue	Early-game town NPC states	150	199:$6918	Good: ...!<page><box>Good: You do not appear to have anything you can send!<page><box>
67	town_npcs_early	town_dialogue	Early-game town NPC states	151	199:$6944	Good: Gwah!<page><br>Did you notice?!<br>There is a monster here!!<page><box>Good: I can only send items!<page><box>Good: Let us choose again!<page><box>
67	town_npcs_early	town_dialogue	Early-game town NPC states	152	199:$69A2	"Good: Connect the Link Cable and make sure the other player is ready.<page><box>Good: Did they select ""Adventure"", then ""Revive!"" from the game menu?<page><box>Good: They must then select ""Cable"".<page><box>Good: That completes their preparation.<page><box>Good: Press the A Button to send your Revival data to the other player.<page><box>Good: The other player must then press the A Button to receive it.<page><box>Good: You press! They press! Now send it!<page><box>Good: Send your wish for Revival!!"
67	town_npcs_early	town_dialogue	Early-game town NPC states	153	199:$6AC1	Good: Hm...?<br>The connection failed!<page><box>
67	town_npcs_early	town_dialogue	Early-game town NPC states	154	199:$6ADE	Good: Hmm...?<page><br>Something appears to have gone wrong.<page><box>Good: I am sorry, but we must treat this rescue as though it never happened.<page>
67	town_npcs_early	town_dialogue	Early-game town NPC states	155	199:$6B33	Good: Please wait a moment!<page><box>Good: ...<page><box>Good: ......<page><box>Good: .........<page><box>Good: Whoa!!<page><box>Good: The Wanderer Rescue Federation will award you a rescue title and an item!<page><box>Good: Congratulations!<page><box>
67	town_npcs_early	town_dialogue	Early-game town NPC states	156	199:$6BBB	<name> received a title<br>for <cF8>j rescues<cF3> and<br><cF8>f!<delay:50><page><box>
67	town_npcs_early	town_dialogue	Early-game town NPC states	157	199:$6BDF	Good: I shall begin the procedure!<page><box>Good: ...<page><box>Good: ......<page><box>Good: .........<page><box>Good: Whoa!!<page><box>Good: The Wanderer Rescue Federation will award you a rescue title!<page><box>Good: Congratulations!<page><box>
67	town_npcs_early	town_dialogue	Early-game town NPC states	158	199:$6C69	<name> received a title<br>for <cF8>j rescues!<delay:50><page><box>
67	town_npcs_early	town_dialogue	Early-game town NPC states	159	199:$6C88	Good: If you have any questions about rescues, ask the Pigeon Handler!<page><box>Good: I look forward to your future success!<page>
67	town_npcs_early	town_dialogue	Early-game town NPC states	160	199:$6CDF	Good: Roger!<page><box>Good: Return here once you are ready!<page><box>Good: We shall be waiting!<page>
67	town_npcs_early	town_dialogue	Early-game town NPC states	161	199:$6D20	Good: Would you like to send an item to the person you rescued?
67	town_npcs_early	town_dialogue	Early-game town NPC states	162	199:$6D51	Good: Items inside Pots will be lost, so take care!<page><box>Good: Since you are not using a Cable, you can only send one item.<page><box>Good: Let us choose!<page><box>
67	town_npcs_early	town_dialogue	Early-game town NPC states	163	199:$6DC4	Good: Roger!<page><box>Good: I shall proceed without sending anything.<page><box>
67	town_npcs_early	town_dialogue	Early-game town NPC states	164	199:$6DF7	Good: Hm...?<page><box>Good: Your inventory is full, so I cannot give you the commemorative item!<page><box>Good: Give something to the rescued player,<page><box>Good: or visit the warehouse and make room!<page><box>
67	town_npcs_early	town_dialogue	Early-game town NPC states	165	199:$6E6E	Good: ...!<page><box>Good: You do not appear to have anything you can send!<page><box>
67	town_npcs_early	town_dialogue	Early-game town NPC states	166	199:$6E9A	Good: Gwah!<page><br>Did you notice?!<br>There is a monster here!!<page><box>Good: I can only send items!<page><box>Good: Let us choose again!<page><box>
67	town_npcs_early	town_dialogue	Early-game town NPC states	167	199:$6EF8	Good: Please wait a moment!<page><box>Good: ...<page><box>Good: ......<page><box>Good: .........<page><box>Good: Whoa!!<page><box>
67	town_npcs_early	town_dialogue	Early-game town NPC states	168	199:$6F39	Good: The Wanderer Rescue<br>Federation awards you an item<br>and a Revival Password!<page><box>
67	town_npcs_early	town_dialogue	Early-game town NPC states	169	199:$6F6E	<name> received<br><cF8>1<br>and <cF8>f!<delay:50><page><box>
67	town_npcs_early	town_dialogue	Early-game town NPC states	170	199:$6F85	Good: The Wanderer Rescue<br>Federation awards you an item<br>and a Revival Password!<page><box>
67	town_npcs_early	town_dialogue	Early-game town NPC states	171	199:$6FBA	<name> received<br><cF8>1!<delay:50><page><box>
67	town_npcs_early	town_dialogue	Early-game town NPC states	172	199:$6FCD	Good: The rescued player needs the Revival Password to revive.<page><box>Good: Be sure to tell them what it is!<page><box>Good: They may send you a Thank-You Password in<br>return!<page><box>Good: If you receive one, speak to the Pigeon Handler!<page><box>Good: An even more wonderful reward may await you!<page><box>Good: I look forward to your future success!<page>
67	town_npcs_early	town_dialogue	Early-game town NPC states	173	199:$70BB	Good: Roger!<page><box>Good: Return here once you are ready!<page><box>Good: We shall be waiting!<page>
67	town_npcs_early	town_dialogue	Early-game town NPC states	174	199:$70FC	Kume: Oh? Did something happen?<page><box>Kume: Keep your chin up!<page><box>Kume: Would you like to use the warehouse?
67	town_npcs_early	town_dialogue	Early-game town NPC states	175	199:$7132	Kume: A lot of customers have been coming to retrieve their stored items lately...<page><box>Kume: It is terrible for business.<page><box>Kume: Would you like to use the warehouse?
67	town_npcs_early	town_dialogue	Early-game town NPC states	176	199:$7180	Kume: Are you sure you should not flee?<page><box>Kume: It sounds like things are about to get rough.<page><box>Kume: Oh, that is right. Would you like to use the warehouse?
67	town_npcs_early	town_dialogue	Early-game town NPC states	177	199:$71D4	Kume: We have lived in this town all our lives.<page><box>Kume: We cannot simply pack up and run away!<page><box>Kume: Now make sure you are fully prepared before you go!
67	town_npcs_early	town_dialogue	Early-game town NPC states	178	199:$722F	Kume: Sorry, dear.<page><box>Kume: We are cleaning inside the warehouse right now.<page><box>Kume: We should finish before long, so come back later.<page>
67	town_npcs_early	town_dialogue	Early-game town NPC states	179	199:$7270	Kume: Would you like to use the warehouse?
67	town_npcs_early	town_dialogue	Early-game town NPC states	180	199:$7281	Kume: Oh, are you leaving?<page><box>Kume: Come back again.<page>
67	town_npcs_early	town_dialogue	Early-game town NPC states	181	199:$729F	Kume: Is there anything else?
67	town_npcs_early	town_dialogue	Early-game town NPC states	182	199:$72B0	Kume: All right. This one?<page><box>Kume: Take good care of it.<page>
67	town_npcs_early	town_dialogue	Early-game town NPC states	183	199:$72CF	Kume: All right.<page><box>Kume: I will keep it safe for you.<page>
67	town_npcs_early	town_dialogue	Early-game town NPC states	184	199:$72EA	Kume: Oh, my...<page><box>Kume: Your inventory is too full to take everything.<page><box>
67	town_npcs_early	town_dialogue	Early-game town NPC states	185	199:$7319	Kume: It seems I am not storing anything for you.<page><box>
67	town_npcs_early	town_dialogue	Early-game town NPC states	186	199:$7337	Kume: Oh...<page><box>Kume: You do not appear to have anything I can store.<page><box>
67	town_npcs_early	town_dialogue	Early-game town NPC states	187	199:$7364	Kume: I am sorry...<page><box>Kume: The warehouse is too full to hold everything.<page><box>
67	town_npcs_early	town_dialogue	Early-game town NPC states	188	199:$7392	Cursed items cannot be removed!<page><box>Kume: Which item would you like me to store?
67	town_npcs_early	town_dialogue	Early-game town NPC states	189	199:$73BF	Kume: Oh...<page><box>Kume: Your inventory is too full to take everything.<page><box>Kume: Which item will you take?
67	town_npcs_early	town_dialogue	Early-game town NPC states	190	199:$73FD	Kume: I am sorry...<page><box>Kume: The warehouse is too full to hold everything.<page><box>Kume: Which item would you like me to store?
67	town_npcs_early	town_dialogue	Early-game town NPC states	191	199:$7444	Kume: The contents of the Pot will disappear. Is that all right?
67	town_npcs_early	town_dialogue	Early-game town NPC states	192	199:$7466	Kume: Oh...<page><box>Kume: You do not appear to have anything I can discard.<page><box>
67	town_npcs_early	town_dialogue	Early-game town NPC states	193	199:$7491	Kume: I will discard everything you are carrying. Is that all right?<page>
67	town_npcs_early	town_dialogue	Early-game town NPC states	194	199:$74B4	Kume: All right.<page><box>Kume: We will take responsibility and put it out by Tuesday.<page><box>
67	town_npcs_early	town_dialogue	Early-game town NPC states	195	199:$74E3	Kame: Oh, my, my.<page><box>Kame: What is wrong? Something troubling you?<page><box>Kame: Then stay and listen to my warehouse explanation.
67	town_npcs_early	town_dialogue	Early-game town NPC states	196	199:$751D	Kame: Oh, so busy, busy!<page><box>Kame: Hm?<page><box>Kame: Why, Auntie is simply irresistible!<page><box>Kame: You came to hear Auntie's ex<D2>pla<D2>na<D2>tion, did you not?
67	town_npcs_early	town_dialogue	Early-game town NPC states	197	199:$756B	Kame: I said we should close the shop on a day like this.<page><box>Kame: But Kume is so<br>diligent.<page><box>Kame: So Auntie is here working too.<page><box>Kame: You will stay for the warehouse explanation, right?
67	town_npcs_early	town_dialogue	Early-game town NPC states	198	199:$75D9	Kame: I am more than ready!<page><box>Kame: I will put my heart into this warehouse explanation!<page><box>Kame: So listen up!!<page><box>
67	town_npcs_early	town_dialogue	Early-game town NPC states	199	199:$7619	Kame: Auntie said we did not need to clean.<page><box>Kame: But Kume claimed the dust would make her cough or something.<page><box>Kame: Cleaning was always...<page><box>Kame: Hm? Oh, right.<page><box>Kame: The point is, come back later!<page><box>Kame: Sorry, dear.<page>
67	town_npcs_early	town_dialogue	Early-game town NPC states	200	199:$76A8	Kame: When it comes to the warehouse, leave it to<br>Auntie.<page><box>Kame: Well? Would you like an explanation?
67	town_npcs_early	town_dialogue	Early-game town NPC states	201	199:$76DB	Kame: Well, I never!<page><box>Kame: Trying to act tough, are we?<page><box>Kame: Very well. Auntie will be waiting.<page><box>
67	town_npcs_early	town_dialogue	Early-game town NPC states	202	199:$770A	Kame: Tee-hee...<br>You are simply bursting with curiosity!<page><box>Kame: Which explanation would you like to hear?
67	town_npcs_early	town_dialogue	Early-game town NPC states	203	199:$7735	Kame: Auntie will give you the full rundown.<page><box>Kame: It will be jam-packed!<page><box>Kame: Our shop has two kinds of warehouse.<page><box>Kame: The Receptionist Kume to my left manages one of them.<page><box>Kame: The other is the wooden-floored room on your right.<page><box>Kame: Both are warehouses.<page><box>Kame: In the room on the right, simply place an item to store it.<page><box>Kame: Convenient, is it not?<page><box>Kame: And easy too!<page><box>
67	town_npcs_early	town_dialogue	Early-game town NPC states	204	199:$7817	Kame: Auntie will give you the full rundown.<page><box>Kame: A nice, juicy one!<page><box>Kame: When storing a Pot, it is best to leave nothing inside it.<page><box>Kame: Why, you ask?<page><box>Kame: Well, dear!<page><box>Kame: The items inside the Pot will disappear!<page><box>Kame: I do not know why.<page><box>Kame: If it is important enough to put in a Pot...<page><box>Kame: perhaps you should carry it properly.<page><box>Kame: Maybe a Pot gets cross when you leave it behind and makes its contents vanish.<page><box>Kame: Oh, yes! Speaking of things disappearing, I just remembered!<page><box>Kame: Every so often, a strange Wanderer appears.<page><box>Kame: They try to gain levels inside the warehouse.<page><box>Kame: That is pointless. Pointless!<page><box>Kame: Utterly pointless!<page><box>Kame: Your original level returns as soon as you leave the shop.<page><box>Kame: Hm? Why, you ask?<page><box>Kame: Well, dear!<page><box>Kame: The world would never allow such cheating, would<br>it?<page><box>Kame: Auntie will not let anyone take the easy way<br>out.<page><box>Kame: Just think of it as a pleasant dream and get on with your life.<page><box>
67	town_npcs_early	town_dialogue	Early-game town NPC states	205	199:$7A10	Kame: Auntie will give you the full rundown.<page><box>Kame: Soft and chewy!<page><box>Kame: Do not throw items outside the wooden-floored warehouse room.<page><box>Kame: Items thrown elsewhere become unusable.<page><box>Kame: Hm? Why, you ask?<page><box>Kame: Well, dear!<page><box>Kame: Auntie's power does not reach anywhere else.<page><box>Kame: Do not expect me to take responsibility that far away!<page><box>Kame: You would hate for an important item to become useless, would you not?<page><box>Kame: Then do not go throwing items around carelessly.<page><box>Kame: Auntie can only protect the wooden-floored room on the right.<page><box>Kame: If you simply must throw items, go inside and throw as many as you like.<page><box>Kame: But if an item flies out of the warehouse, do not blame Auntie!<page><box>
67	town_npcs_early	town_dialogue	Early-game town NPC states	206	199:$7BB1	Kame: Oh, I see...<page><box>Kame: Very well.<page><box>Kame: Auntie will protect everything at full power.<page><box>Kame: You should make generous use of the warehouse. It pays off!<page>
68	town_npcs_mid	town_dialogue	Mid-story town NPC states	1	203:$4120	Amokachi: Anyway, the food here really is delicious!!<page>
68	town_npcs_mid	town_dialogue	Mid-story town NPC states	2	203:$4141	Amokachi: Hmm... Things are getting serious again.<page><box>Amokachi: But the food here really is delicious!!<page>
68	town_npcs_mid	town_dialogue	Mid-story town NPC states	3	203:$4183	Amokachi: The food here really is delicious!!<page>
68	town_npcs_mid	town_dialogue	Mid-story town NPC states	4	203:$41A0	Amokachi: You can also modify a trap by pressing A while holding Select. Handy, huh?<page>
68	town_npcs_mid	town_dialogue	Mid-story town NPC states	5	203:$41D6	Amokachi: I am preparing for the town festival.<page>
68	town_npcs_mid	town_dialogue	Mid-story town NPC states	6	203:$41F5	Amokachi: I will hold out as long as I can!<page>
68	town_npcs_mid	town_dialogue	Mid-story town NPC states	7	203:$420D	Amokachi: I am counting on you, <name>!<page>
68	town_npcs_mid	town_dialogue	Mid-story town NPC states	8	203:$4222	Amokachi: I guess worrying will not help.<page><box>Amokachi: For now, it is time to eat.<page>
68	town_npcs_mid	town_dialogue	Mid-story town NPC states	9	203:$4250	Amokachi: I do not want to go anywhere that dangerous...<page>
68	town_npcs_mid	town_dialogue	Mid-story town NPC states	10	203:$4271	Amokachi: The food here is as delicious as ever!<page>
68	town_npcs_mid	town_dialogue	Mid-story town NPC states	11	203:$428F	Amokachi: The food here is incredibly delicious!<page>
68	town_npcs_mid	town_dialogue	Mid-story town NPC states	12	203:$42AA	Obaba: To think you reached the very end of the Abyssal Depths!<page><box>Obaba: Your name will forever be passed down in this desert town!<page><box>Obaba: The miasma in the air has also vanished.<page><box>Obaba: No further calamity should befall us.<page><box>Obaba: However...<page><box>Obaba: This is not a calamity, but...<page><box>Obaba: I still sense something from the fallen Magic<br>Castle.<page><box>Obaba: The Castle Keep and the Castle Tower...<page><box>Obaba: A different miasma flows through those places.<page><box>Obaba: The cycle by which all things change...<page><box>Obaba: It seems different in those places alone...<page>
68	town_npcs_mid	town_dialogue	Mid-story town NPC states	13	203:$43EB	Obaba: The Abyssal Depths lie beyond the desert outside the town entrance.<page><box>Obaba: I fear this will be your most grueling journey yet...<page><box>Obaba: But please, save the Princess...<page>
68	town_npcs_mid	town_dialogue	Mid-story town NPC states	14	203:$4455	Obaba: The Abyssal Depths lie beyond the desert outside the town entrance.<page><box>Obaba: You can take neither items nor companions.<page><box>Obaba: This will be your most grueling journey yet.<page>
68	town_npcs_mid	town_dialogue	Mid-story town NPC states	15	203:$44D1	Obaba: Have you found the Ultimate Soil since then?<page><box>Obaba: What...?<page><box>Obaba: Not yet...?<page><box>Obaba: Ka-ka-ka-ka!!<page><box>Obaba: Forgive me.<page><box>Obaba: It seems to be a rather unusual dungeon.<page><box>Obaba: Take your time and keep trying.<page><box>Obaba: Yet...<page><box>Obaba: The flow of miasma still feels strange...<page>
68	town_npcs_mid	town_dialogue	Mid-story town NPC states	16	203:$4580	Obaba: Hmm...<br>The flow of miasma feels somehow strange...<page>
68	town_npcs_mid	town_dialogue	Mid-story town NPC states	17	203:$45A7	Obaba: What are you saying?<page><box>Obaba: I merely held it back.<page><box>Obaba: Everything was thanks to <name>.<page>
68	town_npcs_mid	town_dialogue	Mid-story town NPC states	18	203:$45EF	Obaba: Something appears to be happening in the dunes...<page>
68	town_npcs_mid	town_dialogue	Mid-story town NPC states	19	203:$4612	Obaba: Leave the Lord to me.<page><box>Obaba: You must hurry after Curas at once!<page>
68	town_npcs_mid	town_dialogue	Mid-story town NPC states	20	203:$4654	Obaba: Light of heaven and earth...<page><box>Obaba: Drive away the dark and wicked miasma...<page>
68	town_npcs_mid	town_dialogue	Mid-story town NPC states	21	203:$4683	Obaba: Hmm... This is bad.<page><box>Obaba: No matter how I consider it, this is very<br>bad...<page>
68	town_npcs_mid	town_dialogue	Mid-story town NPC states	22	203:$46A9	Obaba: The full moon will soon be upon us...<page>
68	town_npcs_mid	town_dialogue	Mid-story town NPC states	23	203:$46C8	Obaba: Oh, even a young child like you is worried...<page><box>Obaba: It will be all right. Do not worry.<page><box>Obaba: Hope will surely come.<page>
68	town_npcs_mid	town_dialogue	Mid-story town NPC states	24	203:$4722	Obaba: Events are always unfolding where none can<br>see.<page><box>Obaba: By the time their movement is plain to everyone, it is already too late.<page>
68	town_npcs_mid	town_dialogue	Mid-story town NPC states	25	203:$4771	Obaba: Something...<page><box>Obaba: Something is about to happen...<page>
68	town_npcs_mid	town_dialogue	Mid-story town NPC states	26	203:$4798	Obaba: The air is stagnant...<page><box>Obaba: Times like this make me fear something bad will happen...<page>
68	town_npcs_mid	town_dialogue	Mid-story town NPC states	27	203:$47E2	Bibingida: ...<page>
68	town_npcs_mid	town_dialogue	Mid-story town NPC states	28	203:$47EE	Bibingida: I am so glad the Princess is safe!!<page>
68	town_npcs_mid	town_dialogue	Mid-story town NPC states	29	203:$480A	Bibingida: The Princess was abducted?!!<page>
68	town_npcs_mid	town_dialogue	Mid-story town NPC states	30	203:$4826	Bibingida: What in the world happened...?<page>
68	town_npcs_mid	town_dialogue	Mid-story town NPC states	31	203:$4841	Bibingida: The hanging scroll in Nuwanko's house...<page><box>Bibingida: concealed a dungeon?<page><box>Bibingida: What a surprise!!<page>
68	town_npcs_mid	town_dialogue	Mid-story town NPC states	32	203:$4883	Bibingida: Thanks to you, <name>, everyone can live happily again.<page><box>Bibingida: Thank you so much!<page>
68	town_npcs_mid	town_dialogue	Mid-story town NPC states	33	203:$48BE	Bibingida: Thanks to you, <name>, everyone can live happily again.<page><box>Bibingida: Thank you so much!<page>
68	town_npcs_mid	town_dialogue	Mid-story town NPC states	34	203:$48F9	Bibingida: This is no time to expand the shop!<page><box>Bibingida: I will fight too!!<page><box>Bibingida: This Scroll may prove useful!<page><box>Bibingida: Would you like me to read it?<page><box>
68	town_npcs_mid	town_dialogue	Mid-story town NPC states	35	203:$4950	Bibingida: Do your best!!<page><box>Bibingida: This Scroll may prove useful!<page><box>Bibingida: Would you like me to read it?<page><box>
68	town_npcs_mid	town_dialogue	Mid-story town NPC states	36	203:$498E	"Bibingida: ""The secret to conquering dungeons...<page><box>Bibingida: is to read the Hints!""<page><box>Bibingida: ""Press B to open the menu and view Hints!""<page><box>Bibingida: ""Read the Hints and become a first-rate Wanderer!""<page><box>Bibingida: Well? Did you learn anything useful?<page>"
68	town_npcs_mid	town_dialogue	Mid-story town NPC states	37	203:$4A36	Bibingida: I see.<br>You can read it anytime you feel like it.<page><box>Bibingida: Anyway, do your best!<page>
68	town_npcs_mid	town_dialogue	Mid-story town NPC states	38	203:$4A66	Bibingida: It is already evening. Perhaps it is time to close the shop...<page>
68	town_npcs_mid	town_dialogue	Mid-story town NPC states	39	203:$4A8C	Bibingida: Everyone is making such a fuss. Did something happen?<page><box>Bibingida: By the way, someone gave me this<br>Scroll...<page><box>Bibingida: Would you like me to read it?<page><box>
68	town_npcs_mid	town_dialogue	Mid-story town NPC states	40	203:$4ADC	Bibingida: It certainly is noisy.<page><box>Bibingida: By the way, someone gave me this<br>Scroll...<page><box>Bibingida: Would you like me to read it?<page><box>
68	town_npcs_mid	town_dialogue	Mid-story town NPC states	41	203:$4B20	Bibingida: Someone gave me this Scroll...<page><box>Bibingida: Would you like me to read it?<page><box>
68	town_npcs_mid	town_dialogue	Mid-story town NPC states	42	203:$4B48	"Bibingida: ""The secret to conquering dungeons...<page><box>Bibingida: is to read the Hints!""<page><box>Bibingida: ""Press B to open the menu and view Hints!""<page><box>Bibingida: ""Read the Hints and become a first-rate Wanderer!""<page><box>Bibingida: What in the world is this?<page>"
68	town_npcs_mid	town_dialogue	Mid-story town NPC states	43	203:$4BEC	Bibingida: What could it be...? This Scroll has me curious...<page>
68	town_npcs_mid	town_dialogue	Mid-story town NPC states	44	203:$4C0F	Bibingida: Business is booming again today.<page><box>Bibingida: Come on, handsome. Buy something from me.<page>
68	town_npcs_mid	town_dialogue	Mid-story town NPC states	45	203:$4C51	Bubuyaro: I knew you could do it, big bro!<page>
68	town_npcs_mid	town_dialogue	Mid-story town NPC states	46	203:$4C71	Bubuyaro: Levels gained in the training grounds will not count in the Abyssal Depths.<page><box>Bubuyaro: But I know you can rescue the Princess, big<br>bro!!<page>
68	town_npcs_mid	town_dialogue	Mid-story town NPC states	47	203:$4CCA	Bubuyaro: It is noisy near the town entrance...<page><box>Bubuyaro: Did something happen?<page>
68	town_npcs_mid	town_dialogue	Mid-story town NPC states	48	203:$4CF3	Bubuyaro: Even if you gain levels in the training grounds...<page><box>Bubuyaro: More dungeons seem to reset your level now.<page>
68	town_npcs_mid	town_dialogue	Mid-story town NPC states	49	203:$4D39	Bubuyaro: The trap arts sound difficult.<page><box>Bubuyaro: I hear your level resets when you enter, even after training...<page>
68	town_npcs_mid	town_dialogue	Mid-story town NPC states	50	203:$4D89	Bubuyaro: It sounds like the town is holding a festival.<page><box>Bubuyaro: I heard the adults discussing it.<page>
68	town_npcs_mid	town_dialogue	Mid-story town NPC states	51	203:$4DC5	Bubuyaro: Do your best, big bro!<page><box>Bubuyaro: You should train before going to Jahannam's Gate!<page>
68	town_npcs_mid	town_dialogue	Mid-story town NPC states	52	203:$4E05	Bubuyaro: I heard there is something to discuss at Tonfan's place.<page>
68	town_npcs_mid	town_dialogue	Mid-story town NPC states	53	203:$4E25	Bubuyaro: Sis, I am hungry.<page>
68	town_npcs_mid	town_dialogue	Mid-story town NPC states	54	203:$4E3D	Bubuyaro: Things are starting to get dangerous.<page><box>Bubuyaro: Times like these call for training!<page><box>Bubuyaro: Train hard and level up!!<page>
68	town_npcs_mid	town_dialogue	Mid-story town NPC states	55	203:$4E84	Bubuyaro: These are the training grounds.<page><box>Bubuyaro: Train here to raise your level, then enter a dungeon at that same level.<page><box>Bubuyaro: It is a good idea to train here before entering a dungeon.<page>
68	town_npcs_mid	town_dialogue	Mid-story town NPC states	56	203:$4EF0	Bubuyaro: It is almost as though the Magic Castle itself is alive...<page>
68	town_npcs_mid	town_dialogue	Mid-story town NPC states	57	203:$4F12	Bubuyaro: These are the training grounds.<page><box>Bubuyaro: Train here to raise your level, then enter a dungeon at that same level.<page><box>Bubuyaro: It is a good idea to train here before entering a dungeon.<page>
68	town_npcs_mid	town_dialogue	Mid-story town NPC states	58	203:$4F7E	Goto: Listen. Keep this between us...<page><box>Goto: The truth is...<page><box>Goto: I found a strange scrap of paper earlier.<page><box>Goto: It says something about a lottery...<page><box>Goto: Does that mean anything to you?<page><box>
68	town_npcs_mid	town_dialogue	Mid-story town NPC states	59	203:$4FEA	Goto: This is it...<page><box>
68	town_npcs_mid	town_dialogue	Mid-story town NPC states	60	203:$4FFB	Goto: Well? Did you figure anything out?<page>
68	town_npcs_mid	town_dialogue	Mid-story town NPC states	61	203:$5013	Goto: Speak to me anytime you want another look.<page>
68	town_npcs_mid	town_dialogue	Mid-story town NPC states	62	203:$5032	Goto: We will hold them back somehow!<page><box>Goto: Hurry to Jahannam's Gate, <name>!!<page>
68	town_npcs_mid	town_dialogue	Mid-story town NPC states	63	203:$506C	Goto: We will do our best<br>too!<page>
68	town_npcs_mid	town_dialogue	Mid-story town NPC states	64	203:$507E	Goto: We are counting on<br>you!!<page>
68	town_npcs_mid	town_dialogue	Mid-story town NPC states	65	203:$508D	Goto: There is nothing we can do right now.<page>
68	town_npcs_mid	town_dialogue	Mid-story town NPC states	66	203:$50AF	Goto: Things will turn out badly at this rate...<page>
68	town_npcs_mid	town_dialogue	Mid-story town NPC states	67	203:$50C6	Goto: Everyone in this town loves gossip.<page><box>Goto: Though I suppose I do too.<page>
68	town_npcs_mid	town_dialogue	Mid-story town NPC states	68	203:$50FD	Goto: I hear a man named Zagan recently became the Lord's chief retainer...<page>
68	town_npcs_mid	town_dialogue	Mid-story town NPC states	69	203:$5131	Hachi the Wanderer: I am going through the Gate.<page><box>Hachi the Wanderer: I want to rescue my friend!<page><box>Hachi the Wanderer: This time... I will do it!<page>
68	town_npcs_mid	town_dialogue	Mid-story town NPC states	70	203:$517A	Hachi the Wanderer: Another SOS Password arrived...<page><box>Hachi the Wanderer: But I am hesitating.<page><box>Hachi the Wanderer: Do I truly deserve to rescue anyone after what I did...?<page>
68	town_npcs_mid	town_dialogue	Mid-story town NPC states	71	203:$51CE	Hachi the Wanderer: My friend was caught in an explosion right before my eyes...<page><box>Hachi the Wanderer: Ugh...<page><box>Hachi the Wanderer: And then... And then...<page>
68	town_npcs_mid	town_dialogue	Mid-story town NPC states	72	203:$5209	Hachi the Wanderer: I...<page><box>Hachi the Wanderer: I...<page><box>Hachi the Wanderer: did something that can never be undone...<page>
68	town_npcs_mid	town_dialogue	Mid-story town NPC states	73	203:$5234	Hachi the Wanderer: I received another SOS Password.<page><box>Hachi the Wanderer: I am off to rescue them! I cannot wait to put my skills to work!<page>
68	town_npcs_mid	town_dialogue	Mid-story town NPC states	74	203:$5279	Hachi the Wanderer: Good thanked me earlier!<page><box>Hachi the Wanderer: He said he expects great things from<br>me!<page><box>Hachi the Wanderer: I was so happy my legs started<br>shaking!<page>
68	town_npcs_mid	town_dialogue	Mid-story town NPC states	75	203:$52CE	Hachi the Wanderer: They say Good has scars all over his body.<page><box>Hachi the Wanderer: He must have risked himself to rescue others many times.<page><box>Hachi the Wanderer: I will rescue lots of people too and become a trusted Wanderer!<page>
68	town_npcs_mid	town_dialogue	Mid-story town NPC states	76	203:$534E	Hachi the Wanderer: Pigeons carrying SOS Passwords keep arriving without end.<page><box>Hachi the Wanderer: I intend to rescue as many people as I can.<page>
68	town_npcs_mid	town_dialogue	Mid-story town NPC states	77	203:$53A7	Hachi the Wanderer: When I first became a Wanderer, a rescue party saved me too...<page><box>Hachi the Wanderer: The one who rescued me was Good, right over there.<page><box>Hachi the Wanderer: I still remember that day clearly...<page>
68	town_npcs_mid	town_dialogue	Mid-story town NPC states	78	203:$5432	Hachi the Wanderer: Why do I spend all my time rescuing people?<page><box>Hachi the Wanderer: I-It is not because I expect a reward!<page>
68	town_npcs_mid	town_dialogue	Mid-story town NPC states	79	203:$5477	Hachi the Wanderer: My friend is calling for help!<page><box>Hachi the Wanderer: I must hurry!!<page>
68	town_npcs_mid	town_dialogue	Mid-story town NPC states	80	203:$54A4	Higechiyo: Ho ho. This is the Training Dungeon.<page><box>Higechiyo: But it is not open yet. My apologies.<page><box>Higechiyo: Ho ho.<page>
68	town_npcs_mid	town_dialogue	Mid-story town NPC states	81	203:$54EA	Higechiyo: Ho ho ho.<page><box>Higechiyo: This is the Training Dungeon.<page><box>Higechiyo: It returns you to Level 1 so you may retrain your body and spirit.<page><box>Higechiyo: You...<page><box>Higechiyo: You have fine<br>eyes.<page><box>Higechiyo: Master your own path.<page><box>Higechiyo: Now, what do you seek?
68	town_npcs_mid	town_dialogue	Mid-story town NPC states	82	203:$5569	Higechiyo: Ho ho ho.<page><box>Higechiyo: This is the Training Dungeon.<page><box>Higechiyo: It returns you to Level 1 so you may retrain your body and spirit.<page><box>Higechiyo: Even wounded and defeated, you still walk your own path...<page><box>Higechiyo: Very well...<page><box>Higechiyo: What do you seek?
68	town_npcs_mid	town_dialogue	Mid-story town NPC states	83	203:$55F7	Higechiyo: Ho ho ho.<page><box>Higechiyo: This is the Training Dungeon.<page><box>Higechiyo: It returns you to Level 1 so you may retrain your body and spirit.<page><box>Higechiyo: The light has not yet left your eyes.<page><box>Higechiyo: What do you seek?
68	town_npcs_mid	town_dialogue	Mid-story town NPC states	84	203:$566F	Higechiyo: Ho ho ho.<page><box>Higechiyo: This is the Training Dungeon.<page><box>Higechiyo: It returns you to Level 1 so you may retrain your body and spirit.<page><box>Higechiyo: What do you seek?
68	town_npcs_mid	town_dialogue	Mid-story town NPC states	85	203:$56C6	Higechiyo: Ho ho. I see.<br>Come again anytime.<page>
68	town_npcs_mid	town_dialogue	Mid-story town NPC states	86	203:$56EB	Higechiyo: Hmm...<page><box>Higechiyo: I am afraid...<page><box>Higechiyo: Training with items is forbidden.<page><box>Higechiyo: Store them in the warehouse, then return when you are ready.<page>
68	town_npcs_mid	town_dialogue	Mid-story town NPC states	87	203:$5762	"Higechiyo: Hoh?<page><box>Higechiyo: It seems you have never trained before...<page><box>Higechiyo: Let me see...<page><box>Higechiyo: I shall choose one for you.<page><box>Higechiyo: Hmm. How does this sound?<page><box>Higechiyo: ""<cF8>9<cF8>af"".<page><box>Higechiyo: What do you think?"
68	town_npcs_mid	town_dialogue	Mid-story town NPC states	88	203:$57D0	Higechiyo: Hoh!<page><box>Higechiyo: You refuse...<page><box>Higechiyo: Very well...<page>
68	town_npcs_mid	town_dialogue	Mid-story town NPC states	89	203:$57FC	Higechiyo: Set the difficulty of the dungeon where you wish to train.<page><box>
68	town_npcs_mid	town_dialogue	Mid-story town NPC states	90	203:$5828	Higechiyo: Ho ho.<page><box>Higechiyo: Next, choose the number of floors.<br><hspace:0F><hspace:0F><hspace:0F><hspace:0F><hspace:0F><hspace:0F><hspace:0F><hspace:0F>f
68	town_npcs_mid	town_dialogue	Mid-story town NPC states	91	203:$585B	Higechiyo: Hmm...<br>I am afraid that cannot be done.<page><box>
68	town_npcs_mid	town_dialogue	Mid-story town NPC states	92	203:$587A	"Higechiyo: Ho ho.<br>Are you certain about ""<cF8>9<cF8>af""?"
68	town_npcs_mid	town_dialogue	Mid-story town NPC states	93	203:$589F	Higechiyo: Ho ho ho...<br>Then let the training...<page><box>Higechiyo: Hm?<page><box>Higechiyo: Ho ho ho.<page><box>Higechiyo: I know you feel uneasy, but you must go alone from here.<page><box>Higechiyo: A companion may tempt you to rely upon them.<page><box>Higechiyo: It will be too late once you lose your life.<page><box>Higechiyo: Be strict with yourself.<page><box>Higechiyo: Be kind to others.<page><box>Higechiyo: Do you<br>understand?<page><box>Higechiyo: Then let the training begin.<page><box>Higechiyo: Do not push yourself too hard.<page><box>
68	town_npcs_mid	town_dialogue	Mid-story town NPC states	94	203:$597C	Higechiyo: Ho ho.<br>Then let the training begin.<page><box>Higechiyo: Do not push yourself too hard.
68	town_npcs_mid	town_dialogue	Mid-story town NPC states	95	203:$59B1	"Higechiyo: You wish to train in the same dungeon as before?<page><box>Higechiyo: Ho ho.<br>Are you certain about ""<cF8>9<cF8>af""?"
68	town_npcs_mid	town_dialogue	Mid-story town NPC states	96	203:$59F9	"Higechiyo: Hm...?<br>It seems you received dungeon data through communication.<page><box>Higechiyo: Ho ho.<br>Are you certain about ""<cF8>9<cF8>af""?"
68	town_npcs_mid	town_dialogue	Mid-story town NPC states	97	203:$5A4B	"Higechiyo: Ho ho. Now then...<page><box>Higechiyo: Shall I explain training?<page><box>Higechiyo: Leave a Mysterious Dungeon once, and everything inside changes completely.<page><box>Higechiyo: But the Training Dungeon is special.<page><box>Higechiyo: Unless you change its settings, you may play the same dungeon again.<page><box>Higechiyo: In other words, the dungeon layout is<br>remembered.<page><box>Higechiyo: You can even remember where each item was found. Ho ho.<page><box>Higechiyo: When choosing a dungeon, select ""Same as Before"".<page><box>Higechiyo: You will enter the previous dungeon again.<page><box>Higechiyo: However...<page><box>Higechiyo: If you change the settings instead, those will be remembered from then on.<page><box>Higechiyo: Take care.<page><box>"
68	town_npcs_mid	town_dialogue	Mid-story town NPC states	98	203:$5BF3	Ichipeba: What a relief.<page><box>Ichipeba: The truth is, I am in love with the Princess.<page><box>Ichipeba: Blush.<page>
68	town_npcs_mid	town_dialogue	Mid-story town NPC states	99	203:$5C20	Ichipeba: Princess!!<page>
68	town_npcs_mid	town_dialogue	Mid-story town NPC states	100	203:$5C30	Ichipeba: The Wanado Tournament is over, but you can still enter the dungeon.<page>
68	town_npcs_mid	town_dialogue	Mid-story town NPC states	101	203:$5C5B	Ichipeba: The Wanado Tournament is over, but you can still enter the dungeon.<page>
68	town_npcs_mid	town_dialogue	Mid-story town NPC states	102	203:$5C86	Ichipeba: The Trap Parts!<page>
68	town_npcs_mid	town_dialogue	Mid-story town NPC states	103	203:$5C96	Ichipeba: I am helping with the town festival.<page>
68	town_npcs_mid	town_dialogue	Mid-story town NPC states	104	203:$5CB1	Ichipeba: It is a full moon!<page>
68	town_npcs_mid	town_dialogue	Mid-story town NPC states	105	203:$5CBF	Ichipeba: Th-The Magic<br>Castle!<page>
68	town_npcs_mid	town_dialogue	Mid-story town NPC states	106	203:$5CCF	Ichipeba: I can see something like an aura around the Magic Castle.<page>
68	town_npcs_mid	town_dialogue	Mid-story town NPC states	107	203:$5CEF	Ichipeba: These are the<br>dunes.<page>
68	town_npcs_mid	town_dialogue	Mid-story town NPC states	108	203:$5D01	Ichipeba: All three of us cannot pass together!<page>
68	town_npcs_mid	town_dialogue	Mid-story town NPC states	109	203:$5D1B	Kiko: You rescued the Princess! Thank you!<page><box>Kiko: I love you!!<page>
68	town_npcs_mid	town_dialogue	Mid-story town NPC states	110	203:$5D40	Kiko: Please!<br>You have to rescue the Princess!!<page>
68	town_npcs_mid	town_dialogue	Mid-story town NPC states	111	203:$5D5B	Kiko: I played with the Princess yesterday.<page><box>Kiko: We played tag, and she read me a book...<page><box>Kiko: The Princess was so kind.<page>
68	town_npcs_mid	town_dialogue	Mid-story town NPC states	112	203:$5DB2	Kiko: Wow! What a beautiful flower!<page>
68	town_npcs_mid	town_dialogue	Mid-story town NPC states	113	203:$5DC5	Kiko: I am glad the Lord is feeling better.<page>
68	town_npcs_mid	town_dialogue	Mid-story town NPC states	114	203:$5DE3	Kiko: Do you think I could fight too?<page>
68	town_npcs_mid	town_dialogue	Mid-story town NPC states	115	203:$5DF7	Kiko: Ugh...<br>I would rather stay at Tonfan's place.<page>
68	town_npcs_mid	town_dialogue	Mid-story town NPC states	116	203:$5E1A	Kiko: Oh, no.<page><box>Kiko: Let us try a little harder on our own.<page>
68	town_npcs_mid	town_dialogue	Mid-story town NPC states	117	203:$5E41	Kiko: Obaba.<page><box>Kiko: What will happen to the Town of Ilpa?<page>
68	town_npcs_mid	town_dialogue	Mid-story town NPC states	118	203:$5E61	Kiko: No way.<page><box>Kiko: Even so, that cannot possibly be true.<page>
68	town_npcs_mid	town_dialogue	Mid-story town NPC states	119	203:$5E80	Kiko: No way.<page><box>Kiko: Even with mysterious powers, that cannot possibly be true.<page>
68	town_npcs_mid	town_dialogue	Mid-story town NPC states	120	203:$5EB0	Kiko: No way.<page><box>Kiko: Even with mysterious powers, that cannot possibly be true.<page>
68	town_npcs_mid	town_dialogue	Mid-story town NPC states	121	203:$5EE0	Komaru: Leave the exchange of dungeon data to me.<page><box>Komaru: Ask me anything!
68	town_npcs_mid	town_dialogue	Mid-story town NPC states	122	203:$5F0E	Komaru: You are stopping?<page><box>Komaru: Come back again.<page>
68	town_npcs_mid	town_dialogue	Mid-story town NPC states	123	203:$5F27	Komaru: Which method should I explain?
68	town_npcs_mid	town_dialogue	Mid-story town NPC states	124	203:$5F3A	Komaru: Okay! Now then...<page><box>Komaru: I will explain Passwords.<page><box>Komaru: Have you ever wanted to show a friend the dungeon where you are training?<page><box>Komaru: A Password is one way to do that.<page><box>Komaru: I turn the dungeon you are currently exploring into a Password for you.<page><box>Komaru: Simply write it down and give it to your friend.<page><box>Komaru: Your friend brings the note to me and enters the Password. That is all!<page><box>Komaru: Easy, right?<page><box>Komaru: Make up different rules and it could be fun to play with friends!<page><box>Komaru: But do not misunderstand.<page><box>Komaru: Only the inside of the dungeon will be<br>identical.<page><box>Komaru: You will not actually enter the dungeon together.<page><box>
68	town_npcs_mid	town_dialogue	Mid-story town NPC states	125	203:$60C5	Komaru: Okay!<page><box>Komaru: Now then...<page><box>Komaru: I will explain the Cable.<page><box>Komaru: Ever wished for an easy way to show a friend your training dungeon?<page><box>Komaru: That is exactly when the Cable comes in!<page><box>Komaru: Speak to me and follow the Cable procedure.<page><box>Komaru: In no time at all, your friend will receive the dungeon you are exploring.<page><box>Komaru: Then your friend can play an identical copy of that dungeon.<page><box>Komaru: Convenient, right?<page><box>Komaru: Make up different rules and it could be fun to play with friends!<page><box>Komaru: But do not misunderstand.<page><box>Komaru: Only the inside of the dungeon will be<br>identical.<page><box>Komaru: You will not actually enter the dungeon together.<page><box>
68	town_npcs_mid	town_dialogue	Mid-story town NPC states	126	203:$626B	Komaru: Do you want to send dungeon data?<page><box>Komaru: Or receive it?
68	town_npcs_mid	town_dialogue	Mid-story town NPC states	127	203:$6294	"Komaru: You want to send dungeon data?<page><box>Komaru: Is the Link Cable connected?<page><box>Komaru: Is the other player ready?<page><box>Komaru: To receive your data, the other player must visit me too.<page><box>Komaru: Have them speak to me, select ""Cable"", then choose ""Receive"".<page><box>Komaru: Once you send the data, have them press the A Button immediately.<page><box>Komaru: Now, shall we send it?"
68	town_npcs_mid	town_dialogue	Mid-story town NPC states	128	203:$6370	Komaru: Huh...?!<br>I cannot connect.<page><box>
68	town_npcs_mid	town_dialogue	Mid-story town NPC states	129	203:$638C	"Komaru: Okay!<page><box>Komaru: The dungeon data for ""<cF8>9<cF8>af"" reached the other player!<page><box>Komaru: Come see me again if you need anything.<page>"
68	town_npcs_mid	town_dialogue	Mid-story town NPC states	130	203:$63DF	"Komaru: You want to receive dungeon data?<page><box>Komaru: Is the Link Cable connected?<page><box>Komaru: Is the other player ready?<page><box>Komaru: To send you data, the other player must visit me too.<page><box>Komaru: Have them speak to me, select ""Cable"", then choose ""Send"".<page><box>Komaru: When they send the data, press the A Button.<page><box>Komaru: Now, let us receive it!"
68	town_npcs_mid	town_dialogue	Mid-story town NPC states	131	203:$64B3	Komaru: Huh...?!<br>I cannot connect.<page><box>
68	town_npcs_mid	town_dialogue	Mid-story town NPC states	132	203:$64CF	Komaru: It seems you cannot enter that dungeon yet.<page><box>Komaru: You need to advance the story a little further. Keep trying!<page>
68	town_npcs_mid	town_dialogue	Mid-story town NPC states	133	203:$6518	"Komaru: Here it comes!<page><box>Komaru: The dungeon data for ""<cF8>9<cF8>af"" has arrived!<page><box>Komaru: Select ""Same as Before"" when choosing a dungeon to play it!<page><box>Komaru: One more thing...<page><box>Komaru: If you select another dungeon, you will lose this one. Be careful!<page>"
68	town_npcs_mid	town_dialogue	Mid-story town NPC states	134	203:$65B5	Komaru: Enter a Password you received?<page><box>Komaru: Or view the Password for your own dungeon?
68	town_npcs_mid	town_dialogue	Mid-story town NPC states	135	203:$65EC	"Komaru: Huh?<page><box>Komaru: You have never trained before.<page><box>Komaru: But do not worry! I will choose one for you.<page><box>Komaru: Let me see...<page><box>Komaru: How about this?<page><box>Komaru: It says ""<cF8>9<cF8>af"".<page><box>Komaru: The Password is...<page><box>Komaru: ""<cF8>3"".<page><box>Komaru: Write it down.<page>"
68	town_npcs_mid	town_dialogue	Mid-story town NPC states	136	203:$6687	"Komaru: Oh...<br>You received dungeon data through communication.<page><box>Komaru: That dungeon is<br>""<cF8>9<cF8>af"".<page><box>Komaru: The Password is...<page><box>Komaru: ""<cF8>3"".<page><box>Komaru: Write it down.<page>"
68	town_npcs_mid	town_dialogue	Mid-story town NPC states	137	203:$66EF	"Komaru: Let me see...<br>The dungeon you last entered was ""<cF8>9<cF8>af"".<page><box>Komaru: The Password is...<page><box>Komaru: ""<cF8>3"".<page><box>Komaru: Write it down.<page>"
68	town_npcs_mid	town_dialogue	Mid-story town NPC states	138	203:$6739	Komaru: Okay. Now enter the Password.<page>
68	town_npcs_mid	town_dialogue	Mid-story town NPC states	139	203:$675B	"Komaru: Here it comes!<page><box>Komaru: The dungeon data for ""<cF8>9<cF8>af"" has arrived!<page><box>Komaru: Select ""Same as Before"" when choosing a dungeon to play it!<page><box>Komaru: One more thing...<page><box>Komaru: If you select another dungeon, you will lose this one. Be careful!<page>"
68	town_npcs_mid	town_dialogue	Mid-story town NPC states	140	203:$67F8	Komaru: That Password appears to be wrong. Try entering it again.<page><box>
68	town_npcs_mid	town_dialogue	Mid-story town NPC states	141	203:$6820	Komaru: It seems you cannot enter that dungeon yet.<page><box>Komaru: You need to advance the story a little further. Keep trying!<page>
68	town_npcs_mid	town_dialogue	Mid-story town NPC states	142	203:$6869	Koppa: We came all this way. Let us look around a little more.<page>
68	town_npcs_mid	town_dialogue	Mid-story town NPC states	143	203:$688B	Wanda: Are you looking for a woman named Oryu?<page><box>Wanda: I saw her heading toward the dunes.<page>
68	town_npcs_mid	town_dialogue	Mid-story town NPC states	144	203:$68C9	Now is not the time to<br>fight!<page><box>Oryu is waiting on the hill overlooking the Magic<br>Castle!<page>
69	town_npcs_late	town_dialogue	Late-story town NPC states	1	203:$69A4	Roku the Wanderer: I will rescue lots of people and become famous too!!<page>
69	town_npcs_late	town_dialogue	Late-story town NPC states	2	203:$69CA	Sabu the Wanderer: How many people have you rescued so far?<page>
69	town_npcs_late	town_dialogue	Late-story town NPC states	3	203:$69E9	Sachi: Good morning!<page><box>Sachi: You have not eaten breakfast yet, have you?<page><box>Sachi: Take your time.<page>
69	town_npcs_late	town_dialogue	Late-story town NPC states	4	203:$6A10	Sachi: <name>.<br>Please take care of Ateka...<page>
69	town_npcs_late	town_dialogue	Late-story town NPC states	5	203:$6A2B	Sachi: Are you all right, my Lord?<page>
69	town_npcs_late	town_dialogue	Late-story town NPC states	6	203:$6A44	Sachi: Master Gaibara could simply go fetch it himself.<page>
69	town_npcs_late	town_dialogue	Late-story town NPC states	7	203:$6A66	Sachi: Congratulations on winning!<page><box>Sachi: I knew you could do it, <name>!<page>
69	town_npcs_late	town_dialogue	Late-story town NPC states	8	203:$6A85	Sachi: Good morning!<page><box>Sachi: My father announced the Wanado Tournament, remember?<page><box>Sachi: He becomes a different person when he is<br>announcing...<page><box>Sachi: Anyway, do your best in the Wanado Tournament!<page>
69	town_npcs_late	town_dialogue	Late-story town NPC states	9	203:$6AF8	Sachi: I love having flowers decorating the shop.<br>La-la-la.<page>
69	town_npcs_late	town_dialogue	Late-story town NPC states	10	203:$6B19	Sachi: Pekeji does nothing but eat...<page><box>Sachi: Has he ever considered doing some work for a<br>change?<page>
69	town_npcs_late	town_dialogue	Late-story town NPC states	11	203:$6B58	Sachi: We will defend the Town of Ilpa!<page>
69	town_npcs_late	town_dialogue	Late-story town NPC states	12	203:$6B73	Sachi: We will defend the Town of Ilpa!<page>
69	town_npcs_late	town_dialogue	Late-story town NPC states	13	203:$6B8E	Sachi: The Lord looks like he is in terrible pain...<page>
69	town_npcs_late	town_dialogue	Late-story town NPC states	14	203:$6BA9	Sachi: It is already night, so we are closing the shop.<page><box>Sachi: Cleaning up is hard work too.<page>
69	town_npcs_late	town_dialogue	Late-story town NPC states	15	203:$6BCF	Sachi: He still has not recovered.<page><box>Sachi: I hope he will be all right...<page>
69	town_npcs_late	town_dialogue	Late-story town NPC states	16	203:$6BEF	Sachi: Poor thing...<page>
69	town_npcs_late	town_dialogue	Late-story town NPC states	17	203:$6BFE	Sachi: Do your best!<page>
69	town_npcs_late	town_dialogue	Late-story town NPC states	18	203:$6C0B	Sachi: What happened to Pekeji?<page>
69	town_npcs_late	town_dialogue	Late-story town NPC states	19	203:$6C1C	Sanpeba: What a relief.<page><box>Sanpeba: The truth is, I am in love with the Princess!<page><box>Sanpeba: B-B-B-Blush!!<page>
69	town_npcs_late	town_dialogue	Late-story town NPC states	20	203:$6C4E	Sanpeba: Priiiiiinceeeeeesssss!!!<page>
69	town_npcs_late	town_dialogue	Late-story town NPC states	21	203:$6C71	Sanpeba: I wonder what lies at the very bottom of this place?<page>
69	town_npcs_late	town_dialogue	Late-story town NPC states	22	203:$6C95	Sanpeba: I wonder what lies at the very bottom of this place?<page>
69	town_npcs_late	town_dialogue	Late-story town NPC states	23	203:$6CB9	Sanpeba: The Trap<br>Paaaaarts!!<page>
69	town_npcs_late	town_dialogue	Late-story town NPC states	24	203:$6CDB	Sanpeba: I am helping too.<page><box>Sanpeba: Though in the end, all I do is watch.<page>
69	town_npcs_late	town_dialogue	Late-story town NPC states	25	203:$6D04	Sanpeba: The full moon and the Magic Castle.<page><box>Sanpeba: Somehow, they are making me hungry.<page>
69	town_npcs_late	town_dialogue	Late-story town NPC states	26	203:$6D27	Sanpeba: The Magic Caaaaastle!!<page>
69	town_npcs_late	town_dialogue	Late-story town NPC states	27	203:$6D3A	Sanpeba: Looking at that somehow fires us up too.<page><box>Sanpeba: Raaah!<page>
69	town_npcs_late	town_dialogue	Late-story town NPC states	28	203:$6D65	Sanpeba: Standing solemnly in a row of three like this makes me feel focused.<page><box>
69	town_npcs_late	town_dialogue	Late-story town NPC states	29	203:$6D94	Sanpeba: And we are the three Peba brothers.<page>
69	town_npcs_late	town_dialogue	Late-story town NPC states	30	203:$6DB2	Sanpeba: I-It is cramped! Move over!<page><box>
69	town_npcs_late	town_dialogue	Late-story town NPC states	31	203:$6DCC	Sanpeba: And we are the three Peba brothers.<page>
69	town_npcs_late	town_dialogue	Late-story town NPC states	32	203:$6DEA	Sara: I am so glad the Princess is safe!<page><box>Sara: Thank you so much, <name>.<page>
69	town_npcs_late	town_dialogue	Late-story town NPC states	33	203:$6E19	Sara: The Princess must be deep underground among the monsters by now...<page><box>Sara: Oh, I am so worried.<page>
69	town_npcs_late	town_dialogue	Late-story town NPC states	34	203:$6E49	Sara: I must thank the Princess next time I see<br>her.<page>
69	town_npcs_late	town_dialogue	Late-story town NPC states	35	203:$6E67	Sara: What a cute little<br>puppy.<page><box>Sara: Have you decided to keep it at Tonfan's place?<page>
69	town_npcs_late	town_dialogue	Late-story town NPC states	36	203:$6E95	Sara: <name>!<br>Please help us!<page>
69	town_npcs_late	town_dialogue	Late-story town NPC states	37	203:$6EAA	Sara: A woman headed toward the dunes a moment ago.<page>
69	town_npcs_late	town_dialogue	Late-story town NPC states	38	203:$6ECE	Sara: Hey!<br>Do not say that in front of Mother.<page><box>Sara: Though it is true...<page>
69	town_npcs_late	town_dialogue	Late-story town NPC states	39	203:$6F09	Sara: I have heard nasty rumors about the Princess lately...<page><box>Sara: But I cannot imagine her doing such things.<page>
69	town_npcs_late	town_dialogue	Late-story town NPC states	40	203:$6F4F	Sara: Since it became the Magic Castle, even we desert folk have not been inside.<page><box>Sara: They say all sorts of things, such as that anyone who enters can never leave.<page>
69	town_npcs_late	town_dialogue	Late-story town NPC states	41	203:$6FB8	Sara: The food here truly is delicious.<page>
69	town_npcs_late	town_dialogue	Late-story town NPC states	42	203:$6FD5	Sara: This town has a restaurant called Tonfan.<page><box>Sara: The food there is delicious. You really must stop by.<page>
69	town_npcs_late	town_dialogue	Late-story town NPC states	43	203:$7024	You cannot bring items into this dungeon.<page><box>Store or discard your items before challenging it.<page>
69	town_npcs_late	town_dialogue	Late-story town NPC states	44	203:$706B	Shiro the Wanderer: The person I rescued sent me a Thank-You Password.<page><box>Shiro the Wanderer: Tch! What a pain.<page><box>Shiro the Wanderer: Such a pain...<page><box>Shiro the Wanderer: Heh...<page>
69	town_npcs_late	town_dialogue	Late-story town NPC states	45	203:$70C0	Shiro the Wanderer: That fellow Hachi has completely fallen apart.<page><box>Shiro the Wanderer: Rescuing people is not easy, you know.<page>
69	town_npcs_late	town_dialogue	Late-story town NPC states	46	203:$7108	Shiro the Wanderer: I hear Hachi's friend was caught in an explosion.<page><box>Shiro the Wanderer: It was not deliberate, but he still seems torn up about it.<page>
69	town_npcs_late	town_dialogue	Late-story town NPC states	47	203:$716B	Shiro the Wanderer: I guess being thanked by someone is not so bad...<page><box>Shiro the Wanderer: Oh...<page><box>Shiro the Wanderer: I-Idiot! I was only joking!<page>
69	town_npcs_late	town_dialogue	Late-story town NPC states	48	203:$71D2	Shiro the Wanderer: Oww... That blasted Minotaur...<page><box>Shiro the Wanderer: Oh? It is you.<page><box>Shiro the Wanderer: Wh-What?! I was not rescuing anyone!<page><box>Shiro the Wanderer: I only wanted the reward!<page>
69	town_npcs_late	town_dialogue	Late-story town NPC states	49	203:$724C	Shiro the Wanderer: The man at that counter told me to keep doing my best.<page><box>Shiro the Wanderer: But I hate pain and scary things...<page>
69	town_npcs_late	town_dialogue	Late-story town NPC states	50	203:$729F	Shiro the Wanderer: Say...<br>Do you know an easy way to rescue people?<page><box>Shiro the Wanderer: Pushing yourself is exhausting,<br>right?<page><box>Shiro the Wanderer: And I hate getting hurt.<page><box>Shiro the Wanderer: Ah, I want some Meat.<page>
69	town_npcs_late	town_dialogue	Late-story town NPC states	51	203:$7318	Shiro the Wanderer: The man at that counter is always so intense.<page><box>Shiro the Wanderer: Why is he constantly worked up?<page>
69	town_npcs_late	town_dialogue	Late-story town NPC states	52	203:$735A	Shiro the Wanderer: I try to rescue all sorts of people...<page><box>Shiro the Wanderer: But it never works out.<page><box>Shiro the Wanderer: What am I doing wrong...?<page><box>Shiro the Wanderer: Maybe bare hands are not enough...<page>
69	town_npcs_late	town_dialogue	Late-story town NPC states	53	203:$73C5	Shiro the Wanderer: How many people have you rescued?!<page><box>Shiro the Wanderer: I have not rescued anyone yet.<page><box>Shiro the Wanderer: That Hachi fellow over there seems to have rescued quite a few.<page>
69	town_npcs_late	town_dialogue	Late-story town NPC states	54	203:$7422	Shiro the Wanderer: I hear you receive a reward for a successful rescue.<page><box>Shiro the Wanderer: That is why I decided to try it myself.<page>
69	town_npcs_late	town_dialogue	Late-story town NPC states	55	203:$7472	Shizu: I love you!!<page>
69	town_npcs_late	town_dialogue	Late-story town NPC states	56	203:$7481	Shizu: I am begging you too. Please save the Princess!<page>
69	town_npcs_late	town_dialogue	Late-story town NPC states	57	203:$74A1	Shizu: The Princess is a good person.<page>
69	town_npcs_late	town_dialogue	Late-story town NPC states	58	203:$74B5	Shizu: This place may require a truly devious person to conquer it...<page><box>Shizu: What? Me?<page><box>Shizu: You say it suits me perfectly because I am devious?<page><box>Shizu: How rude! I could never do it.<page>
69	town_npcs_late	town_dialogue	Late-story town NPC states	59	203:$752A	Shizu: The Princess was not a bad person after all.<page><box>Shizu: I suspected as much.<page>
69	town_npcs_late	town_dialogue	Late-story town NPC states	60	203:$7564	Shizu: They told us to gather here. What is going on?<page>
69	town_npcs_late	town_dialogue	Late-story town NPC states	61	203:$7584	Shizu: I cooked for the first time in ages, and now my shoulders are stiff.<page><box>Shizu: Well? Would you like to try some too?<page>
69	town_npcs_late	town_dialogue	Late-story town NPC states	62	203:$75C4	Shizu: All these troublesome matters...<page><box>Shizu: Could Big Moai not do something about them?<page>
69	town_npcs_late	town_dialogue	Late-story town NPC states	63	203:$7601	Shizu: Perhaps I should pray to Big Moai?<page>
69	town_npcs_late	town_dialogue	Late-story town NPC states	64	203:$761D	Shizu: This is only a<br>thought...<page><box>Shizu: But perhaps the Lord and Princess are not truly father and daughter?<page>
69	town_npcs_late	town_dialogue	Late-story town NPC states	65	203:$7665	Shizu: Things are becoming dangerous...<page><box>Shizu: I still suspect that Princess.<page><box>Shizu: Perhaps she is doing something strange...<page>
69	town_npcs_late	town_dialogue	Late-story town NPC states	66	203:$76C7	Shizu: This is only a<br>thought...<page><box>Shizu: Perhaps the Princess, not the Lord, is drawing monsters to the castle?<page>
69	town_npcs_late	town_dialogue	Late-story town NPC states	67	203:$7716	Shizu: I still cannot help thinking...<page><box>Shizu: Perhaps the Princess, not the Lord, is drawing monsters to the castle?<page>
69	town_npcs_late	town_dialogue	Late-story town NPC states	68	203:$776D	Songa: ...<page>
69	town_npcs_late	town_dialogue	Late-story town NPC states	69	203:$7777	Songa: Peace will return once again!<page>
69	town_npcs_late	town_dialogue	Late-story town NPC states	70	203:$7792	Songa: This is terrible!<page>
69	town_npcs_late	town_dialogue	Late-story town NPC states	71	203:$77A5	Songa: Eeeek?!<br>What in the world happened?!<page>
69	town_npcs_late	town_dialogue	Late-story town NPC states	72	203:$77C4	Songa: Now it is a Pot dungeon?<page><box>Songa: I hear it is a very strange dungeon, but good luck!<page>
69	town_npcs_late	town_dialogue	Late-story town NPC states	73	203:$7808	Songa: The Wanado Tournament sounds difficult, since companions cannot enter.<page>
69	town_npcs_late	town_dialogue	Late-story town NPC states	74	203:$783D	Songa: The town is peaceful again, so I can return to business. What a relief.<page>
69	town_npcs_late	town_dialogue	Late-story town NPC states	75	203:$786A	Songa: It is nearly my turn!<page>
69	town_npcs_late	town_dialogue	Late-story town NPC states	76	203:$7881	Songa: We will defend the town!<page>
69	town_npcs_late	town_dialogue	Late-story town NPC states	77	203:$7892	"Songa: I found this scrap of paper...<page><box>Songa: ""You may take only one companion into a dungeon.""<page><box>Songa: I do not quite understand. What could it mean?<page>"
69	town_npcs_late	town_dialogue	Late-story town NPC states	78	203:$78FA	Songa: Want to buy something? It is cheap! Cheap!<page>
69	town_npcs_late	town_dialogue	Late-story town NPC states	79	203:$7919	Tao: You are amazing, big<br>bro!!<page>
69	town_npcs_late	town_dialogue	Late-story town NPC states	80	203:$792B	Tao: This is the Wanderer Rescue Team building...<page><box>Tao: But right now, please rescue the Princess!<page>
69	town_npcs_late	town_dialogue	Late-story town NPC states	81	203:$7961	Tao: Congratulations on winning the Wanado Tournament!!<page><box>Tao: I knew you could do it, big bro.<page><box>Tao: I want to become a Wanderer like you someday.<page>
69	town_npcs_late	town_dialogue	Late-story town NPC states	82	203:$79C4	Tao: Master Gaibara currently holds the top<br>spot.<page><box>Tao: His record is 10,000 turns.<page><box>Tao: You must beat that to take first place.<page>
69	town_npcs_late	town_dialogue	Late-story town NPC states	83	203:$7A15	Tao: We can fight!<page>
69	town_npcs_late	town_dialogue	Late-story town NPC states	84	203:$7A22	Tao: The adults are so noisy I cannot sleep.<page>
69	town_npcs_late	town_dialogue	Late-story town NPC states	85	203:$7A3D	Tao: It sounds like things are becoming serious.<page><box>Tao: Honestly, this is no time for rescuing people.<page>
69	town_npcs_late	town_dialogue	Late-story town NPC states	86	203:$7A7B	Tao: This is the Wanderer Rescue Team building.<page><box>Tao: They work hard to rescue Wanderers who collapse in dungeons.<page>
69	town_npcs_late	town_dialogue	Late-story town NPC states	87	203:$7AC9	Tao: Where did you come from, big bro?<page>
70	town_npcs_postgame	town_dialogue	Postgame town NPC states	1	205:$40E6	Mekerere: Truly, what a<br>relief!<page>
70	town_npcs_postgame	town_dialogue	Postgame town NPC states	2	205:$40FE	Mekerere: The Princess was abducted?!!<page>
70	town_npcs_postgame	town_dialogue	Postgame town NPC states	3	205:$4119	Mekerere: But who in the world devised such a strange event?<page>
70	town_npcs_postgame	town_dialogue	Postgame town NPC states	4	205:$4145	Mekerere: Hmm...<br>Not bad at all.<page>
70	town_npcs_postgame	town_dialogue	Postgame town NPC states	5	205:$415E	Mekerere: We will defend the town!<page>
70	town_npcs_postgame	town_dialogue	Postgame town NPC states	6	205:$4170	Mekerere: It sounds like they will discuss the Magic Castle and the desert.<page>
70	town_npcs_postgame	town_dialogue	Postgame town NPC states	7	205:$4195	Mekerere: Well, what will be will be.<page>
70	town_npcs_postgame	town_dialogue	Postgame town NPC states	8	205:$41A9	Mekerere: I am certain that Princess is suspicious.<page>
70	town_npcs_postgame	town_dialogue	Postgame town NPC states	9	205:$41CE	Mekerere: It is not as though we can simply move away...<page>
70	town_npcs_postgame	town_dialogue	Postgame town NPC states	10	205:$41E9	Mekerere: I do not know either.<page><box>Mekerere: But I do not think we need to take it so seriously.<page>
70	town_npcs_postgame	town_dialogue	Postgame town NPC states	11	205:$421E	Mekerere: What in the world is happening inside the Magic Castle...?<page>
70	town_npcs_postgame	town_dialogue	Postgame town NPC states	12	205:$423B	Mekerere: I wonder if the Lord and Princess are afraid inside the Magic Castle.<page>
70	town_npcs_postgame	town_dialogue	Postgame town NPC states	13	205:$4269	Mekerere: A Princess lives in that castle.<page><box>Mekerere: She is something like a shrine maiden...<page><box>Mekerere: She was born with some sort of special power.<page><box>Mekerere: That has led to rumors that she is controlling the Lord...<page><box>Mekerere: All kinds of stories are flying around.<page>
70	town_npcs_postgame	town_dialogue	Postgame town NPC states	14	205:$4320	Minai: I am truly glad the Princess is safe...<page><box>Minai: Thank you very much.<page>
70	town_npcs_postgame	town_dialogue	Postgame town NPC states	15	205:$434D	Minai: You are the only one who can rescue the Princess, <name>.<page><box>Minai: Do your best!!<page>
70	town_npcs_postgame	town_dialogue	Postgame town NPC states	16	205:$437A	Minai: I wonder what state the Magic Castle is in now?<page><box>Minai: It appears to have collapsed badly...<page>
70	town_npcs_postgame	town_dialogue	Postgame town NPC states	17	205:$43B1	Minai: <name>.<br>Please help us!<page>
70	town_npcs_postgame	town_dialogue	Postgame town NPC states	18	205:$43C7	Minai: We can go together once Father's work is finished.<page><box>Minai: Father is working hard, so I must be patient.<page>
70	town_npcs_postgame	town_dialogue	Postgame town NPC states	19	205:$440C	Minai: The Castle Keep?<page><box>Minai: I once heard it was on Floor 19...<page>
70	town_npcs_postgame	town_dialogue	Postgame town NPC states	20	205:$4441	Minai: Will it continue spreading like this...?<page>
70	town_npcs_postgame	town_dialogue	Postgame town NPC states	21	205:$445E	Minai: An oasis in the<br>desert...<page><box>Minai: That is the Town of Ilpa.<page><box>Minai: I love this town.<page>
70	town_npcs_postgame	town_dialogue	Postgame town NPC states	22	205:$4499	Minai: Ilpa is a castle town built by us desert folk.<page><box>Minai: Peace endures because the Lord's castle protects the town.<page>
70	town_npcs_postgame	town_dialogue	Postgame town NPC states	23	205:$450B	Nipeba: What a relief.<page><box>Nipeba: The truth is, I am in love with the Princess.<page><box>Nipeba: Bluuush.<page>
70	town_npcs_postgame	town_dialogue	Postgame town NPC states	24	205:$4539	Nipeba: Princess!!<page>
70	town_npcs_postgame	town_dialogue	Postgame town NPC states	25	205:$454A	Nipeba: It goes deeper than before.<page>
70	town_npcs_postgame	town_dialogue	Postgame town NPC states	26	205:$4564	Nipeba: It goes deeper than before.<page>
70	town_npcs_postgame	town_dialogue	Postgame town NPC states	27	205:$457E	Nipeba: The Trap Parts!!<page>
70	town_npcs_postgame	town_dialogue	Postgame town NPC states	28	205:$458F	Nipeba: Me too.<page>
70	town_npcs_postgame	town_dialogue	Postgame town NPC states	29	205:$459A	Nipeba: What a beautiful full moon!<page>
70	town_npcs_postgame	town_dialogue	Postgame town NPC states	30	205:$45AC	Nipeba: The Magic Castle!!<page>
70	town_npcs_postgame	town_dialogue	Postgame town NPC states	31	205:$45BC	Nipeba: The Magic Castle looks as though it is<br>burning.<page>
70	town_npcs_postgame	town_dialogue	Postgame town NPC states	32	205:$45D7	Nipeba: You can see the Magic Castle well from here.<page>
70	town_npcs_postgame	town_dialogue	Postgame town NPC states	33	205:$45F3	Nipeba: We are all fat. There is nothing we can do about<br>it.<page>
70	town_npcs_postgame	town_dialogue	Postgame town NPC states	34	205:$460E	Nuwanko: At this point, they can do whatever they want...<page>
70	town_npcs_postgame	town_dialogue	Postgame town NPC states	35	205:$462B	Nuwanko: These fellows are still here.<page><box>Nuwanko: Honestly, do something about them<br>already!!<page>
70	town_npcs_postgame	town_dialogue	Postgame town NPC states	36	205:$4658	Nuwanko: These fellows have been here ever since.<page><box>Nuwanko: Please do something about them.<page>
70	town_npcs_postgame	town_dialogue	Postgame town NPC states	37	205:$4686	Nuwanko: Pant, pant...<page><box>Nuwanko: I am exhausted from challenging the Wanado Tournament over and over...<page><box>Nuwanko: All right.<br>I will rest a little, then try again.<page>
70	town_npcs_postgame	town_dialogue	Postgame town NPC states	38	205:$46E6	Nuwanko: Hey! Do not touch it with filthy hands!<page>
70	town_npcs_postgame	town_dialogue	Postgame town NPC states	39	205:$470D	Nuwanko: I am keeping watch over the desert from here.<page>
70	town_npcs_postgame	town_dialogue	Postgame town NPC states	40	205:$472F	Nuwanko: Shall we post a lookout?<page>
70	town_npcs_postgame	town_dialogue	Postgame town NPC states	41	205:$4748	Nuwanko: It seems the Princess wishes to speak with us.<page>
70	town_npcs_postgame	town_dialogue	Postgame town NPC states	42	205:$4763	Nuwanko: Will you join the discussion too?<page>
70	town_npcs_postgame	town_dialogue	Postgame town NPC states	43	205:$477F	Nuwanko: Of all my decorations, the hanging scroll is my favorite.<page><box>Nuwanko: It is in the upper-left corner of the back room.<page><box>Nuwanko: That scroll is my pride and joy.<page>
70	town_npcs_postgame	town_dialogue	Postgame town NPC states	44	205:$47D8	Nuwanko: This is a problem...<page>
70	town_npcs_postgame	town_dialogue	Postgame town NPC states	45	205:$47EA	Nuwanko: Welcome to my home!<page><box>Nuwanko: I love decorating rooms and pay attention to every detail.<page><box>Nuwanko: But lately, I feel someone has been entering my house without permission...<page><box>Nuwanko: Who could it be?<page>
70	town_npcs_postgame	town_dialogue	Postgame town NPC states	46	205:$486B	Nuwanko: What in the world is happening?!<page>
70	town_npcs_postgame	town_dialogue	Postgame town NPC states	47	205:$4887	Nuwanko: The Magic Castle lies a short way across the desert from here.<page>
70	town_npcs_postgame	town_dialogue	Postgame town NPC states	48	205:$48B3	Nuwanko: Welcome to Ilpa.<page><box>Nuwanko: This is a town of desert folk.<page>
70	town_npcs_postgame	town_dialogue	Postgame town NPC states	49	205:$48D8	Oro: The Princess is safe, and peace has returned to Ilpa.<page><box>Oro: Thank goodness. Truly.<page>
70	town_npcs_postgame	town_dialogue	Postgame town NPC states	50	205:$4906	Oro: To think Zagan had become an evil spirit...<page>
70	town_npcs_postgame	town_dialogue	Postgame town NPC states	51	205:$4923	Oro: The Princess...<page><box>Oro: This is a disaster!!<page>
70	town_npcs_postgame	town_dialogue	Postgame town NPC states	52	205:$4941	Oro: Oh? You are searching for the Ultimate Soil for Master Gaibara.<page>
70	town_npcs_postgame	town_dialogue	Postgame town NPC states	53	205:$4965	Oro: Oh, yeah!<page><box>Oro: But it is already over.<page><box>Oro: I feel a little lonely...<page>
70	town_npcs_postgame	town_dialogue	Postgame town NPC states	54	205:$4993	Oro: Hey, <name>.<br>The Wanado Tournament is still underway. Yeah!<page><box>
70	town_npcs_postgame	town_dialogue	Postgame town NPC states	55	205:$49C3	"Oro: In this dungeon, traps catch monsters instead of<br>you.<page><box>Oro: You can also pick up traps.<page><box>Oro: A trap you pick up becomes ""Trap Parts"".<page><box>Oro: You can use them to set a different trap.<page><box>Oro: Stand on a trap you set and choose ""Modify"" to improve it.<page><box>Oro: But once you set a trap, you cannot pick it up again. Remember that. Yeah!<page>"
70	town_npcs_postgame	town_dialogue	Postgame town NPC states	56	205:$4AA8	Oro: Come back anytime you want an explanation.<page>
70	town_npcs_postgame	town_dialogue	Postgame town NPC states	57	205:$4ACC	Oro: I think it was somewhere below here...<page>
70	town_npcs_postgame	town_dialogue	Postgame town NPC states	58	205:$4AE8	Oro: We posted a lookout in the dunes for now.<page><box>Oro: Is there anything else?<page>
70	town_npcs_postgame	town_dialogue	Postgame town NPC states	59	205:$4B15	Oro: That raised patch of desert concerns me.<page>
70	town_npcs_postgame	town_dialogue	Postgame town NPC states	60	205:$4B34	Oro: Ahh, another good day's work.<page>
70	town_npcs_postgame	town_dialogue	Postgame town NPC states	61	205:$4B4F	Oro: Worrying will not help.<page><box>Oro: Let us all keep our spirits up.<page>
70	town_npcs_postgame	town_dialogue	Postgame town NPC states	62	205:$4B75	Oro: Something feels strange in town...<page>
70	town_npcs_postgame	town_dialogue	Postgame town NPC states	63	205:$4B92	Oro: Hmm...<page><box>Oro: Why did the desert suddenly begin to spread?<page>
70	town_npcs_postgame	town_dialogue	Postgame town NPC states	64	205:$4BBB	Oro: What in the world is about to happen...?<page>
70	town_npcs_postgame	town_dialogue	Postgame town NPC states	65	205:$4BDC	Oro: Oh, you are awake?<page><box>Oro: The second floor is free, so make yourself at home.<page>
70	town_npcs_postgame	town_dialogue	Postgame town NPC states	66	205:$4C11	Pigeon Handler: The pigeons appear frightened...<page><box>Pigeon Handler: What in the world will happen now...?<page><box>Pigeon Handler: What would you like?
70	town_npcs_postgame	town_dialogue	Postgame town NPC states	67	205:$4C68	Pigeon Handler: What would you like?
70	town_npcs_postgame	town_dialogue	Postgame town NPC states	68	205:$4C7C	Pigeon Handler: Come back anytime.<page>
70	town_npcs_postgame	town_dialogue	Postgame town NPC states	69	205:$4C8D	Pigeon Handler: Please enter the Thank-You Password.<page><box>
70	town_npcs_postgame	town_dialogue	Postgame town NPC states	70	205:$4CB3	Pigeon Handler: Congratulations!<page><box>
70	town_npcs_postgame	town_dialogue	Postgame town NPC states	71	205:$4CC8	Pigeon Handler: The Wanderer Rescue Federation...<page><box>Pigeon Handler: has awarded you a title for <cF8>j rescues.<delay:96><delay:96><delay:78><page><box>
70	town_npcs_postgame	town_dialogue	Postgame town NPC states	72	205:$4D05	Pigeon Handler: Keep up the good work.<page>
70	town_npcs_postgame	town_dialogue	Postgame town NPC states	73	205:$4D1F	Pigeon Handler: Hm?<page><box>Pigeon Handler: That Thank-You Password appears to be wrong.<page><box>Pigeon Handler: Please enter it again.<page><box>
70	town_npcs_postgame	town_dialogue	Postgame town NPC states	74	205:$4D62	Pigeon Handler: Unfortunately, you do not appear to have a Thank-You Password.<page><box>
70	town_npcs_postgame	town_dialogue	Postgame town NPC states	75	205:$4D8F	Pigeon Handler: What would you like me to explain?
70	town_npcs_postgame	town_dialogue	Postgame town NPC states	76	205:$4DAC	Pigeon Handler: Now, I shall explain the SOS Password.<page><box>Pigeon Handler: Suppose you collapse inside a dungeon...<page><box>Pigeon Handler: You need a Password to ask a friend for help.<page><box>Pigeon Handler: That is the SOS Password.<page><box>Pigeon Handler: If disaster strikes, tell the SOS Password to a friend.<page><box>Pigeon Handler: With help from a trusted friend, you may be able to revive.<page><box>
70	town_npcs_postgame	town_dialogue	Postgame town NPC states	77	205:$4EA6	Pigeon Handler: Now, I shall explain the Revival<br>Password.<page><box>Pigeon Handler: It is the Password that lets you revive if you collapse in a dungeon.<page><box>Pigeon Handler: That is the Revival Password.<page><box>Pigeon Handler: Ask the friend who rescued you to tell it to you.<page><box>Pigeon Handler: You can then revive at the level you had before collapsing.<page><box>Pigeon Handler: Your equipment will also be restored.<page><box>
70	town_npcs_postgame	town_dialogue	Postgame town NPC states	78	205:$4F8F	Pigeon Handler: Now, I shall explain the Thank-You Password.<page><box>Pigeon Handler: It conveys your joy at reviving with a Revival Password...<page><box>Pigeon Handler: and your gratitude to the person who rescued you.<page><box>Pigeon Handler: You can send those feelings through a Thank-You Password.<page><box>Pigeon Handler: Be sure to give it to the friend who rescued you.<page><box>Pigeon Handler: The Wanderer Rescue Federation will then recognize your friend.<page><box>Pigeon Handler: Their honor will be praised, and they may receive a title.<page><box>
70	town_npcs_postgame	town_dialogue	Postgame town NPC states	79	205:$50C9	Princess Ateka: ...<page>
70	town_npcs_postgame	town_dialogue	Postgame town NPC states	80	205:$50D5	Ateka: I have caused you and your friends so much trouble, <name>.<page><box>Ateka: Thank you sincerely for rescuing me time and again.<page><box>Ateka: And...<page><box>Ateka: I am glad I met you, <name>...<page><box>Ateka: For that alone, I thank Kron, god of<br>travelers.<page>
70	town_npcs_postgame	town_dialogue	Postgame town NPC states	81	205:$5164	Ateka: I was looking at the castle...<page><box>Ateka: at its ruins.<page><box>Ateka: I was thinking of everything that happened...<page><box>Ateka: The Evil God Statue, the full-moon ritual...<page><box>Ateka: and our battle with Curas.<page><box>Ateka: It all feels like the distant past now...<page><box>Ateka: We owe this peace to you, <name>.<page><box>
70	town_npcs_postgame	town_dialogue	Postgame town NPC states	82	205:$5213	Ateka: <name>.<page><box>Ateka: Once again, you have my deepest gratitude.<page>
70	town_npcs_postgame	town_dialogue	Postgame town NPC states	83	205:$5235	Ateka: Do your best, <name>!<page>
70	town_npcs_postgame	town_dialogue	Postgame town NPC states	84	205:$5249	Ateka: Oh! <name>!<page><box>Ateka: A festival will begin in town soon.<page><box>Ateka: It celebrates the return of peace to Ilpa.<page><box>Ateka: Please join us when it begins, <name>.<page>
70	town_npcs_postgame	town_dialogue	Postgame town NPC states	85	205:$52B4	Ateka: Thank you.<page><box>Ateka: I believe we will also need defensive walls. Please see to them.<page>
70	town_npcs_postgame	town_dialogue	Postgame town NPC states	86	205:$52EF	Ateka: I pray for fortune in battle, <name>.<page><box>Ateka: And...<page><box>Ateka: Please return safely.<page>
70	town_npcs_postgame	town_dialogue	Postgame town NPC states	87	205:$5323	Ateka: I will address the townspeople...<page>
70	town_npcs_postgame	town_dialogue	Postgame town NPC states	88	205:$533D	Rai: Ilpa will be bustling once again!!<page>
70	town_npcs_postgame	town_dialogue	Postgame town NPC states	89	205:$5359	Rai: I hear monsters still wander the Magic Castle.<page><box>Rai: Take great care.<page>
70	town_npcs_postgame	town_dialogue	Postgame town NPC states	90	205:$5391	Rai: I tried challenging it too, but I failed...<page>
70	town_npcs_postgame	town_dialogue	Postgame town NPC states	91	205:$53B1	Rai: We simply need to move this out of the way.<page>
70	town_npcs_postgame	town_dialogue	Postgame town NPC states	92	205:$53C9	Rai: We must buy some time as well.<page>
70	town_npcs_postgame	town_dialogue	Postgame town NPC states	93	205:$53DE	Rai: What should we do<br>first?<page>
70	town_npcs_postgame	town_dialogue	Postgame town NPC states	94	205:$53F6	Rai: What in the world could it be?<page>
70	town_npcs_postgame	town_dialogue	Postgame town NPC states	95	205:$5409	Rai: Hmm. How can we stop the desert from advancing?<page>
70	town_npcs_postgame	town_dialogue	Postgame town NPC states	96	205:$5435	Rai: Night will soon fall.<page><box>Rai: With the Magic Castle in that state, these dangerous times make me uneasy.<page>
70	town_npcs_postgame	town_dialogue	Postgame town NPC states	97	205:$5472	Rai: What should we do...?<page>
70	town_npcs_postgame	town_dialogue	Postgame town NPC states	98	205:$5482	Rai: There is something unpleasant about that man Zagan...<page>
70	town_npcs_postgame	town_dialogue	Postgame town NPC states	99	205:$54A4	Rai: Th-The Magic Castle...<page>
70	town_npcs_postgame	town_dialogue	Postgame town NPC states	100	205:$54B4	Rai: To think the once-gentle Lord could change so completely...<page><box>Rai: What in the world happened inside that<br>castle...?<page>
70	town_npcs_postgame	town_dialogue	Postgame town NPC states	101	205:$5503	Rai: Why did the Lord change so suddenly...?<page>
70	town_npcs_postgame	town_dialogue	Postgame town NPC states	102	205:$5527	Well done! Congratulations!!<delay:F0><br>Your efforts have rescued another Wanderer in need!<delay:BE><page><box>
70	town_npcs_postgame	town_dialogue	Postgame town NPC states	103	205:$5560	Report to the Rescue Team at once!<page><box>
70	town_npcs_postgame	town_dialogue	Postgame town NPC states	104	205:$557D	Rihipishi: Hello. I knew you would come.<page><box>Rihipishi: This is the last one...<page><box>Rihipishi: I will tell you the truth.<page><box>Rihipishi: What do you think Big Moai really is?<page><box>Rihipishi: Big Moai's true identity...<page><box>Rihipishi: is me.<page><box>Rihipishi: I created Big<br>Moai.<page><box>Rihipishi: I retrieved a Rock Head from a dungeon and modified it...<page><box>Rihipishi: Then I installed rocket thrusters on its<br>back.<page><box>Rihipishi: I even built in a voice system and made it speak in dialect.<page><box>Rihipishi: Every last part of it was my work.<page><box>Rihipishi: The one who created Big Moai...<page><box>Rihipishi: was me.<page><box>Rihipishi: It was all me.<page><box>Rihipishi: Sorry, sorry. That was all a lie.<page><box>Rihipishi: A complete fabrication.<page><box>Rihipishi: If I truly said that, Big Moai would punish me.<page><box>Rihipishi: Are you angry?<page><box>Rihipishi: Forgive me, and I will give you a spell as an apology.<page><box>Rihipishi: HOYO!<page><box>Rihipishi: Now go! Go to Big Moai!<page>
70	town_npcs_postgame	town_dialogue	Postgame town NPC states	105	205:$57A1	Rihipishi: You have followed me this far. I must tip my hat to you.<page><box>Rihipishi: Are you some kind of stalker?<page><box>Rihipishi: Sorry, sorry! I am only joking.<page><box>Rihipishi: Do not take offense. I will teach you a spell.<page><box>Rihipishi: TSUB!<page><box>Rihipishi: Now hurry to Big Moai!!<page>
70	town_npcs_postgame	town_dialogue	Postgame town NPC states	106	205:$584E	Rihipishi: Hello! You are as good at finding me as ever.<page><box>Rihipishi: I will reward you with a spell.<page><box>Rihipishi: SUGI!<page><box>Rihipishi: Try saying it to Big Moai.<page><box>Rihipishi: Something good is sure to happen.<page>
70	town_npcs_postgame	town_dialogue	Postgame town NPC states	107	205:$58C3	Rihipishi: Hello!<br>You found me again.<page><box>Rihipishi: I will reward you with a spell.<page><box>Rihipishi: MAMA!<page><box>Rihipishi: Try saying it to Big Moai.<page><box>Rihipishi: Something good is sure to happen.<page>
70	town_npcs_postgame	town_dialogue	Postgame town NPC states	108	205:$5935	Rihipishi: Hm?<page><box>Rihipishi: What am I doing here?<page><box>Rihipishi: N-Nothing suspicious, I assure you.<page><box>Rihipishi: I know! I will teach you a spell!<page><box>Rihipishi: RANU!<page><box>Rihipishi: Try saying it to Big Moai.<page><box>Rihipishi: Something good is sure to happen.<page><box>Rihipishi: See you.<page>
70	town_npcs_postgame	town_dialogue	Postgame town NPC states	109	205:$59DB	Rihipishi: Hm?<page><box>Rihipishi: What am I doing here?<page><box>Rihipishi: N-Nothing suspicious, I assure you.<page><box>Rihipishi: I know! I will teach you a spell!<page><box>Rihipishi: RANU!<page><box>Rihipishi: Try saying it to Big Moai.<page><box>Rihipishi: Something good is sure to happen.<page><box>Rihipishi: See you.<page>
70	town_npcs_postgame	town_dialogue	Postgame town NPC states	110	205:$5A81	Rihipishi: Hello!<br>You found me!<page><box>Rihipishi: I will reward you with a spell.<page><box>Rihipishi: BADE!<page><box>Rihipishi: Try saying it to Big Moai.<page><box>Rihipishi: Something good is sure to happen.<page>
70	town_npcs_postgame	town_dialogue	Postgame town NPC states	111	205:$5AF6	Rihipishi: It sounds noisy near the dunes. I wonder what happened...<page><box>Rihipishi: Oh, well. I am not much for gossip.<page><box>Rihipishi: By the way, this house is home to Ilpa's guardian deity, Big Moai.<page><box>
70	town_npcs_postgame	town_dialogue	Postgame town NPC states	112	205:$5B7C	Rihipishi: Fine. Then I will not tell you.<page>
70	town_npcs_postgame	town_dialogue	Postgame town NPC states	113	205:$5B96	Rihipishi: This house is home to Ilpa's guardian deity, Big Moai.<page><box>Rihipishi: Mind your manners.<page><box>
70	town_npcs_postgame	town_dialogue	Postgame town NPC states	114	205:$5BCF	Rihipishi: Fine. Then I will not tell you.<page>
70	town_npcs_postgame	town_dialogue	Postgame town NPC states	115	205:$5BE9	"Rihipishi: Say a spell to Big Moai and you will receive something good.<page><box>Rihipishi: Hm? You want me to tell you one?<page><box>Rihipishi: Hmm... What should I do?<page><box>Rihipishi: All right. Try saying ""WISH"".<page><box>Rihipishi: Oh, yes!<br>Each spell works only once.<page>"
71	training_hall_npcs	town_dialogue	Training Hall NPC dialogue	1	205:$5CE4	Higechiyo: Ho ho ho.<page><box>Higechiyo: It seems you trained diligently.<page><box>Higechiyo: Excellent.<page><box>Higechiyo: Then I shall give you a reward.<page><box>Higechiyo: Go on. Do not be shy.<page><box>
71	training_hall_npcs	town_dialogue	Training Hall NPC dialogue	2	205:$5D47	<name> received<br><cF8>m from Higechiyo!<delay:50><page><box>
71	training_hall_npcs	town_dialogue	Training Hall NPC dialogue	3	205:$5D5F	Higechiyo: Ho ho ho.<br>Come again anytime.<page>
71	training_hall_npcs	town_dialogue	Training Hall NPC dialogue	4	205:$5D80	Higechiyo: Ho ho ho.<page><box>Higechiyo: It seems you trained diligently.<page><box>Higechiyo: Excellent.<page><box>Higechiyo: Then I shall give you a reward.<page><box>Higechiyo: Go on. Do not be...<page><box>Higechiyo: Hoh!<page><box>Higechiyo: What?!<br>Your inventory is full!<page><box>
71	training_hall_npcs	town_dialogue	Training Hall NPC dialogue	5	205:$5E05	Higechiyo: Unless you give something up, I cannot give you <cF8>m...<page><box>
71	training_hall_npcs	town_dialogue	Training Hall NPC dialogue	6	205:$5E29	Higechiyo: Hmm...<page><box>Higechiyo: Then you will give up <cF8>8?
71	training_hall_npcs	town_dialogue	Training Hall NPC dialogue	7	205:$5E49	Higechiyo: Understood.<page><box>Higechiyo: Take this in its place.<page><box>
71	training_hall_npcs	town_dialogue	Training Hall NPC dialogue	8	205:$5E73	<name> received<br><cF8>m from Master Higechiyo!<delay:50><page><box>
71	training_hall_npcs	town_dialogue	Training Hall NPC dialogue	9	205:$5E8F	Higechiyo: Ho ho ho.<br>Come again anytime.<page>
71	training_hall_npcs	town_dialogue	Training Hall NPC dialogue	10	205:$5EB0	Higechiyo: What?!<br>You refuse!<page><box>Higechiyo: Do you truly have no need for <cF8>m?
71	training_hall_npcs	town_dialogue	Training Hall NPC dialogue	11	205:$5EE2	Higechiyo: Understood.<page><box>Higechiyo: If you insist, then it cannot be helped...<page><box>Higechiyo: ......<page><box>Higechiyo: Come again<br>anytime.<page>
71	training_hall_npcs	town_dialogue	Training Hall NPC dialogue	12	205:$5F29	Torepan: Warrior<br>Hall...<page>...what?<page><box>Torepan: Oh... You seem to have no energy.<page><box>Torepan: I see you have your reasons.<page><box>Torepan: What do you wish?
71	training_hall_npcs	town_dialogue	Training Hall NPC dialogue	13	205:$5F85	Torepan: Fewer people come to train lately.<page><box>Torepan: Heaven helps those who help themselves!<page><box>Torepan: So I have heard.<page><box>Torepan: What do you wish?
71	training_hall_npcs	town_dialogue	Training Hall NPC dialogue	14	205:$5FE4	Torepan: Training makes you strong.<page><box>Torepan: At a time like this, you must work hard.<page><box>Torepan: Believe in yourself!<page><box>Torepan: Believe in Torepan!<page><box>Torepan: What do you wish?
71	training_hall_npcs	town_dialogue	Training Hall NPC dialogue	15	205:$6039	Torepan: You fight for this town.<page><box>Torepan: Master Higechiyo and Torepan fight too.<page><box>Torepan: Now!<page><box>Torepan: What do you wish?!
71	training_hall_npcs	town_dialogue	Training Hall NPC dialogue	16	205:$608A	Torepan: This is the training ground. What do you wish?
71	training_hall_npcs	town_dialogue	Training Hall NPC dialogue	17	205:$60AD	Torepan: Oh... They say darkness lies one step ahead. Please take care.<page>
71	training_hall_npcs	town_dialogue	Training Hall NPC dialogue	18	205:$60D9	Torepan: Yes!<page><box>Torepan: I will explain!<page><box>Torepan: At this training ground, you train by striking moles.<page><box>Torepan: Hit every mole that appears, bam, bam, bam, bam!<page><box>Torepan: That is truly all! Oh! Very simple!<page><box>Torepan: But there is one warning!<page><box>Torepan: In some dungeons, all the levels you gain here will be wasted.<page><box>Torepan: Dungeons that return you to Level 1 at the start are no good.<page><box>Torepan: All your training will go down the drain.<page><box>Torepan: I do not recommend training before entering such a dungeon.<page><box>Torepan: Yes! That is the explanation.<page><box>
71	training_hall_npcs	town_dialogue	Training Hall NPC dialogue	19	205:$623A	Torepan: Oh! Nice fight!<page><box>Torepan: Moles show their faces inside. Hit them hard!<page><box>Torepan: The secret?<page><box>Torepan: Diagonal movement, of course!<page><box>Torepan: Can you do it? Are you ready to begin training?
71	training_hall_npcs	town_dialogue	Training Hall NPC dialogue	20	205:$62C2	Torepan: Okay!<br>Where warriors' dreams remain!!<page><box>Torepan: We begin training at once! Enter the back room, please.<page><box>
71	training_hall_npcs	town_dialogue	Training Hall NPC dialogue	21	205:$6313	Torepan: Continuing your training costs 200 Gitan.<page><box>Torepan: Is that acceptable?
71	training_hall_npcs	town_dialogue	Training Hall NPC dialogue	22	205:$6347	Torepan: Continuing your training costs 400 Gitan.<page><box>Torepan: Is that acceptable?
71	training_hall_npcs	town_dialogue	Training Hall NPC dialogue	23	205:$637B	Torepan: Continuing your training costs 600 Gitan.<page><box>Torepan: Is that acceptable?
71	training_hall_npcs	town_dialogue	Training Hall NPC dialogue	24	205:$63AF	Torepan: Continuing your training costs 800 Gitan.<page><box>Torepan: Is that acceptable?
71	training_hall_npcs	town_dialogue	Training Hall NPC dialogue	25	205:$63E3	Torepan: No! What a shame...<br>You do not have enough<br>Gitan!<page><box>Torepan: Please come again!<page>
71	training_hall_npcs	town_dialogue	Training Hall NPC dialogue	26	205:$6418	Torepan: Oh! I see. What a shame... Please come again.<page>
71	training_hall_npcs	town_dialogue	Training Hall NPC dialogue	27	205:$6440	Torepan: Oh!<page><box>Torepan: There is a limit to how long you may continue!<page><box>Torepan: A wanderer's body is their greatest asset! Do not overdo it!<page><box>Torepan: Go into a dungeon and see what your training has achieved.<page><box>Torepan: You may resume training after that.<page>
71	training_hall_npcs	town_dialogue	Training Hall NPC dialogue	28	205:$64CA	Torepan: Where warriors' dreams remain!<page><box>Torepan: Welcome to the training ground!<page><box>Torepan: But it is not ready yet.<page><box>Torepan: You will be able to train here someday, so please come again!<page>
71	training_hall_npcs	town_dialogue	Training Hall NPC dialogue	29	205:$6537	Torepan: No, no.<br>Good things come to those who wait.<page><box>Torepan: Please be patient!<page>
71	training_hall_npcs	town_dialogue	Training Hall NPC dialogue	30	205:$6566	Torepan: Yes! It is over!<br>Come on out!<page>
71	training_hall_npcs	town_dialogue	Training Hall NPC dialogue	31	205:$6586	Torepan: Oh! You are like a whole new person!<page><box>Torepan: A journey of a thousand miles begins with a single step. Keep at it!<page><box>Torepan: Oh, yes! If you have money, you may continue training!<page><box>Torepan: You want to train for free?<page><box>Torepan: Enter a dungeon once, and it will be free again. Lucky you!<page><box>Torepan: Do not forget!<page>
71	training_hall_npcs	town_dialogue	Training Hall NPC dialogue	32	205:$6630	Torepan: Splendid!!<page><box>Torepan: Torepan is moved! I respect you!<page><box>Torepan: But, but!<page><box>Torepan: You may continue no further.<page><box>Torepan: A wanderer's body is their greatest asset! Do not rush.<page>...Do not.<page>
71	training_hall_npcs	town_dialogue	Training Hall NPC dialogue	33	205:$669E	Wanda: Thank you so much!<page>
71	training_hall_npcs	town_dialogue	Training Hall NPC dialogue	34	205:$66B1	Wanda: Oh, so this is the prized hanging scroll...<page>
71	training_hall_npcs	town_dialogue	Training Hall NPC dialogue	35	205:$66CC	Wanda: Nothing seems unusual so far.<page>
71	training_hall_npcs	town_dialogue	Training Hall NPC dialogue	36	205:$66E5	Wanda: I'm getting ready to fight.<page>
71	training_hall_npcs	town_dialogue	Training Hall NPC dialogue	37	205:$66FD	Wanda: I wonder what the story is about.<page>
71	training_hall_npcs	town_dialogue	Training Hall NPC dialogue	38	205:$670D	Wanda: Should I sprinkle some water?<page>
71	training_hall_npcs	town_dialogue	Training Hall NPC dialogue	39	205:$671D	Wanda: We bought a Club and a Wooden Shield for<br>protection.<page><box>Wanda: Those two work well together, so they give you more power.<page>
71	training_hall_npcs	town_dialogue	Training Hall NPC dialogue	40	205:$676F	Wanda: Hmm...<page>
71	training_hall_npcs	town_dialogue	Training Hall NPC dialogue	41	205:$677C	Wanda: Zagan comes down into town sometimes.<page><box>Wanda: He seemed to approach any outsider he found, but...<page>
71	training_hall_npcs	town_dialogue	Training Hall NPC dialogue	42	205:$67C9	Wanda: Could it be connected to the spreading desert?!<page>
71	training_hall_npcs	town_dialogue	Training Hall NPC dialogue	43	205:$67E9	Wanda: I may be imagining<br>it...<page><box>Wanda: But since it became the Magic Castle, the desert seems to be spreading.<page>
71	training_hall_npcs	town_dialogue	Training Hall NPC dialogue	44	205:$6827	Wanda: Monsters started settling in the castle a little while ago.<page><box>Wanda: Their numbers seem to grow every day, and it gives everyone the creeps.<page><box>Wanda: No one knows who first said it, but now we call it the Magic Castle...<page><box>Wanda: I hope everything will be all right...<page>
72	monster_form_dialogue	gameplay_support	Monster-form dialogue	1	200:$40C8	Mamel: Need something?<page><box>
72	monster_form_dialogue	gameplay_support	Monster-form dialogue	2	200:$40D6	Debug: You can't enter yet.<page><box>
72	monster_form_dialogue	gameplay_support	Monster-form dialogue	3	200:$40E6	Debug: You can enter now.<page><box>
72	monster_form_dialogue	gameplay_support	Monster-form dialogue	4	200:$40F5	Debug: Conversation script replaced.<page><box>
72	monster_form_dialogue	gameplay_support	Monster-form dialogue	5	200:$4107	Debug: Transparent!<page><box>
72	monster_form_dialogue	gameplay_support	Monster-form dialogue	6	200:$4112	Debug: Opaque!<page><box>
72	monster_form_dialogue	gameplay_support	Monster-form dialogue	7	200:$411E	Debug: It isn't working.<page>
72	monster_form_dialogue	gameplay_support	Monster-form dialogue	8	200:$4130	Debug: It might be working.<page>
72	monster_form_dialogue	gameplay_support	Monster-form dialogue	9	200:$4142	Koppa: Hold Start while using the D-Pad to move only diagonally!<page>
72	monster_form_dialogue	gameplay_support	Monster-form dialogue	10	200:$4170	Koppa: Press Start, then use the D-Pad to move only diagonally!<page>
72	monster_form_dialogue	gameplay_support	Monster-form dialogue	11	200:$419C	Debug: I've never heard of that map!<page><box>
72	monster_form_dialogue	gameplay_support	Monster-form dialogue	12	200:$41AD	Debug: Ilpa Town, upper<br>area.<page><box>
72	monster_form_dialogue	gameplay_support	Monster-form dialogue	13	200:$41BF	Debug: Ilpa Town, lower<br>area.<page><box>
72	monster_form_dialogue	gameplay_support	Monster-form dialogue	14	200:$41D1	Debug: Restaurant 1F.<page><box>
72	monster_form_dialogue	gameplay_support	Monster-form dialogue	15	200:$41DF	Debug: Take me with you!<page><box>
72	monster_form_dialogue	gameplay_support	Monster-form dialogue	16	200:$41EE	Pekeji: I'll do my best!<page><box>
72	monster_form_dialogue	gameplay_support	Monster-form dialogue	17	200:$4200	Pekeji: Aw, this is boring!<page><box>
72	monster_form_dialogue	gameplay_support	Monster-form dialogue	18	200:$4213	Debug: Up.<page>
72	monster_form_dialogue	gameplay_support	Monster-form dialogue	19	200:$421D	Debug: Up-right.<page>
72	monster_form_dialogue	gameplay_support	Monster-form dialogue	20	200:$422A	Debug: Right.<page>
72	monster_form_dialogue	gameplay_support	Monster-form dialogue	21	200:$4234	Debug: Down-right.<page>
72	monster_form_dialogue	gameplay_support	Monster-form dialogue	22	200:$4241	Debug: Down.<page>
72	monster_form_dialogue	gameplay_support	Monster-form dialogue	23	200:$424B	Debug: Down-left.<page>
72	monster_form_dialogue	gameplay_support	Monster-form dialogue	24	200:$4259	Debug: Left.<page>
72	monster_form_dialogue	gameplay_support	Monster-form dialogue	25	200:$4264	Debug: Up-left.<page>
72	monster_form_dialogue	gameplay_support	Monster-form dialogue	26	200:$4272	Debug: This is a Game Boy Color!<page><box>
72	monster_form_dialogue	gameplay_support	Monster-form dialogue	27	200:$4288	Debug: This is a Game Boy Advance!<page><box>
72	monster_form_dialogue	gameplay_support	Monster-form dialogue	28	200:$429A	Debug: Parted from<br>companion.<page>
72	monster_form_dialogue	gameplay_support	Monster-form dialogue	29	200:$42A8	Debug: Take me with you!<page><box>
72	monster_form_dialogue	gameplay_support	Monster-form dialogue	30	200:$42B7	Pekeji: I'll do my best!<page>
72	monster_form_dialogue	gameplay_support	Monster-form dialogue	31	200:$42C8	Pekeji: Aw, this is boring!<page>
72	monster_form_dialogue	gameplay_support	Monster-form dialogue	32	200:$42DA	Debug: You're carrying too many items!<br>Drop something.<page><box>
72	monster_form_dialogue	gameplay_support	Monster-form dialogue	33	200:$42F4	Debug: <cF8>8, huh?<br>Will you discard it?<page><box>
72	monster_form_dialogue	gameplay_support	Monster-form dialogue	34	200:$4308	Debug: Gaibara wins!<page>
72	monster_form_dialogue	gameplay_support	Monster-form dialogue	35	200:$4315	Debug: Shiren wins!<page>
72	monster_form_dialogue	gameplay_support	Monster-form dialogue	36	200:$4321	Debug: Too many items, fu!<page>
72	monster_form_dialogue	gameplay_support	Monster-form dialogue	37	200:$4331	Debug: You may proceed, fu!<page>
72	monster_form_dialogue	gameplay_support	Monster-form dialogue	38	200:$4340	Debug: Random number is 2!<page>
72	monster_form_dialogue	gameplay_support	Monster-form dialogue	39	200:$434E	Debug: Random number is 0!<page>
72	monster_form_dialogue	gameplay_support	Monster-form dialogue	40	200:$435C	Debug: Random number is 1!<page>
72	monster_form_dialogue	gameplay_support	Monster-form dialogue	41	200:$436A	Debug: Oryu is somewhere.<page>
72	monster_form_dialogue	gameplay_support	Monster-form dialogue	42	200:$437A	Debug: Oryu isn't here.<page>
72	monster_form_dialogue	gameplay_support	Monster-form dialogue	43	200:$4387	Shiren: More spells remain!<page>
72	monster_form_dialogue	gameplay_support	Monster-form dialogue	44	200:$4398	Shiren: All spells complete!<page>
72	monster_form_dialogue	gameplay_support	Monster-form dialogue	45	200:$43AB	Shiren: Subroutine Call 1.<page>
72	monster_form_dialogue	gameplay_support	Monster-form dialogue	46	200:$43BC	Shiren: Subroutine Call 2.<page>
72	monster_form_dialogue	gameplay_support	Monster-form dialogue	47	200:$43CD	Good: Welcome back!!<page><box>Good: This time, things ended this way, but...<page><box>Good: Your desire to help others...<page><box>Good: I felt it loud and<br>clear!<page><box>Good: I sincerely hope you will try again!<page><box>
72	monster_form_dialogue	gameplay_support	Monster-form dialogue	48	200:$445A	Higechiyo: Hmm...<page><box>Higechiyo: You must be terribly disappointed.<page><box>Higechiyo: But much can be learned from failure.<page><box>Higechiyo: Ho ho ho.<br>You are only getting<br>started.<page><box>Higechiyo: I envy you.<page><box>
72	monster_form_dialogue	gameplay_support	Monster-form dialogue	49	200:$44C8	This does various things.<br>Please use it somewhere deserted.
72	monster_form_dialogue	gameplay_support	Monster-form dialogue	50	200:$44E3	Mamo can now appear.<br>Please exit and reenter the facility.<page>
72	monster_form_dialogue	gameplay_support	Monster-form dialogue	51	200:$450B	Zenmaiger can now appear.<br>Please exit and reenter the facility.<page>
72	monster_form_dialogue	gameplay_support	Monster-form dialogue	52	200:$4536	Mamo can now appear.<br>The Blacksmith's Furnace has opened.<page>
72	monster_form_dialogue	gameplay_support	Monster-form dialogue	53	200:$4559	Big Moai has departed the town.<page>
72	monster_form_dialogue	gameplay_support	Monster-form dialogue	54	200:$4574	Koppa: This way, <name>!<delay:1E><page><box>Koppa: Move down-right here, and we should get away!<delay:1E><page><box>
72	monster_form_dialogue	gameplay_support	Monster-form dialogue	55	200:$45AA	Hold START and move down-right diagonally!<delay:5A><page><box>
72	monster_form_dialogue	gameplay_support	Monster-form dialogue	56	200:$45CB	Press SELECT, then move down-right diagonally!<delay:5A><page><box>
72	monster_form_dialogue	gameplay_support	Monster-form dialogue	57	200:$45EA	Koppa: Nice, <name>!<br>Keep it up!<delay:1E><page>
72	monster_form_dialogue	gameplay_support	Monster-form dialogue	58	200:$4606	Koppa: Move diagonally here to avoid the trap.<delay:1E><page>
72	monster_form_dialogue	gameplay_support	Monster-form dialogue	59	200:$4628	Hold START and move up-right diagonally!<delay:5A><page><box>
72	monster_form_dialogue	gameplay_support	Monster-form dialogue	60	200:$4646	Press SELECT, then move up-right diagonally!<delay:5A><page><box>
72	monster_form_dialogue	gameplay_support	Monster-form dialogue	61	200:$4662	Koppa: Great! Keep it up!<br>Let's keep moving!<delay:1E><page>
72	monster_form_dialogue	gameplay_support	Monster-form dialogue	62	200:$4688	Koppa: Another diagonal.<br>Take it carefully.<delay:1E><page>
72	monster_form_dialogue	gameplay_support	Monster-form dialogue	63	200:$46A6	Koppa: Nice!<br>That's <name> for you!<page><box><delay:1E>Koppa: Hah! A trap like that won't catch us!<delay:1E><page>
72	monster_form_dialogue	gameplay_support	Monster-form dialogue	64	200:$46E6	Koppa: Yikes! The traps are scattered all over!<page><box>Koppa: We'll have to zigzag through them diagonally!<page><box>Koppa: Almost there!<br>Keep going, <name>!<page><box>
72	monster_form_dialogue	gameplay_support	Monster-form dialogue	65	200:$4741	Hold START and zigzag diagonally!<delay:5A><page><box>
72	monster_form_dialogue	gameplay_support	Monster-form dialogue	66	200:$4763	Stay in diagonal mode and zigzag!<delay:5A><page><box>
72	monster_form_dialogue	gameplay_support	Monster-form dialogue	67	200:$477F	You cannot bring items into this dungeon.<page><box>Store or discard your items before challenging it.<page>
72	monster_form_dialogue	gameplay_support	Monster-form dialogue	68	200:$47C6	You cannot bring items into this dungeon.<page><box>Store or discard your items before challenging it.<page>
72	monster_form_dialogue	gameplay_support	Monster-form dialogue	69	200:$480D	<cF8>h<cF8>i Unit: Bwo-ho! I cannot go there! Bwo-hoooo!<page>
72	monster_form_dialogue	gameplay_support	Monster-form dialogue	70	200:$4838	Mamo: Hmm? I can't go there. Mamo-ry farewell!<page>
72	monster_form_dialogue	gameplay_support	Monster-form dialogue	71	200:$485F	Oryu: I can't go there.<page><box>Oryu: I hate the smell of Meat. See you.<page>
72	monster_form_dialogue	gameplay_support	Monster-form dialogue	72	200:$488B	Pekeji: I'm not good with that dungeon. See you, Bro!<page>
72	monster_form_dialogue	gameplay_support	Monster-form dialogue	73	200:$48B6	You cannot bring items into this dungeon.<page><box>Store or discard your items before challenging it.<page>
72	monster_form_dialogue	gameplay_support	Monster-form dialogue	74	200:$48FD	The nine tools began to resonate!<page><box>The nine tools fused together...<page><box>They changed form...<page><box>and became the secret blade Kabura Sutegi!!<page><box>
72	monster_form_dialogue	gameplay_support	Monster-form dialogue	75	200:$4951	<name> obtained the Kabura Sutegi!!<delay:F0><delay:C0><page><box>
72	monster_form_dialogue	gameplay_support	Monster-form dialogue	76	200:$4971	Good: Welcome back!!<page><box>Good: Your life comes before any rescue. I am glad you returned safely!<page><box>Good: I sincerely hope you will try again!<page><box>
72	monster_form_dialogue	gameplay_support	Monster-form dialogue	77	200:$49C7	Higechiyo: Ho ho ho.<page><box>Higechiyo: Charging ahead is not always the right path.<page><box>Higechiyo: Sometimes one needs the courage to<br>retreat.<page><box>
72	monster_form_dialogue	gameplay_support	Monster-form dialogue	78	200:$4A1A	"You cannot enter the ""<hspace:02>Rescue Gate<hspace:02>"" because the Receptionist is absent.<page>"
72	monster_form_dialogue	gameplay_support	Monster-form dialogue	79	200:$4A3E	"You cannot enter this ""<hspace:02>Rescue Gate<hspace:02>"" yet.<page><box>The Rescue Team Receptionist next door can unlock it.<page><box>"
72	monster_form_dialogue	gameplay_support	Monster-form dialogue	80	200:$4A82	Good: Please be careful!<page><box>Good: May Kron, god of travelers, grant you fair winds!<page><box>
72	monster_form_dialogue	gameplay_support	Monster-form dialogue	81	200:$4AA9	You cannot bring items into this dungeon.<page><box>Store or discard your items before challenging it.<page><box>
72	monster_form_dialogue	gameplay_support	Monster-form dialogue	82	200:$4AF1	Dragon Guard: Report!<page><box>Dragon Guard: The escapees broke through the second floor and reached the first!<page><box>Dragon Guard: At this rate, they'll get outside!<page><box>Dragon Guard: I-if...<page><br>if we let them escape...<page><box>
72	monster_form_dialogue	gameplay_support	Monster-form dialogue	83	200:$4B70	Dragon Guard: Y-yes, sir!<br>Uwaaaah!<page><box>
72	monster_form_dialogue	gameplay_support	Monster-form dialogue	84	200:$4B94	Dragon Guard: Gack! We have to catch them!!<page><br>Otherwise, we're...<page><box>
72	monster_form_dialogue	gameplay_support	Monster-form dialogue	85	200:$4BC9	Dragon Guard: There they are!<br>Over there!<page><box>
72	monster_form_dialogue	gameplay_support	Monster-form dialogue	86	200:$4BE3	Koppa: Whoa!<br>They're still chasing us, and now there are traps ahead...<page><box>
72	monster_form_dialogue	gameplay_support	Monster-form dialogue	87	200:$4C0C	Koppa: <name>!<br>We need to move diagonally here!<page><box>Koppa: If we move diagonally, we can get away without being hit.<page><box>Koppa: Keep going,<br><name>!<page><box>
72	monster_form_dialogue	gameplay_support	Monster-form dialogue	88	200:$4C61	Hold START to make diagonal movement easier.<delay:5A><page><box>
72	monster_form_dialogue	gameplay_support	Monster-form dialogue	89	200:$4C84	Press SELECT to enter diagonal-only mode.<delay:5A><page><box>
72	monster_form_dialogue	gameplay_support	Monster-form dialogue	90	200:$4CA6	Strong Guard: Report!<page><box>Strong Guard: They've already reached the third floor!<page><box>Strong Guard: At this rate, they'll escape!!<page><box><delay:1E>Dragon Guard: Hm. That's<br>bad...<page><box><delay:3C>
72	monster_form_dialogue	gameplay_support	Monster-form dialogue	91	200:$4D10	???: What is it?<page><box><delay:1E>Dragon Guard: Sir!<page><br>There are escapees, but...<page><box>Dragon Guard: They're quite troublesome...<page><box><delay:1E>???: Troublesome, you say...<page><br>They may be useful.<page><box>Dragon Guard: Sir?<page><box>
72	monster_form_dialogue	gameplay_support	Monster-form dialogue	92	200:$4D99	???: Listen.<page><br>Use the traps.<page><box>
72	monster_form_dialogue	gameplay_support	Monster-form dialogue	93	200:$4DB0	???: Once a trap catches them, seize them at once.<page><box><delay:1E>Dragon Guard: Sir!!<page><box>
72	monster_form_dialogue	gameplay_support	Monster-form dialogue	94	200:$4DE1	Dragon Guard: Drive them into the Sleep Trap<br>corridor!<page><box><delay:1E>Strong Guard: Sir!!<page><box>
72	monster_form_dialogue	gameplay_support	Monster-form dialogue	95	200:$4E13	Strong Guard: Gack!<br>Don't let them escape!!<page><box><delay:1E>Koppa: Yikes! We have to keep moving or we'll never lose them!<page><box>
72	monster_form_dialogue	gameplay_support	Monster-form dialogue	96	200:$4E55	Rookie Guard: There they are!<br>Hey! Over there!<page><box>
72	monster_form_dialogue	gameplay_support	Monster-form dialogue	97	200:$4E72	Koppa: Whoa!<br>They're still after us!<page><box>
72	monster_form_dialogue	gameplay_support	Monster-form dialogue	98	200:$4E8B	Koppa: ...<page>Which way<br>is the exit...?<page><box>
72	monster_form_dialogue	gameplay_support	Monster-form dialogue	99	200:$4EAB	Rookie Guard: Hey! Someone broke out of the jail!!<page><box>Rookie Guard: Catch them!!<page><box>
72	monster_form_dialogue	gameplay_support	Monster-form dialogue	100	200:$4EE0	Koppa: Aah!<br>They found us. Run!<page><box>
